Price,Close,High,Low,Open,Volume
Ticker,AAPL,AAPL,AAPL,AAPL,AAPL
Date,,,,,
2010-01-04,6.424605846405029,6.439315641110835,6.3756731331389895,6.407194179053124,493729600
2010-01-05,6.435712814331055,6.472037185269431,6.4017897068824965,6.442317391160505,601904800
2010-01-06,6.333343029022217,6.461228822173879,6.326738453495593,6.435711544814556,552160000
2010-01-07,6.321635723114014,6.364264863379803,6.275705096078485,6.356759662485861,477131200
2010-01-08,6.363663196563721,6.364264013366788,6.276005267512686,6.313229455727773,447610800
2010-01-11,6.3075270652771,6.394284781604259,6.257693333617454,6.388280620967726,462229600
2010-01-12,6.235776424407959,6.297318252305418,6.196750593488335,6.279905790458578,594459600
2010-01-13,6.3237385749816895,6.332144401838027,6.127107478718295,6.240283528305532,605892000
2010-01-14,6.287112236022949,6.31803325912976,6.274804108867116,6.3075263799691825,432894000
2010-01-15,6.182042598724365,6.352256947828559,6.180241350508382,6.332143009416752,594067600
2010-01-19,6.455527305603027,6.460030427258435,6.221370991700261,6.254092473293869,730007600
2010-01-20,6.356160640716553,6.470836921805907,6.289215440714218,6.451624005326168,612152800
2010-01-21,6.2462849617004395,6.4035907622237715,6.220467872859289,6.366666377134003,608154400
2010-01-22,5.936478137969971,6.229174164262463,5.918766665167428,6.207559986925345,881767600
2010-01-25,6.096185684204102,6.145117995477656,6.009727765674213,6.079374433401396,1065699600
2010-01-26,6.18234395980835,6.415600436728625,6.081476445771641,6.182644167900338,1867110000
2010-01-27,6.240583419799805,6.321637203565409,5.98991486179197,6.20966238568723,1722568400
2010-01-28,5.98270845413208,6.169133623355006,5.964996982868184,6.152022568121193,1173502400
2010-01-29,5.765663146972656,6.070067253939074,5.711326699843136,6.03644475859432,1245952400
2010-02-01,5.845818519592285,5.883944147056317,5.742849545116226,5.774971010519186,749876400
2010-02-02,5.879740238189697,5.8935498085922395,5.805290645295953,5.881241679262661,698342400
2010-02-03,5.980907440185547,6.010027217972776,5.836510585791934,5.859025786989696,615328000
2010-02-04,5.765364170074463,5.955090849120654,5.750954183584234,5.905857530236009,757652000
2010-02-05,5.86773157119751,5.883942805064995,5.729338873749076,5.782775102281272,850306800
2010-02-08,5.827503681182861,5.940379473765587,5.823901185519468,5.874635531155502,478270800
2010-02-09,5.889647006988525,5.9289730587479115,5.846417849802574,5.896551391264354,632886800
2010-02-10,5.857525825500488,5.901956220835925,5.831708732065642,5.880641046196647,370361600
2010-02-11,5.9640960693359375,5.996518134753807,5.825703378312862,5.850320035193965,550345600
2010-02-12,6.015429973602295,6.053255377136795,5.868931687103398,5.947283965157674,655468800
2010-02-16,6.106091022491455,6.114796653373146,6.049653122914106,6.062261457658367,543737600
2010-02-17,6.080574989318848,6.133409999547613,6.029840232872504,6.129807503174255,436396800
2010-02-18,6.091981887817383,6.120801457022376,6.031641278030102,6.052955245898117,422825200
2010-02-19,6.054156303405762,6.100087327665818,6.037345055528109,6.059860656451437,415469600
2010-02-22,6.01663064956665,6.079072708981117,5.979706269273444,6.074269781958263,390563600
2010-02-23,5.9157633781433105,6.0439493885588895,5.87523650054763,6.0040225261519184,575094800
2010-02-24,6.023838043212891,6.047253472561512,5.939180564440741,5.950888679926919,460566400
2010-02-25,6.0640645027160645,6.08988159583449,5.91066178196193,5.925371576991525,665126000
2010-02-26,6.142715930938721,6.159226971524314,6.0640634323410465,6.075470936494723,507460800
2010-03-01,6.273905277252197,6.289215086984138,6.167633626019473,6.176639467181527,550093600
2010-03-02,6.269700527191162,6.329140103554581,6.236377842463775,6.30212178636162,566546400
2010-03-03,6.284111499786377,6.300322736244172,6.242384179559122,6.2724041861905775,372052800
2010-03-04,6.3255391120910645,6.331843481524197,6.2630970363317555,6.28261096157948,366041200
2010-03-05,6.572905540466309,6.595420745426017,6.443218456905086,6.452524907290664,899620400
2010-03-08,6.576807022094727,6.6071268297916586,6.551890157154248,6.604725566434544,429889600
2010-03-09,6.695086479187012,6.754526066805222,6.541083364705562,6.553691701350062,920259200
2010-03-10,6.7497239112854,6.7689372288436,6.700491388289971,6.71940409694946,596218000
2010-03-11,6.76953649520874,6.76953649520874,6.704093139701463,6.721805415914415,405700400
2010-03-12,6.802560329437256,6.836482643789877,6.777043040629622,6.825675151715721,416323600
2010-03-15,6.719703197479248,6.769535727622992,6.611930516123886,6.765934032798199,493502800
2010-03-16,6.7380146980285645,6.753925322280713,6.6797759453813,6.72990948229834,446908000
2010-03-17,6.728108882904053,6.798055354266688,6.702592000360965,6.751524309104,450956800
2010-03-18,6.744019508361816,6.754526389265197,6.682778268800121,6.727507664854695,342109600
2010-03-19,6.671971797943115,6.76173200885215,6.64135097491963,6.748223046207236,559445600
2010-03-22,6.747020721435547,6.784546321925031,6.60892824314106,6.618534899474179,456419600
2010-03-23,6.855393886566162,6.868002624620177,6.7275076626034656,6.773738900511225,602431200
2010-03-24,6.885714054107666,6.9106309197461835,6.829876162240197,6.833779267435768,597780400
2010-03-25,6.8040595054626465,6.933746977581992,6.792051183519106,6.932245536527236,542284400
2010-03-26,6.931645393371582,6.963166033633828,6.861097709769455,6.873106030797111,640875200
2010-03-29,6.976373672485352,7.020803654125469,6.9532588593037055,6.994686760993579,540744400
2010-03-30,7.080244064331055,7.129177572447662,7.032211581116944,7.102759265786933,527310000
2010-03-31,7.054727554321289,7.1030606516648005,7.038517120538815,7.0694381502238794,430659600
2010-04-01,7.0838446617126465,7.166699650975813,6.987180106760603,7.1270738048544615,603145200
2010-04-05,7.15949821472168,7.1600986308520636,7.047823219341294,7.0541279895221605,684507600
2010-04-06,7.191019535064697,7.212033297637166,7.114768291086068,7.15079245665577,447017200
2010-04-07,7.222839832305908,7.262466489352847,7.164600278004648,7.19131839099343,628502000
2010-04-08,7.203327178955078,7.251059054832,7.14598864580775,7.218036972088584,572989200
2010-04-09,7.25856351852417,7.261566400405569,7.218637053530341,7.2477568312195375,334182800
2010-04-12,7.273573875427246,7.296989299671886,7.259163890277582,7.270871602399903,333026400
2010-04-13,7.277777194976807,7.288885294519839,7.238150530856811,7.2606665372048464,306210800
2010-04-14,7.375641345977783,7.3792438418487025,7.327009254967312,7.363333219230544,404076400
2010-04-15,7.472607612609863,7.475909500161511,7.370238677402161,7.37834389348245,376784800
2010-04-16,7.426974296569824,7.539249658313724,7.341417039973177,7.462097422193192,750545600
2010-04-19,7.417068958282471,7.441685210819167,7.257961936668035,7.41586812637222,566924400
2010-04-20,7.342620849609375,7.4825145962212,7.293688139262988,7.461200225207798,738326400
2010-04-21,7.781815052032471,7.8127360801337495,7.6770444474442625,7.769206314029074,982391200
2010-04-22,7.999460220336914,8.007866045193637,7.691153386713968,7.752395023332227,793424800
2010-04-23,8.130350112915039,8.170877006562137,8.015373208970836,8.04509261032918,796955600
2010-04-26,8.09041976928711,8.17927892521506,8.051092925286087,8.161867664249646,479068800
2010-04-27,7.866473197937012,8.040589899126108,7.820843167021122,8.023478437126695,709343600
2010-04-28,7.853262901306152,7.925310427306826,7.697458533102753,7.902796026344901,758402400
2010-04-29,8.064604759216309,8.10543145116114,7.865571229084787,7.895891039990527,558840800
2010-04-30,7.837951183319092,8.122541140877006,7.835249712243143,8.084715736072933,542463600
2010-05-03,7.995854377746582,8.041785786394117,7.891684238782944,7.920504197659278,454342000
2010-05-04,7.765602111816406,7.903995185726664,7.707663975394943,7.891987668079629,723819600
2010-05-05,7.684852600097656,7.749396150959083,7.46690628940468,7.595993391127534,883103200
2010-05-06,7.392455577850342,7.75269647302786,5.981509199253293,7.620007701886914,1285860800
2010-05-07,7.0805439949035645,7.402059987086741,6.760830052556775,7.316202893814342,1676018400
2010-05-10,7.624809265136719,7.644622996847167,7.460899674559441,7.512534658605443,984306400
2010-05-11,7.700759410858154,7.801926692641969,7.520038218220339,7.560264483580065,848906800
2010-05-12,7.867974758148193,7.899195601423466,7.766207009785482,7.782416645235435,654379600
2010-05-13,7.755998134613037,7.955331472991745,7.697158157574585,7.901895240932465,599712400
2010-05-14,7.619706630706787,7.69956037567163,7.490019948375691,7.659933711265195,759362800
2010-05-17,7.6317138671875,7.69055384007974,7.436282846475372,7.646123852783212,762834800
2010-05-18,7.575875759124756,7.7617000978245585,7.512832882231148,7.7145686453684315,782678400
2010-05-19,7.455194473266602,7.592686526107991,7.350424690503312,7.490017798461672,1025726800
2010-05-20,7.137582302093506,7.3204045555247745,7.091050465358694,7.261263983454771,1282915200
2010-05-21,7.274471759796143,7.339915477517224,6.9451505134954825,6.989279871529579,1223891200
2010-05-24,7.4077677726745605,7.532051565517879,7.3927581639465005,7.423378599440754,754238800
2010-05-25,7.361533164978027,7.407763599570883,7.119571097777742,7.185314654023756,1048006400
2010-05-26,7.328211307525635,7.56897337159638,7.317403816930542,7.507431919254307,850654000
2010-05-27,7.605599403381348,7.62181064407034,7.478314349652377,7.523044163191669,666282400
2010-05-28,7.7115678787231445,7.787218702580067,7.605596443227557,7.78691889534781,815614800
2010-06-01,7.830147743225098,7.983550456089765,7.774010037887587,7.7959248256716345,876472800
2010-06-02,7.923810958862305,7.949327441466591,7.8151372446461265,7.941522031925014,688548000
2010-06-03,7.898895263671875,7.97184382885279,7.817540069958831,7.9607357281977205,650106800
2010-06-04,7.683950901031494,7.862269701042068,7.644024426535877,7.7514957188482825,758304400
2010-06-07,7.533249378204346,7.779714205195833,7.521540862011715,7.75389711136454,886942000
2010-06-08,7.484917640686035,7.619107859827389,7.374443461361745,7.602296205710659,1000770400
2010-06-09,7.3008904457092285,7.562066575399384,7.2795768818230195,7.5491572316043065,854630000
2010-06-10,7.520339488983154,7.534448064103576,7.270871824028563,7.350125141520363,776356000
2010-06-11,7.610400676727295,7.620907557600168,7.426076943291214,7.451894033807103,545759200
2010-06-14,7.633517742156982,7.779715497348793,7.6254125232821,7.683951907473293,602960400
2010-06-15,7.795924186706543,7.800727515320171,7.670139824319744,7.674342736856669,585074000
2010-06-16,8.02287769317627,8.037887295414478,7.824143954163058,7.838253332981404,783678000
2010-06-17,8.161568641662598,8.192489665317325,8.0904205470245,8.123442625899175,872855200
2010-06-18,8.227615356445312,8.255535113075595,8.148062206828923,8.172979080564577,784621600
2010-06-21,8.110535621643066,8.375913135018962,8.06730646241086,8.336286472524746,776490400
2010-06-22,8.221013069152832,8.284655600379764,8.150466150563728,8.170279088917779,717262000
2010-06-23,8.134551048278809,8.245325813238813,8.042389182178374,8.242924148869836,768457200
2010-06-24,8.07541275024414,8.201496933784734,8.048394023807994,8.13545195967562,714277200
2010-06-25,8.006366729736328,8.113539021052391,7.979648608731912,8.107235051548079,549942400
2010-06-28,8.054397583007812,8.097927349310577,7.940921345331728,8.013269481097577,584948000
2010-06-29,7.690250873565674,7.937016189874098,7.634113190995055,7.928910174649849,1133344800
2010-06-30,7.550958633422852,7.744287764398167,7.505328623333053,7.706462360229353,739452000
2010-07-01,7.459399700164795,7.649127200492864,7.30149425663316,7.634116796343602,1022896000
2010-07-02,7.413168907165527,7.532949120914697,7.300892692699636,7.519739164265927,693842800
2010-07-06,7.463901996612549,7.589085139354974,7.389751814726595,7.535049296538018,615235600
2010-07-07,7.765305042266846,7.768307925076559,7.4975266150989635,7.519740412626989,654556000
2010-07-08,7.747890472412109,7.892287710257308,7.651826320258094,7.879678974647851,738144400
2010-07-09,7.793824195861816,7.802229220460165,7.65993379733871,7.7118685926323,433322400
2010-07-12,7.723876953125,7.860768631479387,7.650928393547517,7.7611019535216945,562878400
2010-07-13,7.559065341949463,7.697157834685311,7.397857230806437,7.69475697197448,1190924000
2010-07-14,7.586982250213623,7.679144099960146,7.475007474562421,7.486416179914233,812047600
2010-07-15,7.548558235168457,7.714269061162609,7.4239747072341356,7.451893653473834,824866000
2010-07-16,7.502026081085205,7.654227923865763,7.457296293258398,7.6004918963888874,1039858400
2010-07-19,7.372339248657227,7.501426289516156,7.192819666430384,7.501426289516156,1024478000
2010-07-20,7.561765193939209,7.592085798855656,7.205126934519196,7.291885035960006,1074950800
2010-07-21,7.6323161125183105,7.959835539861205,7.625111919617387,7.958034291230029,1185671200
2010-07-22,7.775811195373535,7.805230783575795,7.664436009377423,7.735584117031143,645318800
2010-07-23,7.803427696228027,7.816636847730817,7.6935539772343216,7.717870423507268,533388800
2010-07-26,7.7836151123046875,7.808231366835274,7.736483658444917,7.805229286816482,420551600
2010-07-27,7.927712440490723,7.94932661689404,7.814236210720269,7.831347667513104,584771600
2010-07-28,7.834047794342041,7.985049600902114,7.812734230436859,7.915402953572113,519985200
2010-07-29,7.7484917640686035,7.884783000755719,7.688151955177171,7.826544247224904,643806800
2010-07-30,7.722677707672119,7.796226698524206,7.652129996621123,7.681851003540273,448210000
2010-08-02,7.8607683181762695,7.88298291364708,7.7938239228831545,7.8184401829047205,428055600
2010-08-03,7.863169193267822,7.903095659980014,7.787818979612194,7.835550855330682,417653600
2010-08-04,7.89469051361084,7.933715954787549,7.814536972583828,7.890487601134421,420375200
2010-08-05,7.856264591217041,7.900694578088877,7.821741068535771,7.857164814496374,289097200
2010-08-06,7.807933330535889,7.849961658707767,7.734082946947369,7.798626479555028,444897600
2010-08-09,7.857763767242432,7.869772086221156,7.792320032055247,7.849657751120079,303128000
2010-08-10,7.787520408630371,7.818742052825758,7.7316825004432,7.800729565789958,451920000
2010-08-11,7.510732650756836,7.675843858486021,7.499325547397691,7.6671382265478405,620054400
2010-08-12,7.558765888214111,7.598091941094277,7.38855152785666,7.405662986227976,534920400
2010-08-13,7.478011131286621,7.5614665570797355,7.477710522450869,7.554562173340195,354869200
2010-08-16,7.434180736541748,7.5053288278930905,7.403559521494371,7.4323794885977845,318430000
2010-08-17,7.564168453216553,7.644022180366808,7.481012037155399,7.507430341948491,422640400
2010-08-18,7.5971903800964355,7.645222864018994,7.552460585366971,7.575876812070718,339696000
2010-08-19,7.501425266265869,7.609497731450195,7.465401111204427,7.590284421218266,426706000
2010-08-20,7.4942216873168945,7.622707517214122,7.475008373463955,7.486716887404877,384230000
2010-08-23,7.378946304321289,7.565071327003947,7.3624360604762,7.558767357417727,414041600
2010-08-24,7.202724933624268,7.294885972723784,7.164299115925123,7.284980312364791,602565600
2010-08-25,7.291585922241211,7.324608806537964,7.120771956945088,7.145988630602643,596867600
2010-08-26,7.213231086730957,7.377441218936621,7.213231086730957,7.3684349809378675,466505200
2010-08-27,7.2534613609313965,7.283181558679536,7.071539280894757,7.257364466604645,548391200
2010-08-30,7.279880046844482,7.377445680104296,7.225242971569465,7.227644636488094,383289200
2010-08-31,7.2978901863098145,7.3417197553528695,7.215334985345971,7.260364584838538,420786800
2010-09-01,7.514936447143555,7.548858755620952,7.393354988050088,7.429078544894541,697037600
2010-09-02,7.570173263549805,7.570173263549805,7.462100764450208,7.542854730302402,415427600
2010-09-03,7.768303871154785,7.768603678305012,7.640117877094633,7.657829746036519,520788800
2010-09-07,7.739485740661621,7.791119913752491,7.692654093978678,7.704361805243538,342557600
2010-09-08,7.892889976501465,7.937019359044229,7.778212100417537,7.798626248570744,526551200
2010-09-09,7.897389888763428,8.000958827329073,7.892887170260009,7.956529653333436,438575200
2010-09-10,7.9076008796691895,7.940323162103781,7.847260253365931,7.900996301399259,387542400
2010-09-13,8.016571998596191,8.053796994258754,7.978146972386718,7.97994741901889,388780000
2010-09-14,8.04719066619873,8.08051254924423,7.970939443210595,7.991653392832797,408150400
2010-09-15,8.11203384399414,8.1168379731703,8.040585949894027,8.050493213783259,429368800
2010-09-16,8.302660942077637,8.305663021597335,8.090419130586913,8.112634519032675,652103200
2010-09-17,8.266642570495605,8.344394472831167,8.215908598488188,8.336288452433642,634477200
2010-09-20,8.50260066986084,8.519111716582737,8.28105187451374,8.287956260852319,658677600
2010-09-21,8.518810272216797,8.626282369844079,8.489390679301849,8.521512545996533,668074400
2010-09-22,8.63829231262207,8.645196699577165,8.47798435965646,8.48699060457002,585289600
2010-09-23,8.67341423034668,8.788691743954134,8.5857558638748,8.595662331057172,786116800
2010-09-24,8.77547836303711,8.811803127387982,8.722343555246288,8.768874589176438,649488000
2010-09-27,8.740656852722168,8.847828316902465,8.736154132951494,8.825313916425491,482834800
2010-09-28,8.61156940460205,8.75896792385824,8.255531537934157,8.75896792385824,1035042400
2010-09-29,8.626876831054688,8.700125955483633,8.585749551147195,8.62267392045036,469644000
2010-09-30,8.518208503723145,8.705834114560885,8.443158099063332,8.675814113021676,673391600
2010-10-01,8.481282234191895,8.603163472982983,8.446158299786033,8.59025493008227,448142800
2010-10-04,8.364805221557617,8.492689825964735,8.338686723821786,8.453664387830996,435302000
2010-10-05,8.674013137817383,8.689322545476845,8.460269020689346,8.46567356705232,501967200
2010-10-06,8.681519508361816,8.765576179581716,8.563540521667537,8.693527833285753,670868800
2010-10-07,8.682419776916504,8.720245195506793,8.613073710583478,8.716042282149676,408399600
2010-10-08,8.82801342010498,8.84092196208549,8.705832382842157,8.75716594198057,658403200
2010-10-11,8.866742134094238,8.923180450846239,8.843927923530188,8.84813083660072,427753200
2010-10-12,8.962207794189453,8.991027773051538,8.780585493042786,8.868244658834028,558544000
2010-10-13,9.010237693786621,9.064873951384754,9.00003062088146,9.012038941946356,630092400
2010-10-14,9.075383186340332,9.080185713964651,9.018043844253866,9.056770285504228,435296400
2010-10-15,9.448530197143555,9.45633560517948,9.153432545585064,9.229383165875891,922194000
2010-10-18,9.546398162841797,9.576417365268947,9.43502297784872,9.560507540696964,1093010800
2010-10-19,9.29092788696289,9.419413750464756,9.006637622991317,9.108105558444699,1232784000
2010-10-20,9.322150230407715,9.433825259507032,9.21227725186733,9.276219585000652,721624400
2010-10-21,9.291828155517578,9.448532766738257,9.210173160182098,9.377084846225642,551460000
2010-10-22,9.230287551879883,9.307439032270771,9.195164405363457,9.278319246344589,372778000
2010-10-25,9.27140998840332,9.354264978544625,9.259401670285722,9.278915588038505,392462000
2010-10-26,9.247698783874512,9.298432747547729,9.17564964546207,9.212275031647119,392929600
2010-10-27,9.24109172821045,9.303232780770365,9.174146545979205,9.23568798415665,399002800
2010-10-28,9.163341522216797,9.246196541205533,9.033054431772614,9.244695100106394,551051200
2010-10-29,9.035453796386719,9.182552513657502,9.032151107490442,9.133019394825022,430511200
2010-11-01,9.131519317626953,9.174148059460423,9.072079726476291,9.072680142581321,423889200
2010-11-02,9.287023544311523,9.311940413102263,9.21617684525233,9.21617684525233,433930000
2010-11-03,9.39029312133789,9.392694785776886,9.262107087589232,9.347363770302659,508348400
2010-11-04,9.554502487182617,9.611841018229986,9.457236689129218,9.469845426334844,642488000
2010-11-05,9.520279884338379,9.593529048654386,9.50887277953825,9.54609777782382,361253200
2010-11-08,9.565009117126465,9.599531837089007,9.509171226871722,9.522380379789167,281758400
2010-11-09,9.488759994506836,9.64546540976681,9.441328719905115,9.637959806763618,383544000
2010-11-10,9.547295570373535,9.56951015839713,9.41280480548892,9.505567063605053,384227200
2010-11-11,9.505870819091797,9.55840602405252,9.433821690572131,9.4563368929301,361284000
2010-11-12,9.247095108032227,9.50136527497549,9.115007594529208,9.486355676414844,795846800
2010-11-15,9.217376708984375,9.322447116698154,9.194261091027569,9.260005448466517,403606000
2010-11-16,9.053764343261719,9.234184912260325,8.98561834105541,9.177747420914214,657650000
2010-11-17,9.021045684814453,9.125815486254169,8.938790284189109,9.042059446223979,479449600
2010-11-18,9.259102821350098,9.296327809743616,9.146828241824984,9.162137646574202,494491200
2010-11-19,9.208072662353516,9.258206212820905,9.163342857708011,9.245297665280509,384843200
2010-11-22,9.407102584838867,9.407102584838867,9.182252014579362,9.206567658934254,393075200
2010-11-23,9.268109321594238,9.358771341533194,9.20296618565621,9.319744299138739,519447600
2010-11-24,9.450331687927246,9.468344168472886,9.358771050835912,9.366275048627978,413725200
2010-11-26,9.456336975097656,9.537391543965915,9.394495721101217,9.418511563067376,237585600
2010-11-29,9.512476921081543,9.53078841370307,9.347666272873544,9.471348810043587,445785200
2010-11-30,9.340760231018066,9.437125015011473,9.332354405268934,9.41250795388901,501858000
2010-12-01,9.49836254119873,9.538889413051054,9.456334228746291,9.464439442792079,461750800
2010-12-02,9.55090045928955,9.576416940545677,9.45303424037861,9.532287560596894,462837200
2010-12-03,9.529587745666504,9.565911722800765,9.496565656772175,9.516679198366766,342092800
2010-12-06,9.610942840576172,9.676386601516036,9.559007241367805,9.56561181940506,448481600
2010-12-07,9.552699089050293,9.726214480848652,9.549997618211734,9.720511732022091,391454000
2010-12-08,9.636756896972656,9.637057505807372,9.519678974521918,9.595328991431069,321935600
2010-12-09,9.59923267364502,9.68148727200389,9.577017278612182,9.670380776922883,294151200
2010-12-10,9.623246192932129,9.637955982578656,9.564406232722602,9.595927668607114,262511200
2010-12-13,9.656567573547363,9.758336867160954,9.636454843135049,9.737622919219376,439815600
2010-12-14,9.61513900756836,9.682684584207413,9.576412588377599,9.658368144552425,351008000
2010-12-15,9.617246627807617,9.696499157884466,9.582122682449329,9.606438335054609,417312000
2010-12-16,9.643963813781738,9.684791311423757,9.609441086691142,9.639160484456356,322030800
2010-12-17,9.624750137329102,9.660173885207852,9.61334223155715,9.655370556461767,386929200
2010-12-20,9.67278003692627,9.704001668015465,9.553300462905748,9.654467750272229,385610400
2010-12-21,9.732521057128906,9.738224608638571,9.667978337550444,9.696496896722318,256354000
2010-12-22,9.761341094970703,9.778152745416198,9.713008802375327,9.737325253100753,265921600
2010-12-23,9.71451187133789,9.761042923468802,9.701603324108728,9.756540202871012,223157200
2010-12-27,9.746930122375488,9.769745931385158,9.652066795047991,9.691994060003145,249816000
2010-12-28,9.770648002624512,9.806371557595956,9.758339873573448,9.783856355000072,175924000
2010-12-29,9.765247344970703,9.800070687626626,9.759542989492248,9.793165499586799,163139200
2010-12-30,9.716313362121582,9.771849856832553,9.69800106874431,9.770949633340052,157494400
2010-12-31,9.683287620544434,9.710905953838909,9.645762022826354,9.694995331274002,193508000
2011-01-03,9.893729209899902,9.91444316237059,9.751734424414499,9.775750264277862,445138400
2011-01-04,9.945363998413086,9.981687965536205,9.851100285615992,9.979886717458928,309080800
2011-01-05,10.026718139648438,10.036925212672118,9.89162773259404,9.893129173556371,255519600
2011-01-06,10.018611907958984,10.064241917011291,9.993695046791547,10.048331295113428,300428800
2011-01-07,10.090362548828125,10.097266933467267,9.963677151076865,10.026419433826323,311931200
2011-01-10,10.280390739440918,10.303806168777864,10.12188487644113,10.171717816007419,448560000
2011-01-11,10.256071090698242,10.355736930999214,10.190927163150116,10.353336068844452,444108000
2011-01-12,10.33952808380127,10.339828692654546,10.266880142635795,10.30440574700803,302590400
2011-01-13,10.37735366821289,10.40617364067416,10.322417599767652,10.361743651419992,296780400
2011-01-14,10.461414337158203,10.461414337158203,10.340133446283167,10.383662427309547,308840000
2011-01-18,10.22635269165039,10.349735393833738,9.786557921133685,9.892228749277029,1880998000
2011-01-19,10.172015190124512,10.465010977433604,10.113176026592372,10.457505376777592,1135612800
2011-01-20,9.987093925476074,10.155806858026851,9.9102422603759,10.099669149599135,764789200
2011-01-21,9.808174133300781,10.053138320164448,9.805471859714324,10.019815623422998,754401200
2011-01-24,10.130288124084473,10.130288124084473,9.808171740133005,9.81267526113701,574683200
2011-01-25,10.248866081237793,10.25006771484217,10.043829231053023,10.096665036588815,546868000
2011-01-26,10.322419166564941,10.374954380236133,10.251872268995161,10.295701047185352,506875600
2011-01-27,10.303203582763672,10.347633568990512,10.291796479398622,10.320315039434815,285026000
2011-01-28,10.089764595031738,10.338932558254783,10.012613903543892,10.33202817138213,592057200
2011-01-31,10.186427116394043,10.20804209776856,10.03572667104021,10.080756278989725,377246800
2011-02-01,10.357841491699219,10.376453589215716,10.23626003686979,10.245866694490504,426633200
2011-02-02,10.33652400970459,10.364442147576202,10.31340839757418,10.340427114000018,258955200
2011-02-03,10.31010913848877,10.334125783300015,10.16331100438649,10.32091662865383,393797600
2011-02-04,10.401966094970703,10.407970253225873,10.312205933114088,10.316108235168315,321840400
2011-02-07,10.563480377197266,10.604606879112577,10.436194559198224,10.44369936020655,485021600
2011-02-08,10.6631441116333,10.672750768035833,10.571583473479029,10.617514096968337,381040800
2011-02-09,10.752004623413086,10.777222097743982,10.653238987966246,10.662844843230634,482745200
2011-02-10,10.643331527709961,10.807241901370698,10.446999489268503,10.72888961161925,928550000
2011-02-11,10.712677001953125,10.741195557968336,10.61331016341092,10.649634928625481,367572800
2011-02-14,10.782624244689941,10.791629683234088,10.708474871368336,10.710876535413044,310416400
2011-02-15,10.804238319396973,10.806340176228382,10.733691442795855,10.782923952009357,284174800
2011-02-16,10.90120792388916,10.954342753981921,10.822254395352921,10.831259836805792,481157600
2011-02-17,10.756208419799805,10.815348203691352,10.702772188092444,10.72468777673102,530583200
2011-02-18,10.523852348327637,10.792231917620175,10.492630712804987,10.768515883756109,816057200
2011-02-22,10.165109634399414,10.368946445800079,10.138392326364285,10.271380855444665,872555600
2011-02-23,10.285490989685059,10.346130597096593,10.165109593124697,10.169913722453643,671854400
2011-02-24,10.293295860290527,10.36144187142955,10.15790566441563,10.327519571072298,499900800
2011-02-25,10.451802253723145,10.45990746845349,10.350934776292146,10.36474354188852,380018800
2011-02-28,10.603407859802246,10.658644547219826,10.540665569036761,10.544268066254052,403074000
2011-03-01,10.486327171325684,10.678756119932675,10.43739446225017,10.671251319592502,456136800
2011-03-02,10.570683479309082,10.637628670206325,10.459008492611531,10.505840145516597,602590800
2011-03-03,10.794034957885742,10.800939342999284,10.6847616202853,10.722887646105017,500788400
2011-03-04,10.807244300842285,10.815949934608962,10.739698683271932,10.809345356652825,453266800
2011-03-07,10.667949676513672,10.857376549003432,10.546368220746317,10.849270530761604,546123200
2011-03-08,10.67995834350586,10.729191667853398,10.574587309663258,10.654441057076518,356316800
2011-03-09,10.58118724822998,10.649933667161273,10.525050364971786,10.647831810674631,453306000
2011-03-10,10.407073020935059,10.500135904555064,10.35393740344949,10.480621982303404,507539200
2011-03-11,10.566778182983398,10.576685447122046,10.35693881741615,10.366844478307911,471080400
2011-03-14,10.613914489746094,10.70157365003148,10.546369672590059,10.602506582163047,435957200
2011-03-15,10.369852066040039,10.442200217900849,10.209844747598064,10.269884767520846,721081200
2011-03-16,9.906937599182129,10.296899399777855,9.79436239746184,10.26687939942735,1162011200
2011-03-17,10.045930862426758,10.195130625399335,9.92645048787922,10.111674407846804,659422400
2011-03-18,9.926753044128418,10.152804511508528,9.906639504141346,10.120682648656432,753214000
2011-03-21,10.18582534790039,10.199033699807483,10.06454370671671,10.086459294068048,409402000
2011-03-22,10.242860794067383,10.28549032469753,10.181019557104246,10.283689076924427,325922800
2011-03-23,10.182522773742676,10.213442996805592,10.085256980276899,10.18522424506182,372996400
2011-03-24,10.356038093566895,10.386959115552797,10.172615421628434,10.26237560607941,404712000
2011-03-25,10.553272247314453,10.568882263915599,10.417580616847012,10.449102060527505,448910000
2011-03-28,10.520249366760254,10.636728484159114,10.520249366760254,10.601604543951353,309355200
2011-03-29,10.53586196899414,10.53586196899414,10.388764011182468,10.436795702932658,352900800
2011-03-30,10.46591567993164,10.53346210662769,10.430192115818722,10.526256310069684,329406000
2011-03-31,10.462310791015625,10.501036424532147,10.388761827569043,10.39776726686451,274019200
2011-04-01,10.343730926513672,10.554772769313349,10.305905515167266,10.540363585043615,418661600
2011-04-04,10.24256420135498,10.344933144527864,10.158808157678825,10.336227511704124,460084800
2011-04-05,10.173517227172852,10.274384722069128,10.086759109110766,10.116479303766047,482731200
2011-04-06,10.147997856140137,10.323915720333476,10.120979940173218,10.243462388379172,402539200
2011-04-07,10.149198532104492,10.219744593474777,10.08765630421122,10.149798146370946,373447200
2011-04-08,10.058541297912598,10.211343594749463,10.025219405338444,10.204439210108847,377535200
2011-04-11,9.930654525756836,10.076851423798367,9.907239101623217,10.028519134606707,398946800
2011-04-12,9.97868824005127,10.018614709542847,9.91264326856249,9.921348901479119,425639200
2011-04-13,10.090662002563477,10.090961809780408,9.982288908254752,10.057339312187423,346220000
2011-04-14,9.97928524017334,10.086757292484346,9.968478554482463,10.050733136393376,301800800
2011-04-15,9.830390930175781,10.015915560767938,9.810577993684847,10.005708483557262,453605600
2011-04-18,9.962178230285645,9.973586138651044,9.611243361042096,9.789562973161171,609898800
2011-04-19,10.142598152160645,10.146199847365732,9.957973796992698,9.99970231778079,419378400
2011-04-20,10.279186248779297,10.379453310029605,10.251868524816329,10.312208325219537,700666400
2011-04-21,10.528057098388672,10.661046485049496,10.462613333846157,10.657143378818926,753810400
2011-04-25,10.59739875793457,10.61961414708578,10.516043602802394,10.517245236271801,266546000
2011-04-26,10.519649505615234,10.65684097069822,10.487527646589744,10.61571367222045,338800000
2011-04-27,10.511540412902832,10.57758535984891,10.419979794431503,10.57428267160876,356213200
2011-04-28,10.40947437286377,10.499533563378304,10.372549190902054,10.392662725422198,360959200
2011-04-29,10.510939598083496,10.625615814644272,10.407069263171312,10.410371951034234,1006345200
2011-05-02,10.395363807678223,10.521148145112821,10.371948386955369,10.49923336347224,442713600
2011-05-03,10.453003883361816,10.503737837822749,10.375551815134148,10.446699915565189,313348000
2011-05-04,10.494131088256836,10.561976493775916,10.41337633778024,10.454804240624526,389250400
2011-05-05,10.40947437286377,10.53555852218167,10.388459813561806,10.459006687159722,335969200
2011-05-06,10.406769752502441,10.507036793682389,10.393260796810369,10.497730748902583,280134400
2011-05-09,10.434990882873535,10.4830233598078,10.402869028649784,10.442795489015694,204747200
2011-05-10,10.490530014038086,10.497735007095962,10.406773973799321,10.47371836356971,282091600
2011-05-11,10.423882484436035,10.507038893095032,10.364143100019065,10.477619312454118,336000000
2011-05-12,10.404074668884277,10.420586516831232,10.274989181220526,10.390566505482292,322000000
2011-05-13,10.221850395202637,10.394465621216826,10.217347675102877,10.376754548066724,326116000
2011-05-16,10.005704879760742,10.243464841760392,9.984690316601784,10.182824419891777,449775200
2011-05-17,10.090961456298828,10.090961456298828,9.92855252575689,9.966678543256915,452334400
2011-05-18,10.202935218811035,10.238358959785094,10.086757533092811,10.100866907722464,334776400
2011-05-19,10.22275161743164,10.279189130698484,10.166913718674254,10.26928266531368,261170000
2011-05-20,10.063340187072754,10.235355724059598,10.057336028458732,10.193627222503796,337968400
2011-05-23,10.038727760314941,10.086159833588306,9.889228150086964,9.9057391930684,383600000
2011-05-24,9.972382545471191,10.083757721199047,9.9468652635825,10.071749399928233,321927200
2011-05-25,10.110175132751465,10.163611364525087,9.992196173686313,10.009607439124704,294224000
2011-05-26,10.05673885345459,10.113476968206406,10.03962739670199,10.085858631305003,222560800
2011-05-27,10.129085540771484,10.135690116434231,10.036023470394047,10.050733260831166,203599200
2011-05-31,10.441895484924316,10.441895484924316,10.236857831708408,10.23986071330474,417754400
2011-06-01,10.3722505569458,10.570983474441702,10.346434268134985,10.47311885755331,554682800
2011-06-02,10.389962196350098,10.446400506323414,10.33592635232366,10.401970517966465,338783200
2011-06-03,10.31010913848877,10.36684725941985,10.267180588324154,10.302304530548772,313250000
2011-06-06,10.147997856140137,10.41847922784112,10.14109347356765,10.377952353890741,461941200
2011-06-07,9.967877388000488,10.153401913063655,9.963674476245592,10.151901273962919,529785200
2011-06-08,9.973882675170898,10.050734324129973,9.926151604617337,9.960073908038646,333723600
2011-06-09,9.951370239257812,10.016813996501158,9.929154841660036,10.004205257324042,275088800
2011-06-10,9.783560752868652,9.95647665324315,9.771852233252368,9.92315394668904,433955200
2011-06-13,9.804570198059082,9.85590457081064,9.758639570064048,9.822581878957218,329473200
2011-06-14,9.979887008666992,10.004203457608005,9.885923901952747,9.906637854634088,334569200
2011-06-15,9.80907154083252,9.91564256639998,9.752933050253668,9.89913152856741,399196000
2011-06-16,9.761341094970703,9.867011921471542,9.556304211697894,9.813576492945591,510591200
2011-06-17,9.614240646362305,9.884122418962255,9.58722272887151,9.876317011218134,615020000
2011-06-20,9.465943336486816,9.537391245684637,9.321246269878277,9.527184172478208,640645600
2011-06-21,9.765541076660156,9.780550672715204,9.462338258166394,9.50676823367115,493382400
2011-06-22,9.684789657592773,9.873616902144837,9.67788447205485,9.761340701584432,390583200
2011-06-23,9.943561553955078,9.957370319262571,9.549998115093116,9.574613565940508,559759200
2011-06-24,9.797065734863281,10.001202400724202,9.75924032188994,9.947766970651935,439807200
2011-06-27,9.967877388000488,10.02371527112066,9.824081371692067,9.834288443096815,339813600
2011-06-28,10.064543724060059,10.10777287952047,10.00990746488163,10.01621143281125,294299600
2011-06-29,10.027922630310059,10.097869117193826,9.9630784789564,10.087962650189727,352545200
2011-06-30,10.076852798461914,10.09066317100574,9.991896722179431,10.047733818739692,322954800
2011-07-01,10.304706573486328,10.311910765570628,10.032723672375576,10.085258882394127,435313200
2011-07-05,10.489931106567383,10.501939430057496,10.28189211265544,10.296901715394348,355054000
2011-07-06,10.559874534606934,10.630122405095882,10.408273101670005,10.475518090530649,444626000
2011-07-07,10.723182678222656,10.74719851260147,10.627117737460676,10.647232070924181,399663600
2011-07-08,10.798535346984863,10.807241780344736,10.573084335344078,10.607307247875122,489633200
2011-07-11,10.62712287902832,10.800340144317461,10.591699125409908,10.697370771698349,442674400
2011-07-12,10.619617462158203,10.73759642217583,10.465613535514501,10.613012083319777,451609200
2011-07-13,10.747804641723633,10.807244239745371,10.698570515419851,10.7571098899918,391638800
2011-07-14,10.740300178527832,10.855577691382054,10.697371619935506,10.83756520423742,430533600
2011-07-15,10.95494270324707,10.95734436796514,10.782327460566336,10.842367475270613,484467200
2011-07-18,11.22152042388916,11.247036905782052,10.965748775869336,10.970251495821344,572653200
2011-07-19,11.313080787658691,11.367116628382018,11.20710935993111,11.347603507760027,819145600
2011-07-20,11.61478042602539,11.896069286721438,11.587762509870315,11.891566567903403,941340400
2011-07-21,11.626492500305176,11.709647329265067,11.524723969548859,11.616285426016894,526534400
2011-07-22,11.806916236877441,11.859451460000276,11.640304323127452,11.657415786640332,516728800
2011-07-25,11.963017463684082,12.008047068030328,11.696438326095922,11.718352311355982,589806000
2011-07-26,12.1104154586792,12.14313773389774,11.998440666569897,12.008046522129519,476582400
2011-07-27,11.78559684753418,12.08729909221303,11.772387694725149,12.025757650879003,659324400
2011-07-28,11.762480735778809,11.917684667445522,11.651706787339517,11.75647737728733,594034000
2011-07-29,11.72225284576416,11.862447168973517,11.527722881368577,11.6369961829575,632584400
2011-08-01,11.910478591918945,11.993032974752307,11.778989911081235,11.94139880918229,612836000
2011-08-02,11.675124168395996,11.94500519865479,11.658313318877903,11.937500398064051,639539600
2011-08-03,11.784997940063477,11.814417528007784,11.474890632797328,11.737265259841573,732508000
2011-08-04,11.328689575195312,11.747469700277591,11.32808915921628,11.690131978338597,871407600
2011-08-05,11.216115951538086,11.512715896445123,10.884394470123622,11.420853835502736,1204590800
2011-08-08,10.603407859802246,11.040500434391133,10.597703505062986,10.857977916833939,1143833600
2011-08-09,11.227825164794922,11.24583764908976,10.657142045887317,10.846269122864673,1082583600
2011-08-10,10.918020248413086,11.247040356947029,10.882296681827048,11.14196991175438,878656800
2011-08-11,11.218513488769531,11.271048672511714,10.948932387063692,11.123048973134264,741969200
2011-08-12,11.317285537719727,11.396837870800717,11.234429713424326,11.349706406119525,528976000
2011-08-15,11.510011672973633,11.55684331966869,11.350304222381272,11.396535453072246,460544000
2011-08-16,11.422053337097168,11.508812257933851,11.289364590351914,11.45327497315356,498750000
2011-08-17,11.420851707458496,11.543333363728184,11.347602559444862,11.476989400456599,442061200
2011-08-18,10.988861083984375,11.186995145853073,10.848366954730222,11.132657901856295,851435200
2011-08-19,10.688065528869629,11.017387045156426,10.687165305260171,10.872389318995557,775888400
2011-08-22,10.70036792755127,10.953738652580283,10.65984105274247,10.94263055652392,535315200
2011-08-23,11.215518951416016,11.21671978390756,10.717184690157959,10.816250965839032,656835200
2011-08-24,11.292964935302734,11.376420343451159,11.125452099838105,11.211609780442712,626267600
2011-08-25,11.219114303588867,11.271049073335945,10.957338598520003,10.959740261973508,871346000
2011-08-26,11.515113830566406,11.52171760396745,11.131456079472432,11.142563373019998,641477200
2011-08-29,11.706945419311523,11.752876851077861,11.647806436325562,11.65320937971111,405269200
2011-08-30,11.70754337310791,11.763080649364195,11.594067156651926,11.655307983962084,417922400
2011-08-31,11.552640914916992,11.770286515401537,11.46348113845425,11.724956307537992,522586400
2011-09-01,11.438567161560059,11.627994058056089,11.429261111550653,11.58236403147022,343725200
2011-09-02,11.229022026062012,11.34760136671918,11.162377460986601,11.249735173240568,438939200
2011-09-06,11.399835586547852,11.41754665226301,11.001767881304978,11.028485986685906,509698000
2011-09-07,11.52562141418457,11.575754943414816,11.467681676005745,11.574554111518639,350576800
2011-09-08,11.531927108764648,11.666117287587403,11.476990243717989,11.47969171507746,416158400
2011-09-09,11.33199405670166,11.587764891246984,11.258143681220341,11.525623831644523,564813200
2011-09-12,11.405841827392578,11.434059775163481,11.164479413533979,11.197502292384646,467832400
2011-09-13,11.546338081359863,11.59406915640927,11.415149169881841,11.471887287896084,440560400
2011-09-14,11.686832427978516,11.774190972328093,11.580561176022384,11.618386591235494,534724400
2011-09-15,11.796706199645996,11.817720764596068,11.704844934878174,11.750775567262085,417818800
2011-09-16,12.023056030273438,12.023056030273438,11.85884664423521,11.874156853191911,698513200
2011-09-19,12.357178688049316,12.405211167039795,11.863949362908823,11.917984398729033,823860800
2011-09-20,12.411818504333496,12.694308286612602,12.343973083619948,12.465854353798361,775754000
2011-09-21,12.37248706817627,12.656176757725007,12.368284157015571,12.597637411850293,605976000
2011-09-22,12.062681198120117,12.30284278643252,11.90897871148343,12.038965968747585,968480800
2011-09-23,12.137130737304688,12.210379877964796,12.003540997746528,12.016449539508585,546277200
2011-09-26,12.10321044921875,12.127526899368677,11.74687192686444,12.003843593174889,812876400
2011-09-27,11.985832214355469,12.285732435009423,11.949808050684393,12.270122418338675,632497600
2011-09-28,11.91828727722168,12.120322078137406,11.903276073557272,12.013750227706742,429637600
2011-09-29,11.724956512451172,12.074390632043702,11.594068220396544,12.065685000261823,651086800
2011-09-30,11.447269439697266,11.67452248904271,11.443066527655198,11.621386073322592,547640800
2011-10-03,11.245536804199219,11.486899296147719,11.202609051863275,11.418754064530638,669099200
2011-10-04,11.182493209838867,11.461680280026805,10.634326944665123,11.244635073013779,1233677200
2011-10-05,11.355111122131348,11.402241785890778,10.81624925055061,11.043201745718738,786469600
2011-10-06,11.328689575195312,11.551138484874556,11.161477332340182,11.207407952301017,812582400
2011-10-07,11.101441383361816,11.339801002538666,11.062115324838823,11.280961818397696,535458000
2011-10-10,11.672122955322266,11.672122955322266,11.353909606816412,11.380327917716874,442514800
2011-10-11,12.016751289367676,12.103510203372908,11.752875257661753,11.78499631287052,605687600
2011-10-12,12.073787689208984,12.28572889594162,12.012246260327137,12.228391180090169,622286000
2011-10-13,12.26111888885498,12.26111888885498,12.09360598063152,12.157548299932426,426185200
2011-10-14,12.668488502502441,12.668488502502441,12.466452121205842,12.513284570272674,573367200
2011-10-17,12.608148574829102,12.80958374934086,12.48656632956797,12.660683776420935,686044800
2011-10-18,12.675694465637207,12.752846731748594,12.48806884405444,12.66128447929383,881602400
2011-10-19,11.966620445251465,12.260817132172342,11.942003384102714,12.048575242333879,1104059600
2011-10-20,11.867253303527832,12.01855496736786,11.834232018408505,12.00804808551757,549270400
2011-10-21,11.7940034866333,11.982230332649959,11.730360981260997,11.95100949608286,621244400
2011-10-24,12.181262969970703,12.203176954266569,11.869954850595974,11.893370275890714,502138000
2011-10-25,11.941102027893066,12.204679088345912,11.929395116204482,12.159048265691208,430427200
2011-10-26,12.026056289672852,12.084595641233443,11.802405761541083,12.06087881085424,456304800
2011-10-27,12.148839950561523,12.27822760475602,12.064784108771066,12.23499764933029,494664800
2011-10-28,12.156644821166992,12.198673141013966,12.083395669851171,12.098105461554084,322842800
2011-10-31,12.151542663574219,12.28813451366187,12.039567070705083,12.080695170641683,385501200
2011-11-01,11.903276443481445,11.993036646415938,11.804510800666215,11.930295167994561,531790000
2011-11-02,11.93029499053955,12.021256024321643,11.861247941656694,12.01074914353464,327350800
2011-11-03,12.100208282470703,12.110114746794812,11.868753098485183,11.980127473572937,441386400
2011-11-04,12.015251159667969,12.111315323788283,11.982829494257068,12.068987194261968,302229200
2011-11-07,11.999939918518066,12.008045935932493,11.891868236976983,12.00534446454339,270275600
2011-11-08,12.19507122039795,12.248207639952934,12.054877680182631,12.074390800974463,400442000
2011-11-09,11.866349220275879,12.034762288858856,11.834828584977904,11.917083166192143,558684000
2011-11-10,11.564346313476562,11.92428723468405,11.47218447529676,11.918883491490927,744752400
2011-11-11,11.546338081359863,11.668819757105949,11.415449778738356,11.60607747819756,653786000
2011-11-14,11.385428428649902,11.565249418844987,11.353607181299969,11.513313834067997,432905200
2011-11-15,11.672720909118652,11.69283364231283,11.39113222329487,11.43165910011292,430810800
2011-11-16,11.5508394241333,11.7420675168838,11.537329662920294,11.685329405633848,349210400
2011-11-17,11.329891204833984,11.545135137919072,11.272552677234602,11.527122657279909,479900400
2011-11-18,11.255743980407715,11.4073454582383,11.253942731871428,11.37522439511014,371938000
2011-11-21,11.077723503112793,11.15787704234262,10.984660617897337,11.119450414848385,447980400
2011-11-22,11.302873611450195,11.345502348568681,11.135661352000437,11.138063016154918,409021200
2011-11-23,11.017081260681152,11.282759328005042,11.013778571875617,11.242832064891914,428271200
2011-11-25,10.914411544799805,11.141963576472289,10.906905944679503,11.060008804081045,254760800
2011-11-28,11.291165351867676,11.309177833431454,11.117349313706844,11.177989731724427,346413200
2011-11-29,11.20350456237793,11.372518036773874,11.113444579130233,11.282757860674874,375855200
2011-11-30,11.473690032958984,11.47609169762995,11.356611285120561,11.446372299762329,405938400
2011-12-01,11.645703315734863,11.677824371813838,11.430158764604462,11.483894798375314,387181200
2011-12-02,11.69884204864502,11.816821027613011,11.665219542683719,11.70274435317783,379055600
2011-12-05,11.798206329345703,11.900275465730765,11.71955422308819,11.812616316117332,357210000
2011-12-06,11.736366271972656,11.846841245263331,11.68923560615023,11.783197932142265,283598000
2011-12-07,11.680527687072754,11.736064973940103,11.610580413791707,11.705744361673094,304746400
2011-12-08,11.727657318115234,11.87295478528125,11.714748774779505,11.75137334957444,376356400
2011-12-09,11.81651496887207,11.829123703401272,11.738763110000498,11.793400158003639,296993200
2011-12-12,11.763080596923828,11.82492183994415,11.691332890992818,11.758277269058409,301067200
2011-12-13,11.672122955322266,11.869956471690644,11.620788576348971,11.797907334494905,338928800
2011-12-14,11.413350105285645,11.629195321797086,11.337999875706704,11.608781170851232,406887600
2011-12-15,11.375822067260742,11.519918708910284,11.356909363003652,11.507610581026446,256200000
2011-12-16,11.438261985778809,11.53222507668922,11.394733032397646,11.418449061306537,421478400
2011-12-19,11.473986625671387,11.553239928825173,11.422051046152365,11.481792033119937,235530400
2011-12-20,11.886465072631836,11.89096859399819,11.625590300681536,11.640599900906459,337215200
2011-12-21,11.90147590637207,11.926993189628751,11.768185937991055,11.908680097897197,262948000
2011-12-22,11.964519500732422,11.981931569702528,11.890970523797318,11.9179876482621,202358800
2011-12-23,12.108015060424805,12.115820470202321,11.992737567043298,11.998741728410618,269399200
2011-12-27,12.20407772064209,12.28092937334489,12.0987067058009,12.101109171672919,265076000
2011-12-28,12.08730411529541,12.255716474667631,12.048277858310621,12.214889770447861,228662000
2011-12-29,12.161749839782715,12.177661267615054,12.023358334440012,12.11011565722759,215978000
2011-12-30,12.158143997192383,12.196569813755291,12.112813798485815,12.1134134127716,179662000
2012-01-03,12.345169067382812,12.38329507656631,12.278224697985133,12.290233016093852,302220800
2012-01-04,12.411514282226562,12.448740072146757,12.28663096769779,12.308245140866706,260022000
2012-01-05,12.549309730529785,12.564919747504229,12.388401422244165,12.456848056012088,271269600
2012-01-06,12.680497169494629,12.691004049873724,12.585033419545312,12.601544460604915,318292800
2012-01-09,12.660384178161621,12.841105414322808,12.648976272376549,12.77356060781236,394024400
2012-01-10,12.70571231842041,12.78856812262401,12.653476928390274,12.785865849830179,258196400
2012-01-11,12.684998512268066,12.694004752311224,12.587733524672469,12.688900815475018,215084800
2012-01-12,12.650174140930176,12.695504342968269,12.570920838343028,12.676892250039776,212587200
2012-01-13,12.602741241455078,12.621954550678485,12.568218528879344,12.599440156367379,226021600
2012-01-17,12.749541282653809,12.788267711757157,12.697305895089485,12.734530883461918,242897200
2012-01-18,12.881930351257324,12.892737037180728,12.797573910852924,12.817386836398718,276791200
2012-01-19,12.841103553771973,12.949775644537114,12.803878562964162,12.913151871359767,261738400
2012-01-20,12.617453575134277,12.833598537748195,12.600942535002252,12.833298730542806,413974400
2012-01-23,12.830894470214844,12.862116097682128,12.677491811791391,12.688599105367098,306062400
2012-01-24,12.620757102966309,12.761551866689775,12.594940013398176,12.761551866689775,547638000
2012-01-25,13.40878677368164,13.642642850491947,13.32082781230636,13.642343043230639,958314000
2012-01-26,13.347846031188965,13.47272857675306,13.303116232425712,13.459820832533882,323985200
2012-01-27,13.427399635314941,13.463423802365517,13.322029407625628,13.339140065310367,299709200
2012-01-30,13.599414825439453,13.626132943795087,13.370661879438853,13.380267736392215,379341200
2012-01-31,13.703580856323242,13.756415862266591,13.60121193007567,13.676862744533047,391683600
2012-02-01,13.694877624511719,13.778934277886615,13.67566591195967,13.7615230120671,270046000
2012-02-02,13.66275405883789,13.72429469566199,13.628531147970437,13.686169481550303,186796400
2012-02-03,13.79964828491211,13.80925494284781,13.675965770484602,13.728201171386315,286599600
2012-02-06,13.928435325622559,13.9587559419463,13.755220467986295,13.760623411990684,249412800
2012-02-07,14.074328422546387,14.10194755581943,13.946742039202286,13.96685637402806,316223600
2012-02-08,14.309989929199219,14.313291015236317,14.100448723333898,14.124465366770389,407890000
2012-02-09,14.805023193359375,14.91249528111385,14.426469221579039,14.432473383178234,884214800
2012-02-10,14.812522888183594,14.938607031806521,14.666324409325577,14.738674130842709,631302000
2012-02-13,15.088111877441406,15.125036265113383,14.922700047764842,14.99594920863312,517216000
2012-02-14,15.294048309326172,15.29704958806587,15.07009872558961,15.149951658382443,460398400
2012-02-15,14.940110206604004,15.799283845048324,14.916693181354482,15.43814284548607,1506120000
2012-02-16,15.076400756835938,15.156854896989936,14.608687117423674,14.754885606652941,944552000
2012-02-17,15.073698997497559,15.24331290568641,15.019061944572364,15.103418386272883,535805200
2012-02-21,15.455862045288086,15.455862045288086,15.133745544196833,15.216601382618036,605595200
2012-02-22,15.401516914367676,15.475065862652507,15.28233635483308,15.402717746242669,483302400
2012-02-23,15.502083778381348,15.545313725881583,15.295245698463665,15.462757736910005,568027600
2012-02-24,15.682807922363281,15.697517714791982,15.569633104125199,15.600553328297398,415072000
2012-02-27,15.78337287902832,15.865627454700943,15.498782147655714,15.649782341694312,547582000
2012-02-28,16.07306671142578,16.07306671142578,15.786074316985003,15.849416993595195,600387200
2012-02-29,16.28411293029785,16.43931849783633,16.081778303255817,16.257696223486036,952011200
2012-03-01,16.345050811767578,16.45732780622954,16.173936253658663,16.456125370938793,683270000
2012-03-02,16.366365432739258,16.414996724008162,16.28651090613386,16.33814668228187,431712400
2012-03-05,16.005529403686523,16.435416177052268,15.790583612132375,16.37357571376973,809124400
2012-03-06,15.918464660644531,16.021433198906244,15.496982248355906,15.720332190493355,810238800
2012-03-07,15.931376457214355,16.144218751301217,15.709527120122752,16.114799164413192,798520800
2012-03-08,16.270599365234375,16.300618557422354,15.974300126468913,16.05145156667773,516457200
2012-03-09,16.366073608398438,16.443225098192876,16.30423153168008,16.33725362625836,418919200
2012-03-12,16.57110023498535,16.57110023498535,16.420997865395027,16.48043823701514,407282400
2012-03-13,17.054424285888672,17.056825949634703,16.683675060517817,16.73741268764693,690855200
2012-03-14,17.699260711669922,17.853563635320914,17.27357453099172,17.353129260372103,1418844000
2012-03-15,17.57857894897461,18.01236953102628,17.368138330984735,18.000361209854063,1159718000
2012-03-16,17.57887840270996,17.68785110947406,17.351626139648648,17.553361121543897,825487600
2012-03-19,18.045089721679688,18.065202454885302,17.6833475051858,17.963134943201844,901236000
2012-03-20,18.190994262695312,18.21921141841153,17.756302565897077,17.997363651077684,816662000
2012-03-21,18.087120056152344,18.301764396837832,18.05439938369658,18.094325049146427,644042000
2012-03-22,17.99225616455078,18.14716029574595,17.877878913455294,17.945423713621437,623870800
2012-03-23,17.893491744995117,18.06610696629698,17.843957817131702,18.026780913844828,430488800
2012-03-26,18.221609115600586,18.22671385447775,17.86977492862431,18.00576395384413,595742000
2012-03-27,18.44676399230957,18.50079984213384,18.193994406529132,18.197596903400573,607129600
2012-03-28,18.541025161743164,18.656002036956586,18.32157749042492,18.56383936984868,655460400
2012-03-29,18.308067321777344,18.509202689950865,18.229115417064854,18.39572646163032,608238400
2012-03-30,17.99856185913086,18.32908250247211,17.950228764281746,18.275346464390122,731038000
2012-04-02,18.571348190307617,18.575550301848484,18.023480062039116,18.067009833289067,598351600
2012-04-03,18.892257690429688,18.97901740488364,18.687821245287285,18.831616473770605,834559600
2012-04-04,18.741857528686523,18.788388569106594,18.52240987614964,18.743058360760212,572980800
2012-04-05,19.023147583007812,19.052567167733386,18.71454014735438,18.82201221506522,641298000
2012-04-09,19.099706649780273,19.208079792456125,18.771587544997487,18.796503620065913,597536800
2012-04-10,18.865842819213867,19.332955307390755,18.792593660596427,19.210773440618812,889725200
2012-04-11,18.798601150512695,19.11891557095164,18.71274243736863,19.09880283111648,696614800
2012-04-12,18.695629119873047,18.95260241272255,18.627483091831596,18.7625743156594,614336800
2012-04-13,18.169078826904297,18.753571586402398,18.117444635718027,18.735858907267268,859644800
2012-04-16,17.41556739807129,18.320672405869924,17.35912990153066,18.314068631986316,1050786800
2012-04-17,18.30327033996582,18.312275782194316,17.16881067709833,17.379852582440325,1025528000
2012-04-18,18.262439727783203,18.619979916745603,18.093425393356874,18.423947658170604,954531200
2012-04-19,17.63501739501953,18.15406548180724,17.547358249038076,18.018674459057916,834719200
2012-04-20,17.200923919677734,17.850559584810377,17.124072277012054,17.753293798699154,1030985200
2012-04-23,17.16250228881836,17.3117037001058,16.709799728164285,17.129781612248273,966529200
2012-04-24,16.81967544555664,17.042124447658303,16.661168767729897,16.88962193211648,1076149200
2012-04-25,18.312267303466797,18.55242888525601,18.19218731419566,18.48158140300159,905777600
2012-04-26,18.243234634399414,18.45307575688214,18.076022274614424,18.440466210881247,536068400
2012-04-27,18.102127075195312,18.197592417129705,18.027077480413368,18.164270531719268,406722400
2012-04-30,17.53114891052246,17.964040121012047,17.50172932186992,17.94602763716947,506144800
2012-05-01,17.475608825683594,17.91480231105857,17.448590907104563,17.558764438248183,610999200
2012-05-02,17.5911865234375,17.633815261100136,17.377443220701593,17.41887112627166,427389200
2012-05-03,17.46630096435547,17.75389460247622,17.4206709539054,17.726876685463303,390549600
2012-05-04,16.9688663482666,17.36242976042153,16.966464684615502,17.32400474525071,529992400
2012-05-07,17.095855712890625,17.194622150775377,16.848189298509077,16.856295316136915,460118400
2012-05-08,17.056835174560547,17.156501067429872,16.77314530493056,17.098862709599178,497252000
2012-05-09,17.08684730529785,17.23094554504626,16.83678084989939,16.92233812761915,480704000
2012-05-10,17.127079010009766,17.28798733839218,17.064638934313486,17.24896108864641,333200000
2012-05-11,17.0126953125,17.245651868758276,16.94184784052039,16.961360956190536,399546000
2012-05-14,16.757829666137695,17.0367161287358,16.739217568798207,16.8884173612446,352626400
2012-05-15,16.606229782104492,16.907932084909383,16.563601036904213,16.854797259476772,476336000
2012-05-16,16.393383026123047,16.717901054818537,16.24208140318356,16.63264358751175,560896000
2012-05-17,15.914271354675293,16.436021122691482,15.914271354675293,16.370276736790114,717220000
2012-05-18,15.922067642211914,16.313229459257908,15.675903487826702,16.029539704560463,732292400
2012-05-21,16.849689483642578,16.857495693841557,16.032241877532083,16.045752440963337,631106000
2012-05-22,16.720306396484375,17.227945802366673,16.58851786341466,17.097957716038934,694870400
2012-05-23,17.128280639648438,17.19552564482734,16.608031672108236,16.73621611049054,584897600
2012-05-24,16.970975875854492,17.306601308191773,16.848192770251107,17.28768779757855,496230000
2012-05-25,16.880014419555664,16.98688689957968,16.7653373305794,16.949061480719696,328507200
2012-05-29,17.17961311340332,17.23154870836759,16.970674711016038,17.13848661213693,380508800
2012-05-30,17.386751174926758,17.411367432764894,17.00819725073974,17.08745057063766,529429600
2012-05-31,17.343524932861328,17.456699771257494,17.155298876392017,17.43388395726965,491674400
2012-06-01,16.840988159179688,17.19102358790048,16.826879580966335,17.08625296543862,520987600
2012-06-04,16.940044403076172,17.03640914174684,16.466028520545805,16.85628919872229,556995600
2012-06-05,16.896215438842773,17.00548952275981,16.761125877663613,16.849384604733547,388214400
2012-06-06,17.155303955078125,17.22705090146543,16.976383093647616,17.04452914527087,401455600
2012-06-07,17.16309928894043,17.331210962220737,17.12647471390571,17.33031154063982,379766800
2012-06-08,17.421276092529297,17.429082304234164,17.08144856215613,17.159501059720256,347516400
2012-06-11,17.146587371826172,17.666834567437853,17.13037533949904,17.643419146933724,591264800
2012-06-12,17.2963924407959,17.310201210617173,17.012402816562577,17.245359472935572,435380400
2012-06-13,17.176307678222656,17.36603431946395,17.122871457259386,17.24715516110195,293580000
2012-06-14,17.157394409179688,17.2165349836148,17.029210003741316,17.1486887781023,345573200
2012-06-15,17.235450744628906,17.25016053892393,17.097957856460308,17.141487624842235,335255200
2012-06-18,17.585182189941406,17.6485248797658,17.122573254372796,17.14028592837568,440412000
2012-06-19,17.634117126464844,17.71186820078196,17.504730270835218,17.51373571013824,361404400
2012-06-20,17.583988189697266,17.689358430432698,17.435687788497873,17.65813678704938,358943200
2012-06-21,17.341718673706055,17.6584305045315,17.33481348875807,17.57497508375543,326351200
2012-06-22,17.474708557128906,17.47741002845432,17.274174412688048,17.382847309335272,284471600
2012-06-25,17.134578704833984,17.405660489476332,17.122570386038063,17.330609298625227,304382400
2012-06-26,17.172407150268555,17.246255919078806,17.031311784285425,17.15139178702847,276536400
2012-06-27,17.246559143066406,17.31380415031431,17.169107862634892,17.26156874557111,202997200
2012-06-28,17.082950592041016,17.231550798073847,16.97968221059608,17.16160431379018,282836400
2012-06-29,17.531747817993164,17.531747817993164,17.239051006299505,17.35162620979795,421500800
2012-07-02,17.787519454956055,17.816038016150163,17.51974029786566,17.55366340537107,400092000
2012-07-03,17.99435806274414,18.01207073828256,17.83195072029605,17.858367425115617,241712800
2012-07-05,18.310474395751953,18.44256275898164,18.001567061265828,18.028884797114138,484383200
2012-07-06,18.188587188720703,18.26543884077894,18.05950174456781,18.224911959361854,418930400
2012-07-09,18.429054260253906,18.429354067562592,18.135457932926556,18.17118149684161,379405600
2012-07-10,18.258529663085938,18.608563299229772,18.17147016311396,18.551524592911345,511957600
2012-07-11,18.14505958557129,18.242023976082265,17.92861480090621,18.195792739892212,469322000
2012-07-12,17.979045867919922,18.116237316467476,17.792320500237082,18.01927293825341,428041600
2012-07-13,18.161270141601562,18.2279139215651,18.012070353129978,18.10063052243391,311427200
2012-07-16,18.21950912475586,18.360902698107314,18.162770207837,18.16577308976379,301260400
2012-07-17,18.220415115356445,18.35730680799621,18.106637443291817,18.33599163122251,293624800
2012-07-18,18.200000762939453,18.262442446327686,18.118945375180218,18.209907229718816,252700000
2012-07-19,18.441953659057617,18.472873876358744,18.192185447239435,18.350692042888785,436861600
2012-07-20,18.14115333557129,18.44555700502021,18.12314085722456,18.403228081717106,397471200
2012-07-23,18.127044677734375,18.18918653079826,17.643120608363812,17.84395454819234,487975600
2012-07-24,18.039691925048828,18.302667790376407,17.967342178515405,18.233620733537823,565132400
2012-07-25,17.260663986206055,17.43568083529219,17.11146422261362,17.2453545811648,877312800
2012-07-26,17.257965087890625,17.42367511318695,17.122274262796008,17.40446179897966,406632800
2012-07-27,17.566572189331055,17.586686529894312,17.159199877646103,17.261868627924272,403936400
2012-07-30,17.862871170043945,17.995259312773776,17.646424773322895,17.739488467189542,379142400
2012-07-31,18.335084915161133,18.36330527056677,18.093724080907002,18.109033487438555,462327600
2012-08-01,18.216503143310547,18.504396583226676,18.1021259072784,18.489686793055597,384501600
2012-08-02,18.245925903320312,18.33298382760117,18.019574658891216,18.09732733662917,332158400
2012-08-03,18.483386993408203,18.55183282485943,18.359103266852895,18.42124513013055,344920800
2012-08-06,18.68902015686035,18.75866680507806,18.470173749664067,18.531113164013533,302103200
2012-08-07,18.63979148864746,18.762572970623122,18.553632982955964,18.695627779635885,290446800
2012-08-08,18.608272552490234,18.728953796867348,18.5254167249105,18.59416237179114,244706000
2012-08-09,18.714393615722656,18.744543314163263,18.62605701195513,18.62756409434447,221642400
2012-08-10,18.743640899658203,18.745449076738407,18.653195012635788,18.653496107127324,194938800
2012-08-13,18.993879318237305,18.993879318237305,18.79037323838032,18.794595002124456,278832400
2012-08-14,19.044828414916992,19.25346113147144,19.00020846630687,19.050256166315837,340169200
2012-08-15,19.018901824951172,19.114474373935263,18.92604395692446,19.03307258835918,257342400
2012-08-16,19.185026168823242,19.197688240946587,19.008955096743914,19.0303617916676,254534000
2012-08-17,19.53986930847168,19.54228128378725,19.259484423623253,19.295361348844587,442761200
2012-08-20,20.053607940673828,20.053607940673828,19.593835228696204,19.59715209714892,613384800
2012-08-21,19.779563903808594,20.34696932450336,19.60680970216334,20.224563926920357,812719600
2012-08-22,20.165760040283203,20.169679097177546,19.539867010668228,19.73010711345394,565322800
2012-08-23,19.977638244628906,20.196820519145994,19.933016689950612,20.08255597725952,420128800
2012-08-24,19.995420455932617,20.184153500731277,19.764178358481338,19.88356791740483,437340400
2012-08-27,20.37108039855957,20.52755288628106,20.30656085693076,20.501021154930218,427008400
2012-08-28,20.34454917907715,20.38374297812991,20.22003294942687,20.349975319197426,267416800
2012-08-29,20.304454803466797,20.43108033112369,20.278225770424683,20.35812046775738,202806800
2012-08-30,20.015018463134766,20.246563277943473,19.984266580946862,20.219128264560588,302699600
2012-08-31,20.05632209777832,20.157621842025677,19.815430488011867,20.116920965669305,338321200
2012-09-04,20.34967613220215,20.354801178380704,20.034016439107155,20.072004253901593,367892000
2012-09-05,20.206775665283203,20.391287034861087,20.187780948047482,20.367771069342083,336375200
2012-09-06,20.388874053955078,20.449775651762145,20.22395959878922,20.295412385535318,391196400
2012-09-07,20.514583587646484,20.576087336337785,20.37378737317028,20.442525436298723,329666400
2012-09-10,19.980955123901367,20.600515742079107,19.961659316463418,20.514893816834785,487998000
2012-09-11,19.9161319732666,20.202847927729504,19.79282173203233,20.0524053758946,503983200
2012-09-12,20.193504333496094,20.196821203042873,19.77775083711596,20.104866630316423,712233200
2012-09-13,20.591169357299805,20.66714498458123,20.34364557468745,20.42203317775974,598360000
2012-09-14,20.841398239135742,21.01324742318235,20.73919201168585,20.801602263937614,600474000
2012-09-17,21.097671508789062,21.09827369762879,20.941801207134066,21.08470673729839,398031200
2012-09-18,21.161895751953125,21.17455782332404,20.99637748989981,21.10069305677512,373503200
2012-09-19,21.167612075805664,21.224592973395968,21.09133537791803,21.11213826008104,326874800
2012-09-20,21.06511116027832,21.10611474839398,20.911953919048855,21.078979215899157,336568400
2012-09-21,21.10702133178711,21.25716282171142,21.085012451963678,21.176967029966182,571589200
2012-09-24,20.826635360717773,20.95718156098922,20.59177521423668,20.708150651679873,639766400
2012-09-25,20.306564331054688,20.886631675602807,20.290282688056774,20.75035664229869,518789600
2012-09-26,20.054519653320312,20.280937865598656,19.934526260784125,20.161849366608244,576503200
2012-09-27,20.54112434387207,20.56675118745979,19.908900000940896,20.027687408938135,594090000
2012-09-28,20.11240005493164,20.5347871810301,20.10184726008677,20.46363551728357,535110800
2012-10-01,19.879955291748047,20.403342809494987,19.79282467196715,20.23480880529855,543594800
2012-10-02,19.93784523010254,20.089796528308547,19.61645660924983,19.95291927805961,627992400
2012-10-03,20.243547439575195,20.25591002142203,19.97763439034304,20.044866998782265,424281200
2012-10-04,20.103351593017578,20.32796153716761,20.065666495433156,20.23751408270458,370725600
2012-10-05,19.674945831298828,20.079243317773347,19.635450924786046,20.055125163561804,594006000
2012-10-08,19.240192413330078,19.52329203380509,19.17808484177794,19.50279023958184,637994000
2012-10-09,19.17024803161621,19.310139416762066,18.799415584208088,19.254665579920946,838597200
2012-10-10,19.322799682617188,19.445506130165537,19.20491718652936,19.28752494009479,510356000
2012-10-11,18.93659210205078,19.51243927971881,18.93659210205078,19.491335295383458,546081200
2012-10-12,18.985126495361328,19.156070805644088,18.852169988489212,18.98060363943879,460014800
2012-10-15,19.137392044067383,19.148547034281286,18.808466354712944,19.064733255327102,432502000
2012-10-16,19.590526580810547,19.605903331788888,19.02402614306563,19.15577833178862,549771600
2012-10-17,19.434349060058594,19.68096791656353,19.41595814962097,19.56278433872064,389037600
2012-10-18,19.073469161987305,19.357472079967298,18.99387556704156,19.283005141431385,476624400
2012-10-19,18.386072158813477,19.04723855277671,18.379438419980787,19.025532379669066,744086000
2012-10-22,19.11536979675293,19.15607066937546,18.413802231282503,18.463849910043724,546730800
2012-10-23,18.492191314697266,19.11145229201736,18.44214524200136,19.02401899172996,707145600
2012-10-24,18.596811294555664,18.88985990849701,18.41018909822444,18.735799384884015,558527200
2012-10-25,18.377025604248047,18.752683590312774,18.256731128694675,18.692384195183894,656325600
2012-10-26,18.20999526977539,18.511485721531052,17.818058970597242,18.37370365442342,1018432800
2012-10-31,17.94831085205078,18.148500052315956,17.718575747506982,17.935044982549332,510003200
2012-11-01,17.985090255737305,18.179851678014526,17.91363748096551,18.035740140497346,361298000
2012-11-02,17.389944076538086,17.997446261894577,17.328139222615718,17.965488394481493,599373600
2012-11-05,17.625713348388672,17.72068208066045,17.41406649085708,17.59254948519987,529135600
2012-11-06,17.572355270385742,17.81023124573442,17.4891452923163,17.794856101467214,374917200
2012-11-07,16.89998435974121,17.4009258761403,16.831838107101884,17.379725502701653,793648800
2012-11-08,16.28667449951172,17.02809380310426,16.212169929130766,16.97963396791227,1056146000
2012-11-09,16.568645477294922,16.80548728028836,16.16462046396041,16.367541996984205,929913600
2012-11-12,16.44053840637207,16.79398480029088,16.31393945798554,16.7833838023514,515802000
2012-11-13,16.44265365600586,16.672226490456286,16.24457810057111,16.321809758684424,532949200
2012-11-14,16.260324478149414,16.580455366469902,16.23912411055855,16.521396159798254,477170400
2012-11-15,15.919297218322754,16.33967659301652,15.828438260294485,16.280012441470603,789910800
2012-11-16,15.981695175170898,16.051960349844272,15.317507226547992,15.906584014831417,1266893600
2012-11-19,17.134103775024414,17.187710466213304,16.35119246200291,16.37632979794421,823317600
2012-11-20,16.988121032714844,17.322487555380167,16.79640699215065,17.321276059030144,642754000
2012-11-21,17.012042999267578,17.18376810337375,16.857579690721472,17.08927465354063,373002000
2012-11-23,17.308856964111328,17.324001477190457,17.03930630560328,17.17771612389808,272826400
2012-11-26,17.854923248291016,17.86915711344602,17.375787084903386,17.442115279041037,630579600
2012-11-27,17.711063385009766,17.88188111297726,17.56932156562734,17.855530666450814,533330000
2012-11-28,17.65533447265625,17.741954015723376,17.33187149082512,17.48360773475862,520864400
2012-11-29,17.84976577758789,17.99786746564655,17.725289060923625,17.875813740023556,514698800
2012-11-30,17.726205825805664,17.820700908808192,17.64746019288437,17.771938592735594,391319600
2012-12-03,17.753772735595703,18.008182171127018,17.73287482345379,17.979712809547316,364280000
2012-12-04,17.440595626831055,17.620801170103668,17.327929757961247,17.620801170103668,557068400
2012-12-05,16.31818389892578,17.24071676932979,16.317577341853106,17.23041985646402,1044638000
2012-12-06,16.574106216430664,16.757944756842495,15.707601484451445,16.01985866232033,1177212400
2012-12-07,16.150388717651367,16.815181453677745,16.051956678180012,16.760665744888943,787040800
2012-12-10,16.0465145111084,16.309705316712577,15.79695102265321,15.900531572871262,630484400
2012-12-11,16.39692497253418,16.64436783918208,16.275172018545508,16.347860180294035,592345600
2012-12-12,16.32453155517578,16.597111628367415,16.241848992282076,16.59014512344971,487144000
2012-12-13,16.04256820678711,16.283348631842347,15.924752221535105,16.08678700996699,625259600
2012-12-14,15.439860343933105,15.692451607288042,15.312354024956974,15.590082618049424,1009579200
2012-12-17,15.713648796081543,15.74908464373163,15.180603585894326,15.413810865351234,757607200
2012-12-18,16.170074462890625,16.200360247650025,15.756659914052795,15.900522244114239,625685200
2012-12-19,15.940205574035645,16.164025141513726,15.915673170205906,16.096485413530964,449369200
2012-12-20,15.801492691040039,16.058021042966818,15.71517557595859,16.051963559672895,481689600
2012-12-21,15.728792190551758,15.739089095344347,15.453485047285612,15.521024720003075,596268400
2012-12-24,15.754237174987793,15.877806543159773,15.710018375743255,15.759689716221727,175753200
2012-12-26,15.537084579467773,15.732737192973707,15.48014586946508,15.7188041764416,302436400
2012-12-27,15.599472045898438,15.635512839841407,15.284489546604028,15.553435196548973,455120400
2012-12-28,15.43380355834961,15.581906934173293,15.38928228995213,15.45500554876393,354278400
2012-12-31,16.117679595947266,16.215506703824303,15.41593698094027,15.462274690079692,659492400
2013-01-02,16.628307342529297,16.809119453379594,16.404187086938006,16.77338113561854,560518000
2013-01-03,16.418418884277344,16.64768918134893,16.385103562334535,16.593475963620275,352965200
2013-01-04,15.961091041564941,16.313325749741818,15.92565519505588,16.263049484585654,594333600
2013-01-07,15.867209434509277,16.030756580190193,15.603714654265545,15.809664169833571,484156400
2013-01-08,15.909910202026367,16.109197266037164,15.78694739203704,16.02802864511815,458707200
2013-01-09,15.661252975463867,15.900820193544131,15.627633564158844,15.824800048635554,407604400
2013-01-10,15.855396270751953,16.013188381948567,15.613404371330855,16.008039927862228,601146000
2013-01-11,15.758172988891602,15.910211680243867,15.719405120190142,15.779373358345458,350506800
2013-01-14,15.196357727050781,15.370505853399035,15.09822815476895,15.224522991146245,734207600
2013-01-15,14.7169189453125,15.11276601587448,14.639989747735587,15.091868111442409,876772400
2013-01-16,15.327800750732422,15.429262340085158,14.916205852182598,14.981018469918922,690804800
2013-01-17,15.224518775939941,15.468933612474798,15.204833990484312,15.455607158294935,453678400
2013-01-18,15.143354415893555,15.210590020142332,15.034321389363392,15.098529062242998,472922800
2013-01-22,15.287826538085938,15.382017554888419,15.041292675860044,15.281466586201828,461546400
2013-01-23,15.567670822143555,15.597351666543528,15.287821705311876,15.410179571051644,861509600
2013-01-24,13.64416217803955,14.105428356738706,13.636589115012745,13.931885196065473,1460852400
2013-01-25,13.32252025604248,13.817707654570897,13.174720938630939,13.68020686471538,1208026400
2013-01-28,13.623870849609375,13.726239846486322,13.20076593499442,13.260430906352767,785517600
2013-01-29,13.879491806030273,13.93794609733882,13.69322870052301,13.886458314031765,571158000
2013-01-30,13.83587646484375,14.010631125340577,13.765308843957646,13.841024918526717,417155200
2013-01-31,13.795291900634766,13.910078315108978,13.779846539873073,13.8404197218989,319334400
2013-02-01,13.73866081237793,13.916140997582618,13.579050604080644,13.904935059855022,539484400
2013-02-04,13.3964204788208,13.808925291984002,13.386728507764728,13.747443063710902,477117200
2013-02-05,13.866470336914062,13.92401560538537,13.39339152105126,13.448816266517088,573347600
2013-02-06,13.851624488830566,14.128746490199235,13.707155626021319,13.824971579290716,593706400
2013-02-07,14.2634916305542,14.317714972363586,13.833959270312711,14.112089595926001,704580800
2013-02-08,14.469423294067383,14.58609727386859,14.264404749653957,14.439569462520954,633158400
2013-02-11,14.620210647583008,14.772832822582995,14.416718210376034,14.515722270000696,517490400
2013-02-12,14.253742218017578,14.694850025754501,14.248867990733526,14.607419794030536,609053200
2013-02-13,14.2266263961792,14.428597667848068,14.111171011583464,14.232719178854156,475207600
2013-02-14,14.213835716247559,14.367674854500095,14.135545474060264,14.150776620882038,355275200
2013-02-15,14.017956733703613,14.322589421886681,14.010645393003708,14.282681280505125,391745200
2013-02-19,14.012777328491211,14.096247658751002,13.825734547348501,14.046592687600278,435783600
2013-02-20,13.673421859741211,13.942716486460542,13.671897443095775,13.942716486460542,476302400
2013-02-21,13.588428497314453,13.683170095492365,13.489727808585213,13.586600661590428,447182400
2013-02-22,13.733126640319824,13.757191919154222,13.604876372394257,13.685604547651304,330654800
2013-02-25,13.489114761352539,13.864421287848153,13.482107653395998,13.82573333168225,372579200
2013-02-26,13.67707347869873,13.755363719974714,13.332534269060282,13.520187136761038,501499600
2013-02-27,13.543033599853516,13.78277934542184,13.42361829592806,13.660621068711393,587350400
2013-02-28,13.446464538574219,13.643560780338843,13.446464538574219,13.527191879347743,322515200
2013-03-01,13.113504409790039,13.348375954945704,13.09857749511937,13.342891635669973,552448400
2013-03-04,12.796077728271484,13.044352586405212,12.764091017575458,13.032167017862754,582755600
2013-03-05,13.133912086486816,13.257288102205889,12.817399719343706,12.839637971839126,638433600
2013-03-06,12.966973304748535,13.259116152221974,12.929503095572205,13.236572854848731,460250000
2013-03-07,13.116856575012207,13.160419580747803,12.826846518566601,12.931639979509743,468473600
2013-03-08,13.15158462524414,13.26460293906428,13.056843852833174,13.093095516587669,391482000
2013-03-11,13.338933944702148,13.37366282065405,12.95113670452697,13.09157255755235,474236000
2013-03-12,13.051360130310059,13.369701224565132,13.025161968893046,13.2697819933245,465911600
2013-03-13,13.048922538757324,13.236271192158242,12.95783825561703,13.0519697445288,405549200
2013-03-14,13.175345420837402,13.240535774215342,13.11289478682778,13.18539729501623,303875600
2013-03-15,13.515316009521484,13.53268004024558,13.320045908550842,13.34076137779191,643960800
2013-03-18,13.882696151733398,13.935700916042746,13.440369929351892,13.44798550030745,606197200
2013-03-19,13.845232009887695,14.042633345533376,13.662755962520032,13.997850973052369,526775200
2013-03-20,13.771814346313477,13.94088626766137,13.695961213570419,13.934489250718471,308660800
2013-03-21,13.791614532470703,13.951546452597396,13.711497269626475,13.71515294004197,383255600
2013-03-22,14.071267127990723,14.077054052427112,13.803191147970935,13.847971888795113,395105200
2013-03-25,14.122146606445312,14.316198192072735,14.067313155944067,14.155960350666115,501135600
2013-03-26,14.047811508178711,14.190987872588808,14.029228922708658,14.178802303934395,294294000
2013-03-27,13.771814346313477,13.915600805472526,13.7306892714705,13.905243885366094,331237200
2013-03-28,13.484848976135254,13.763891943587346,13.453167316435758,13.702965737507986,442839600
2013-04-01,13.06597900390625,13.516530144291927,13.030337443086353,13.461695910050038,389732000
2013-04-02,13.09278392791748,13.347151471758773,12.989513308175608,13.0260699996378,529519200
2013-04-03,13.159808158874512,13.320958644227426,13.108629583839033,13.140920527407472,363216000
2013-04-04,13.029728889465332,13.251501338932473,12.954485043214879,13.213727706304162,358447600
2013-04-05,12.892038345336914,12.945348992895626,12.784806958275077,12.93163982017671,383695200
2013-04-08,12.983731269836426,13.023028510220092,12.870408730395566,12.942301148120379,300829200
2013-04-09,13.007186889648438,13.053490421325046,12.878327354619952,12.98830007262747,306614000
2013-04-10,13.272522926330566,13.314258094553587,12.977638656221984,13.041307035780859,375928000
2013-04-11,13.231090545654297,13.342585225302988,13.135739707978335,13.212507150014524,328364400
2013-04-12,13.09309196472168,13.225606340993783,13.071462990726733,13.225606340993783,238613200
2013-04-15,12.789983749389648,13.0349079600257,12.780844573836424,13.007795479279016,317520000
2013-04-16,12.984642028808594,12.995912457010625,12.811915293829536,12.842378394929348,305771200
2013-04-17,12.270586967468262,12.812833419038824,12.127714826369234,12.802779917525223,945056000
2013-04-18,11.943109512329102,12.361674102456307,11.872739062047742,12.337303774625594,666299200
2013-04-19,11.896803855895996,12.173105539088168,11.731387599604108,11.818817839221774,609274400
2013-04-22,12.144774436950684,12.252310872599937,11.919347898375735,11.961081442212201,429920400
2013-04-23,12.372030258178711,12.440572050658032,12.149038411150894,12.306838277014721,664238400
2013-04-24,12.351619720458984,12.649854626343458,11.956816207742035,11.988498689158812,969651200
2013-04-25,12.440572738647461,12.609948091055651,12.398533336425475,12.527392889559856,384837600
2013-04-26,12.709259033203125,12.75708617805558,12.43661298948857,12.48413590180127,764097600
2013-04-29,13.102839469909668,13.209460729616096,12.79455116477127,12.808259519481451,640326400
2013-04-30,13.488505363464355,13.563750025563895,13.162244508600754,13.254548152418016,691538400
2013-05-01,13.382186889648438,13.553999302140157,13.232917774147825,13.539681668887154,506909200
2013-05-02,13.571977615356445,13.6654982023226,13.423011872757687,13.45804416548764,421828400
2013-05-03,13.707839965820312,13.80684566080314,13.682554508398193,13.748354941124845,361300800
2013-05-06,14.034711837768555,14.080101042825044,13.839746012629314,13.882393871740781,496641600
2013-05-07,13.972265243530273,14.188249201184712,13.8211674175535,14.164488151284948,483753200
2013-05-08,14.130061149597168,14.176670541301199,13.885441968549499,13.983837584810443,472598000
2013-05-09,14.00678825378418,14.197830213614157,13.970297460935829,14.100009930532527,398487600
2013-05-10,13.890262603759766,14.09694441386635,13.813907395411304,14.043587150585608,334852000
2013-05-13,13.944534301757812,14.041435817790877,13.845181179006792,13.845487425136557,316948800
2013-05-14,13.610905647277832,13.958644943637534,13.558467943916472,13.917247661807135,447118000
2013-05-15,13.150625228881836,13.52320404825286,12.951611043251669,13.46678104881641,741613600
2013-05-16,13.326333045959473,13.426607375608578,12.845508550262023,12.978593799394709,603204000
2013-05-17,13.285855293273926,13.495296554619493,13.216859833613684,13.463405192556978,427904400
2013-05-20,13.582389831542969,13.670397968147823,13.188959176075905,13.244462628131533,451578400
2013-05-21,13.4821138381958,13.660583335379815,13.31468394460261,13.435810062505693,456022000
2013-05-22,13.533940315246582,13.748595225744607,13.437959121674567,13.616735722235793,443038400
2013-05-23,13.558159828186035,13.681432918048538,13.363438033415783,13.368344522824042,353021200
2013-05-24,13.650463104248047,13.666102132098107,13.503578740942555,13.518604457527118,276166800
2013-05-28,13.536699295043945,13.833228405886016,13.518607836450155,13.79612511215008,386145200
2013-05-29,13.644330978393555,13.72252694213937,13.474140774690555,13.492540113986113,330576400
2013-05-30,13.847640037536621,13.937181856678485,13.630838979605217,13.665796907606575,353519600
2013-05-31,13.790909767150879,14.016909659784417,13.783856277748178,13.875849697812699,384302800
2013-06-03,13.821270942687988,13.871560844554438,13.568592353918769,13.821577188996736,372352400
2013-06-04,13.778030395507812,13.93503482489216,13.719154143908808,13.897929897839264,292728800
2013-06-05,13.649237632751465,13.821267772449493,13.606306659386584,13.665796219476077,290589600
2013-06-06,13.445317268371582,13.707195491242132,13.31008579619048,13.6602783997401,416934000
2013-06-07,13.548042297363281,13.591892823673026,13.270831343011864,13.385211844545008,404535600
2013-06-10,13.458499908447266,13.770974199178053,13.39441093241723,13.637582692275862,450153200
2013-06-11,13.4189453125,13.577176375561328,13.287699950565,13.361909809822093,286112400
2013-06-12,13.25304889678955,13.530873220278265,13.231890063582123,13.47720970274413,265227200
2013-06-13,13.368654251098633,13.404838801069456,13.147560837011238,13.262554665369521,285832400
2013-06-14,13.187422752380371,13.378771758629888,13.139891542297628,13.35147981878704,271866000
2013-06-17,13.247220039367676,13.360680171198004,13.196930151400618,13.230048142133125,259414400
2013-06-18,13.240163803100586,13.336144946782229,13.192327173170531,13.233724445726914,195025600
2013-06-19,12.971237182617188,13.23679441676555,12.971237182617188,13.228821370106646,310940000
2013-06-20,12.782343864440918,13.062619804494624,12.73113359083491,12.857779528910912,357310800
2013-06-21,12.679920196533203,12.879242271017139,12.514330242903618,12.832937678173526,481118400
2013-06-24,12.343832969665527,12.531502117064228,12.206147460641757,12.492864327339786,480746000
2013-06-25,12.346593856811523,12.504824071747633,12.23006717094436,12.440735090534824,314162800
2013-06-26,12.206762313842773,12.412829992020251,12.13285953245473,12.385538049329554,367724000
2013-06-27,12.075211524963379,12.308571192875787,12.067852606919361,12.242949328844668,337246000
2013-06-28,12.159539222717285,12.274225167337113,11.924645893765996,12.001001926936691,578516400
2013-07-01,12.548675537109375,12.642204285383865,12.30335674037498,12.348434713088045,391053600
2013-07-02,12.832937240600586,12.929225471894002,12.556341228587737,12.5713669452177,469865200
2013-07-03,12.903775215148926,12.97062533352333,12.801048429865457,12.905615149200706,240928800
2013-07-05,12.800128936767578,12.980132145807715,12.736653254701306,12.891204450355486,274024800
2013-07-08,12.727452278137207,12.909908725769986,12.592527052217356,12.882617598089482,298138400
2013-07-09,12.951305389404297,12.986569560954958,12.584247173541925,12.682987836492003,352584400
2013-07-10,12.901626586914062,13.026433383899795,12.825578445563865,12.866975728241291,281405600
2013-07-11,13.102788925170898,13.132227867034482,12.915120583831593,12.96970365085664,326292400
2013-07-12,13.078873634338379,13.179454252491297,12.983812819063912,13.113831567061544,279563200
2013-07-15,13.107386589050293,13.230659685018127,13.026431966324616,13.03287214341193,241917200
2013-07-16,13.192023277282715,13.207661485450565,13.007113625473325,13.079175648188356,216538000
2013-07-17,13.195396423339844,13.253967241780916,13.131307441000573,13.176691657361717,198990400
2013-07-18,13.239860534667969,13.335227569834965,13.204596365412547,13.289537109140142,218878800
2013-07-19,13.03103256225586,13.30793561929824,13.012633225565953,13.28095074432646,268721600
2013-07-22,13.072736740112305,13.178223819211672,13.046978486301098,13.16933121545449,207796400
2013-07-23,12.848268508911133,13.0926668632853,12.839682152726848,13.063228746636316,369395600
2013-07-24,13.508182525634766,13.633294788813886,13.3471919512649,13.459731738863805,591936800
2013-07-25,13.446541786193848,13.535470283161807,13.364053467017044,13.514005207431689,229493600
2013-07-26,13.522897720336914,13.524430589090096,13.318976226914536,13.348414349000924,200152400
2013-07-29,13.73142147064209,13.798884086497685,13.49867511840416,13.517073641437362,248057600
2013-07-30,13.900997161865234,14.0184434178676,13.775577039580007,13.797962494133396,309422400
2013-07-31,13.876768112182617,14.024265774879273,13.781707330204156,13.952204572925371,322957600
2013-08-01,14.004027366638184,14.007707233946219,13.899153604879393,13.975510442101099,206250800
2013-08-02,14.183724403381348,14.193231137313246,14.003415806326725,14.044813088037413,274783600
2013-08-05,14.395621299743652,14.433032473825316,14.171768385453312,14.249656471573251,318855600
2013-08-06,14.266828536987305,14.470442985943986,14.172380229644569,14.351770109274476,334857600
2013-08-07,14.258545875549316,14.320489490098497,14.160111471570547,14.222361332310523,298858000
2013-08-08,14.230147361755371,14.325527527356414,14.135692000815698,14.318119199106512,255777200
2013-08-09,14.02765941619873,14.213172634187432,14.002966631800518,14.156993623605507,266865200
2013-08-12,14.42616081237793,14.465978532570665,14.094953672669243,14.102053735634803,364434000
2013-08-13,15.111722946166992,15.268837576778338,14.447455845153804,14.53666407778415,881941200
2013-08-14,15.387361526489258,15.564848171686236,15.229938689353249,15.368224171483112,756372400
2013-08-15,15.369154930114746,15.507750382617283,15.096596292178354,15.323163606645323,490294000
2013-08-16,15.505587577819824,15.524416669954183,15.398478364692716,15.438296075375023,362306000
2013-08-19,15.67258358001709,15.857786915869653,15.557139557392944,15.567633869088294,510518400
2013-08-20,15.466695785522461,15.759936414692138,15.45897918714856,15.733390722828231,358688400
2013-08-21,15.506525039672852,15.654378521764153,15.47071808812301,15.544491519169393,335879600
2013-08-22,15.525032997131348,15.606214704253007,15.378104426809973,15.587385612372579,244207600
2013-08-23,15.465152740478516,15.537073217440243,15.41360434691032,15.534603774089902,222731600
2013-08-26,15.525347709655762,15.748519169740112,15.449104865278855,15.456821465376764,330965600
2013-08-27,15.081469535827637,15.511144400010137,15.010783786514267,15.371930779268874,424188800
2013-08-28,15.152772903442383,15.304023817472242,15.001523637905882,15.001523637905882,307608000
2013-08-29,15.177474021911621,15.325637373171569,15.159879644555678,15.175931031449224,239657600
2013-08-30,15.039179801940918,15.216048279008628,15.016954817479716,15.186724883103283,272297200
2013-09-03,15.081162452697754,15.452187247175663,15.043195997781169,15.220682704179024,331928800
2013-09-04,15.393228530883789,15.502808828348558,15.318838620643612,15.420084135806066,345032800
2013-09-05,15.287666320800781,15.454660387901317,15.237352642535262,15.441386716088664,236367600
2013-09-06,15.378724098205566,15.414529378819283,15.123451569955318,15.385515891765811,359525600
2013-09-09,15.624115943908691,15.6781337715654,15.541082986107154,15.58800075322561,340687200
2013-09-10,15.268220901489258,15.66363191897278,15.109563265153849,15.62504727332145,743195600
2013-09-11,14.436962127685547,14.621547242603237,14.347445633291766,14.415353674801423,898696400
2013-09-12,14.590682983398438,14.674332501632206,14.384487736956604,14.461348757937811,404051200
2013-09-13,14.3502197265625,14.564129838532924,14.344047768430109,14.48727049666203,298835600
2013-09-16,13.894001960754395,14.248667033566967,13.804487130668658,14.229839592554661,543706800
2013-09-17,14.054518699645996,14.190026550713876,13.813136324730051,13.82733480310924,399380800
2013-09-18,14.343432426452637,14.394980815622715,14.219345381425473,14.297131191830953,456862000
2013-09-19,14.578640937805176,14.687603054395172,14.484495479872187,14.529253724108548,404541200
2013-09-20,14.427700996398926,14.771561907935999,14.384177470521005,14.754585721681515,699302800
2013-09-23,15.144752502441406,15.33829062512881,14.896578348304816,15.313287919007161,762106800
2013-09-24,15.097217559814453,15.293841676336942,15.057708105186958,15.275630763612366,364344400
2013-09-25,14.863544464111328,15.113878038908185,14.860458484946726,15.100297752392166,316957200
2013-09-26,15.008317947387695,15.080546703885867,14.936705727576284,15.001527801364281,237221600
2013-09-27,14.901209831237793,14.960474836834234,14.838548928127274,14.933002685342908,228040400
2013-09-30,14.716010093688965,14.867567718136256,14.643779665539446,14.731443297731685,260156400
2013-10-01,15.062029838562012,15.098453314997638,14.766319675630342,14.768480851353678,353883600
2013-10-02,15.11141300201416,15.180555770090338,14.932075029140513,14.990105301696545,289184000
2013-10-03,14.921574592590332,15.197529045471596,14.839159827077326,15.140731863190021,322753200
2013-10-04,14.90985107421875,14.95831184465445,14.77310851859602,14.93547031541143,258868400
2013-10-07,15.055546760559082,15.206796079262682,14.981465091532149,15.01881501865877,312292400
2013-10-08,14.84533405303955,15.144746575641053,14.832986838985082,15.123138126799132,290917200
2013-10-09,15.019737243652344,15.056777247556074,14.76322998265166,14.959545794876835,301725200
2013-10-10,15.11388111114502,15.19845706906342,15.033625854633971,15.165739418994098,278602800
2013-10-11,15.2117280960083,15.243520935713164,14.9755929856773,15.032080253401393,267738800
2013-10-14,15.311434745788574,15.35897071342832,15.104932871106648,15.119749533512877,261898000
2013-10-15,15.39292049407959,15.495400732290943,15.295380790467847,15.356805301550967,320073600
2013-10-16,15.467934608459473,15.511766415459137,15.409904322626906,15.458056832403887,251101200
2013-10-17,15.5725679397583,15.581210990213796,15.423788121007716,15.433047707963373,253593200
2013-10-18,15.70807933807373,15.719500102383474,15.609921429577865,15.618564482013774,290542000
2013-10-21,16.092992782592773,16.183742342164454,15.789257880665755,15.796974478092732,398106800
2013-10-22,16.04701042175293,16.31185259480226,15.681540850412347,16.248883403754636,534063600
2013-10-23,16.20411491394043,16.22603163385051,16.020144697675292,16.020144697675292,313723200
2013-10-24,16.418643951416016,16.435930054068063,16.126639706978846,16.20535032526298,384764800
2013-10-25,16.2349853515625,16.45938984738518,16.20874792654385,16.400433120295016,337792000
2013-10-28,16.355981826782227,16.39055402946764,16.150096545932072,16.330052674768165,550440800
2013-10-29,15.948532104492188,16.64520848215821,15.882476975099697,16.553224200526778,635807200
2013-10-30,16.202266693115234,16.28313849807228,15.959031444605065,16.038978444584718,354163600
2013-10-31,16.134355545043945,16.282210582079113,16.0902154811395,16.20535121774236,275696400
2013-11-01,16.051942825317383,16.199179696231095,15.92260859691031,16.1751034444991,274890000
2013-11-04,16.25937271118164,16.261533886741496,16.014286171127825,16.084971942928806,244627600
2013-11-05,16.2192440032959,16.32542843668097,16.14361934862153,16.19239003872597,265213200
2013-11-06,16.17328643798828,16.29561406948839,16.08883684666423,16.2735693949944,223375600
2013-11-07,15.911561012268066,16.24377000467085,15.908146946517329,16.131689492567382,262620400
2013-11-08,16.162111282348633,16.179808374723848,15.914662057143435,15.976446846432784,279316800
2013-11-11,16.115232467651367,16.19657642990897,15.971171842903825,16.144417005946774,227452400
2013-11-12,16.145038604736328,16.26643441044874,16.051585406455185,16.072386498920487,204276800
2013-11-13,16.164289474487305,16.214586836636794,16.050343581202114,16.082633778027432,197220800
2013-11-14,16.39807891845703,16.43285132140266,16.202789038426047,16.231973582045615,282419200
2013-11-15,16.299654006958008,16.426947732751554,16.28413070539647,16.34901949874289,317920400
2013-11-18,16.102191925048828,16.367960092392032,16.08884241502418,16.29965556923277,244944000
2013-11-19,16.130756378173828,16.249668328787116,16.08170094961782,16.114611280730873,208938800
2013-11-20,15.989493370056152,16.157772514321636,15.96869227175083,16.12082465672598,193916800
2013-11-21,16.180124282836914,16.182298076191927,15.948199931843494,16.070215897987918,262026800
2013-11-22,16.138513565063477,16.211785790454307,16.099083523882353,16.129820053460758,223725600
2013-11-25,16.260852813720703,16.326983572974925,16.175783019484115,16.1764031559824,229311600
2013-11-26,16.560762405395508,16.645833809920163,16.26891704792495,16.272641181058745,401382800
2013-11-27,16.95072364807129,16.951965578736377,16.560765709825876,16.65111492212217,363448400
2013-11-29,17.264616012573242,17.33478261043942,17.008163124632883,17.060012488133967,318127600
2013-12-02,17.114341735839844,17.52106317066423,17.101612363563053,17.324533070562737,472544800
2013-12-03,17.582857131958008,17.58472085761884,17.314606653835522,17.33385575632362,450968000
2013-12-04,17.5418701171875,17.67195945811731,17.4120908444074,17.557393422094517,377809600
2013-12-05,17.631906509399414,17.85669098088204,17.585646665707827,17.779382871190776,447580000
2013-12-06,17.387250900268555,17.596201996706874,17.37328125341541,17.56639566177131,344352400
2013-12-09,17.58626365661621,17.684062775316445,17.414570507112074,17.414570507112074,320493600
2013-12-10,17.558942794799805,17.631284833733208,17.42388575120028,17.497779788768575,278269600
2013-12-11,17.428850173950195,17.72721853878886,17.377002485779762,17.603959029513685,359718800
2013-12-12,17.403396606445312,17.552424970093657,17.387563234046304,17.45307383307368,262290000
2013-12-13,17.21369171142578,17.476044106392127,17.190096693126474,17.47511224410933,332822000
2013-12-16,17.30900764465332,17.468593212160663,17.231701208849955,17.232011276917113,282592800
2013-12-17,17.231075286865234,17.369236278517693,17.18108801530666,17.256534024633847,229902400
2013-12-18,17.100067138671875,17.12117996622438,16.728427982320223,17.066846727141645,565863200
2013-12-19,16.904150009155273,17.07615323993119,16.88148519181982,17.060629937575897,320308800
2013-12-20,17.045734405517578,17.126148198669554,16.915334959472446,16.93427399375048,436413600
2013-12-23,17.699899673461914,17.719458836022046,17.47232128921807,17.63500921679943,501306400
2013-12-24,17.624759674072266,17.755469091416078,17.573840537991952,17.6936843101264,167554800
2013-12-26,17.507720947265625,17.681587962194083,17.491575845085933,17.638120379402597,204008000
2013-12-27,17.389421463012695,17.52354662907012,17.371104233325017,17.50522939938244,225884400
2013-12-30,17.21648597717285,17.389421049324394,17.148181465377476,17.307767029725344,253629600
2013-12-31,17.418292999267578,17.426364716395856,17.20033839750903,17.20561784437354,223084400
2014-01-02,17.173336029052734,17.294421793694458,17.138873693277617,17.252507873191984,234684800
2014-01-03,16.796106338500977,17.191030315728433,16.779029378431677,17.16495143156784,392467600
2014-01-06,16.8876895904541,16.976795175344197,16.56696818221489,16.686501884269767,412610800
2014-01-07,16.766921997070312,16.950722751425502,16.701101333420812,16.899805254968708,317209200
2014-01-08,16.873109817504883,16.93830870704854,16.725013278289662,16.728737413126392,258529600
2014-01-09,16.657638549804688,16.978670240478973,16.621312483862017,16.97680651498511,279148800
2014-01-10,16.546483993530273,16.790517560751177,16.489666910368108,16.760401157276178,304976000
2014-01-13,16.633106231689453,16.843297588601295,16.45147761933773,16.45240948178071,378492800
2014-01-14,16.964078903198242,16.974634487334697,16.69303285914392,16.710419892642957,332561600
2014-01-15,17.30466079711914,17.392836191764133,17.12768987172781,17.185438802576954,391638800
2014-01-16,17.208110809326172,17.288834655789813,17.128317167403367,17.228291770942082,229278000
2014-01-17,16.78648567199707,17.140427697358707,16.762578916063106,17.122110459683405,426739600
2014-01-21,17.047279357910156,17.078325960671624,16.77871729018589,16.79641438435771,328526800
2014-01-22,17.123037338256836,17.30249050245023,17.008161247554124,17.104408379681686,379985200
2014-01-23,17.268033981323242,17.277969429238755,16.915023802698858,17.074297721327135,403239200
2014-01-24,16.95413589477539,17.250638904192265,16.913152191232943,17.200341551631006,429354800
2014-01-27,17.091684341430664,17.225189445337097,16.944209585524483,17.07833482591138,554878800
2014-01-28,15.725584983825684,15.989487736932679,15.588042433196886,15.79575156548183,1065523200
2014-01-29,15.5470609664917,15.752596313664714,15.480930241713741,15.646413745820498,502810000
2014-01-30,15.516939163208008,15.725580092948565,15.421313866704251,15.602630677544747,678501600
2014-01-31,15.542401313781738,15.571275778921644,15.323516485816397,15.374123902293658,464797200
2014-02-03,15.571282386779785,15.763778350027788,15.502047644414436,15.604814519335273,401464000
2014-02-04,15.796686172485352,15.81748892737851,15.609469669039505,15.705406748217191,376681200
2014-02-05,15.914665222167969,15.998182979417207,15.717823374323345,15.727448750662598,328344800
2014-02-06,16.007429122924805,16.038351312620534,15.86063129002144,15.930907629112543,257765200
2014-02-07,16.231380462646484,16.33288929857846,16.159544466783423,16.284477648833104,370280400
2014-02-10,16.52215576171875,16.61585643582112,16.17890077153098,16.19951445278133,345559200
2014-02-11,16.73985481262207,16.79576096112984,16.538084925529432,16.57275521126562,282256800
2014-02-12,16.738603591918945,16.852294104724493,16.65489949815013,16.77077514801626,308100800
2014-02-13,17.004398345947266,17.017515838184046,16.684879654386762,16.699246511029102,307398000
2014-02-14,16.99065399169922,17.052810289065697,16.903827333973936,16.94317981143066,272924400
2014-02-18,17.053123474121094,17.215535857804177,17.041253677143793,17.05343539824065,260251600
2014-02-19,16.783893585205078,17.08123571041305,16.689569052806753,17.01439553325854,313768000
2014-02-20,16.589622497558594,16.772338341575768,16.522470392386523,16.647091608778556,305858000
2014-02-21,16.405349731445312,16.696445127373796,16.385047965594943,16.640849214483087,278784800
2014-02-24,16.477182388305664,16.551206838440716,16.316956767904276,16.339757259339134,288909600
2014-02-25,16.305709838867188,16.540271795549184,16.272602509832236,16.53433856452453,231952000
2014-02-26,16.158605575561523,16.397541223911205,16.103947104815152,16.354127038788043,276217200
2014-02-27,16.480932235717773,16.515600859349437,16.117999252183466,16.15204402741067,301882000
2014-02-28,16.436264038085938,16.639593523166553,16.30758116274012,16.524965581422787,371968800
2014-03-03,16.48374366760254,16.574008197421023,16.329137678851275,16.348190076744366,238781200
2014-03-04,16.59243392944336,16.63616169832524,16.484054449934252,16.584939408536005,259140000
2014-03-05,16.627410888671875,16.702057494305098,16.526525961959557,16.582435437225236,200062800
2014-03-06,16.57712745666504,16.692379261643072,16.49435913288859,16.640843386363,185488800
2014-03-07,16.56744384765625,16.615543546475212,16.430329014024075,16.58774560359763,220729600
2014-03-10,16.582439422607422,16.65771156256815,16.5018562315091,16.502481747896226,178584000
2014-03-11,16.743911743164062,16.826680058409973,16.6345948486063,16.723923578682165,279224400
2014-03-12,16.760150909423828,16.783263315711793,16.616165422214152,16.6945617835831,199326400
2014-03-13,16.57400131225586,16.85541355253499,16.527462905637396,16.786076330803223,257742800
2014-03-14,16.38785171508789,16.581498200023045,16.335066484272907,16.515907400651685,237199200
2014-03-17,16.451881408691406,16.552764679945568,16.424083463660807,16.481866158758617,199544800
2014-03-18,16.597423553466797,16.61522657681048,16.40377710110902,16.42564014120699,209647200
2014-03-19,16.593053817749023,16.74859551561889,16.522465563089867,16.624287927784767,224756000
2014-03-20,16.513092041015625,16.637089341843094,16.470927254027764,16.550259371645563,208398400
2014-03-21,16.643341064453125,16.670827085272226,16.439075793336134,16.613981830781743,374046400
2014-03-24,16.84073829650879,16.881653737901424,16.711743481016246,16.81668844392617,355700800
2014-03-25,17.02189064025879,17.04562856795385,16.853229753249376,16.912887330651806,282293200
2014-03-26,16.859161376953125,17.147134026735824,16.830427664421588,17.069675103664483,299768000
2014-03-27,16.786697387695312,16.912881502336194,16.71361208493793,16.866655027491614,222031600
2014-03-28,16.767955780029297,16.832921045170004,16.686436857578492,16.81355673564633,200564000
2014-03-31,16.76421356201172,16.891333471974683,16.738912681612838,16.84198441167663,168669200
2014-04-01,16.91756820678711,16.924440544979625,16.7651490867193,16.796069604455873,200760000
2014-04-02,16.9456844329834,16.97473174905377,16.874160379590638,16.940375049323585,180420800
2014-04-03,16.828245162963867,16.94412081909781,16.79232717909313,16.90945219991937,162344000
2014-04-04,16.61054039001465,16.866029527945404,16.571811768284928,16.860096299093108,275251200
2014-04-07,16.34974479675293,16.581809648747583,16.30039740463216,16.49185707928785,289850400
2014-04-08,16.348812103271484,16.43251786644579,16.20076489489925,16.403470555459432,243888400
2014-04-09,16.563692092895508,16.569001473790873,16.30445485680621,16.32381916808937,206169600
2014-04-10,16.350059509277344,16.623663661591312,16.340376517427327,16.57493844627162,239652000
2014-04-11,16.229185104370117,16.329756436070728,16.152038104035864,16.210131046319994,271717600
2014-04-14,16.293840408325195,16.308831114808978,16.154226839616374,16.30071107929512,205674000
2014-04-15,16.177650451660156,16.292588648484877,15.970572874865567,16.249799999819338,266490000
2014-04-16,16.2104549407959,16.275420262559837,16.058347648158936,16.180470176269015,214765600
2014-04-17,16.395658493041992,16.483737854234676,16.216378861543838,16.24136615096635,284334400
2014-04-21,16.590248107910156,16.62054311861713,16.36505386055328,16.408156111223267,182548800
2014-04-22,16.606800079345703,16.61086009743487,16.444386011430318,16.500917676615188,202563200
2014-04-23,16.389728546142578,16.588998049097814,16.38035747671018,16.524344675797757,394940000
2014-04-24,17.733386993408203,17.803037815964043,17.513503836972408,17.74713000344359,759911600
2014-04-25,17.863630294799805,17.86518991535556,17.614387917599288,17.632189276498806,390275200
2014-04-28,18.555448532104492,18.607296321303746,17.882679973015733,17.8904897516417,669485600
2014-04-29,18.500476837158203,18.614479257060204,18.412399146352946,18.544516516582487,337377600
2014-04-30,18.430513381958008,18.72223412873762,18.421455907145482,18.51015911075148,456640800
2014-05-01,18.47393226623535,18.5776261916174,18.314016934032715,18.490172337940002,244048000
2014-05-02,18.508285522460938,18.558885617787393,18.418646540336383,18.50079100364433,191514400
2014-05-05,18.770023345947266,18.77127437858751,18.427705786662596,18.43207939677289,287067200
2014-05-06,18.565446853637695,18.8777796744655,18.565446853637695,18.796260716487048,374564400
2014-05-07,18.500476837158203,18.655394691368144,18.35680326288914,18.591678773079803,282864400
2014-05-08,18.46750259399414,18.669141417756695,18.4175642262683,18.47566798342345,230297200
2014-05-09,18.390548706054688,18.412847526437922,18.22691219926164,18.359140144923646,291597600
2014-05-12,18.6195125579834,18.645580406952167,18.44896699824468,18.451795026901866,213208800
2014-05-13,18.64872169494629,18.673219536792036,18.552615680129854,18.593444298299477,159737200
2014-05-14,18.652175903320312,18.76304603342757,18.585277761181853,18.606949250197946,166404000
2014-05-15,18.493560791015625,18.737913464537442,18.46906295816084,18.67823972940278,230846000
2014-05-16,18.766504287719727,18.76713162039322,18.386154500614147,18.48760123883004,276256400
2014-05-19,18.988872528076172,19.074929490249847,18.76085051277841,18.777182968497833,317755200
2014-05-20,18.99264907836914,19.045727483778823,18.86764544151061,18.98636736214302,234836000
2014-05-21,19.042888641357422,19.055136721944727,18.909406033160078,18.96499708860029,196859600
2014-05-22,19.073040008544922,19.15407325954619,18.973478641407034,19.051997530097168,200760000
2014-05-23,19.28850555419922,19.307350698177846,19.047921753500134,19.072419601992152,232209600
2014-05-27,19.649688720703125,19.656911431645447,19.33560982309362,19.343461543929898,348866000
2014-05-28,19.598812103271484,19.781605774326216,19.591587713343035,19.66194122780066,315481600
2014-05-29,19.955917358398438,20.002715701868254,19.716903625266234,19.71941631051777,376474000
2014-05-30,19.881166458129883,20.231991312058568,19.75239386170067,20.03757691353402,564020800
2014-06-02,19.744544982910156,19.938645743081665,19.551386899134855,19.91132154647272,369350800
2014-06-03,20.023759841918945,20.06145012381482,19.731981371688914,19.73857675168066,292709200
2014-06-04,20.252408981323242,20.348832026842405,19.978846644769956,20.02061962077429,335482000
2014-06-05,20.33186912536621,20.395313589419587,20.182996717302725,20.295750532820172,303805600
2014-06-06,20.275957107543945,20.45466970028896,20.24141021086111,20.41195406274161,349938400
2014-06-09,20.60041046142578,20.63998442397192,20.171693931642903,20.38055548669398,301660000
2014-06-10,20.721328735351562,20.89721336373096,20.571827304437114,20.826859847851225,251108000
2014-06-11,20.635581970214844,20.83345172452789,20.5498386895725,20.694942057828836,182724000
2014-06-12,20.290414810180664,20.692749796497072,20.20467150848835,20.675160996826786,218996000
2014-06-13,20.068357467651367,20.323389988097407,19.980415161381696,20.27062359791962,218100000
2014-06-16,20.270627975463867,20.391548882368138,20.10573674460914,20.11892918368255,142244000
2014-06-17,20.24424171447754,20.38055069324112,20.182682604408832,20.29480740745114,118904000
2014-06-18,20.266233444213867,20.290417627778744,20.08375339635543,20.286019588570316,134056000
2014-06-19,20.19587516784668,20.292611879376672,20.081549658336673,20.290412860289145,142112000
2014-06-20,19.98701286315918,20.347574820876254,19.984813844157483,20.19367536059797,403592000
2014-06-23,19.96942710876465,20.14311273444397,19.918859728180426,20.07715557322286,174776000
2014-06-24,19.84850311279297,20.169491114173802,19.828716973925943,19.951835199836392,156144000
2014-06-25,19.866090774536133,19.94084064246355,19.709993982076004,19.833112200949362,147476000
2014-06-26,19.98480796813965,20.0177865340285,19.742967947220635,19.86828515571064,130516000
2014-06-27,20.222253799438477,20.22665015926091,19.956227902789035,19.967221318384695,256116000
2014-06-30,20.431121826171875,20.60700646792478,20.2464427845953,20.24864180389128,197929200
2014-07-01,20.56083869934082,20.68175961932864,20.475095384207826,20.56083869934082,152892000
2014-07-02,20.552038192749023,20.679552768658677,20.466293232725796,20.637781475412364,113860000
2014-07-03,20.672958374023438,20.68834815171228,20.49047838331291,20.59381046666369,91567200
2014-07-07,21.099475860595703,21.103872220732264,20.68834657739378,20.697140975026745,225872000
2014-07-08,20.96316909790039,21.28195978106939,20.648776453042768,21.16543524885994,260888000
2014-07-09,20.971969604492188,21.095087875302163,20.833461549830968,20.982963026111925,145744000
2014-07-10,20.895015716552734,21.00714221644074,20.560835236161875,20.61360163455637,158744000
2014-07-11,20.934595108032227,21.08189756770646,20.855447167266227,20.96537467640115,136072000
2014-07-14,21.20501136779785,21.301748092184532,21.029128396702447,21.075297739516003,171240000
2014-07-15,20.956573486328125,21.2929512869469,20.892815350398532,21.281959546010153,181911600
2014-07-16,20.837846755981445,21.347910047153704,20.829052358866093,21.319329514548613,213585200
2014-07-17,20.466297149658203,20.9477800424237,20.3519733100139,20.892816303153126,229192000
2014-07-18,20.760896682739258,20.829051159759985,20.45090049236826,20.58281476414464,199952000
2014-07-21,20.65317726135254,20.886223002307172,20.604808897601117,20.88402398285655,156316000
2014-07-22,20.824661254882812,20.862036194036243,20.692748619578843,20.81586685554786,220788000
2014-07-23,21.367708206176758,21.519407017129364,20.923600162294388,20.978563912858803,371672000
2014-07-24,21.33252716064453,21.396285302301017,21.19841549670508,21.334726179973455,182916000
2014-07-25,21.473228454589844,21.510603386370946,21.246778167803388,21.292947497184716,173876000
2014-07-28,21.770034790039062,21.818403143815342,21.446849446584867,21.50620954062665,221272000
2014-07-29,21.629331588745117,21.86237900017907,21.60075104617242,21.83819481901743,172572000
2014-07-30,21.578760147094727,21.699679343392937,21.473229050324043,21.642518273445365,132040000
2014-07-31,21.01813507080078,21.4248664351363,20.958774966164704,21.361109969081387,227372000
2014-08-01,21.134653091430664,21.24238321113115,20.844444660888843,20.864232476136664,194044000
2014-08-04,21.015933990478516,21.23359159997358,20.923595313495245,21.187422261481945,159832000
2014-08-05,20.91259765625,21.035715857398014,20.74550747086363,20.965362359976336,223732000
2014-08-06,20.87742042541504,20.991745909027582,20.822456702198163,20.831251099196027,154232000
2014-08-07,20.875211715698242,21.200004543269987,20.791250220145145,20.974637850670796,186844000
2014-08-08,20.932661056518555,20.950337341626526,20.61007643896305,20.826606717277382,167460000
2014-08-11,21.208847045898438,21.228733288404495,20.954755921742663,21.0497638486634,146340000
2014-08-12,21.204429626464844,21.405491902078335,21.124888024812375,21.21989595535819,135180000
2014-08-13,21.485031127929688,21.485031127929688,21.21989360887581,21.244198078121126,127664000
2014-08-14,21.54248046875,21.55794679755584,21.387817180691624,21.504919625322025,112464000
2014-08-15,21.648534774780273,21.69493375750246,21.40107184789199,21.63085849020898,195804000
2014-08-18,21.909257888793945,21.955656879598745,21.648538545912047,21.761221086850743,190288000
2014-08-19,22.211957931518555,22.245100551860176,21.944610382649216,21.964496629135667,277596000
2014-08-20,22.220788955688477,22.335681425593094,22.083800288834023,22.19206625963811,210796000
2014-08-21,22.222999572753906,22.302541164167593,22.119153512535853,22.220789615852635,133912000
2014-08-22,22.386503219604492,22.419645833620955,22.136832007326767,22.158926521436616,176736000
2014-08-25,22.43511199951172,22.57430895452825,22.37766491467965,22.490349127237806,161080000
2014-08-26,22.29149627685547,22.42627501029579,22.284868090899952,22.40859872394545,132608000
2014-08-27,22.565467834472656,22.662685705868515,22.249511438139255,22.32021488487175,209476000
2014-08-28,22.59198570251465,22.709088145978956,22.439530687444233,22.44615887319453,273840000
2014-08-29,22.6472225189209,22.735602261013458,22.580937290925636,22.726764118233866,178380000
2014-09-02,22.823978424072266,22.921194607996554,22.695827902418536,22.770949575710173,214256000
2014-09-03,21.86064910888672,22.80188867652142,21.781107499550885,22.779794159640037,501684000
2014-09-04,21.67946434020996,22.114731407247465,21.606550941022316,21.840755778252035,342872000
2014-09-05,21.867279052734375,21.960077042515984,21.721452195331516,21.82971820244711,233828000
2014-09-08,21.732492446899414,21.94239282687235,21.663998958094098,21.940184555796964,185426800
2014-09-09,21.650741577148438,22.77537024257162,21.24198721696364,21.891576302408527,759385200
2014-09-10,22.315797805786133,22.340102274886316,21.599925160052866,21.655162283334516,403478400
2014-09-11,22.41080665588379,22.41301661290373,22.010890406142867,22.18543992524556,249412400
2014-09-12,22.461624145507812,22.578726574676633,22.333473617634947,22.362196314280993,250504400
2014-09-15,22.455005645751953,22.76875393937054,22.413026557966006,22.71572506158191,245266000
2014-09-16,22.28486442565918,22.373244157171428,21.849595638666464,22.05065956999941,267632400
2014-09-17,22.443950653076172,22.492559596294047,22.22521040859573,22.37545546685853,243706000
2014-09-18,22.4903507232666,22.61408135872851,22.439531820442756,22.52128338213208,149197600
2014-09-19,22.306955337524414,22.614073548551048,22.205319252682056,22.60081718095945,283609600
2014-09-22,22.329051971435547,22.567676725021986,22.22299764919917,22.49255505391314,211153600
2014-09-23,22.678152084350586,22.74443730330996,22.21416060874439,22.227416978255008,253608800
2014-09-24,22.48151397705078,22.72455703425656,22.3599916055961,22.57210368771765,240687200
2014-09-25,21.624231338500977,22.2517242994449,21.59108872477149,22.207535271607824,400368000
2014-09-26,22.26056671142578,22.26056671142578,21.741337949094056,21.77006065412644,249482000
2014-09-29,22.11915397644043,22.192067384382725,21.792149462025534,21.796569375920775,199065200
2014-09-30,22.26056671142578,22.435116270554158,22.21195776006045,22.273823085178623,221056400
2014-10-01,21.913673400878906,22.247306124675713,21.80761737382907,22.22520992500045,205965200
2014-10-02,22.072755813598633,22.143459267216212,21.661791462664173,21.933557177689774,191031200
2014-10-03,22.010902404785156,22.141261283067127,21.88275179902361,21.971131585262754,173878400
2014-10-06,22.010902404785156,22.238479216500604,21.966711668813478,22.083814169156053,148204800
2014-10-07,21.81866455078125,22.121364605073122,21.814246322455094,21.968909599419824,168376800
2014-10-08,22.271615982055664,22.34010949764445,21.721452842591436,21.82088070806626,229618800
2014-10-09,22.320213317871094,22.620703366813945,22.229625323278203,22.435107464309667,309506000
2014-10-10,22.25614356994629,22.54337561398651,22.16113564571143,22.247305427493824,265326400
2014-10-13,22.052867889404297,22.488136677349384,22.052867889404297,22.38871053274504,214333600
2014-10-14,21.81866455078125,22.209742657222513,21.778893753032705,22.18101995884429,254754400
2014-10-15,21.551326751708984,21.90705413430545,21.029887918301895,21.646334717601906,403734400
2014-10-16,21.268503189086914,21.59108779842678,21.080697300281937,21.111629955581428,288618000
2014-10-17,21.580045700073242,21.873907692838866,21.390029801420564,21.542484849007973,272718800
2014-10-20,22.04182243347168,22.08601145839141,21.70156154733934,21.72365605979921,310069200
2014-10-21,22.640594482421875,22.76211515360929,22.375455254397412,22.76211515360929,378495600
2014-10-22,22.7554874420166,23.002950389521306,22.669317654681738,22.722344827110096,273052400
2014-10-23,23.162033081054688,23.21064202375041,22.896893853360762,22.996321695884753,284298800
2014-10-24,23.248201370239258,23.307856723351545,23.095746366269793,23.239363227981276,188215600
2014-10-27,23.223896026611328,23.305647575144146,23.13330633615308,23.16644894694764,136750800
2014-10-28,23.58403968811035,23.58403968811035,23.276921443516073,23.28796954151855,192243600
2014-10-29,23.716617584228516,23.7232474570093,23.50008893976072,23.564164224345113,210751600
2014-10-30,23.637075424194336,23.718825304705792,23.398450597704713,23.632655509424026,162619200
2014-10-31,23.862442016601562,23.871280160373622,23.68789246993644,23.864651973970467,178557200
2014-11-03,24.171764373779297,24.37061834559063,23.864646117310798,23.911045096449584,209130400
2014-11-04,23.995006561279297,24.191650589771044,23.8005724897659,24.16292789186552,166297600
2014-11-05,24.052453994750977,24.149671874781884,23.891160847036357,24.105481163084523,149743600
2014-11-06,24.12124252319336,24.141214994066274,23.921527972540424,24.09905220567778,139874000
2014-11-07,24.19003677368164,24.25882727175688,24.08795994998479,24.132340588805036,134766000
2014-11-10,24.15009307861328,24.26104636664181,24.114587213797996,24.192254176815407,108782000
2014-11-11,24.343154907226562,24.354250915144856,24.054677324495128,24.12124829296556,109769200
2014-11-12,24.687105178833008,24.72704842796646,24.269921449115735,24.272139295780626,187769600
2014-11-13,25.035499572753906,25.175300104675955,24.764773282005002,24.809155612544952,238091600
2014-11-14,25.337299346923828,25.33951888729082,24.67823637802775,25.108735786508177,176254400
2014-11-17,25.29512596130371,26.02519867935505,25.1420116003109,25.357259521476156,186986800
2014-11-18,25.62355613708496,25.672375861423053,25.272943292305083,25.284039299841215,176896000
2014-11-19,25.446022033691406,25.68346195908868,25.252964431226456,25.61689101420896,167476800
2014-11-20,25.80995750427246,25.93200681809811,25.485974053859845,25.499289601830977,173582000
2014-11-21,25.845458984375,26.089555877547507,25.747819549900875,26.076242024851148,228717200
2014-11-24,26.324771881103516,26.355838660849923,25.878740960596158,25.92977851603132,189803200
2014-11-25,26.096214294433594,26.57331379511974,26.06292796777867,26.42241724822861,275361600
2014-11-26,26.40687370300293,26.429064014571072,26.14724350232996,26.17165335295859,163073200
2014-11-28,26.391347885131836,26.495644241729703,26.196070717105936,26.466795304705684,99257600
2014-12-01,25.5347900390625,26.462359609228074,24.69154435963458,26.364720172469745,335256000
2014-12-02,25.437150955200195,25.68568693720901,25.01996718937638,25.186397126334537,237395600
2014-12-03,25.725637435913086,25.81883782053822,25.543674054639244,25.685694172071834,172253600
2014-12-04,25.627988815307617,26.007448839739737,25.583608179343866,25.69012238286197,168178000
2014-12-05,25.519262313842773,25.75892187928725,25.439375792027946,25.738949402326934,153275600
2014-12-08,24.94230079650879,25.44159061884232,24.769213928981895,25.31954131840007,230659600
2014-12-09,25.32398223876953,25.363925495179778,24.265486790404555,24.451889217990043,240832000
2014-12-10,24.842439651489258,25.485969038356334,24.75145883882539,25.388331299523497,178261200
2014-12-11,24.769214630126953,25.252971072735487,24.70707936168018,24.911234714836528,165606800
2014-12-12,24.349807739257812,24.824687645445074,24.31652141642899,24.511798581071933,224112400
2014-12-15,24.016950607299805,24.764774720447157,23.599765141056377,24.565058453949014,268872400
2014-12-16,23.68852424621582,24.44522639543889,23.579790510604592,23.604200366580343,243162800
2014-12-17,24.27880096435547,24.374219173312525,23.70406201257912,23.770634667167645,213647200
2014-12-18,24.997772216796875,24.997772216796875,24.556178673640154,24.824685385459695,236024800
2014-12-19,24.804716110229492,25.12869949909178,24.778088405372145,24.91123200869719,353719200
2014-12-22,25.062131881713867,25.184179495594154,24.846882209381892,24.889045005038298,180670000
2014-12-23,24.97336769104004,25.148674099243564,24.955614757624083,25.126483778980077,104113600
2014-12-24,24.855758666992188,25.011092609330458,24.855758666992188,24.98224536089992,57918400
2014-12-26,25.29512596130371,25.412736156346206,24.855751961219948,24.87572273712715,134884000
2014-12-29,25.27738380432129,25.468221939250647,25.230781924440294,25.250754400534028,110395600
2014-12-30,24.968931198120117,25.279600793035073,24.87795036770974,25.2174672126547,119526000
2014-12-31,24.49404525756836,25.104288291944112,24.456321549039085,25.035497800742178,165613600
2015-01-02,24.26104736328125,24.729270393437197,23.821671579713147,24.718174386973395,212818400
2015-01-05,23.57758140563965,24.110157700699126,23.391180633526186,24.030271171789536,257142000
2015-01-06,23.579792022705078,23.83942229690088,23.218083238966898,23.64192558989593,263188400
2015-01-07,23.91042709350586,24.01028434847797,23.677424574554454,23.78837783252896,160423600
2015-01-08,24.829130172729492,24.886826364711517,24.12124755318299,24.238859477265255,237458000
2015-01-09,24.855758666992188,25.130922376139836,24.456326110960923,25.002216142194985,214798000
2015-01-12,24.243297576904297,24.993341322659273,24.143440277820233,24.986684395122083,198603200
2015-01-13,24.458541870117188,25.031061214255764,24.16784481167261,24.72704861065984,268367600
2015-01-14,24.365345001220703,24.51845940173482,24.076865748230265,24.196695513641078,195826400
2015-01-15,23.704059600830078,24.42303640937501,23.668555430204687,24.409722557017083,240056000
2015-01-16,23.519878387451172,23.872710736727925,23.3445719827557,23.750661438201686,314053200
2015-01-20,24.12567901611328,24.18115565046122,23.633046232221588,23.930400179680525,199599600
2015-01-21,24.30986976623535,24.644947527863252,24.02582788373049,24.176724446024636,194303600
2015-01-22,24.94230079650879,24.95783418992754,24.34759107374211,24.467420834263706,215185600
2015-01-23,25.071008682250977,25.2418760211608,24.74924309298661,24.92011212490945,185859200
2015-01-26,25.09762954711914,25.377232263921357,25.03105860036508,25.239649598476205,222460000
2015-01-27,24.218881607055664,24.960050391214992,24.194471750232253,24.94673484648506,382274800
2015-01-28,25.588048934936523,26.21160761831203,25.588048934936523,26.102872167761888,585908400
2015-01-29,26.384695053100586,26.449048170199948,25.6435261294502,25.812175619330834,337745600
2015-01-30,25.99857521057129,26.62878907264439,25.929783020884912,26.27373889027836,334982000
2015-02-02,26.324771881103516,26.444601614273594,25.75891122742608,26.196067376302338,250956400
2015-02-03,26.329214096069336,26.42685183275398,26.09843106688366,26.29592777294408,207662800
2015-02-04,26.531147003173828,26.74195924487378,26.25376381121019,26.29592659815271,280598800
2015-02-05,26.72051429748535,26.785121379792336,26.566793939593058,26.738335592846923,168984800
2015-02-06,26.49551010131836,26.789582792466167,26.38857380467608,26.738342094145022,174826400
2015-02-09,26.67150115966797,26.69823395180452,26.384111746339844,26.41084623817071,155559200
2015-02-10,27.18389892578125,27.2128617162374,26.769525359250984,26.771751958752017,248034000
2015-02-11,27.821056365966797,27.829967863004374,27.29083503993794,27.350985520323754,294247200
2015-02-12,28.173065185546875,28.40030421026316,27.974788963807274,28.083951875848232,297898000
2015-02-13,28.31118392944336,28.35573972347411,27.992605073009173,28.35573972347411,217088800
2015-02-17,28.478269577026367,28.712191735645902,28.275536812930167,28.402522690545037,252609600
2015-02-18,28.67654800415039,28.6899144029449,28.393613431905806,28.43371432798399,179566800
2015-02-19,28.61639404296875,28.745608222318186,28.58966124703063,28.623077241953283,149449600
2015-02-20,28.850309371948242,28.850309371948242,28.527275699784784,28.65425984980179,195793600
2015-02-23,29.63005828857422,29.63005828857422,28.885965911316145,28.96616770882471,283896400
2015-02-24,29.445148468017578,29.763729057615855,29.222366075069523,29.61669186241665,276912400
2015-02-25,28.692140579223633,29.318161908432362,28.54955999520564,29.309248709774774,298846800
2015-02-26,29.05527687072754,29.155528259362143,28.206476567891034,28.692140512533417,365150000
2015-02-27,28.618629455566406,29.08870046959938,28.56961705414953,28.961712866094807,248059200
2015-03-02,28.75897216796875,29.024083703045708,28.58297561073508,28.794618159106065,192386800
2015-03-03,28.819120407104492,28.854766393361075,28.536185915198963,28.730008840851397,151265200
2015-03-04,28.636438369750977,28.863677291571904,28.5874293860136,28.761199326409464,126665200
2015-03-05,28.16192054748535,28.683230483724483,28.017111665298497,28.645357888294036,226068400
2015-03-06,28.20424461364746,28.821350963107626,28.128499431995095,28.605251815919722,291368400
2015-03-09,28.32455062866211,28.865913560085808,27.8611628871626,28.507232105640526,354114000
2015-03-10,27.738637924194336,28.342378042171664,27.580462619457386,28.16192483671167,275426400
2015-03-11,27.23291778564453,27.796556937791422,27.203956687995984,27.792102038035754,275756000
2015-03-12,27.72526741027832,27.825520504346425,27.0970211462915,27.248513237592313,193450800
2015-03-13,27.533674240112305,27.93691151412866,27.30866525427582,27.71412912836957,207309200
2015-03-16,27.836660385131836,27.836660385131836,27.373274281820116,27.598283283535313,143497200
2015-03-17,28.30227279663086,28.36465158895827,27.992605434937918,28.048301028043767,204092400
2015-03-18,28.620849609375,28.774569979250792,28.153007000698736,28.293359273393268,261083600
2015-03-19,28.404748916625977,28.794618019403195,28.382471022120445,28.683226847181135,183238000
2015-03-20,28.048297882080078,28.605252050974638,27.883439420892177,28.57183605861484,274780400
2015-03-23,28.340139389038086,28.482719941212224,28.186419040724548,28.320089795620277,150838800
2015-03-24,28.22429847717285,28.525052631476665,28.195335681803996,28.344601158711114,131369200
2015-03-25,27.48688507080078,28.253256880292685,27.48688507080078,28.190878095742303,206620800
2015-03-26,27.678478240966797,27.821058806687994,27.313115328844432,27.34876132012194,190291600
2015-03-27,27.457921981811523,27.780955678190416,27.382176805990813,27.75199458738149,158184800
2015-03-30,28.15300750732422,28.15969070618787,27.62501270106702,27.636152498969455,188398800
2015-03-31,27.72081184387207,28.17974300661866,27.70521714512907,28.09062971393237,168362400
2015-04-01,27.680706024169922,27.874527273814653,27.42450599064718,27.80769189126285,162485600
2015-04-02,27.919092178344727,27.972559482027336,27.66734866129814,27.85448507403473,128880400
2015-04-06,28.37133026123047,28.406976250983927,27.698528351730204,27.72971774291731,148776000
2015-04-07,28.072805404663086,28.54287461627673,28.06612220587488,28.43594003627644,140049200
2015-04-08,27.981470108032227,28.15969671433038,27.841117802866478,28.037165710038536,149316800
2015-04-09,28.19533348083496,28.19979007963362,27.772048378461868,28.037158217371275,129936000
2015-04-10,28.315635681152344,28.34014187505331,27.905716982616923,28.059435644720505,160752000
2015-04-13,28.25994110107422,28.6431287193776,28.206473812338743,28.598569529324855,145460400
2015-04-14,28.137414932250977,28.35796900985864,28.050529941081454,28.293361916479697,102098400
2015-04-15,28.244354248046875,28.322327753209635,28.072812536688804,28.16192584245836,115881600
2015-04-16,28.10845184326172,28.31563951998062,28.09508544466522,28.132958040485054,113476000
2015-04-17,27.79210090637207,28.101768267469506,27.727493814530177,27.97032748384589,207828000
2015-04-20,28.42702865600586,28.542874734769516,27.885667455885272,27.97478073938513,188217200
2015-04-21,28.2733097076416,28.56069745208385,28.21984071824791,28.538421256044888,129740400
2015-04-22,28.65427017211914,28.70996577012086,28.141871690320198,28.29113548503806,150618000
2015-04-23,28.888185501098633,29.055272255411648,28.547328794251175,28.58297478435791,183083600
2015-04-24,29.02408790588379,29.102063097864274,28.790165729331633,29.070873700949942,178103600
2015-04-27,29.552082061767578,29.659020054313498,29.217908483687783,29.47633686658962,387816800
2015-04-28,29.086462020874023,29.97313478999959,28.86590967795397,29.955315194105836,475696000
2015-04-29,28.65872573852539,29.315933091372774,28.582980543827464,28.997355913995918,253544400
2015-04-30,27.88121795654297,28.65872806378421,27.75423205536205,28.65872806378421,332781600
2015-05-01,28.72779083251953,28.99067584164951,27.914636403052867,28.092861309640885,234050400
2015-05-04,28.67209243774414,29.088697811721758,28.574067643867057,28.850319026667076,203953200
2015-05-05,28.026020050048828,28.61639191231994,28.021563451261255,28.549556528061796,197085600
2015-05-06,27.85002899169922,28.23766990141353,27.48243768262942,28.19534070045974,288564000
2015-05-07,28.02228546142578,28.2057300178266,27.744880165955735,27.912664883644084,175763600
2015-05-08,28.550247192382812,28.550247192382812,28.212440161176175,28.339956473953013,222201600
2015-05-11,28.259416580200195,28.536820128929442,28.10505411598105,28.498789341360546,168143200
2015-05-12,28.158748626708984,28.38469746925894,27.923849354868548,28.098345176558336,192640000
2015-05-13,28.190065383911133,28.45404669644201,28.158745711813754,28.221385056008515,138776800
2015-05-14,28.8477840423584,28.8477840423584,28.447339366300305,28.50326760345633,180814000
2015-05-15,28.807514190673828,28.968587769104577,28.68223549935843,28.874628750618026,152832000
2015-05-18,29.125186920166016,29.243754500049338,28.715791848392346,28.720267062799756,203531600
2015-05-19,29.09834861755371,29.279555583127085,29.002150262176887,29.237049571234245,178532800
2015-05-20,29.096099853515625,29.30191531631098,28.935026288964824,29.082677625401065,145819600
2015-05-21,29.393638610839844,29.447330937222763,29.04464702332097,29.098339349703892,158921600
2015-05-22,29.650915145874023,29.74711349675572,29.39588250002319,29.440627824296897,182384000
2015-05-26,28.997665405273438,29.733682768025865,28.885808953731924,29.664332314244206,282790400
2015-05-27,29.53905487060547,29.58827199011764,29.093868308093384,29.158743558220227,183332800
2015-05-28,29.48090171813965,29.518932522187036,29.328778501950097,29.498799169501325,122933200
2015-05-29,29.14531898498535,29.40706269211823,29.06030698291906,29.357845576562823,203538000
2015-06-01,29.203481674194336,29.39363901250951,29.09386453334816,29.145317546675713,128451200
2015-06-02,29.0737361907959,29.230334571499,28.930560040783256,29.051363530586023,134670400
2015-06-03,29.10951805114746,29.292964246214723,29.060300945816614,29.230324914627744,123934000
2015-06-04,28.939502716064453,29.212432744462387,28.838832587396926,28.98871983027314,153800400
2015-06-05,28.780668258666992,29.013331627012427,28.715793008286923,28.970825622396134,142507200
2015-06-08,28.590511322021484,28.905947352561356,28.373509520607943,28.836593481249118,210699200
2015-06-09,28.505508422851562,28.6531598136829,28.10282606991949,28.344434798960876,224301600
2015-06-10,28.832124710083008,28.9350307505541,28.601698948890817,28.617358786370456,156349200
2015-06-11,28.76725196838379,29.122954795847278,28.742643403450447,28.899241810485698,141563600
2015-06-12,28.449573516845703,28.709081340547552,28.436151286928105,28.677761666210326,147544800
2015-06-15,28.393646240234375,28.465234313531752,28.122953784741334,28.210201695735194,175955600
2015-06-16,28.545772552490234,28.601700790918624,28.270606575227426,28.418256237145286,125976400
2015-06-17,28.478654861450195,28.6084070554388,28.353374467993678,28.572613876447008,131672400
2015-06-18,28.608413696289062,28.704610340676073,28.4607640251337,28.463001632713254,141628800
2015-06-19,28.32206153869629,28.59499163400827,28.277319627606737,28.570383070870665,218867600
2015-06-22,28.54800796508789,28.648678103801466,28.429440381822584,28.521161798260287,136157200
2015-06-23,28.418256759643555,28.548010684813725,28.38469947461066,28.51892861474224,121075600
2015-06-24,28.659870147705078,29.03794563197054,28.438394774299702,28.45852812333901,221123600
2015-06-25,28.523399353027344,28.90371066168334,28.523399353027344,28.827649082669843,127752400
2015-06-26,28.355619430541992,28.63302304016514,28.301928794729825,28.561434956817404,176267200
2015-06-29,27.85896873474121,28.292972331386583,27.847784113186954,28.067021811744045,196645600
2015-06-30,28.060312271118164,28.21467473565285,27.932795972048606,28.09163194409706,177482800
2015-07-01,28.32206153869629,28.398124835701932,28.185596491040297,28.38917611212512,120955200
2015-07-02,28.28626823425293,28.342196476280925,28.136379248454087,28.284030626669352,108844000
2015-07-06,28.187824249267578,28.239278965156352,27.930554083411515,27.95068913112239,112241600
2015-07-07,28.118486404418945,28.221394175534783,27.688956164237812,28.16322831993203,187787200
2015-07-08,27.420495986938477,27.883581721345053,27.41378487158096,27.847788537173503,243046400
2015-07-09,26.861215591430664,27.75382984228821,26.67105991287828,27.70685032453723,314380000
2015-07-10,27.57932472229004,27.70684100093072,27.11623910966927,27.279550269862227,245418000
2015-07-13,28.111772537231445,28.134143492799147,27.811996270881814,27.970832274245357,165762000
2015-07-14,28.100582122802734,28.270604432641733,27.973065817122052,28.196778753880743,127072400
2015-07-15,28.371274948120117,28.44510062786121,28.093871380758944,28.125191055777417,134596800
2015-07-16,28.74934959411621,28.762775238352578,28.489843463092814,28.57709137589152,144889600
2015-07-17,28.997665405273438,28.997665405273438,28.704602048408756,28.87686193958732,184658800
2015-07-20,29.5457706451416,29.747110932662572,29.239281585512053,29.299685037203815,235600800
2015-07-21,29.250463485717773,29.735920099138877,29.15426857128515,29.720261970235313,307025600
2015-07-22,28.01332664489746,28.075965977177862,27.29073330341987,27.29073330341987,461802400
2015-07-23,27.99991226196289,28.43167659567125,27.977539602629502,28.23257221652284,203998000
2015-07-24,27.85226058959961,28.1296641529109,27.718033169080872,28.03570512922721,168649200
2015-07-27,27.46523666381836,27.653156419384597,27.31982461946616,27.53682473574972,177822000
2015-07-28,27.601699829101562,27.720269112015007,27.416019400149505,27.601699829101562,134472400
2015-07-29,27.514453887939453,27.62854796472452,27.35338029878272,27.550248777438405,148046800
2015-07-30,27.375751495361328,27.420493398050073,27.22810014425895,27.364565166292053,134513200
2015-07-31,27.136381149291992,27.436155678960716,27.04913323652009,27.427206956266886,171540000
2015-08-03,26.49656105041504,27.42049487435575,26.290743849300853,27.181122097815482,279904000
2015-08-04,25.646448135375977,26.331009100995956,25.3354873237516,26.268369758624726,496554400
2015-08-05,25.816478729248047,26.272853422029552,25.078225198349664,25.2683808936433,397250400
2015-08-06,25.87264633178711,26.180520885608846,25.64567481006549,26.061416644315035,211612000
2015-08-07,25.960296630859375,26.124347048434043,25.731077307919982,25.749055764685426,154681600
2015-08-10,26.904142379760742,26.96481752220185,26.187267346347056,26.187267346347056,219806400
2015-08-11,25.50410270690918,26.558066106440315,25.46814750972999,26.474917034026074,388331200
2015-08-12,25.89737319946289,25.937823869070375,24.636662663636294,25.288367134192427,404870000
2015-08-13,25.877153396606445,26.15806039892627,25.740070642312748,26.07715904509654,194143200
2015-08-14,26.059173583984375,26.137827180597522,25.620959463911245,25.69062383312292,171718000
2015-08-17,26.32884979248047,26.438964846684726,25.955804506474045,26.07715652549348,163538800
2015-08-18,26.18052864074707,26.39177122306131,26.070413592624128,26.16479791958665,138242800
2015-08-19,25.845684051513672,26.185018372166716,25.771524214078337,26.090634059714336,193146000
2015-08-20,25.315330505371094,25.697363208610664,25.08610951181161,25.636688071797668,274006400
2015-08-21,23.766977310180664,25.146792204570744,23.742257359750216,24.816445334745744,513102000
2015-08-24,23.173704147338867,24.45014560508796,20.6747548949793,21.319717974691265,648825200
2015-08-25,23.313032150268555,24.96926036037767,23.259098488910645,24.96926036037767,414406400
2015-08-26,24.650142669677734,24.69508708756398,23.60741640113609,24.065854950038666,387098400
2015-08-27,25.37601661682129,25.447928746691215,24.72431197545734,25.220957104785757,338464400
2015-08-28,25.459163665771484,25.46365742342423,25.065893862125524,25.207470374210768,212657600
2015-08-31,25.340049743652344,25.737813153830476,25.169257870891514,25.175999362069504,224917200
2015-09-01,24.20743751525879,25.142294950131475,24.12653617677212,24.753520692783827,307383600
2015-09-02,25.24566650390625,25.24566650390625,24.524297721583192,24.77149718879779,247555200
2015-09-03,24.80296516418457,25.34455297027077,24.728805304475586,25.279382340331384,212935600
2015-09-04,24.55575942993164,24.820935640339997,24.384969251005455,24.48834279546704,199985200
2015-09-08,25.238927841186523,25.295109232847622,24.79172444362976,25.11308207251206,219374400
2015-09-09,24.753522872924805,25.62320976647334,24.668126055601,25.56478235038033,340043200
2015-09-10,25.29735565185547,25.45691059012578,24.697338831630514,24.780486189668327,251571200
2015-09-11,25.66591453552246,25.66591453552246,25.115337416268954,25.12207891098724,199662000
2015-09-14,25.91309928894043,26.268166023756923,25.811973490255067,26.198501660863435,233453600
2015-09-15,26.131088256835938,26.1872696477268,25.713098571446302,26.05243465249272,173364800
2015-09-16,26.160306930541992,26.1895206402109,25.942322832454952,26.124350012930844,148694000
2015-09-17,25.60073471069336,26.178279316129398,25.555790285682896,25.991758409268044,256450400
2015-09-18,25.495119094848633,25.68613722991624,25.140053943468565,25.216459825879372,297141200
2015-09-21,25.890636444091797,25.926593363441825,25.542312789119883,25.54455881068905,200888000
2015-09-22,25.48387336730957,25.659158992096103,25.28611381973946,25.479377896945017,201384800
2015-09-23,25.690629959106445,25.780520540035987,25.461410606530325,25.535568749865988,143026800
2015-09-24,25.84344482421875,25.955807627802308,25.252417094596538,25.45017501167629,200878000
2015-09-25,25.778268814086914,26.223226177832004,25.62320762884666,26.167044787761764,224607600
2015-09-28,25.268150329589844,25.746815303196772,25.268150329589844,25.585012575633726,208436000
2015-09-29,24.50856590270996,25.508595546024186,24.238895950872273,25.355782116110895,293461600
2015-09-30,24.787233352661133,25.06589260520561,24.43441424366298,24.758017928562307,265892000
2015-10-01,24.62542724609375,24.634416474225127,24.115299265387996,24.510816730568678,255716400
2015-10-02,24.805206298828125,24.94678449665644,24.169234277235294,24.2726078274395,232079200
2015-10-05,24.895095825195312,25.027684789490863,24.51081534552357,24.69284248996812,208258800
2015-10-06,25.01420021057129,25.11083226483588,24.668122660752044,24.861386769281232,192787200
2015-10-07,24.895095825195312,25.117573636685297,24.587222923062672,25.1108321445977,187062400
2015-10-08,24.607458114624023,24.76251935823948,24.31756182698324,24.76251935823948,247918400
2015-10-09,25.196226119995117,25.232181311930823,24.605196900402497,24.719807396579416,211064400
2015-10-12,25.07937240600586,25.337807145516006,25.043417207593652,25.33331338865947,121868800
2015-10-13,25.122066497802734,25.27038445188055,24.872621029357617,24.904082465511085,132197200
2015-10-14,24.767000198364258,25.06139009096085,24.6209282624772,25.00970417972863,177849600
2015-10-15,25.137794494628906,25.191728134407825,24.82991994329023,24.92879971165116,150694000
2015-10-16,24.953523635864258,25.169259943926974,24.83891313283977,25.119820051856813,156930400
2015-10-19,25.10858917236328,25.11308292946071,24.744533124749246,24.899594319671532,119036800
2015-10-20,25.567028045654297,25.65691861902344,24.904088281782034,25.020944826997862,195871200
2015-10-21,25.564781188964844,25.973781655635417,25.55129648896206,25.6187148454159,167180800
2015-10-22,25.955808639526367,25.955808639526367,25.641192434325,25.692880080377094,166616400
2015-10-23,26.76032066345215,26.794029841070582,26.142325360354146,26.225472722023625,237467600
2015-10-26,25.906362533569336,26.546830042872955,25.825461194023617,26.535594793476033,265335200
2015-10-27,25.742311477661133,26.189514825406913,25.616464008483966,25.933327845128844,279537600
2015-10-28,26.803014755249023,26.809757961734682,26.08164596806831,26.277157807676474,342205600
2015-10-29,27.08617401123047,27.122130927170247,26.578293717961888,26.674925786399893,204909200
2015-10-30,26.854705810546875,27.241234068084648,26.843468846157037,27.189546432219462,197461200
2015-11-02,27.232242584228516,27.27269325235393,26.87942353455905,27.146847491305937,128813200
2015-11-03,27.544612884521484,27.751359996222238,27.124375453862754,27.144601646594364,182076000
2015-11-04,27.416515350341797,27.825515756659545,27.33112026401867,27.670454588408827,179544400
2015-11-05,27.290132522583008,27.68960036820362,27.123124252036362,27.500021969809346,158210800
2015-11-06,27.321727752685547,27.490993374920475,27.22242642517181,27.33301281624479,132169200
2015-11-09,27.21114158630371,27.490993601922444,27.093784844869713,27.299159572843948,135485600
2015-11-10,26.35352897644043,26.646923419181427,26.19329105588032,26.382869453829933,236511600
2015-11-11,26.204578399658203,26.500228503413954,26.001459284846973,26.26325763768348,180872000
2015-11-12,26.116558074951172,26.36481398342589,26.10076001864439,26.238429532971633,130102400
2015-11-13,25.35373306274414,26.082704449365423,25.33793500653174,25.9991994540376,183249600
2015-11-16,25.76899528503418,25.7825359821824,25.05130906457997,25.137069682949928,152426800
2015-11-17,25.658409118652344,25.965344216837444,25.574904134546816,25.936003743629655,110467600
2015-11-18,26.470882415771484,26.51601921907192,26.06690165535549,26.125580877132997,186698800
2015-11-19,26.807157516479492,27.026074638737438,26.35126958290528,26.54987393741683,173183200
2015-11-20,26.924524307250977,27.064449480562576,26.822963880771375,26.90195417568265,137148400
2015-11-23,26.574703216552734,27.021565225710173,26.48217051474164,26.91774746011661,129930000
2015-11-24,26.829730987548828,26.935804394401316,26.43252220348979,26.479916374706185,171212800
2015-11-25,26.637893676757812,26.908719692866494,26.613067915568045,26.90420497890897,85553200
2015-11-27,26.588241577148438,26.723655443192385,26.54084741277659,26.69657232561183,52185600
2015-11-30,26.69883155822754,26.949344817405905,26.574702746253053,26.62886726336058,156721200
2015-12-01,26.4821720123291,26.81393293273083,26.373842970070832,26.800392232913314,139409600
2015-12-02,26.24294090270996,26.65594942015389,26.197804093726983,26.48216908966575,133546400
2015-12-03,25.99920654296875,26.358050663148365,25.77803369569027,26.303886130202947,166278000
2015-12-04,26.863584518432617,26.91323604701471,25.978889876716135,26.019513698114295,231108000
2015-12-07,26.694316864013672,27.05090352244436,26.588243464948686,26.852299144995612,128336800
2015-12-08,26.68303108215332,26.766534346399656,26.373838619734773,26.522791458735053,137238000
2015-12-09,26.09398651123047,26.561159516176545,25.972115067958608,26.54987445366925,185445600
2015-12-10,26.218114852905273,26.391895181482443,26.069162007412285,26.18877609957485,116850800
2015-12-11,25.54330825805664,26.04207736666678,25.468830978734992,25.996940560819052,187544800
2015-12-14,25.385326385498047,25.430463188980536,24.7782265640641,25.31761945841563,257274800
2015-12-15,24.936208724975586,25.457547965062044,24.904612616104743,25.263456598079,213292400
2015-12-16,25.128042221069336,25.274739421745334,24.55479755936229,25.067107361453118,224954000
2015-12-17,24.59542465209961,25.333422023816897,24.59542465209961,25.281513140894017,179091200
2015-12-18,23.929645538330078,24.717294437424858,23.879994012440843,24.57962664544879,385813200
2015-12-21,24.223041534423828,24.23206924169769,23.825831023669416,24.211756469866728,190362400
2015-12-22,24.200469970703125,24.31105635713073,24.024432284612054,24.23883643021858,131157600
2015-12-23,24.51192283630371,24.566087361527327,24.193702591664135,24.209500649931822,130629600
2015-12-24,24.381031036376953,24.59994828283182,24.362975615216612,24.59994828283182,54281600
2015-12-28,24.107942581176758,24.30429135781022,23.963502695558784,24.281721226671767,106816800
2015-12-29,24.541257858276367,24.69698278167213,24.116965985227196,24.139534390478726,123724800
2015-12-30,24.220783233642578,24.53223137409268,24.18918712034441,24.50514997518513,100855200
2015-12-31,23.7558650970459,24.155331186933395,23.656562052885878,24.150818194861966,163649200
2016-01-04,23.776174545288086,23.780689258914776,23.02012186753966,23.157791361555017,270597600
2016-01-05,23.180362701416016,23.889021307034476,23.1126574851651,23.866452901617503,223164000
2016-01-06,22.726730346679688,23.103629776733978,22.539411032061107,22.695134234726723,273829600
2016-01-07,21.767559051513672,22.598089134324233,21.763046059055895,22.27084294257667,324377600
2016-01-08,21.88266372680664,22.367892283398735,21.837526907436846,22.241507811675877,283192000
2016-01-11,22.23699378967285,22.356607914404123,21.968425057032142,22.336296861612475,198957600
2016-01-12,22.559720993041992,22.724473616163657,22.306950387742376,22.692877505733563,196616800
2016-01-13,21.97970199584961,22.837315048364253,21.95939095056826,22.640966334684354,249758400
2016-01-14,22.460420608520508,22.677082136934686,21.607322082128857,22.108348638100864,252680400
2016-01-15,21.921024322509766,22.05192347421547,21.521558240345804,21.711134897139864,319335600
2016-01-19,21.814956665039062,22.264074350916722,21.553158313482385,22.20990982785157,212350800
2016-01-20,21.844297409057617,22.16026031240673,21.083729772221595,21.46288491186867,289337600
2016-01-21,21.733705520629883,22.090290438750067,21.42677040290853,21.90522676969974,208646000
2016-01-22,22.889230728149414,22.8982584367017,22.200884739166256,22.259562261967094,263202000
2016-01-25,22.442367553710938,22.914053644311036,22.39045866646073,22.91179628698908,207178000
2016-01-26,22.566492080688477,22.76735381293576,22.133172504729767,22.552951382020684,300308000
2016-01-27,21.083724975585938,21.80818161437232,21.065669563077257,21.675026821303355,533478800
2016-01-28,21.234933853149414,21.331979536990776,20.851265831558248,21.167228643264455,222715200
2016-01-29,21.968421936035156,21.968421936035156,21.29361674669528,21.39291980452718,257666000
2016-02-01,21.76304817199707,21.82624040369523,21.530590296024908,21.772075879648117,163774000
2016-02-02,21.32295036315918,21.675022223094214,21.277811841463315,21.535095388624846,149428800
2016-02-03,21.744993209838867,21.855579617615156,21.2326832734449,21.440315388168315,183857200
2016-02-04,21.919713973999023,22.085360609990744,21.599768733525107,21.751799462907766,185886800
2016-02-05,21.33428382873535,21.99232954098681,21.259404120041232,21.901564316675803,185672400
2016-02-08,21.55891990661621,21.715488084215153,21.111902776017924,21.132324034799613,216085600
2016-02-09,21.55438804626465,21.7699556615148,21.31386168328073,21.395550208671985,177324800
2016-02-10,21.391002655029297,21.86298023299635,21.352428013969025,21.765407961889718,169374400
2016-02-11,21.261667251586914,21.493118608498282,21.0097946326434,21.28209024482134,200298800
2016-02-12,21.32747459411621,21.44320028674965,21.10510163468998,21.372858067307014,161405600
2016-02-16,21.92879295349121,21.976444303583385,21.468161504730986,21.561194598376883,196231600
2016-02-17,22.264619827270508,22.285041088918415,21.817602633931287,21.93559618514665,179452800
2016-02-18,21.842559814453125,22.43933803016862,21.80398344070875,22.42799173238463,156084000
2016-02-19,21.792646408081055,21.95602345792064,21.738187968535385,21.783569712956346,141496800
2016-02-22,21.98324966430664,21.987788877026798,21.76541419620413,21.8539098010207,137123200
2016-02-23,21.486305236816406,21.89701554433702,21.454537684367395,21.874324682759408,127770400
2016-02-24,21.806259155273438,21.86979428577765,21.17544360069238,21.32520646362585,145022800
2016-02-25,21.95602035522461,21.95602035522461,21.613382520297414,21.794912934733603,110330800
2016-02-26,21.990053176879883,22.241924023591572,21.915171765888896,22.0558561646213,115964400
2016-02-29,21.940134048461914,22.28957893074847,21.93105735566461,21.978708694448848,140865200
2016-03-01,22.81147575378418,22.865934179297124,22.105778903304373,22.157969454022457,201628400
2016-03-02,22.86139488220215,22.89316243882766,22.609522303812742,22.80693646101584,132678400
2016-03-03,23.031587600708008,23.079238953516878,22.793329105461005,22.822828798535053,147822800
2016-03-04,23.374216079711914,23.542130550225167,23.002080371438247,23.228992473127164,184220400
2016-03-07,23.11553955078125,23.333374990140616,22.909048679320556,23.23353309790009,143315600
2016-03-08,22.9249324798584,23.09057909838733,22.781978459551485,22.868204446707725,126247600
2016-03-09,22.945356369018555,23.04973574635203,22.7524796638044,22.988468498680962,108806800
2016-03-10,22.956703186035156,23.199499131946006,22.725253540790277,23.011163351788888,134054400
2016-03-11,23.20403289794922,23.20857037842906,23.03157920928109,23.199493686267363,109632800
2016-03-14,23.26303482055664,23.351532159235315,23.095120300114914,23.124619990075292,100304400
2016-03-15,23.7304744720459,23.866621423892376,23.5648278309777,23.5897883074565,160270800
2016-03-16,24.04587745666504,24.12302674592102,23.73273762539715,23.73727683723696,153214000
2016-03-17,24.007301330566406,24.159332024978855,23.81669426270441,23.943764487144428,137682800
2016-03-18,24.034534454345703,24.166143916515754,23.86888955471988,24.129837141626506,176820800
2016-03-21,24.03226661682129,24.427093272745285,23.857543291998166,24.036804098088368,142010800
2016-03-22,24.216068267822266,24.34540814192848,23.873430389287265,23.882507084284505,129777600
2016-03-23,24.082185745239258,24.295483719240615,24.029996920453165,24.161606382334952,102814000
2016-03-24,23.977811813354492,24.109421305144163,23.8008205739421,23.932430065731772,104532000
2016-03-28,23.868894577026367,24.095806774222314,23.839394883421182,24.05269290277023,77645600
2016-03-29,24.433897018432617,24.458857489993516,23.798542393394982,23.800811999319265,124760400
2016-03-30,24.860490798950195,25.055635356609592,24.642655376000597,24.65400167424672,182404400
2016-03-31,24.731155395507812,24.937646288426613,24.70619491985384,24.896802031102144,103553600
2016-04-01,24.958059310913086,24.960328916460174,24.551886478073747,24.68349590057624,103496000
2016-04-04,25.214481353759766,25.45727731026458,25.021604621237042,25.05564179351767,149424800
2016-04-05,24.917221069335938,25.12598154991124,24.828725474901645,24.849148467341518,106314800
2016-04-06,25.178173065185547,25.182712277858766,24.77880717885951,25.012528157863297,105616400
2016-04-07,24.629039764404297,25.055633893028244,24.53373709703117,24.94898492807177,127207600
2016-04-08,24.656278610229492,24.90814954039236,24.545090394208763,24.71300665592076,94326800
2016-04-11,24.737958908081055,25.098750084172945,24.694846781893023,24.72661434064299,117630000
2016-04-12,25.060178756713867,25.07379293192292,24.656275400956712,24.810574003198916,108929200
2016-04-13,25.42323875427246,25.49131136392623,25.141868159058266,25.141868159058266,133029200
2016-04-14,25.43684959411621,25.502654319993418,25.262128014595618,25.327932740472825,101895600
2016-04-15,24.926300048828125,25.48223587105358,24.899071698013767,25.439122007327693,187756000
2016-04-18,24.388517379760742,24.722076768763625,24.265984617366893,24.70846259445394,243286000
2016-04-19,24.25918197631836,24.50651542135294,24.104881624787666,24.479285336540745,129539600
2016-04-20,24.30909538269043,24.526930815436103,24.066299477642445,24.197908925926956,122444000
2016-04-21,24.04587745666504,24.263712882519787,23.943765964694265,24.263712882519787,126210000
2016-04-22,23.980072021484375,24.16160240323268,23.73954573718959,23.828041322211334,134732400
2016-04-25,23.84392738342285,23.97326723015994,23.71458753668576,23.82577399726974,112126400
2016-04-26,23.67828369140625,23.89385128341724,23.57844351762662,23.57844351762662,224064800
2016-04-27,22.196544647216797,22.398496305875128,21.71095282401562,21.783564636890503,458408400
2016-04-28,21.518075942993164,22.210156844152678,21.386466502871624,22.148891335793763,328970800
2016-04-29,21.270742416381836,21.493117063784947,20.99164146812114,21.32747044844157,274126000
2016-05-02,21.248046875,21.34788874344354,20.966676382624843,21.322928276332657,192640400
2016-05-03,21.597497940063477,21.724568186747554,21.257129723986328,21.37512327716407,227325200
2016-05-04,21.372854232788086,21.76087377014154,21.28889612084995,21.60203423927497,164102000
2016-05-05,21.286108016967773,21.475592240851228,21.158264078802084,21.459611748580514,143562000
2016-05-06,21.167396545410156,21.334050005697474,20.96878035807143,21.315787829623474,174799600
2016-05-09,21.183368682861328,21.407095491776737,21.137708906327912,21.23131014191463,131745600
2016-05-10,21.327198028564453,21.361442433506753,21.02813382500346,21.306652430644746,134747200
2016-05-11,21.11945343017578,21.36144422639103,21.108038046989318,21.340898626746913,114876400
2016-05-12,20.62405776977539,21.18109511037631,20.42544331013796,21.167398041916677,305258800
2016-05-13,20.665145874023438,20.92768398901416,20.54643391112598,20.54643391112598,177571200
2016-05-16,21.432209014892578,21.548639273749824,20.923115108488627,21.09205193583078,245039200
2016-05-17,21.34317398071289,21.61940910282761,21.233593998287464,21.585166446908676,187667600
2016-05-18,21.587448120117188,21.73583934875711,21.43449178460419,21.49613204871639,168249600
2016-05-19,21.505268096923828,21.60571789280802,21.36144367787928,21.60571789280802,121768400
2016-05-20,21.73812484741211,21.78606631199504,21.578318223726427,21.605714092806352,128104000
2016-05-23,22.014362335205078,22.18786604099745,21.840858629412708,21.88651841606479,152074400
2016-05-24,22.349950790405273,22.393325403609666,22.10795831420649,22.194711024100247,140560800
2016-05-25,22.742616653442383,22.77001077987523,22.39789271464138,22.525736615974722,152675200
2016-05-26,22.9229736328125,22.99602755472697,22.518892766486445,22.7563184481442,225324800
2016-05-27,22.909271240234375,22.936667109819066,22.6581485318072,22.70152488988064,145364800
2016-05-31,22.797407150268555,22.920685947159715,22.559981512745864,22.73805030545224,169228800
2016-06-01,22.477792739868164,22.724350301749695,22.44811519217111,22.60563662747681,116693200
2016-06-02,22.308860778808594,22.336254908260422,22.060019738583946,22.281464907614048,160766400
2016-06-03,22.354511260986328,22.434413681098395,22.24721297894635,22.324833716871023,114019600
2016-06-06,22.516611099243164,23.26084918429147,22.270055182124587,22.370503244008813,93170000
2016-06-07,22.60791778564453,22.799685339578584,22.591937301295207,22.658142662668737,89638000
2016-06-08,22.587377548217773,22.72891851693019,22.52802070296341,22.605639719129243,83392400
2016-06-09,22.749467849731445,22.82708687270618,22.47779778583443,22.486929742962527,106405600
2016-06-10,22.56226348876953,22.680975429038394,22.482361053805636,22.493774692090504,126851600
2016-06-13,22.222103118896484,22.628467280129144,22.167313130426706,22.530300940677026,152082000
2016-06-14,22.24950408935547,22.482364641833097,22.087415769205567,22.217543110269162,127727600
2016-06-15,22.176448822021484,22.466382782582944,22.151336376878596,22.3316886002945,117780800
2016-06-16,22.27005386352539,22.3157119124291,21.93217837971201,22.018929369326226,125307200
2016-06-17,21.76323127746582,22.06457878709406,21.75638274752415,22.05773025715239,244032800
2016-06-20,21.710729598999023,22.046321602416025,21.694749110347864,21.916194268615826,137647600
2016-06-21,21.895648956298828,21.99609699694683,21.614846947226162,21.67420379516088,142185600
2016-06-22,21.813461303710938,22.119373991624283,21.767801523747558,21.97326617922649,116876400
2016-06-23,21.939023971557617,21.982400331420813,21.744974677118222,21.9024978856802,128960800
2016-06-24,21.322633743286133,21.6102843174583,21.151413453712223,21.21077030845251,301245600
2016-06-27,21.01215171813965,21.242728835816965,20.888872914878785,21.231313454466964,181958400
2016-06-28,21.366008758544922,21.38199099127223,21.034983555977806,21.208487273625018,161779600
2016-06-29,21.550918579101562,21.585162971248856,21.37513151222512,21.452752250541796,146124000
2016-06-30,21.824874877929688,21.863684384477043,21.528094146885635,21.56005512189434,143345600
2016-07-01,21.891080856323242,22.023491608865225,21.763236952761357,21.79976303588937,104106000
2016-07-05,21.685619354248047,21.779220612804796,21.56462396479103,21.77693718798217,110820800
2016-07-06,21.808889389038086,21.838568674555958,21.544069693733288,21.596576251316726,123796400
2016-07-07,21.902494430541992,22.03033832355948,21.829440528568796,21.847702697755288,100558400
2016-07-08,22.071428298950195,22.119369752416816,21.927603938550334,22.028051951733747,115648400
2016-07-11,22.139921188354492,22.292877531346107,22.08284777006725,22.087412877163526,95179600
2016-07-12,22.24036979675293,22.304291748213068,22.17188273807816,22.183296376986014,96670000
2016-07-13,22.11480712890625,22.297441009033772,22.10795685614867,22.238085912407072,103568800
2016-07-14,22.553138732910156,22.598796784110313,22.21754665718568,22.233527149280036,155676000
2016-07-15,22.550853729248047,22.669567440847203,22.486931765345215,22.58281471119946,120548000
2016-07-18,22.79056167602539,22.8590487445468,22.50975964403351,22.53258866687398,145975600
2016-07-19,22.79969024658203,22.829367797691717,22.67869313419053,22.72891802202426,95119600
2016-07-20,22.820234298706055,22.93438112997714,22.77000941426799,22.829366254216833,105104000
2016-07-21,22.699237823486328,23.057658786437496,22.630749031384134,22.790555632375142,130808000
2016-07-22,22.523462295532227,22.669570156740896,22.443558089338,22.660438197697466,113254800
2016-07-25,22.222103118896484,22.564543594881684,22.126220203638788,22.42985117703049,161531600
2016-07-26,22.06915283203125,22.365935355821208,22.012079403744163,22.10339723735206,224959200
2016-07-27,23.502832412719727,23.822443896116138,23.457174375838438,23.80417998466664,369379200
2016-07-28,23.820165634155273,23.845278082405198,23.47315995012255,23.475443374984227,159479200
2016-07-29,23.79048728942871,23.86810805646754,23.66949190191264,23.7859221815995,110934800
2016-08-01,24.210538864135742,24.23336787756709,23.836137470286992,23.836137470286992,152671600
2016-08-02,23.852123260498047,24.215109357517452,23.742541533208858,24.210544250512367,135266400
2016-08-03,24.15118980407715,24.162603443592992,23.918329263648154,23.927461220306412,120810400
2016-08-04,24.300384521484375,24.330222843604336,24.164960672402692,24.23382049412938,109634800
2016-08-05,24.669925689697266,24.708945433503356,24.37153549913559,24.392192392499588,162213600
2016-08-08,24.874216079711914,24.874216079711914,24.596484438846236,24.6791137916981,112148800
2016-08-09,24.97520637512207,25.00504645278835,24.791583075600197,24.84208005210165,105260800
2016-08-10,24.789283752441406,24.995861467280687,24.734196945543605,24.952250129931834,96034000
2016-08-11,24.773204803466797,25.00273509841185,24.754841959588667,24.908626836919332,109938000
2016-08-12,24.830598831176758,24.890277225720805,24.7387863206116,24.7387863206116,74641600
2016-08-15,25.128990173339844,25.14276143762645,24.80764724762058,24.821418511907186,103472800
2016-08-16,25.10603904724121,25.30114132335312,25.067019292490144,25.163421657585115,135177600
2016-08-17,25.069305419921875,25.103735323086898,24.867317588648465,25.041761147154332,101424000
2016-08-18,25.037172317504883,25.156527335275623,25.023399304978412,25.071602222054533,87938800
2016-08-19,25.1014404296875,25.177185869132227,24.871910068590267,24.966016606027736,101472400
2016-08-22,24.90634536743164,25.04176746924466,24.75485445573091,24.98668066097988,103280800
2016-08-23,24.984386444091797,25.092266024173128,24.91093677804168,24.9247080431829,85030800
2016-08-24,24.796171188354492,24.96143337224892,24.715835890955297,24.920117826275312,94700400
2016-08-25,24.69058609008789,24.761739956685368,24.48630416564258,24.64927054631367,100344800
2016-08-26,24.54598045349121,24.777804886415755,24.401375187116802,24.653860016920405,111065200
2016-08-29,24.5184383392334,24.66074782393342,24.396787502056984,24.47253295768013,99881200
2016-08-30,24.33022689819336,24.444992119411253,24.215461676975465,24.284321510177524,99455600
2016-08-31,24.353179931640625,24.46105952127762,24.247596136789912,24.252187726362475,118649600
2016-09-01,24.497779846191406,24.51384690380565,24.243000967467008,24.362356002433113,106806000
2016-09-02,24.727317810058594,24.78929026520307,24.518444245962048,24.720430425106116,107210000
2016-09-06,24.72042465209961,24.858144300131595,24.676815064655678,24.766331785169626,107521600
2016-09-07,24.87190818786621,24.96372067559811,24.575813834299048,24.7502573858719,169457200
2016-09-08,24.220041275024414,24.621719379456742,24.15577305850365,24.617129543067072,212008000
2016-09-09,23.671472549438477,24.265957272092685,23.671472549438477,24.018063988101474,186228000
2016-09-12,24.201688766479492,24.26595700580643,23.533754383807,23.561298665452053,181171200
2016-09-13,24.777809143066406,24.97061561429576,24.614842748400825,24.676816944973126,248704800
2016-09-14,25.654613494873047,25.943822305632303,24.927002505821523,24.95684258027059,443554800
2016-09-15,26.52682876586914,26.563554471137767,26.049405104445068,26.134331984495258,359934400
2016-09-16,26.377622604370117,26.65535406721727,26.17563656352963,26.423529716727465,319547600
2016-09-19,26.0700626373291,26.66684131301639,25.994317186833108,26.43960671270635,188092000
2016-09-20,26.067773818969727,26.1940162702464,25.82447209597658,25.948418752363203,138057200
2016-09-21,26.063169479370117,26.16416163302315,25.80839067485868,26.132027527154808,144012800
2016-09-22,26.308780670166016,26.382230343730097,26.166471161495082,26.246806468334178,124296000
2016-09-23,25.870372772216797,26.347796453996345,25.60411840237926,26.262869570325204,209924800
2016-09-26,25.909393310546875,26.026454315670296,25.604119181294394,25.624776078633626,119477600
2016-09-27,25.957592010498047,25.978250657042995,25.785444211061336,25.936935115131067,98429600
2016-09-28,26.15498924255371,26.31336578415655,26.035634201133718,26.09531259743273,118564400
2016-09-29,25.748722076416016,26.120561979886286,25.661501148965108,25.973662654085757,143548000
2016-09-30,25.948410034179688,26.021859685377926,25.661497060565043,25.81298620002111,145516400
2016-10-03,25.826765060424805,25.9484176680161,25.77167824361444,25.870376405621275,86807200
2016-10-04,25.936933517456055,26.237617761573542,25.852006644541238,25.950704780185752,118947200
2016-10-05,25.948410034179688,26.08842370539786,25.865778957684444,26.028745316556225,85812400
2016-10-06,26.141220092773438,26.24450808406431,25.966776478578595,26.097608751430183,115117200
2016-10-07,26.18023681640625,26.295002016199266,26.053996147340715,26.23761941630276,97433600
2016-10-10,26.637006759643555,26.7976773581074,26.331730871384064,26.400588948792205,144944000
2016-10-11,26.69439125061035,27.24296886988696,26.671436805342566,27.015732470219678,256164000
2016-10-12,26.933095932006836,27.079996997108335,26.797673838399614,26.935391726305692,150347200
2016-10-13,26.8504638671875,26.956047628874412,26.561255106197756,26.80685253583808,140769600
2016-10-14,26.99965476989746,27.123601370552876,26.88488959349552,27.057037358098434,142608800
2016-10-17,26.981304168701172,27.047866455871723,26.80456474762842,26.930807191251812,94499600
2016-10-18,26.96293830871582,27.132790326610266,26.958346719725693,27.12590469430318,98214000
2016-10-19,26.88259506225586,27.029494345286416,26.120554374843245,26.912433377154144,80138400
2016-10-20,26.868833541870117,26.942283214798543,26.70127729636699,26.822928152981728,96503200
2016-10-21,26.76324462890625,26.834400244608954,26.68979497002262,26.811445803375694,92770800
2016-10-24,27.00425148010254,27.024908375208078,26.855056372243375,26.87800906164218,94154800
2016-10-25,27.141971588134766,27.167220073892395,26.926212437543427,27.073111763127034,192516000
2016-10-26,26.531423568725586,26.556672058028454,26.008094428954056,26.23762487630496,264536800
2016-10-27,26.276641845703125,26.59339317792539,26.189419170017576,26.48551360611097,138248000
2016-10-28,26.102197647094727,26.444197456419218,26.040223457772857,26.136627557698212,151446800
2016-10-31,26.06088638305664,26.219262947126765,25.982845122798068,26.08613487156574,105677600
2016-11-01,25.590335845947266,26.113664714980434,25.36998694062685,26.04251087348937,175303200
2016-11-02,25.61330223083496,25.78774586422669,25.530672879416112,25.56969263587081,113326800
2016-11-03,25.33875274658203,25.714807528457555,25.274154551920596,25.604068269086177,107730400
2016-11-04,25.1103515625,25.435651901081993,24.94193507982462,25.03883237891201,123348000
2016-11-07,25.472562789916992,25.495633320905657,25.253388345102945,25.396428453502573,130240000
2016-11-08,25.62252426147461,25.774792947021243,25.30876008535018,25.449492624354615,97016800
2016-11-09,25.58099365234375,25.68250609768503,24.928089021192104,25.350284829418023,236705600
2016-11-10,24.86810302734375,25.62944104994387,24.41591396757778,25.62944104994387,228538000
2016-11-11,25.01576042175293,25.11727287797562,24.58202842182032,24.71353239457752,136575600
2016-11-14,24.388233184814453,24.8727214349155,24.012178379675365,24.849650901133337,204702000
2016-11-15,24.711227416992188,24.842731403605516,24.49205469269297,24.58664441491077,129058000
2016-11-16,25.375667572021484,25.43103896695081,24.593564660376547,24.61663519484596,235362000
2016-11-17,25.366443634033203,25.45872754891599,25.108050784564522,25.334144527849617,110528000
2016-11-18,25.39181900024414,25.50256003812467,25.29953685554096,25.31337882521262,113715600
2016-11-21,25.7771053314209,25.837088376144262,25.38028575472583,25.405663873712314,117058400
2016-11-22,25.79325294494629,25.936291321026165,25.70096904285567,25.82785786808237,103862000
2016-11-23,25.661745071411133,25.726343265043884,25.454106763185315,25.69173658697812,109705600
2016-11-25,25.79094123840332,25.809398367903256,25.597144898991463,25.63867256028195,45903600
2016-11-28,25.740190505981445,25.947828856749243,25.698662835827886,25.707891402547467,108776000
2016-11-29,25.714811325073242,25.84631531509791,25.394126125536435,25.55792921766056,114115200
2016-11-30,25.497947692871094,25.885538728036646,25.440270465972464,25.747113735513793,144649200
2016-12-01,25.260313034057617,25.594841943058903,25.154187167806192,25.463337960946383,148347600
2016-12-02,25.35490608215332,25.39873957212392,25.11266105582341,25.18648782648706,106112000
2016-12-05,25.172639846801758,25.38489154176124,24.97423011798396,25.3779705586904,137298000
2016-12-06,25.366443634033203,25.461035130834613,25.191106131942103,25.26262532989586,104782000
2016-12-07,25.61560821533203,25.652522483247672,25.18418371012533,25.207254247488017,119994800
2016-12-08,25.867074966430664,25.93859414134256,25.516396554890573,25.576381344264036,108273200
2016-12-09,26.289268493652344,26.462300103115176,25.91090618177377,25.91090618177377,137610400
2016-12-12,26.13931655883789,26.531520947030724,25.95244117090472,26.137008977212552,105497600
2016-12-13,26.575355529785156,26.743772020655907,26.243134190840433,26.263897144439976,174935200
2016-12-14,26.575355529785156,26.808370223190934,26.526906877883885,26.540748846950247,136127200
2016-12-15,26.72069549560547,26.930641366950493,26.584578136515177,26.61918305142382,186098000
2016-12-16,26.755306243896484,26.877581655638462,26.681479480571014,26.870660671603087,177404400
2016-12-19,26.90987205505371,27.08059606001987,26.704541380929573,26.716077524038337,111117600
2016-12-20,26.981399536132812,27.108290108794712,26.919108920569876,26.93295088843523,85700000
2016-12-21,27.00678062438965,27.085222557991226,26.942182420346608,26.946797583589138,95132800
2016-12-22,26.829133987426758,26.879890219099067,26.679172873895556,26.842975956003226,104343600
2016-12-23,26.8821964263916,26.8821964263916,26.66763710953097,26.66763710953097,56998000
2016-12-27,27.05292320251465,27.177506206360043,26.875276382891595,26.8821973675215,73187600
2016-12-28,26.93756675720215,27.228258651006673,26.808368599786792,27.112904221988366,83623600
2016-12-29,26.930644989013672,27.01831371885434,26.85451064563767,26.866045032102345,60158000
2016-12-30,26.72069549560547,27.039073033945257,26.630719196505776,26.91218423888681,122345200
2017-01-03,26.79683494567871,26.838362611667527,26.476149765052995,26.71608719519183,115127600
2017-01-04,26.766845703125,26.8798943310228,26.704555074833102,26.727625612712725,84472400
2017-01-05,26.9029598236084,26.960637037575456,26.718392034846257,26.743770149805272,88774400
2017-01-06,27.202880859375,27.26055807083818,26.870659558093067,26.942178737053393,127007600
2017-01-09,27.452045440673828,27.553557897454613,27.209802205404447,27.212108026572132,134247600
2017-01-10,27.479734420776367,27.542025042957096,27.292860794065135,27.40129248747833,97848400
2017-01-11,27.627389907836914,27.66891757894022,27.362074329130742,27.394373433303407,110354400
2017-01-12,27.51202964782715,27.523565794095013,27.27209223883968,27.43128190445848,108344800
2017-01-13,27.463581085205078,27.597392637575958,27.410517276448072,27.47973063392785,104447600
2017-01-17,27.685060501098633,27.740430129253582,27.274399051959335,27.30208298595244,137759200
2017-01-18,27.682754516601562,27.800416523365154,27.61815632000001,27.685062097957,94852000
2017-01-19,27.634307861328125,27.70582704698302,27.539718140962194,27.546639125358606,102389200
2017-01-20,27.685060501098633,27.788878773910255,27.622769889445408,27.788878773910255,130391600
2017-01-23,27.703516006469727,27.871932462283795,27.63199507411993,27.685058878110514,88200800
2017-01-24,27.678138732910156,27.70813024727532,27.569705300728,27.5812414463439,92844000
2017-01-25,28.118793487548828,28.169549715243004,27.749659686366844,27.781958783959716,129510400
2017-01-26,28.13263511657715,28.24798953085189,28.054193199582617,28.070342747174333,105350400
2017-01-27,28.134944915771484,28.227228812273786,28.05419716639532,28.17878016264809,82251600
2017-01-30,28.061120986938477,28.061120986938477,27.837334847524577,27.899625471862652,121510000
2017-01-31,27.996522903442383,28.005751470082693,27.828106402721776,27.950381830409942,196804000
2017-02-01,29.703771591186523,30.10520635418734,29.30233858835497,29.306951991991745,447940000
2017-02-02,29.653011322021484,29.851421094665223,29.4799796663556,29.526122497301248,134841600
2017-02-03,29.779903411865234,29.80528153012559,29.567651659295976,29.602256584042724,98029200
2017-02-06,30.05905532836914,30.107505737124626,29.738370159032435,29.79143573060696,107383600
2017-02-07,30.345129013061523,30.47432538134433,30.095963079800253,30.116726027487775,152735200
2017-02-08,30.462799072265625,30.504328501385984,30.273619620583087,30.30361290159567,92016400
2017-02-09,30.682926177978516,30.689877169847744,30.381703566441082,30.504509136932313,113399600
2017-02-10,30.613405227661133,30.803408387165437,30.597187429137758,30.69218900888991,80262000
2017-02-13,30.88450813293457,31.007317223596722,30.75938675940807,30.83585119596343,92141600
2017-02-14,31.285356521606445,31.301574316387672,30.87523051837389,30.926206791571133,132904800
2017-02-15,31.398900985717773,31.575002176378174,31.192680014234295,31.40122033965837,142492400
2017-02-16,31.361833572387695,31.489270771147325,31.243659647980255,31.435978658815067,90338400
2017-02-17,31.44756317138672,31.473051316920234,31.30390464325276,31.30390464325276,88792800
2017-02-21,31.674625396728516,31.686211555971237,31.507794603311645,31.56572186392585,98028800
2017-02-22,31.769643783569336,31.77195960240499,31.53793461835786,31.61207971271287,83347600
2017-02-23,31.635236740112305,31.85535963345978,31.581944647861764,31.83219084950716,83152800
2017-02-24,31.66536521911621,31.66536521911621,31.345605542199582,31.491583400896328,87106400
2017-02-27,31.727928161621094,31.846102075818177,31.577318647590236,31.77658863257294,81029600
2017-02-28,31.7418212890625,31.846089645431313,31.674623690434252,31.76267425321642,93931600
2017-03-01,32.390621185302734,32.47403662243283,31.883181106329225,31.95037520553905,145658400
2017-03-02,32.19830322265625,32.5041574448838,32.151958566790725,32.43927916939308,104844000
2017-03-03,32.3883056640625,32.399891829026096,32.11257120169423,32.156596507195204,84432400
2017-03-06,32.28636169433594,32.38599849691848,32.114899135234296,32.293312688050754,87000000
2017-03-07,32.32805252075195,32.434636719888175,32.15890234311395,32.22146478601568,69785200
2017-03-08,32.20757293701172,32.39294097038813,32.16586698569264,32.195986772000474,74828800
2017-03-09,32.1334228515625,32.158910999190404,31.755739345659407,32.147328370305814,88623600
2017-03-10,32.24000930786133,32.29098560105037,32.12415473890458,32.26549745445585,78451200
2017-03-13,32.25390625,32.30719835342371,32.1658591955609,32.17281018576398,69686800
2017-03-14,32.20524597167969,32.35817127585512,32.17048748867623,32.277075220046925,61236400
2017-03-15,32.54586410522461,32.61305819344029,32.214518229649315,32.302568825435856,102767200
2017-03-16,32.59916687011719,32.67563132794159,32.49953007879387,32.60611786304653,76928000
2017-03-17,32.436954498291016,32.67097938989916,32.41378217668234,32.67097938989916,175540000
2017-03-20,32.7775764465332,32.78684325645368,32.492571659166025,32.53196178862959,86168000
2017-03-21,32.40219497680664,33.08805536859066,32.3767068380944,32.9281755471775,158119600
2017-03-22,32.7682991027832,32.81000857751978,32.38366116461315,32.404517669781505,103440800
2017-03-23,32.6524543762207,32.80538327023991,32.58062510237565,32.731234642011984,81385200
2017-03-24,32.58758544921875,32.84246701241944,32.52039132924886,32.78685552528414,89582400
2017-03-27,32.643184661865234,32.721964920648965,32.11951974448904,32.29793677164116,94300400
2017-03-28,33.31977081298828,33.37537873675065,32.582934002732934,32.65013162474638,133499200
2017-03-29,33.393917083740234,33.479651861939736,33.178429300256255,33.29196450573039,116760000
2017-03-30,33.349891662597656,33.48196755696947,33.250258438928164,33.41013829607275,84829200
2017-03-31,33.28732681274414,33.4286694909784,33.1367137915044,33.30122879165244,78646800
2017-04-03,33.29658889770508,33.39390627186061,33.145979433426156,33.29890825092746,79942800
2017-04-04,33.54452133178711,33.57232528736779,33.17378542457971,33.19232257350005,79565600
2017-04-05,33.37074661254883,33.704408292649255,33.322086144367354,33.4170877268738,110871600
2017-04-06,33.28732681274414,33.48659676016293,33.23866635096516,33.43330112688121,84596000
2017-04-07,33.21318054199219,33.407815331567654,33.19696274399432,33.303546946837955,66688800
2017-04-10,33.17378616333008,33.338301153911864,33.1112237262807,33.27342289904574,75733600
2017-04-11,32.81696319580078,33.21550315774776,32.45317818697687,33.12050157174401,121517600
2017-04-12,32.856361389160156,32.93745747822749,32.673309162828374,32.810020261750054,81400000
2017-04-13,32.68256759643555,32.99074110800135,32.68256759643555,32.881837553703654,71291600
2017-04-17,32.86330795288086,32.8748941170724,32.64086562144642,32.782208339141,66328400
2017-04-18,32.717323303222656,32.91195809326705,32.69647033334651,32.76598376853385,58790000
2017-04-19,32.596839904785156,32.90269766467193,32.543547792902174,32.874893699446176,69313600
2017-04-20,33.00464630126953,33.11586568446256,32.70805892235448,32.721960903303554,93278400
2017-04-21,32.96525192260742,33.06024995870025,32.8679345329221,33.00464204208006,69283600
2017-04-24,33.28269958496094,33.35452885019756,33.17611182855769,33.25026044789921,68537200
2017-04-25,33.488922119140625,33.57465337056667,33.33599323637989,33.345263582026504,75486000
2017-04-26,33.291961669921875,33.5051371524754,33.222451768654714,33.47501383819278,80164800
2017-04-27,33.31745147705078,33.403186252231365,33.20623209386567,33.34757479283859,56985200
2017-04-28,33.28501510620117,33.43562816204325,33.19696804102041,33.38696768908486,83441600
2017-05-01,33.96392059326172,34.10757910510044,33.58855297943781,33.62099211229172,134411600
2017-05-02,34.179412841796875,34.31380456283851,34.0241681473869,34.18636383291965,181408800
2017-05-03,34.075130462646484,34.17476718720592,33.42866380418619,33.73451789493751,182788000
2017-05-04,33.952335357666016,34.093678055158506,33.78550451683552,33.95001953939907,93487600
2017-05-05,34.5153923034668,34.52002394026559,34.005629407550984,34.005629407550984,109310800
2017-05-08,35.453819274902344,35.61369916990989,34.53161775666917,34.53161775666917,195009600
2017-05-09,35.680885314941406,35.88710627097497,35.555760421941116,35.6530778189412,156521600
2017-05-10,35.511749267578125,35.66931335565036,35.24528511271104,35.597484072282796,103222800
2017-05-11,35.81886291503906,35.846785196888355,35.437291531583206,35.469864568578416,109020400
2017-05-12,36.319087982177734,36.39353910020161,35.98637445264443,35.993354134015604,130108000
2017-05-15,36.22602462768555,36.447056185282094,36.074793443591716,36.29815037856705,104038800
2017-05-16,36.172515869140625,36.30978770118227,35.998016694451984,36.28186896929443,80194000
2017-05-17,34.95799255371094,35.963109251694405,34.83235474155996,35.737423425069245,203070800
2017-05-18,35.49079513549805,35.67692825249937,35.162739466373935,35.19531249558462,134272800
2017-05-19,35.61178970336914,35.82584159048891,35.51174521762394,35.68624438594715,107843200
2017-05-22,35.82815933227539,35.965431116451946,35.57688018231852,35.83048470905695,91865600
2017-05-23,35.7839469909668,36.03987685635827,35.669939642171336,36.03987685635827,79675600
2017-05-24,35.67693328857422,35.870046114080495,35.52104780176192,35.793266059347076,76712000
2017-05-25,35.80023956298828,35.91192155979556,35.60480139386626,35.76766653480128,76942400
2017-05-26,35.73975372314453,35.88633414933184,35.669953351141324,35.83049314169039,87710400
2017-05-30,35.75371170043945,35.930536225819196,35.67460627199543,35.695545317725745,80507600
2017-05-31,35.54198455810547,35.87004380259124,35.45357407214753,35.82351140731956,97804800
2017-06-01,35.63969039916992,35.674592345289625,35.41633356485247,35.63736502283909,65616400
2017-06-02,36.16786193847656,36.16786193847656,35.57223865073289,35.732778461140875,111082800
2017-06-05,35.8141975402832,35.935184590382875,35.70484802503569,35.90959124421167,101326800
2017-06-06,35.93518829345703,36.251613537729305,35.77930282351177,35.807221549414194,106499600
2017-06-07,36.14923095703125,36.29115702796211,35.942158842085554,36.06780017710927,84278400
2017-06-08,36.06082534790039,36.1887885264461,35.92355001151078,36.12131709685279,85003200
2017-06-09,34.66250228881836,36.1073564847244,33.973814454686796,36.1073564847244,259530800
2017-06-12,33.83422088623047,33.99010636502912,33.15716334309144,33.90867555979091,289229200
2017-06-13,34.106441497802734,34.30653400914587,33.771402543907755,34.2390625629672,136661600
2017-06-14,33.77373504638672,34.31817162899658,33.46661478940997,34.31817162899658,126124800
2017-06-15,33.57130432128906,33.615511335489884,33.08736319265339,33.34562204649527,128661600
2017-06-16,33.101318359375,33.62016137828679,33.08503007191551,33.45264195107154,201444400
2017-06-19,34.04826736450195,34.141335691738696,33.42472554788732,33.42472554788732,130165600
2017-06-20,33.738826751708984,34.171584773417386,33.72254201093951,34.171584773417386,99600400
2017-06-21,33.938926696777344,33.98546265249216,33.645769346826846,33.857495874666355,85063200
2017-06-22,33.88307571411133,34.132025936942306,33.76441404464621,33.91564874000118,76425200
2017-06-23,34.03430938720703,34.239056165261644,33.762091175581055,33.76674547968061,141757600
2017-06-26,33.92728805541992,34.49964325030576,33.82491465791016,34.24138437938582,102769600
2017-06-27,33.441009521484375,34.00638850216209,33.4154161758538,33.73882106144362,99047600
2017-06-28,33.92961883544922,33.99476490783932,33.308402220032775,33.61784783898308,88329600
2017-06-29,33.42938232421875,33.7667501897156,33.10365199569099,33.66903109115727,125997600
2017-06-30,33.508487701416016,33.727193848567445,33.452646701017585,33.608532166495024,92096400
2017-07-03,33.38749694824219,33.80629552940867,33.294432174735654,33.70857645216875,57111200
2017-07-05,33.5247688293457,33.68763395855312,33.2060182514545,33.4317040555682,86278400
2017-07-06,33.20835494995117,33.387508428254876,33.133903815585256,33.27582995160863,96515200
2017-07-07,33.54572296142578,33.678344051421426,33.24791129113522,33.24791129113522,76806800
2017-07-10,33.750457763671875,33.95752992219642,33.3572524901357,33.529426242805386,84362400
2017-07-11,33.85980987548828,33.93426453945927,33.59224597100433,33.6736767657546,79127200
2017-07-12,33.90867233276367,34.011042173875566,33.69462049193969,33.93891643459937,99538000
2017-07-13,34.380985260009766,34.54850472025517,33.838874166464805,33.85283352978623,100797600
2017-07-14,34.67646789550781,34.74394288511077,34.27861184032288,34.42751763264724,80528400
2017-07-17,34.79745864868164,35.109229629681195,34.567122029227185,34.625288415989544,95174000
2017-07-18,34.918434143066406,34.93006812659822,34.59037497851314,34.71368739352508,71475200
2017-07-19,35.13716125488281,35.230226078377214,34.88820734923234,35.011519837950374,83692000
2017-07-20,34.978939056396484,35.30467296695641,34.94404064285544,35.24883195509608,68974800
2017-07-21,34.962642669677734,35.00219537525002,34.63923779452226,34.897496619300625,105010400
2017-07-24,35.3860969543457,35.46753130382192,34.876558913791825,35.0347733084386,85972800
2017-07-25,35.53733444213867,35.79326439582778,35.318628275219126,35.318628275219126,75415600
2017-07-26,35.70484161376953,35.81419110938193,35.61177330340691,35.67924827219394,63124000
2017-07-27,35.030128479003906,35.8281732490647,34.27163998094939,35.77233223287491,129905200
2017-07-28,34.78348922729492,34.95333403348105,34.7113634965937,34.874228622401866,68854800
2017-07-31,34.604339599609375,34.97660582806359,34.46474242658444,34.87655781471155,79383600
2017-08-01,34.91146469116211,34.95101740660357,34.529893350803725,34.69043314007424,141474400
2017-08-02,36.561058044433594,37.168315166628524,36.333046839030644,37.05896209307738,279747200
2017-08-03,36.19578170776367,36.57735307186901,36.06781494384535,36.540125731421035,108389200
2017-08-04,36.38655471801758,36.62154557760777,36.2236895900742,36.312103609612116,82239600
2017-08-07,36.949607849121094,36.97520119637969,36.45170381624877,36.54244322013037,87481200
2017-08-08,37.24510192871094,37.65226664403892,36.82397784831713,36.900757906373755,144823600
2017-08-09,37.473106384277344,37.52196770334755,37.0194093508851,37.0543077572253,104526000
2017-08-10,36.27951431274414,37.372662994549984,36.118344133318566,37.34930365452444,163217200
2017-08-11,36.78404998779297,37.03865401463654,36.45470603734179,36.57850272339743,105028400
2017-08-14,37.33763122558594,37.421719868169966,37.080692716541634,37.21383455235602,88490800
2017-08-15,37.74639129638672,37.88653664504959,37.40536417611742,37.526826329599835,117862000
2017-08-16,37.594573974609375,37.958956980069274,37.40770988961722,37.825818680752455,110686400
2017-08-17,36.87282180786133,37.538524118769324,36.8681492247434,37.494143489490575,111762400
2017-08-18,36.788726806640625,37.255885242280506,36.60653530187195,36.872815467621244,109712400
2017-08-21,36.72099685668945,36.879829041942024,36.230478987387535,36.78873327354443,105474000
2017-08-22,37.3212776184082,37.37266531835174,36.91017958299497,36.95922921030965,86418400
2017-08-23,37.367984771728516,37.48243981795694,37.11104989091512,37.15543049178194,77596400
2017-08-24,37.20215606689453,37.54551773804493,37.03397877636636,37.47310520018072,79275600
2017-08-25,37.3399658203125,37.50347052456554,37.20215496702317,37.29091262696897,101920400
2017-08-28,37.716026306152344,37.83982297272242,37.3563124128417,37.40536560343317,103864000
2017-08-29,38.05238723754883,38.101436872228,37.372670929623744,37.39603027460902,118067600
2017-08-30,38.1551513671875,38.28128252604773,37.982301532175356,38.26026126026012,109078400
2017-08-31,38.30698013305664,38.42844228753387,38.18551797857941,38.22289149751624,107140400
2017-09-01,38.31867218017578,38.52655754572336,38.22056933438058,38.49385659712495,66364400
2017-09-05,37.85850524902344,38.36537152580828,37.50346397880256,38.24858196256381,117874000
2017-09-06,37.81880569458008,38.07107163537819,37.494130778616245,38.00566975044558,86606800
2017-09-07,37.6669807434082,37.895890927011024,37.45676088775377,37.86085190831144,87714000
2017-09-08,37.05267333984375,37.641290416496794,37.02931399185474,37.573554009946434,114446000
2017-09-11,37.72304916381836,37.85151846512926,37.34698642587366,37.48946991203001,126323200
2017-09-12,37.573543548583984,38.29764036500427,37.085363963104975,37.98230707562944,286856000
2017-09-13,37.29090881347656,37.36332134179477,36.884483385057884,37.342296510148905,179629600
2017-09-14,36.97091293334961,37.23252047872907,36.92653231815799,37.13675572209691,95042800
2017-09-15,37.34464645385742,37.59924694567227,36.90551638420538,37.015298901618394,196458400
2017-09-18,37.062015533447266,37.48946594670416,36.90551787899848,37.39837019070752,113077600
2017-09-19,37.07602310180664,37.318947450546545,37.00828670625804,37.25821458129381,83242400
2017-09-20,36.45470428466797,36.9662396943106,35.931485639078424,36.882151047057555,211805600
2017-09-21,35.828712463378906,36.391639176912975,35.679221921624595,36.391639176912975,150046800
2017-09-22,35.47834396362305,35.56710519869088,35.1676832050213,35.39658981930944,186581600
2017-09-25,35.16535568237305,35.464336827737114,34.84068067776037,35.03455187679332,177549200
2017-09-26,35.77030944824219,35.95250089277595,35.43162040720556,35.4526416744668,146640000
2017-09-27,36.02492141723633,36.139376515947696,35.86375118824096,35.924484065332535,102016800
2017-09-28,35.80301284790039,36.036592004561605,35.66753650934068,35.94549627602914,88022000
2017-09-29,35.99922561645508,36.00156368953137,35.50403884674758,35.78667125052367,105199200
2017-10-02,35.926822662353516,36.076313234753755,35.6722221438203,36.03193260848649,74795200
2017-10-03,36.08331298828125,36.225796439570175,35.950174700693445,35.97353048167491,64921200
2017-10-04,35.84973907470703,35.93850032226484,35.6114908272669,35.884778097544356,80655200
2017-10-05,36.295875549316406,36.30755522336761,35.982880243906436,36.01324311947623,85135200
2017-10-06,36.274845123291016,36.31922573500782,36.10199525769272,36.197763570962124,69630400
2017-10-09,36.40098571777344,36.608871086309875,36.31923512717011,36.393978626125616,65051600
2017-10-10,36.415000915527344,36.905518729356835,36.22814038086491,36.45237444811433,62468000
2017-10-11,36.56682205200195,36.667259390567565,36.37995799154572,36.43134569727457,67622400
2017-10-12,36.438358306884766,36.758360697646054,36.37529091954937,36.52011245950976,64500400
2017-10-13,36.66959762573242,36.73733402132811,36.53412127040553,36.60886475643748,65576800
2017-10-16,37.34464645385742,37.372674819448484,36.82376223238343,36.88215703678882,96486000
2017-10-17,37.482444763183594,37.57587499323616,37.19280534740493,37.32127458682832,75989200
2017-10-18,37.31660461425781,37.53850766337808,37.27923465810577,37.470767712340816,65496800
2017-10-19,36.43367385864258,36.690612342523615,36.20943987646902,36.6135307973593,170336800
2017-10-20,36.49674987792969,36.847118676757816,36.42901347837597,36.58083853221387,95896400
2017-10-23,36.478065490722656,36.833106894622944,36.32156784474707,36.646242810247216,87937200
2017-10-24,36.6953010559082,36.77004456144765,36.4850775955471,36.50609887234227,71028800
2017-10-25,36.53411102294922,36.80039107724475,36.26783096865369,36.65090058297593,84828400
2017-10-26,36.767704010009766,36.865806849735726,36.62054796835289,36.72565789919243,68002000
2017-10-27,38.085079193115234,38.21354843194133,37.06900851637727,37.20681935251125,177816800
2017-10-30,38.94232177734375,39.25765510087755,38.24158422650019,38.2812922600184,178803200
2017-10-31,39.48422622680664,39.62670968074788,38.993712047436944,39.2179460825386,144187200
2017-11-01,38.982025146484375,39.69444228409179,38.68304411236308,39.67809003241036,134551200
2017-11-02,39.266998291015625,39.35809403375087,38.6059687469068,38.9142949925557,165573600
2017-11-03,40.29240798950195,40.70350605749451,39.970067585062615,40.64277675462806,237594400
2017-11-06,40.701171875,40.87402175026953,40.11021683821548,40.262041878666054,140105200
2017-11-07,40.831974029541016,40.93474943433108,40.54934523050362,40.62175420275063,97446000
2017-11-08,41.16600036621094,41.16600036621094,40.71986322933421,40.79694479466913,97638000
2017-11-09,41.081912994384766,41.133300706214804,40.441904669678934,40.90205600297962,117930400
2017-11-10,40.945945739746094,41.11238472002674,40.852179617610815,41.04909062026387,100582000
2017-11-13,40.78184509277344,40.906086789416435,40.64822463962103,40.671667953947,67928400
2017-11-14,40.16533660888672,40.66699295104361,40.12782872348555,40.563848054664824,99130000
2017-11-15,39.63554000854492,39.926220673335955,39.471447527190236,39.8441726441847,116632400
2017-11-16,40.10906219482422,40.289562113801495,39.92152642033926,40.127812553020064,94550000
2017-11-17,39.88636779785156,40.17704847340767,39.766815466354466,40.09500044121785,87598000
2017-11-20,39.84651565551758,39.98247901957363,39.74806016643171,39.919184927679915,65049600
2017-11-21,40.5872917175293,40.71856574058504,40.03406292254518,40.03406292254518,100525200
2017-11-22,41.01392364501953,41.02329882517969,40.56618278223153,40.63885205355306,102355600
2017-11-24,41.01628112792969,41.14052287667197,40.94126535218767,41.04675673394351,56106800
2017-11-27,40.80997848510742,41.042054444243796,40.63416434008082,41.035022164598566,82867200
2017-11-28,40.57086944580078,40.992820486779046,40.287221081905564,40.85920361098861,105715200
2017-11-29,39.72930908203125,40.53571056706128,39.18545916369933,40.46773066862532,166665600
2017-11-30,40.28488540649414,40.352865306904945,39.485516178185506,39.95200745374328,166108800
2017-12-01,40.09735107421875,40.242689638583734,39.499582200892725,39.839488869427655,159037200
2017-12-04,39.804325103759766,40.46538446150413,39.76447432483086,40.43256596256573,130169600
2017-12-05,39.766815185546875,40.20752378606396,39.476134512043366,39.63085181779272,109400800
2017-12-06,39.61913299560547,39.89809203071307,39.02136772260137,39.265161780095205,114240000
2017-12-07,39.69180679321289,39.95435479627094,39.59569419318333,39.6238233143829,102693200
2017-12-08,39.70353317260742,40.085637174508584,39.574605622201844,39.96608480747924,93420800
2017-12-11,40.47710037231445,40.52867280288643,39.56755413526053,39.663666717412646,141095200
2017-12-12,40.24972915649414,40.411478788861885,40.19347090311334,40.35521695853212,77636800
2017-12-13,40.383338928222656,40.68104831176175,40.320044833043944,40.437254265698144,95273600
2017-12-14,40.371604919433594,40.584926880074136,40.23798449014877,40.413798585346534,81906000
2017-12-15,40.78184509277344,40.828728144477815,40.42787393891572,40.702143547181244,160677200
2017-12-18,41.35617446899414,41.539020891945086,40.99048162309225,40.99517100179425,117684400
2017-12-19,40.91547393798828,41.11473143720515,40.80998614655819,41.03034048867136,109745600
2017-12-20,40.87092971801758,41.121756038488414,40.61306754094667,40.99282494995297,93902400
2017-12-21,41.0256462097168,41.262411563773604,40.812327750992395,40.8287352123028,83799600
2017-12-22,41.0256462097168,41.12175880736465,40.906093870632915,40.94828755138669,65397600
2017-12-26,39.98483657836914,40.19581217388551,39.77620030738345,40.03875192798798,132742000
2017-12-27,39.991859436035156,40.034053114416345,39.783226791160686,39.87465000460123,85992800
2017-12-28,40.10437774658203,40.28488126469487,39.96372500419191,40.085623809133494,65920800
2017-12-29,39.67070388793945,39.98951369035496,39.66836098696915,39.97310622966674,103999600
2018-01-02,40.380985260009766,40.390364016042994,39.67772878930773,39.888707876686766,102223600
2018-01-03,40.373966217041016,40.91781978294062,40.31067568933175,40.44429260255542,118071600
2018-01-04,40.56150817871094,40.664653082783424,40.33881090507213,40.446641612457654,89738400
2018-01-05,41.02329635620117,41.11003018101677,40.56618034076445,40.65760354385179,94640000
2018-01-08,40.87092971801758,41.16629619425048,40.772470648992005,40.87092971801758,82271200
2018-01-09,40.866249084472656,41.037373887540824,40.65058411611103,40.91782153092313,86336000
2018-01-10,40.856868743896484,40.859215222157154,40.554469935001535,40.591977817686534,95839600
2018-01-11,41.08893966674805,41.138169203807585,40.90375033141539,40.92719007248573,74670800
2018-01-12,41.51322937011719,41.576523455189026,41.175665685663965,41.29990737828252,101672400
2018-01-16,41.30226516723633,42.05240490649083,41.29054350724283,41.7031194695957,118263600
2018-01-17,41.98441696166992,42.019578357968626,41.0397092936689,41.29287850091504,137547200
2018-01-18,42.02193832397461,42.218852954058185,41.78517647986893,42.04772455071477,124773600
2018-01-19,41.83440399169922,42.096952049742704,41.58826339880895,41.869565400562536,129700400
2018-01-22,41.49214172363281,41.67498816371669,41.39837560249429,41.56246810296082,108434400
2018-01-23,41.50151824951172,42.064125725414605,41.4499493850786,41.562469449479835,130756400
2018-01-24,40.8404655456543,41.56247626646925,40.601357239753824,41.550754604787556,204420400
2018-01-25,40.111412048339844,41.01157962956729,39.97544867769382,40.908434756873895,166116000
2018-01-26,40.2051887512207,40.32005531277849,39.86528202356672,40.32005531277849,156572000
2018-01-29,39.37299728393555,39.88871811273601,39.1643646205002,39.88871811273601,202561600
2018-01-30,39.14092254638672,39.23468867207913,38.60879066186384,38.80335877077658,184192800
2018-01-31,39.248748779296875,39.485514121767004,39.030740952174725,39.11747478744508,129915600
2018-02-01,39.330810546875,39.52772160341341,39.091702219964496,39.18781484647107,188923200
2018-02-02,37.624237060546875,39.101076987659056,37.530470922328185,38.91354113427278,346375200
2018-02-05,36.68421936035156,38.416575096607,36.56935279783622,37.296052906008704,290954000
2018-02-06,38.217315673828125,38.37906529853758,36.10051314382347,36.29508127376754,272975200
2018-02-07,37.3991813659668,38.30403826062876,37.28900779840522,38.2313689901966,206434400
2018-02-08,36.37009048461914,37.74144246457728,36.3419613615672,37.57500347364013,217562000
2018-02-09,36.814937591552734,37.16329095175609,35.36267691633134,36.97028567071552,282690400
2018-02-12,38.29780960083008,38.575549954605094,37.073858588541775,37.30688077719947,243278000
2018-02-13,38.68147659301758,38.77798108013177,38.04831808753436,38.11893121448457,130196800
2018-02-14,39.394657135009766,39.434670397688606,38.33782717155725,38.3754843889693,162579600
2018-02-15,40.717464447021484,40.74099975851867,39.77831824404765,39.964262648464526,204588800
2018-02-16,40.58564376831055,41.148192554732624,40.430299249571625,40.56916941260214,160704400
2018-02-20,40.44912338256836,41.016373396035,40.347910444638984,40.49619758069618,135722000
2018-02-21,40.26553726196289,40.98342696716154,40.25141176812373,40.67979529295451,149886400
2018-02-22,40.60211944580078,40.943411905444705,40.41617508774313,40.437357940269045,123967600
2018-02-23,41.30824661254883,41.34355136962207,40.84691076811192,40.87751061859656,135249600
2018-02-26,42.12500762939453,42.22386456603463,41.47537479224562,41.50832710445898,152648800
2018-02-27,41.98847198486328,42.48040400449576,41.934336836057554,42.15558952013026,155712400
2018-02-28,41.924930572509766,42.51336718436975,41.90845621497436,42.19325752385664,151128400
2018-03-01,41.1905517578125,42.315641969931974,40.63977609913264,42.023776195954,195208000
2018-03-02,41.47536087036133,41.49654372291683,40.590350053929036,40.67273260257573,153816000
2018-03-05,41.61894607543945,41.835490315892,41.077583678542055,41.23999275676447,113605600
2018-03-06,41.58363342285156,41.955525751096125,41.45653270912497,41.875499242767106,95154000
2018-03-07,41.19762420654297,41.390633141156364,41.01874076764662,41.17644135026552,126814000
2018-03-08,41.647178649902344,41.68954435025559,41.207029335754214,41.30353018373586,95096400
2018-03-09,42.36272430419922,42.36743280236171,41.75310488306619,41.88727014420893,128740800
2018-03-12,42.77228927612305,42.929989888626324,42.416874784499186,42.4357015992921,128828400
2018-03-13,42.36037063598633,43.19124275701398,42.188548169066856,42.977050990910776,126774000
2018-03-14,42.000247955322266,42.48982759809608,41.85196079476881,42.44275339219184,117473600
2018-03-15,42.049678802490234,42.42392721680228,41.91316466923111,42.01437404242875,90975200
2018-03-16,41.901390075683594,42.16029999793045,41.80723807452251,42.049673641273436,157618800
2018-03-19,41.26116943359375,41.7719319011392,40.87515522076287,41.73662714660922,133787200
2018-03-20,41.24705505371094,41.61423893390935,41.176441940242285,41.24705505371094,78597600
2018-03-21,40.3126220703125,41.211751471864225,40.31026602495378,41.19998201966833,148219600
2018-03-22,39.743003845214844,40.64448542985486,39.68416019344019,40.01368320676567,165963200
2018-03-23,38.82269287109375,39.99485754775119,38.82269287109375,39.63473464352793,164115200
2018-03-26,40.66567611694336,40.743350176373866,39.175754267573126,39.55941606646361,150164800
2018-03-27,39.622962951660156,41.225863550656555,39.28873141985822,40.87986256946427,163690400
2018-03-28,39.1851692199707,40.0183974601968,38.8815375134174,39.36640869913229,166674000
2018-03-29,39.49115753173828,40.42559515689415,39.284026695472384,39.49821848374443,153594000
2018-04-02,39.232242584228516,39.76419155989348,38.71206665019576,39.22282917906744,150347200
2018-04-03,39.63473129272461,39.71946629782122,38.8085676866813,39.45820033140096,121112000
2018-04-04,40.39264678955078,40.48679521983576,38.78268492756375,38.808576284621985,138422000
2018-04-05,40.672733306884766,41.00931727508891,40.503263300443166,40.62095060538697,107732800
2018-04-06,39.632381439208984,40.597415269493986,39.59001213811566,40.24200087033369,140021200
2018-04-09,40.02545928955078,40.74099663345534,39.978385078634915,39.98544603069569,116070800
2018-04-10,40.778656005859375,40.95518698423972,40.37381134145123,40.71981234639926,113634400
2018-04-11,40.58799362182617,40.93634699864833,40.413815137649536,40.5385633791777,89726400
2018-04-12,40.98814010620117,41.19056244243671,40.729226562807334,40.816317622784545,91557200
2018-04-13,41.12699890136719,41.38826482592905,40.91987171550689,41.13876834854279,100497200
2018-04-16,41.383567810058594,41.47065527100543,41.150545641067694,41.19761984721377,86313600
2018-04-17,41.95317840576172,42.117939940479125,41.522442370444146,41.541272773202145,106421600
2018-04-18,41.85902404785156,42.089693775070444,41.63306641047342,41.851963096154236,83018000
2018-04-19,40.672733306884766,41.2823526845261,40.63978100516176,40.89869092111922,139235200
2018-04-20,39.00628662109375,40.30084717404898,38.938025962498145,40.15491604282429,261964400
2018-04-23,38.893306732177734,39.28873440268623,38.62262374177616,39.26755154709441,146062000
2018-04-24,38.35195541381836,39.14987552856379,37.94711062960497,38.994527359649425,134768000
2018-04-25,38.51905822753906,38.93567234410934,38.227195973821644,38.27662263674322,113528400
2018-04-26,38.653221130371094,39.008635520485086,38.453151262893755,38.62968223130373,111852000
2018-04-27,38.20601272583008,38.679114452308156,37.808229015445676,38.601440391268724,142623200
2018-04-30,38.898014068603516,39.368763377105935,38.09303318204824,38.161293843039125,169709600
2018-05-01,39.801856994628906,39.825392306035944,38.900371603342236,39.1686985758024,214277600
2018-05-02,41.56010818481445,41.83784857802126,40.908119327927295,41.244703390020206,266157600
2018-05-03,41.63542938232422,41.7790080889956,41.05876210165591,41.3977022348823,136272800
2018-05-04,43.268917083740234,43.36777399374625,41.93669586462417,41.955526265320316,224805200
2018-05-07,43.58197021484375,44.17275928199006,43.48546574823855,43.58667512184981,169805600
2018-05-08,43.79144287109375,43.83145612012062,43.231250201655236,43.54194638214318,113611200
2018-05-09,44.09978485107422,44.109198254726,43.59608335471698,43.909132001226254,92844800
2018-05-10,44.7306022644043,44.80827633919342,44.16805692717325,44.18924337777579,111957200
2018-05-11,44.56046676635742,44.90780194751032,44.29110515703281,44.77312294553845,104848800
2018-05-14,44.456504821777344,44.78257548729426,44.38798455421709,44.65970770522713,83115200
2018-05-15,44.052459716796875,44.20131867602267,43.735842392603615,44.13279481003145,94780800
2018-05-16,44.463600158691406,44.52976251767143,43.948506490621085,43.965047981711514,76732400
2018-05-17,44.18242645263672,44.636088014199295,44.03356745706499,44.421070266236036,69176000
2018-05-18,44.02174758911133,44.37617098156991,43.979218512599275,44.22967713307568,73190800
2018-05-21,44.333648681640625,44.72115150574485,44.16352513882592,44.42107197808811,73603200
2018-05-22,44.22258758544922,44.62899335132505,44.13279917508237,44.51085222416071,60962800
2018-05-23,44.506126403808594,44.53920577581942,43.891791088886215,44.0312003616429,80233600
2018-05-24,44.456504821777344,44.6195401545358,43.99812027574511,44.603002271489295,92936000
2018-05-25,44.5581169128418,44.810937101007575,44.33837249733596,44.475416665046545,69844000
2018-05-29,44.397438049316406,44.598279425304774,44.15406759439294,44.32655625109124,90056400
2018-05-30,44.30292510986328,44.421066243489584,44.1328015890109,44.35490749708936,74762000
2018-05-31,44.15406799316406,44.47541203441879,43.981582940289385,44.23676823234885,109931200
2018-06-01,44.950340270996094,44.95506332051401,44.36199612169782,44.41870516434459,93770000
2018-06-04,45.32603073120117,45.701718695470696,45.212616244991445,45.28113652061899,105064800
2018-06-05,45.67572784423828,45.82458683720972,45.45126039501794,45.619022403397,86264000
2018-06-06,45.83402633666992,45.85765600201336,45.34728551579332,45.751329718729366,83734400
2018-06-07,45.7111701965332,45.886016771398246,45.44653159867628,45.87184041185582,85388800
2018-06-08,45.295318603515625,45.36620401837072,44.83929547078931,45.17008926627047,106627200
2018-06-11,45.18425369262695,45.35910385569814,44.94324839331655,45.21261001430778,73234000
2018-06-12,45.432350158691406,45.51032373283676,45.16535006589498,45.22205910310459,67644400
2018-06-13,45.05902099609375,45.574118137506474,44.99758891360887,45.46542672423859,86553600
2018-06-14,45.08266067504883,45.264599043908696,44.94561651717608,45.25987238870438,86440400
2018-06-15,44.619544982910156,44.931439323743355,44.48250082757874,44.900721473557255,246876800
2018-06-18,44.59592056274414,44.70933505205634,44.23204381835266,44.392717649811416,73939600
2018-06-19,43.875244140625,44.026464610771406,43.34597069242239,43.74528820408191,134314000
2018-06-20,44.0666389465332,44.232035797910484,43.88470060732771,44.031198051731266,82514800
2018-06-21,43.82090759277344,44.503763149833475,43.69803981348712,44.24385123314723,102847600
2018-06-22,43.69330978393555,43.983935918958444,43.641327404613634,43.97684774044916,108801600
2018-06-25,43.043540954589844,43.69331720103491,42.703293906863045,43.334167138947585,126652400
2018-06-26,43.57753372192383,44.07372789004416,43.13096041276794,43.237290309780164,98276800
2018-06-27,43.51372146606445,44.250920617916506,43.483003632944126,43.766541490934955,101141200
2018-06-28,43.83036422729492,43.998126237389926,43.428685060573926,43.49957046773212,69460800
2018-06-29,43.73820877075195,44.22967629833149,43.21838852603281,44.01702010364107,90950800
2018-07-02,44.22731018066406,44.25566650255156,43.33889021144508,43.43340527543501,70925200
2018-07-03,43.457035064697266,44.40925233310828,43.36724664755097,44.371446304269696,55819200
2018-07-05,43.80672836303711,44.045375746550256,43.54209339280106,43.773648991757604,66416800
2018-07-06,44.41398239135742,44.52267022587005,43.75947943778977,43.811461830080724,69940800
2018-07-09,45.030677795410156,45.05430386041232,44.72823676248304,44.775492497868875,79026400
2018-07-10,44.9763298034668,45.19607057551594,44.936158646379255,45.06139156160415,63756400
2018-07-11,44.3927116394043,44.84164648596165,44.32891442044935,44.53920548515606,75326000
2018-07-12,45.137001037597656,45.2267894525032,44.73059525117853,44.78257763818897,72164400
2018-07-13,45.207881927490234,45.32838457332759,45.10627868833329,45.14881136681647,50055600
2018-07-16,45.108646392822266,45.51977521113344,44.992866789356334,45.25277871330797,60172400
2018-07-17,45.23623275756836,45.3354708627186,44.70459773366159,44.83455368280384,62138000
2018-07-18,44.9881477355957,45.318945113367,44.877094767997406,45.31421845793809,65573600
2018-07-19,45.33783721923828,45.49614588688389,44.82037853844009,44.82037853844009,81147200
2018-07-20,45.233882904052734,45.46780006748142,44.9338033814058,45.314218018656895,82704800
2018-07-23,45.27404022216797,45.35674044845101,44.78966090832627,45.05429586382263,63957600
2018-07-24,45.60247039794922,45.75841753506778,45.37800300048623,45.472514450350424,74791600
2018-07-25,46.03249740600586,46.03958558318608,45.46777951786092,45.61663844940574,66839600
2018-07-26,45.88837432861328,46.30186823880807,45.74660354582276,45.98288578021978,76304000
2018-07-27,45.125179290771484,46.119929065766975,44.917253379961814,46.072673340827535,96096000
2018-07-30,44.87236785888672,45.413452684057695,44.673891612522105,45.342567280247074,84118000
2018-07-31,44.96215057373047,45.399274205678445,44.73768314329012,44.964515703822,157492000
2018-08-01,47.61087417602539,47.67230626412179,46.62085095500786,47.05088638782584,271742800
2018-08-02,49.00257873535156,49.2364994753582,47.33915317811474,47.393497089492804,249616000
2018-08-03,49.14435577392578,49.321567494955595,48.55128490676838,48.91752318463968,133789600
2018-08-06,49.399539947509766,49.442069028994545,48.92697536897696,49.14671616741155,101701600
2018-08-07,48.936405181884766,49.501119479463924,48.853704972105916,49.4585904152669,102349600
2018-08-08,48.96950149536133,49.101818992504654,48.32445189409689,48.68596348642828,90102000
2018-08-09,49.35464859008789,49.56730122057366,48.95769244636415,49.508230644840744,93970400
2018-08-10,49.2076416015625,49.57990757841602,49.00372601316456,49.16733316895234,98444800
2018-08-13,49.525352478027344,50.01854358372029,49.24793315945479,49.629681852811935,103563600
2018-08-14,49.7340087890625,49.92606802957845,49.38071226323283,49.83122512152923,82992000
2018-08-15,49.85021209716797,49.96876758326642,49.39732927194555,49.60835789247975,115230400
2018-08-16,50.58050537109375,50.69668741136492,50.141848702977256,50.208239473996684,114001600
2018-08-17,51.590606689453125,51.67833659296999,50.54257660772153,50.608967391684516,141708000
2018-08-20,51.08793258666992,51.96998209063196,51.00494229768754,51.71390541988495,121150800
2018-08-21,50.98833084106445,51.49812149184136,50.74885011343215,51.40564837740656,104639200
2018-08-22,50.99070739746094,51.301322144048804,50.7038015736051,50.76545273236503,76072400
2018-08-23,51.09503936767578,51.46493186680774,50.88401076916968,50.895863422121245,75532800
2018-08-24,51.2538948059082,51.429354562512124,51.004927628590785,51.358224184443145,73905600
2018-08-27,51.67596435546875,51.8656538513107,51.29421555662133,51.48864466679033,82100400
2018-08-28,52.0932731628418,52.29244548552432,51.908326917775774,51.9296660342005,91107200
2018-08-29,52.87099838256836,52.9919272820666,52.02451417621045,52.19997396289268,109019200
2018-08-30,53.35708236694336,54.12294980245895,52.733479345484334,52.935025121264076,195175200
2018-08-31,53.97356414794922,54.26757939647643,53.58707216000043,53.707997436279285,173360400
2018-09-04,54.146644592285156,54.34107364648311,53.73644375345672,54.15850086074208,109560400
2018-09-05,53.793357849121094,54.45726920533211,53.3736740899167,54.296035502637366,133332000
2018-09-06,52.89944839477539,53.907169818025736,52.47264800955837,53.6416031238765,137160000
2018-09-07,52.472652435302734,53.437692092413734,52.332757847190166,52.603064177622024,150479200
2018-09-10,51.7684211730957,52.603052520961775,51.32739477190782,52.3896505486305,158066000
2018-09-11,53.07728576660156,53.18398496680129,51.34874497486776,51.69255511685615,142996000
2018-09-12,52.418121337890625,53.34996566824342,52.126472253925435,53.33573958961606,197114800
2018-09-13,53.68427658081055,54.14427227864786,52.77377164667225,52.999026264822746,166825600
2018-09-14,53.07490921020508,53.78624199360212,52.76192466688371,53.527791950627346,127997200
2018-09-17,51.6617317199707,52.863882280080546,51.51709390477536,52.67419280831236,148780400
2018-09-18,51.747100830078125,52.603071600232624,51.4815340760569,51.640397996198566,126286800
2018-09-19,51.77790832519531,52.07429696307462,51.04997971193693,51.80873390130288,108495200
2018-09-20,52.1715202331543,52.70501985218735,51.962861446608656,52.22131512286209,106435200
2018-09-21,51.60956573486328,52.48687544958484,51.52183223077317,52.34935067644082,384986800
2018-09-24,52.351722717285156,52.463165148243284,51.365343959097906,51.410395616467255,110773600
2018-09-25,52.68366622924805,52.83304723921335,52.09325884426481,52.105115111694964,98217600
2018-09-26,52.26398849487305,53.05356829176948,52.10749441951869,52.40151326248517,95938800
2018-09-27,53.33810043334961,53.69139700467125,53.00377316968539,53.070167555499104,120724800
2018-09-28,53.52541732788086,53.54912624771217,53.11758627931917,53.30015907231894,91717600
2018-10-01,53.885826110839844,54.397986563838984,53.67005792440383,54.0494332237167,94403200
2018-10-02,54.364784240722656,54.5355043699314,53.73644183323563,53.88344942637787,99152800
2018-10-03,55.026344299316406,55.35829820862648,54.48335815434162,54.54737912900366,114619200
2018-10-04,54.05891418457031,55.09271783017239,53.760152141715395,54.72045198884526,128168000
2018-10-05,53.18161392211914,54.1585135062695,52.30193431480549,54.05181430129419,134322000
2018-10-08,53.05832290649414,53.30254691678055,52.21183500476307,52.68843037122642,118655600
2018-10-09,53.793357849121094,53.888204396023134,52.697906463089694,53.02749052526942,107564000
2018-10-10,51.30131912231445,53.670058530674225,51.22781531553088,53.45902995525262,167962400
2018-10-11,50.84843826293945,52.04584918417597,50.34339444181971,50.86503776470746,212497600
2018-10-12,52.66470718383789,52.84728360735787,51.41513160820397,52.26398914560435,161351600
2018-10-15,51.53843307495117,52.59831924587156,51.51709395908651,52.43945535328062,123164000
2018-10-16,52.6741828918457,52.87335878961951,51.396155336420364,51.91068553478381,116736000
2018-10-17,52.44655990600586,52.790369983179914,52.007903299181095,52.709753146495686,91541600
2018-10-18,51.220706939697266,52.102759937440126,50.50463087851335,51.65699020665962,130325200
2018-10-19,52.00080490112305,52.4631705570081,51.55503513133327,51.70441619632158,132314800
2018-10-22,52.31852340698242,52.96109559648838,51.91306575711629,52.114607869673115,115168400
2018-10-23,52.81171798706055,52.93501668735266,50.90771745231698,51.17565396890587,155071200
2018-10-24,51.00018310546875,53.16737660768849,50.86977138560359,52.78088829721114,163702000
2018-10-25,52.11698532104492,52.49162104030336,51.393796230641804,51.62142432490957,119423200
2018-10-26,51.28709411621094,52.20945547540686,50.426380295404556,51.192247574812846,189033600
2018-10-29,50.324432373046875,52.09090833374079,48.8661977715681,51.97235285157306,183742000
2018-10-30,50.57575225830078,51.02151825976546,49.620195685647964,50.06596168711264,146640000
2018-10-31,51.89409637451172,52.271101871009535,51.362966608371195,51.42461776343849,153435600
2018-11-01,52.69078826904297,52.72398365270438,51.40801733965286,51.939147096260946,233292800
2018-11-02,49.195777893066406,50.658751990668875,48.70969973184057,49.68659928624311,365314800
2018-11-05,47.7991943359375,48.46310570278856,46.98827534156456,48.4417665861533,264654800
2018-11-06,48.31610107421875,48.541355761410564,47.82290984588946,47.87744435335091,127531600
2018-11-07,49.781436920166016,49.80751926608168,48.401453247422836,48.83773647180707,133697600
2018-11-08,49.60775375366211,49.995590684733756,49.193739835677285,49.962279470457965,101450400
2018-11-09,48.65122604370117,49.01764928927331,48.12300292754273,48.90819974593897,137463200
2018-11-12,46.20047378540039,47.551965056743214,46.11005608033646,47.34971607351598,204542000
2018-11-13,45.73886489868164,46.91665841008263,45.5532733698863,45.59610413918867,187531600
2018-11-14,44.44687271118164,46.274237011538084,44.2398639327732,46.1362323694825,243204000
2018-11-15,45.54376220703125,45.67700704876969,44.47065835463488,44.825187661199365,185915200
2018-11-16,46.04818344116211,46.39081505897768,45.0797767733839,45.327230924778966,147713200
2018-11-19,44.223209381103516,45.374829798360686,44.016204236900485,45.20827372655078,167701200
2018-11-20,42.11030960083008,43.1786536283531,41.760540090084326,42.44104361629007,271300800
2018-11-21,42.062721252441406,42.89312700672429,42.007996474505376,42.76463832556221,124496800
2018-11-23,40.99437713623047,42.01989398446868,40.94917192107717,41.624915640839525,94496000
2018-11-26,41.54876708984375,41.627287131082504,40.511356398419196,41.45835304319055,179994000
2018-11-27,41.45836639404297,41.58447338949613,40.65889364383332,40.80879228842579,165549600
2018-11-28,43.05255126953125,43.13582748586344,41.62253993940129,42.05082955267357,184250000
2018-11-29,42.72180938720703,43.49510862501545,42.281622214964095,43.4617974184589,167080000
2018-11-30,42.49101638793945,42.90740835745708,42.122211345951015,42.897888793561336,158126000
2018-12-03,43.97574996948242,44.00430139823407,43.11679272492388,43.89009205257784,163210000
2018-12-04,42.04130554199219,43.397552697905496,41.941371923203754,43.05492107311704,165377200
2018-12-06,41.572574615478516,41.58685033070264,40.5494393335014,40.86827574233966,172393600
2018-12-07,40.09021759033203,41.517847109590086,40.045008741318256,41.27990885638041,169126400
2018-12-10,40.35432052612305,40.470907921530156,38.86244698245927,39.2598033442658,248104000
2018-12-11,40.123531341552734,40.875413510017815,39.735690802451394,40.844484003983546,189126800
2018-12-12,40.23536682128906,40.90635091998998,40.21633132216028,40.54468369784362,142510800
2018-12-13,40.675540924072266,41.06100333718601,40.34242884424496,40.5660913681216,127594400
2018-12-14,39.374027252197266,40.23060654931838,39.32644032027947,40.21157105042123,162814800
2018-12-17,39.007591247558594,40.05689963898235,38.719684412140545,39.36687664240765,177151600
2018-12-18,39.51441192626953,39.86179978211614,39.11467372768916,39.35023393206599,135366000
2018-12-19,38.28187942504883,39.842753541024855,37.853589910141004,39.49774385397237,196189200
2018-12-20,37.315853118896484,38.57216668527929,36.9518079167429,38.16529071370509,259092000
2018-12-21,35.86442947387695,37.63231246407767,35.60269959136626,37.32299202961106,382978400
2018-12-24,34.93647766113281,36.05954661946022,34.87937116759668,35.25055429895659,148676800
2018-12-26,37.396751403808594,37.41102711679266,34.9102976111204,35.28624045251434,234330000
2018-12-27,37.15406036376953,37.30158456380548,35.707398839936126,37.080300079076544,212468400
2018-12-28,37.173091888427734,37.71797251566736,36.773357369983444,37.475274483383565,169165600
2018-12-31,37.53238296508789,37.917841789878466,37.232578429673204,37.720352595634594,140014000
2019-01-02,37.57520294189453,37.796487372519124,36.697210336780685,36.854250431978905,148158800
2019-01-03,33.83243942260742,34.6723611316717,33.787230575440596,34.258347280967,365248800
2019-01-04,35.2767219543457,35.34572607671616,34.21551944315652,34.38921334078491,234428400
2019-01-07,35.198204040527344,35.41235064672023,34.71518967715672,35.38141751200746,219111200
2019-01-08,35.86919021606445,36.1237858793811,35.33858894951646,35.58604312532892,164101200
2019-01-09,36.47832107543945,36.7686060989209,35.60270985294818,35.99768468121847,180396400
2019-01-10,36.59490203857422,36.63535110369678,35.895363032061816,36.28558160044058,143122800
2019-01-11,36.23562240600586,36.57111628310706,36.05003082093931,36.3760087634488,108092800
2019-01-14,35.690738677978516,35.99292128203398,35.505147127305,35.892987649413605,129756800
2019-01-15,36.42121124267578,36.49734959802523,35.70263668006988,35.75498338778188,114843600
2019-01-16,36.866153717041016,37.089816257077324,36.40455292260857,36.42358841863822,122278800
2019-01-17,37.08505630493164,37.51334588700581,36.46641539408566,36.69007793309382,119284800
2019-01-18,37.3134765625,37.56569051615148,37.11360568148331,37.47527282308796,135004000
2019-01-22,36.47593307495117,37.292059498948234,36.314133183117846,37.215921149758586,121576000
2019-01-23,36.623451232910156,36.91373615846914,36.095228081853584,36.67817600819282,92522400
2019-01-24,36.33317947387695,36.75670937829074,36.104760727787756,36.668673364761624,101766000
2019-01-25,37.537132263183594,37.625171873385156,36.71862783649916,36.99463341228096,134142000
2019-01-28,37.18975830078125,37.19689615957579,36.561601312308746,37.0684074399732,104768400
2019-01-29,36.80428695678711,37.62517682803338,36.66866404152659,37.177851753922326,166348800
2019-01-30,39.319305419921875,39.53344844498653,38.12485409648342,38.84342880364445,244439200
2019-01-31,39.60243606567383,40.21155729948408,39.155111071185516,39.52391602106797,162958400
2019-02-01,39.621482849121094,40.206808976586736,39.481096506586674,39.72617627176372,130672400
2019-02-04,40.746925354003906,40.844480907959166,39.80231021008978,39.83324334442914,125982000
2019-02-05,41.44407272338867,41.65821927552626,41.008649025071186,41.129996196495064,144406400
2019-02-06,41.45836639404297,41.77482473586032,41.127632336612045,41.55591832761903,112958400
2019-02-07,40.67316818237305,41.38698298759363,40.53040376906899,41.02055602108315,126966800
2019-02-08,40.72095489501953,40.78069457288458,40.2454257465744,40.38163396229257,95280000
2019-02-11,40.48677062988281,40.91212046871485,40.44375981423957,40.873886201773935,83973600
2019-02-12,40.835655212402344,40.861940817256425,40.551293754313846,40.646879429338085,89134000
2019-02-13,40.6660041809082,41.21561011429825,40.603876209601104,40.95514591438327,89960800
2019-02-14,40.814144134521484,40.92406308775779,40.474823239307405,40.55368004291788,87342800
2019-02-15,40.723358154296875,41.029225125816815,40.56325619625299,40.92169439533623,98507200
2019-02-19,40.84520721435547,40.9670784800836,40.501109762882585,40.55368096648683,75891200
2019-02-20,41.10807418823242,41.41633302299609,40.85955868823257,40.9073497098224,104457600
2019-02-21,40.876277923583984,41.18931326234548,40.694670609628645,41.05310868843414,68998800
2019-02-22,41.33269500732422,41.33986347807937,40.952751472416445,41.00054249285786,75652800
2019-02-25,41.6337776184082,42.025669781395585,41.56686946713383,41.617052403699994,87493600
2019-02-26,41.65767288208008,41.88946312542803,41.38047989985893,41.50951964678491,68280800
2019-02-27,41.786720275878906,41.81778608376061,41.27534863761778,41.390051476155634,111341600
2019-02-28,41.375709533691406,41.79627930213446,41.320750037577675,41.65529450304115,112861600
2019-03-01,41.810604095458984,41.85361491133981,41.31356956114267,41.64572200880833,103544800
2019-03-04,42.0208854675293,42.47490550245711,41.57164198093791,41.98265120351724,109744800
2019-03-05,41.944435119628906,42.05674603995607,41.70786461051435,42.04240909629247,78949600
2019-03-06,41.703086853027344,41.93487715880439,41.564490324587965,41.738929211148914,83241600
2019-03-07,41.220375061035156,41.68395551468205,41.10567590789397,41.547747307772866,99185600
2019-03-08,41.31835174560547,41.3565860145986,40.50350166301471,40.69944955693907,95997600
2019-03-11,42.74971008300781,42.80228128884256,41.901409612771666,41.93486368501011,128044000
2019-03-12,43.23001480102539,43.65058075669441,42.862016399372486,43.01256153152322,129870400
2019-03-13,43.42120361328125,43.801147216720956,43.232424126088226,43.55023975636994,124130000
2019-03-14,43.903873443603516,43.99229062695655,43.62429224982393,43.94449597813014,94318000
2019-03-15,44.47499465942383,44.76413630754834,43.9062753998339,44.171519718082784,156171600
2019-03-18,44.92902374267578,45.0174373105252,44.39614312213301,44.39853504313718,104879200
2019-03-19,44.572967529296875,45.160807555548054,44.42720257150999,45.00787412821596,126585600
2019-03-20,44.96247863769531,45.28029420823643,44.142848240779564,44.501286360698266,124140800
2019-03-21,46.61845397949219,46.914764093298665,45.356752279123555,45.40693521269051,204136800
2019-03-22,45.65306854248047,47.23975444886868,45.58854866098074,46.67819994478431,169630800
2019-03-25,45.10106658935547,45.87529044787232,44.58969511449764,45.76297956658023,175381200
2019-03-26,44.63510513305664,46.09036675118269,44.1070083158494,45.79883677256588,199202000
2019-03-27,45.03656005859375,45.34481527019143,44.57775965381826,45.103468223068,119393600
2019-03-28,45.09629440307617,45.29701887269252,44.81193291467582,45.151253893185654,83121600
2019-03-29,45.39020538330078,45.421271181808265,45.05327273343193,45.361531505429554,94256000
2019-04-01,45.698463439941406,45.80360220589691,45.015041407018316,45.79404546216293,111448000
2019-04-02,46.36277770996094,46.46792014338811,45.65306993054865,45.662626676214224,91062800
2019-04-03,46.68058395385742,46.95538500302052,46.154871891809094,46.17876922052781,93087200
2019-04-04,46.7618408203125,46.924331028637695,46.15249524665033,46.54677574631455,76457200
2019-04-05,47.07486343383789,47.098760762089405,46.819175877184065,46.943435420895284,74106400
2019-04-08,47.81564712524414,47.84670928317847,46.917159895575644,46.93627703303892,103526800
2019-04-09,47.67226791381836,48.472781139280634,47.60774803404576,47.86821582786071,143072800
2019-04-10,47.93989944458008,47.96857697172916,47.35683955756723,47.47631892306262,86781200
2019-04-11,47.54084396362305,48.030710144590735,47.41897631022419,47.9948677895385,83603200
2019-04-12,47.52171325683594,47.82519181243846,46.88608591599646,47.60057006165645,111042800
2019-04-15,47.60774230957031,47.75589918776008,47.316212394506586,47.452420608068394,70146400
2019-04-16,47.61252212524414,48.119113414692066,47.447640034865586,47.66270505779345,102785600
2019-04-17,48.53968811035156,48.5994277929976,47.459593627169305,47.68182349642656,115627200
2019-04-18,48.71411895751953,48.78341537366424,48.39391518624901,48.537288213306425,96783200
2019-04-22,48.87422561645508,48.97219956455611,48.35090544796784,48.46799653078765,77758000
2019-04-23,49.579158782958984,49.64367866425876,48.72368604881537,48.850333890412784,93292000
2019-04-24,49.50270080566406,49.81812449327605,49.47641519451127,49.55049183151781,70162400
2019-04-25,49.05345153808594,49.646068212671416,49.01521726328142,49.42383832703479,74172800
2019-04-26,48.819271087646484,48.986541475636166,48.29833914079749,48.962644143257215,74596400
2019-04-29,48.893348693847656,49.21833273112545,48.71412963607433,48.84316575333386,88818800
2019-04-30,47.951847076416016,48.604203377012624,47.579072047503665,48.52295828532061,186139600
2019-05-01,50.30559158325195,51.4502022665524,49.997332787495154,50.15265814578386,259309200
2019-05-02,49.978214263916016,50.814569774451115,49.73447899755324,50.14309636224539,127985200
2019-05-03,50.599510192871094,50.62101560310211,50.236291908679384,50.39400554281509,83569600
2019-05-06,49.818115234375,49.90414052341222,48.62810177454421,48.81687756775932,129772400
2019-05-07,48.47517013549805,49.56482140635094,47.99008418506328,49.19682655113943,155054800
2019-05-08,48.484718322753906,49.067778128752565,48.209917278785525,48.24575962496562,105358000
2019-05-09,47.96379852294922,48.19319687117108,46.993626623189535,47.88732997606126,139634400
2019-05-10,47.2993278503418,47.699928903019405,46.24146450186388,47.356900113901595,164834800
2019-05-13,44.55031967163086,45.4522632218253,43.86186824428685,45.02768010823459,229722400
2019-05-14,45.25556945800781,45.50504198786496,44.47596276934291,44.715841750470574,146118800
2019-05-15,45.797698974609375,45.99679898703123,44.62229331988045,44.68226307084137,106178800
2019-05-16,45.596187591552734,46.16949808957643,45.298736399758674,45.555408612560825,132125600
2019-05-17,45.33712387084961,45.792892435075906,44.79979367764875,44.84057266200479,131516400
2019-05-20,43.919437408447266,44.22168723717779,43.245378124155245,44.022587263410635,154449200
2019-05-21,44.76141357421875,45.09724264041479,44.30564137265292,44.43037945163815,113459200
2019-05-22,43.84507751464844,44.54792479480895,43.789906376836115,44.29605114614716,118994400
2019-05-23,43.09664535522461,43.3077363046278,42.65286791270511,43.130228255829316,146118800
2019-05-24,42.93113708496094,43.69155293690162,42.84717798618397,43.22618717622051,94858800
2019-05-28,42.75362014770508,43.31973456201257,42.67686079437729,42.919137193028746,111792800
2019-05-29,42.549720764160156,43.02228249343371,42.21868670845787,42.31943540796257,113924800
2019-05-30,42.77041244506836,42.99349808518756,42.37940863165211,42.68645335841983,84873600
2019-05-31,41.99560546875,42.696051495723665,41.97641471537596,42.2738622420187,108174400
2019-06-03,41.571022033691406,42.67926159185684,40.84418912083457,42.12274434101084,161584400
2019-06-04,43.09185791015625,43.13743549997744,41.863678758296096,42.08436697087955,123872000
2019-06-05,43.787498474121094,44.375204783547744,43.4516694346733,44.20488913194507,119093600
2019-06-06,44.43037796020508,44.49034769574577,43.6939478508396,43.91703717038729,90105200
2019-06-07,45.61298370361328,46.03757049628516,44.562316326514456,44.73982441794124,122737600
2019-06-10,46.19588851928711,46.8651491776644,45.965603117324754,46.01118070335726,104883600
2019-06-11,46.730812072753906,47.016268574742455,46.440560627727905,46.74280675087126,107731600
2019-06-12,46.582096099853516,47.00908035832402,46.39019219868125,46.524523831423096,73012800
2019-06-13,46.57249450683594,47.20577475889717,46.440564018697366,46.70442865523664,86698400
2019-06-14,46.2342643737793,46.4381592596896,45.6489592231439,45.94880787324303,75046000
2019-06-17,46.510128021240234,46.76680024667599,46.09753594726315,46.27264655043855,58676400
2019-06-18,47.603965759277344,48.04534204556162,46.82676048565969,47.02825787805972,106204000
2019-06-19,47.46485900878906,47.94701816624584,47.330527347497124,47.89903943555879,84496800
2019-06-20,47.84626388549805,48.12212325372135,47.503235034135585,48.06455097971471,86056000
2019-06-21,47.68314743041992,48.1796987184213,47.532022488808536,47.68794603530397,191202400
2019-06-24,47.635162353515625,48.01417153393236,47.5368111055046,47.62556514576405,72881600
2019-06-25,46.91312789916992,47.798278147988164,46.84595842588504,47.59917818072037,84281200
2019-06-26,47.92781066894531,48.21326717963679,47.34010802589567,47.440856736681724,104270000
2019-06-27,47.91343307495117,48.352412086906185,47.872654083929746,48.04536359755922,83598800
2019-06-28,47.47683334350586,47.85584245986299,47.268139863460874,47.65913999708732,124442400
2019-07-01,48.34760665893555,49.05285140942517,48.13171339190629,48.73620941522062,109012000
2019-07-02,48.63066101074219,48.726614791836525,48.302028003617494,48.3140226837871,67740800
2019-07-03,49.03365707397461,49.040853149657444,48.621064986934755,48.76259268904688,45448000
2019-07-05,48.99048614501953,49.19438475496231,48.671446642300936,48.77939511830769,69062000
2019-07-08,47.980587005615234,48.31161745661008,47.59438176256944,48.17008975928739,101354400
2019-07-09,48.27323532104492,48.337999994247646,47.690327640387444,47.78388027305323,82312000
2019-07-10,48.75060272216797,48.870542208826045,48.350005275961514,48.419572227970285,71588400
2019-07-11,48.395572662353516,49.02885287197086,48.38597911595923,48.7697831961826,80767200
2019-07-12,48.76740264892578,48.93531722106307,48.50353427823636,48.563504029732755,70380800
2019-07-15,49.225563049316406,49.38388038130091,48.93530789686365,48.95689612482575,67789600
2019-07-16,49.05524826049805,49.441453539912956,48.81536929589903,49.076836488848954,67467200
2019-07-17,48.77937698364258,49.19676393738198,48.760186231937304,48.947291485736685,56430000
2019-07-18,49.3335075378418,49.38628120159084,48.86334316814913,48.93530758783078,74162400
2019-07-19,48.59708023071289,49.53500789300967,48.541909091831506,49.36469221177238,83717200
2019-07-22,49.70772171020508,49.71011918227102,48.84175846024879,48.851352008775265,89111600
2019-07-23,50.09632873535156,50.113122022027696,49.72451555883711,50.00517720568815,73420800
2019-07-24,50.0555534362793,50.170694338181086,49.69573491510583,49.81567442216365,59966400
2019-07-25,49.65975570678711,50.19228742359547,49.59018874129354,50.108328302555186,55638400
2019-07-26,49.83245086669922,50.30980760087417,49.6885220427725,49.77008000154202,70475600
2019-07-29,50.29780960083008,50.52809497185388,50.000362086074006,50.005160689291245,86693600
2019-07-30,50.081932067871094,50.41296622439202,49.72930968208036,50.077133463501355,135742800
2019-07-31,51.10380935668945,53.102001428275486,50.68642233067423,51.914601370393356,277125600
2019-08-01,49.99797058105469,52.30081009363934,49.592578207557416,51.310108803582324,216071600
2019-08-02,48.94011688232422,49.5182225174267,48.36680619205547,49.302332871485405,163448400
2019-08-05,46.37819290161133,47.65194947419942,46.195886226790655,47.493632157235574,209572000
2019-08-06,47.25614929199219,47.51282150446329,46.546106047444944,47.090632244363086,143299200
2019-08-07,47.74550247192383,47.870240545244116,46.493337776109705,46.874744411167086,133457600
2019-08-08,48.7985725402832,48.82256189914169,47.829463202753935,48.02376456461598,108038000
2019-08-09,48.39645004272461,48.82264628400615,47.98710353990854,48.47109445761,98478800
2019-08-12,48.273651123046875,48.65169375794879,47.953399498178506,48.06657126313836,89927600
2019-08-13,50.317955017089844,51.08125991414435,48.273643814503934,48.40367264885095,188874000
2019-08-14,48.82024002075195,49.70875693748001,48.78171268566747,48.918964939092604,146189600
2019-08-15,48.57704544067383,49.39573114261871,48.07860766376741,48.99120512730545,108909600
2019-08-16,49.723209381103516,49.88213190063552,49.08270614117341,49.18865448752808,110481600
2019-08-19,50.65026092529297,51.2233395654569,50.5732062354932,50.71527168637045,97654400
2019-08-20,50.65266036987305,51.37262487030023,50.643030372089804,50.7778723860711,107537200
2019-08-21,51.20166015625,51.44485708837532,50.95123980751882,51.28593824887725,86141600
2019-08-22,51.158321380615234,51.63508526351441,50.746568249359605,51.33409731422995,89014800
2019-08-23,48.793758392333984,51.0595965612192,48.39886234899058,50.42872331972758,187272000
2019-08-26,49.72080612182617,49.889358650391884,49.37647397317021,49.56910700903226,104174400
2019-08-27,49.159759521484375,50.216829027868954,49.00806042283192,50.05068309585326,103493200
2019-08-28,49.48964309692383,49.53539385383809,48.95749845133117,49.14531464085439,63755200
2019-08-29,50.32759094238281,50.40223903898198,49.76173581076194,50.20478918362739,83962000
2019-08-30,50.26258850097656,50.67433801992344,49.89176923421205,50.604510421833155,84573600
2019-09-03,49.53056716918945,49.838778479131264,49.17419853097585,49.70634307075737,80092000
2019-09-04,50.37093734741211,50.44076493705066,49.92066053786811,50.178304319411076,76752400
2019-09-05,51.355770111083984,51.52191605519389,50.92957012499807,51.0475587296686,95654800
2019-09-06,51.350955963134766,51.63027369034283,51.170363175155885,51.541182424007545,77449200
2019-09-09,51.57007598876953,52.116671188034076,50.82362800448683,51.73140510480001,109237600
2019-09-10,52.17927551269531,52.198539184328496,50.97773384720419,51.49543170348089,127111600
2019-09-11,53.83831787109375,53.867215213888514,52.427286157903254,52.509157675957375,177158400
2019-09-12,53.71792221069336,54.51975457547197,53.662541454928665,54.129675355805944,128906800
2019-09-13,52.672889709472656,53.16410041287169,52.25632342762341,52.97387765066964,159053200
2019-09-16,52.94979476928711,53.0051791933835,52.38634625045487,52.42728016772022,84632400
2019-09-17,53.14242935180664,53.17132669215555,52.76198015904004,52.96424684480587,73274800
2019-09-18,53.640869140625,53.66013281018693,52.839036806684845,53.22911601134843,101360000
2019-09-19,53.20503234863281,53.879242325887176,53.062963263126036,53.457859253018796,88242400
2019-09-20,52.42727279663086,53.590290426603204,52.36466863917443,53.306159626414214,221652400
2019-09-23,52.6656608581543,52.93534484990348,52.408013443475554,52.72104160485233,76662000
2019-09-24,52.415245056152344,53.57344980178492,52.29726012839584,53.22189425113329,124763200
2019-09-25,53.22189712524414,53.33506889719885,52.285222698801874,52.624738014666015,87613600
2019-09-26,52.94739532470703,53.200225952875144,52.69215811549392,52.97388241288026,75334000
2019-09-27,52.689754486083984,53.205045769635944,52.318935230885906,53.103910573367564,101408000
2019-09-30,53.9298210144043,54.0767032912969,53.1641057052064,53.190592793635226,103909600
2019-10-01,54.07910919189453,54.953179424877604,53.98520109304119,54.1946912167675,139223200
2019-10-02,52.72346496582031,53.83591538249209,52.475447485978464,53.710703351981884,138449200
2019-10-03,53.171329498291016,53.20504000200288,51.80123175069933,52.59583700593172,114426000
2019-10-04,54.66182327270508,54.77740530141983,53.91055845690742,54.331941625234634,138478800
2019-10-07,54.673866271972656,55.36493352699556,54.380101697368744,54.483643477353645,122306000
2019-10-08,54.033355712890625,54.91464931879182,54.016502298134355,54.37528125988171,111820000
2019-10-09,54.666629791259766,54.849629124264126,54.33193137055521,54.666629791259766,74770400
2019-10-10,55.4034538269043,55.48773192375291,54.73165032972558,54.88334576021598,113013600
2019-10-11,56.87709045410156,57.2214188925984,55.93800588024177,56.09211155799021,166795600
2019-10-14,56.79522705078125,57.33941567346674,56.506279323022156,56.56166008291831,96427600
2019-10-15,56.66279220581055,57.2238305403229,56.55684385407052,56.92043599375151,87360000
2019-10-16,56.43403625488281,56.64352636932957,56.15231197080203,56.1932458916511,73903200
2019-10-17,56.65314483642578,56.86263123406573,56.22935520609421,56.60739408885646,67585200
2019-10-18,56.92525863647461,57.20698296006375,56.414780496399956,56.487018350333805,97433600
2019-10-21,57.9124870300293,58.028069045974206,57.14436888293073,57.19252621915649,87247200
2019-10-22,57.780052185058594,58.31942020062354,57.69818067626545,58.068999861135396,82293600
2019-10-23,58.555397033691406,58.5698475413598,58.083449993262974,58.29534668236837,75828800
2019-10-24,58.651729583740234,58.94549418325831,58.2255295214607,58.875662905543116,69275200
2019-10-25,59.374088287353516,59.410205372219664,58.48316467701797,58.55058568488102,73477200
2019-10-28,59.968849182128906,60.01700652675471,59.40780711552205,59.576359658797315,96572800
2019-10-29,58.581886291503906,60.137393666231965,58.408520608918174,59.94957747544215,142839600
2019-10-30,58.57466125488281,59.06587564349659,58.08104395955555,58.935846792440884,124522000
2019-10-31,59.89901351928711,59.997738456744734,57.12992415330036,59.53301478761967,139162000
2019-11-01,61.59898376464844,61.62546717365194,59.99531929076373,60.08681711740279,151125200
2019-11-04,62.00352096557617,62.087799065682624,61.49304655122489,61.962583368951094,103272000
2019-11-05,61.9144287109375,62.16966591402172,61.719389100058784,61.89516136636196,79897600
2019-11-06,61.940914154052734,62.00111174823086,61.49063732533464,61.8277423830643,75864400
2019-11-07,62.65578842163086,62.877983882065635,62.336989123337645,62.48914366890488,94940400
2019-11-08,62.82725524902344,62.89970626993197,62.03267465786518,62.47705811703485,69986400
2019-11-11,63.32478332519531,63.389989255763524,62.37804804912244,62.38287566125335,81821200
2019-11-12,63.266815185546875,63.467275330366334,63.01564668730592,63.16779385877103,87388800
2019-11-13,63.873016357421875,63.94788488330166,63.051872693630486,63.06636290054914,102734400
2019-11-14,63.43105697631836,63.972044412574895,63.300637729934714,63.69913320290586,89182800
2019-11-15,64.18457794189453,64.18940555462353,63.52041635680175,63.6822261428361,100206400
2019-11-18,64.5081787109375,64.5878748258364,63.8150369899025,64.19420712131594,86703200
2019-11-19,64.31256866455078,64.72555427926248,64.09520820261831,64.7014014789589,76167200
2019-11-20,63.56386947631836,64.26183889908727,62.89004548094563,64.13142705771119,106234400
2019-11-21,63.27889633178711,63.76192288782129,63.07843618360873,63.684636869959746,121395200
2019-11-22,63.22335433959961,63.56147150135165,62.99633123733724,63.41897953212762,65325200
2019-11-25,64.3318862915039,64.34879398870619,63.40205876057649,63.44794686989705,84020400
2019-11-26,63.82954788208008,64.52268982778749,63.39723704007561,64.46955661049978,105207600
2019-11-27,64.68692779541016,64.72074319855238,64.07589938069799,64.14110532481291,65235600
2019-11-29,64.54442596435547,64.72556092964365,64.21838155275661,64.3874438018525,46617600
2019-12-02,63.798152923583984,64.78594141618035,63.62668054776039,64.54925573361756,94487200
2019-12-03,62.66061782836914,62.67993564606166,61.897435047519316,62.385289176052545,114430400
2019-12-04,63.21369552612305,63.59287321646405,62.95769199044866,63.05188572528826,67181600
2019-12-05,64.1410903930664,64.21596628682174,63.45278347643845,63.708786950569554,74424400
2019-12-06,65.38007354736328,65.4501144789685,64.5565121818328,64.59999018409937,106075600
2019-12-09,64.46473693847656,65.40180240453456,63.97929281939081,65.20859470172705,128042400
2019-12-10,64.84149169921875,65.22549695147708,64.20872067904382,64.87047211517775,90420400
2019-12-11,65.39453125,65.4742347391992,64.84629889961117,64.92116740740529,78756800
2019-12-12,65.56118774414062,65.82685380522655,64.56132667656246,64.67242071287119,137310400
2019-12-13,66.45237731933594,66.48860283714761,65.43319098596562,65.56119272916709,133587600
2019-12-16,67.58988952636719,67.81450243348627,66.89433760978851,66.89916522108179,128186000
2019-12-17,67.72274780273438,68.0512023648985,67.33390754297105,67.51987750779749,114158400
2019-12-18,67.56094360351562,68.08261333502914,67.41120650260393,67.57543381519078,116028400
2019-12-19,67.6285400390625,67.90869630356615,67.3701264537908,67.50295579789868,98369200
2019-12-20,67.48846435546875,68.26371983787888,67.27593151247044,68.16228839852033,275978000
2019-12-23,68.58976745605469,68.65014577247727,67.71307312233479,67.75171612929323,98572000
2019-12-24,68.65497589111328,68.80472031244457,68.32893886684734,68.75641470938284,48478800
2019-12-26,70.0171127319336,70.03402042966727,68.758830663586,68.78781107661511,93121200
2019-12-27,69.99053955078125,70.99765308437338,69.58479904432102,70.30933882174277,146266000
2019-12-30,70.40594482421875,70.68851858911005,68.88441419283483,69.90842808466655,144114400
2019-12-31,70.92036437988281,70.92760948256597,69.92291347823897,70.02193479517499,100805600
2020-01-02,72.53852081298828,72.59889913772518,71.29231130597061,71.5458973217052,135480400
2020-01-03,71.8332748413086,72.59404000584014,71.60866931689996,71.76565143491464,146322800
2020-01-06,72.40568542480469,72.4443284378041,70.70301958367426,70.9541954829699,118387200
2020-01-07,72.06513977050781,72.67133299565539,71.84536183598526,72.41532954893665,108872000
2020-01-08,73.22442626953125,73.52631792855652,71.76810120120939,71.76810120120939,132079200
2020-01-09,74.7797622680664,74.97296995476395,73.95137344000949,74.20254195863613,170108400
2020-01-10,74.94881439208984,75.51396196419593,74.44647000292952,75.01402769601006,140644800
2020-01-13,76.550048828125,76.57661912211044,75.14685723047293,75.26520375211625,121532000
2020-01-14,75.5163803100586,76.69738393857047,75.39321353332888,76.48726853727727,161954400
2020-01-15,75.19274139404297,76.19743749233605,74.76043057245047,75.31591552157606,121923600
2020-01-16,76.13463592529297,76.24573732895618,75.37387064834499,75.73614052978684,108829200
2020-01-17,76.97753143310547,76.97994155406593,76.07668423312775,76.38340344954888,137816400
2020-01-21,76.45584869384766,77.04755171377299,76.31818437718287,76.60558572443774,110843200
2020-01-22,76.72877502441406,77.28183515069573,76.63458130371416,76.94130052804331,101832400
2020-01-23,77.09827423095703,77.17797035715289,76.23365270464286,76.78189247630218,104472000
2020-01-24,76.87608337402344,78.08847725706723,76.68528583944577,77.34461967692074,146537600
2020-01-27,74.61553192138672,75.29659377968004,73.63257108817264,74.88360812840847,161940000
2020-01-28,76.72634887695312,76.89782122944564,75.39802593452413,75.49704725649863,162234000
2020-01-29,78.33240509033203,79.18011893979981,77.61752794800897,78.35897537992071,216229200
2020-01-30,78.21891784667969,78.27205107194843,76.98237082631806,77.4146817332591,126743200
2020-01-31,74.75078582763672,77.9315119457232,74.456139298992,77.50886365949354,199588400
2020-02-03,74.54549407958984,75.71200004458515,72.99014787932889,73.49249228699044,173788400
2020-02-04,77.00653076171875,77.19732836608448,75.74583081853675,76.15157146520623,136616400
2020-02-05,77.6344223022461,78.43383041711581,77.03063929280383,78.13434903256176,118826800
2020-02-06,78.54252624511719,78.54494373627665,77.34704001476739,77.90493506301061,105425600
2020-02-07,77.47492980957031,78.29076000098544,76.98349458931148,78.04141124169928,117684000
2020-02-10,77.84290313720703,77.84290313720703,75.97884171109904,76.05872699723375,109348800
2020-02-11,77.37323760986328,78.41179042644524,77.15536130814662,78.33916745517011,94323200
2020-02-12,79.21068572998047,79.21552479911539,77.8235277760248,77.8235277760248,113730400
2020-02-13,78.64661407470703,78.97343221924942,78.27864537598826,78.481997082219,94747600
2020-02-14,78.6659927368164,78.91534147799902,78.15760972810558,78.61514926442095,80113600
2020-02-18,77.22557830810547,77.40714314738784,76.16281523598434,76.34438007526671,152531200
2020-02-19,78.34402465820312,78.57400976696101,77.46767279180867,77.46767279180867,93984000
2020-02-20,77.540283203125,78.59336068691168,77.0343234338156,78.10434874137093,100566000
2020-02-21,75.78516387939453,77.57660960627356,75.1678463572217,77.13358724414647,129554000
2020-02-24,72.18534088134766,73.63785968182607,70.01867143670297,71.96262546916086,222195200
2020-02-25,69.74026489257812,73.23841723217687,69.26820072326095,72.85592387195561,230673600
2020-02-26,70.84658813476562,72.11270274954929,69.35775815457548,69.36502045153675,198054800
2020-02-27,66.21548461914062,69.23672624207228,66.07991679515257,68.05050408823062,320605600
2020-02-28,66.1767578125,67.3992989911438,62.0637108077199,62.27917132496963,426510000
2020-03-02,72.33785247802734,72.97454103190371,67.23225006740749,68.33616370279057,341397200
2020-03-03,70.04045104980469,73.59427823904339,69.18830204720706,73.5143929639958,319475600
2020-03-04,73.28926086425781,73.44903883256075,70.962813265488,71.76411894811032,219178400
2020-03-05,70.91197967529297,72.51700693831131,70.546426702123,71.5413986547228,187572800
2020-03-06,69.97026062011719,70.40359752261656,68.08198888011519,68.26839282499563,226176800
2020-03-09,64.43614959716797,67.32181576257562,63.66873234822989,63.850297174318,286744800
2020-03-10,69.07694244384766,69.34323899980069,65.21082178320125,67.0918381105168,285290000
2020-03-11,66.6778793334961,68.07956216167183,65.81362880191305,67.15237416724361,255598800
2020-03-12,60.0931282043457,65.36335211068649,60.037449346112034,61.95961666217629,418474000
2020-03-13,67.29278564453125,67.76485728131117,61.23578029525555,64.12629743078345,370732000
2020-03-16,58.635765075683594,62.7197589173465,58.10075235573811,58.572820229839216,322423600
2020-03-17,61.213985443115234,62.36389249089527,57.71341343349159,59.91882134064479,324056000
2020-03-18,59.71546173095703,60.52161001969285,57.403535489415574,58.04506677199188,300233600
2020-03-19,59.25791549682617,61.209131513713295,58.73258839181393,59.88976122109357,271857200
2020-03-20,55.49589538574219,60.96462703593952,55.19570687816326,59.83892290297791,401693200
2020-03-23,54.316932678222656,55.316750844922225,51.4699975094161,55.215074984673336,336752800
2020-03-24,59.76631164550781,59.962401104198456,56.72086326951332,57.21956082962695,287531200
2020-03-25,59.437068939208984,62.518828553443576,59.14172316127237,60.70318009593795,303602000
2020-03-26,62.564823150634766,62.62292153490078,59.640418371654654,59.679153090462734,252087200
2020-03-27,59.9744987487793,61.94265908510833,59.80745850642363,61.18735053944383,204216800
2020-03-30,61.68605422973633,61.85793725267391,60.376365510763634,60.700764195325654,167976400
2020-03-31,61.56016540527344,63.54527367451045,61.005789027148815,61.87730177654374,197002000
2020-04-01,58.32105255126953,60.211747296676954,57.890138928877285,59.67431503612997,176218400
2020-04-02,59.294227600097656,59.347486910279144,57.35027386031046,58.18305177157115,165934000
2020-04-03,58.44208908081055,59.4806382957601,57.85139756896397,58.77858908876302,129880000
2020-04-06,63.540443420410156,63.69537493741288,60.37153204839501,60.73950086568339,201820400
2020-04-07,62.80448913574219,65.77489475614705,62.70039373005676,65.55701102978264,202887200
2020-04-08,64.4119644165039,64.72667394842254,63.24026650501276,63.6058121393102,168895200
2020-04-09,64.87675476074219,65.38029878683781,64.080295544256,65.04864148440106,161834800
2020-04-13,66.15011596679688,66.25905781375604,64.353831433513,64.95420843019932,131022800
2020-04-14,69.49092864990234,69.78143541250135,67.31215009409136,67.7842217363413,194994800
2020-04-15,68.85665130615234,69.31661411100032,67.93672569645638,68.365216078865,131154400
2020-04-16,69.40377807617188,69.76933104897813,68.35312357088294,69.57081834931556,157125200
2020-04-17,68.46205139160156,69.46671616167201,67.02405715552152,68.91959837030558,215250000
2020-04-20,67.04100036621094,68.19091103013936,67.02163670043845,67.28793327913718,130015200
2020-04-21,64.96873474121094,67.11846344497374,64.25700003826536,66.8836393098129,180991600
2020-04-22,66.84007263183594,67.27582530173389,65.89593692179542,66.23727232674312,116862400
2020-04-23,66.58104705810547,68.20786856663918,66.54231233315308,66.78439882318551,124814400
2020-04-24,68.50323486328125,68.51292039438879,67.0579777901227,67.10639805776478,126161200
2020-04-27,68.55162048339844,68.88327772422247,67.77210185087893,68.21995585468255,117087600
2020-04-28,67.44043731689453,69.19556400981887,67.34845067537042,69.01399917951635,112004800
2020-04-29,69.65553283691406,70.125181113428,68.7259218099285,68.92927352946674,137280800
2020-04-30,71.12499237060547,71.30171812959233,69.80562571918327,70.19538133730589,183064000
2020-05-01,69.97993469238281,72.38385146458401,69.2004159964793,69.29724910279991,240616800
2020-05-04,70.9700698852539,71.09837541785019,69.31419932975179,70.00414724151751,133568000
2020-05-05,72.03523254394531,72.86801039665262,71.28476318520556,71.43001651075052,147751200
2020-05-06,72.77845764160156,73.41029979065098,72.35238308451844,72.7372996904726,142333600
2020-05-07,73.53133392333984,73.87752315205448,73.10284357834273,73.40545163246576,115215200
2020-05-08,75.28150939941406,75.33491288731747,73.86389829348582,74.19160117798899,133838400
2020-05-11,76.46609497070312,76.96128289724894,74.57998648849065,74.78874828363153,145946400
2020-05-12,75.59222412109375,77.60212591001033,75.47085322222706,77.15062231412254,162301200
2020-05-13,74.67950439453125,76.69426553932014,73.60173033825646,75.77184236444022,200622400
2020-05-14,75.13829040527344,75.19897584845612,73.19392643517533,73.91729958475361,158929200
2020-05-15,74.6940689086914,74.74019043820076,72.87350561087283,72.90749301488646,166348400
2020-05-18,76.45394897460938,76.8277733901168,75.3276309672179,76.01944652197729,135178400
2020-05-19,76.01216125488281,77.31810575212776,75.98060363958615,76.47093934712166,101729600
2020-05-20,77.49046325683594,77.56085304131686,76.83262768101243,76.8714672558423,111504800
2020-05-21,76.9127197265625,77.89339840392688,76.67483016093698,77.35208167148353,102688800
2020-05-22,77.40792083740234,77.49045214412094,76.54861296126474,76.65056034866812,81803200
2020-05-26,76.88359069824219,78.70657605053346,76.82775743358286,78.52694954111867,125522000
2020-05-27,77.21858215332031,77.36422869926452,76.00002111496565,76.74038797022739,112945200
2020-05-28,77.2525634765625,78.51239377679266,76.61658126415462,76.89330301256463,133560800
2020-05-29,77.17731475830078,77.95651372350704,76.82048407944905,77.49530586711329,153532400
2020-06-01,78.12646484375,78.24783576710276,77.00013911924762,77.13122179067872,80791200
2020-06-02,78.48812866210938,78.51240432243173,77.41763649054919,77.8594283215851,87642800
2020-06-03,78.92021179199219,79.182377080961,78.23567814710795,78.80855263967156,104491200
2020-06-04,78.24053955078125,79.04158453578323,77.8667151007641,78.74301685979307,87560400
2020-06-05,80.46890258789062,80.5295880347895,78.46143067131722,78.49055850056602,137250400
2020-06-08,80.94468688964844,80.97867430093662,79.4542559362644,80.16548770561455,95654400
2020-06-09,83.50074005126953,83.89398053792564,80.59269835430385,80.62425597002903,147712400
2020-06-10,85.6490249633789,86.11751490948136,84.01051763852004,84.44987975077672,166651600
2020-06-11,81.53695678710938,85.2169228066109,81.43500939497191,84.7921247209598,201662400
2020-06-12,82.24091339111328,84.42558944538845,81.12915928074322,83.67794801073093,200146000
2020-06-15,83.25798797607422,83.91096385670902,80.73104554507634,80.893685772192,138808800
2020-06-16,85.46452331542969,85.73640033379766,83.6779473563593,85.31402459590804,165428800
2020-06-17,85.34558868408203,86.27043435065384,85.22421778392413,86.2097489005749,114406400
2020-06-18,85.37956237792969,85.79707850372552,84.77027818647716,85.3018832364117,96820400
2020-06-19,84.89165496826172,86.55200784219969,83.7823232639959,86.08594777647562,264476000
2020-06-22,87.11273193359375,87.25594867927818,85.23876529939096,85.28488682520853,135445200
2020-06-23,88.97215270996094,90.39219373833417,87.93807025920542,88.35801624501319,212155600
2020-06-24,87.401611328125,89.52074989472776,87.02778688442697,88.6007564046994,192623200
2020-06-25,88.5619125366211,88.60075211142514,86.79718241483171,87.55696539217314,137522400
2020-06-26,85.84077453613281,88.67842646058456,85.69269820221506,88.45753055778336,205256800
2020-06-29,87.81912994384766,87.91380280361521,85.27034099055639,85.74854264287053,130646000
2020-06-30,88.55221557617188,88.83865656219116,87.38705776907462,87.40647385577275,140223200
2020-07-01,88.38471984863281,89.17363075760089,88.33617592973944,88.62989145548384,110737200
2020-07-02,88.38471984863281,89.92856166413286,88.27063830568181,89.2925792858583,114041600
2020-07-06,90.74901580810547,91.21750566495867,89.78290085821105,89.81445847482968,118655600
2020-07-07,90.46742248535156,91.90687927040253,90.35576335568992,91.12768033499084,112424400
2020-07-08,92.57441711425781,92.60597472603237,91.3582786143033,91.44566949367056,117092000
2020-07-09,92.97254943847656,93.52114092959071,91.92390296897231,93.46773743138746,125642800
2020-07-10,93.13514709472656,93.19341014848405,91.95542581856797,92.56713232384763,90257200
2020-07-13,92.70551300048828,97.0530191182004,92.49189905133328,94.44111522553601,191649200
2020-07-14,94.23963165283203,94.43139230039652,91.15195631671575,92.08650612178975,170989200
2020-07-15,94.88776397705078,96.36606058527201,93.6886189450088,96.11603683855265,153198000
2020-07-16,93.72018432617188,94.57706261725646,93.12061176048546,93.75902390463283,110577600
2020-07-17,93.53082275390625,94.3270153946456,93.057473380001,94.17166452732319,92186800
2020-07-20,95.50190734863281,95.64027195651475,93.27353933830152,93.61823596370867,90318000
2020-07-21,94.18382263183594,96.36849892999707,93.93379886291763,96.29324956124735,103433200
2020-07-22,94.44839477539062,95.13049855916786,93.79784860710124,93.88523208886058,89001600
2020-07-23,90.1494369506836,94.25905321228731,89.33868035280699,94.18137407038651,197004400
2020-07-24,89.9261245727539,90.27082118599914,86.55686722526087,88.34588050233073,185438800
2020-07-27,92.0573959350586,92.14963900239098,90.76601521608015,90.98933351898751,121214000
2020-07-28,90.54510498046875,91.80493528958375,90.54024540428786,91.62773114046318,103625600
2020-07-29,92.28071594238281,92.4652020656453,90.9917576836522,91.02816746906157,90329200
2020-07-30,93.39734649658203,93.50172370292267,91.04517763130927,91.45298211740241,158130000
2020-07-31,103.17496490478516,103.32546361824967,97.89775374108596,99.89795098088912,374336800
2020-08-03,105.77474212646484,108.39635067212231,104.76008315372526,105.05865083451154,308151200
2020-08-04,106.48111724853516,107.57345533183008,105.24070281740102,105.96407603717955,173071600
2020-08-05,106.86707305908203,107.18749399981073,105.73589542861245,106.20196292493524,121776800
2020-08-06,110.59559631347656,111.0907916971689,106.60977980419932,107.19964064495335,202428800
2020-08-07,108.08112335205078,110.57371303352541,107.28349495082885,110.11653442162098,198045600
2020-08-10,109.65205383300781,110.67097638858233,106.99896497013046,109.52802993062933,212403600
2020-08-11,106.39100646972656,109.41372516958415,106.13080268423259,108.9152102791965,187902400
2020-08-12,109.92684936523438,110.18461900895711,107.2883506394418,107.48289124635573,165598000
2020-08-13,111.87227630615234,112.8766086225027,110.81930513128101,111.30809820079968,210082000
2020-08-14,111.7725830078125,111.86255822594228,109.9608929550016,111.69719796444708,165565200
2020-08-17,111.48076629638672,112.92039207121137,110.85336650862027,112.89607263916643,119561600
2020-08-18,112.40969848632812,112.83526251521093,110.89712204110621,111.23271086271058,105633600
2020-08-19,112.55072784423828,113.96603385163618,112.45589172935948,112.81822669084653,145538000
2020-08-20,115.0481948852539,115.1624895192386,112.57505670786055,112.59208104980983,126907200
2020-08-21,120.9769287109375,121.46085349465321,115.99661035768347,116.00876636301604,338054800
2020-08-24,122.423828125,125.27146481367004,120.5562117393656,125.18634310109493,345937600
2020-08-25,121.41949462890625,121.76481270817138,119.6953532443396,121.29547815768062,211495600
2020-08-26,123.07068634033203,123.52786489142996,121.66997034058484,122.73753168290901,163022400
2020-08-27,121.59945678710938,124.00693190797273,120.45407621046918,123.67377724193759,155552400
2020-08-28,121.4024887084961,122.99287708889368,121.17876033216808,122.57460810630094,187630000
2020-08-31,125.51949310302734,127.426026441553,122.56243764607389,124.0993334865447,225702700
2020-09-01,130.51930236816406,131.12239765919617,126.96888738067553,129.13804450192882,151948100
2020-09-02,127.81507873535156,134.21556192546163,123.53512749914938,133.83620267880957,200119000
2020-09-03,117.58212280273438,125.32495545599747,117.21249271726687,123.44761726135523,257599600
2020-09-04,117.6599349975586,120.32517948321234,107.86466781430556,116.79421681694939,332607200
2020-09-08,109.74201965332031,115.74368657539894,109.60583975780702,110.84118807317701,231366600
2020-09-09,114.11924743652344,115.88959346489294,112.11545122343698,114.06088674565609,176940500
2020-09-10,110.39373779296875,117.2124914481067,109.43074927727804,117.07631155381702,182274400
2020-09-11,108.94440460205078,112.08628667869145,106.99896880558559,111.4442893036586,180860300
2020-09-14,112.21272277832031,112.76717161154352,109.72256765665087,111.59018399790295,140150100
2020-09-15,112.38783264160156,115.58807558218572,110.51048670445795,115.10171660801637,184642000
2020-09-16,109.07083892822266,112.83525930246253,108.98329789268679,112.08626989830371,154679000
2020-09-17,107.32966613769531,109.13892163117578,105.74413897781598,106.72658592069983,178011000
2020-09-18,103.92517852783203,107.85495979692669,103.195640091221,107.38805935339492,287104900
2020-09-21,107.07676696777344,107.18376650924331,100.28719410755745,101.68790998043804,195713800
2020-09-22,108.75958251953125,109.7809392501185,106.18188610459384,109.60584973691063,183055400
2020-09-23,104.19755554199219,109.05141631713241,103.85709830267169,108.57478657183293,150718700
2020-09-24,105.26752471923828,107.24214072616157,102.13537212015387,102.300732370106,167743300
2020-09-25,109.21673583984375,109.37237422502362,104.73250690899054,105.47177439610158,149981400
2020-09-28,111.82363891601562,112.17381792247089,109.70311378636897,111.87227777517529,137672400
2020-09-29,110.97737121582031,112.16408812965686,110.4715612207209,111.4248279384537,99382200
2020-09-30,112.65045928955078,114.06090471815105,110.52021210350766,110.68557236785257,142675200
2020-10-01,113.60369110107422,114.50831877951315,112.66988308159635,114.43049958924504,116120400
2020-10-02,109.93657684326172,112.22246990869148,109.1584069544176,109.81012618440236,144712000
2020-10-05,113.3216323852539,113.46754155068632,110.45211762382625,110.80229665236467,106243800
2020-10-06,110.07273864746094,112.95198215292027,109.18756197702983,112.54343507820363,161498200
2020-10-07,111.94034576416016,112.39752423407646,111.0162595701548,111.49289654841667,96849000
2020-10-08,111.83336639404297,113.22435314166701,111.46372888130158,113.07844398775582,83477200
2020-10-09,113.77879333496094,113.80797367927401,111.78471903276535,112.13489800701674,100506900
2020-10-12,121.00609588623047,121.76481458334483,116.0257780752071,116.78449677232146,240226800
2020-10-13,117.7961196899414,121.96907978641414,116.38568190119372,121.8523509831308,262330500
2020-10-14,117.88368225097656,119.67347958796176,116.35651547623975,117.69886347897865,150712000
2020-10-15,117.41676330566406,117.89339294386203,114.92660814304054,115.48105698538242,112559200
2020-10-16,115.77288055419922,118.23386306147651,115.56861068687554,117.97122507402565,115393800
2020-10-19,112.8158187866211,117.13468096654279,112.50454937346234,116.68723164895509,120639300
2020-10-20,114.30404663085938,115.73394268246419,112.47533280323033,113.02978153535808,124423700
2020-10-21,113.68152618408203,115.47132328298426,113.27297908868262,113.48697818121386,89946000
2020-10-22,112.59210205078125,114.81962703373966,111.46374567321323,114.24571958756312,101988000
2020-10-23,111.90145874023438,113.37026472424279,111.16219112016253,113.2146263110706,82572600
2020-10-26,111.91117858886719,113.37025519408711,109.80037545983436,110.89955125203169,111850700
2020-10-27,113.41889190673828,114.08034029540528,111.41509565044463,112.3391745749253,92276800
2020-10-28,108.16621398925781,112.28081345722651,108.06894369566764,111.9111833730848,143937800
2020-10-29,112.17382049560547,113.73989680449655,109.13893817712592,109.30430584931332,146129200
2020-10-30,105.89006805419922,108.93467231945372,104.78117027471363,108.03004440237355,190272600
2020-11-02,105.802490234375,107.66038441516727,104.39205268090426,106.13321807788486,122866900
2020-11-03,107.42695617675781,108.44830541372347,105.7636096297727,106.66823748036964,107624400
2020-11-04,111.81391906738281,112.4364579265143,109.28485402450514,111.02601994719268,138235500
2020-11-05,115.78260803222656,116.35651544029349,113.68154127114309,114.7320709410606,126387100
2020-11-06,115.65106201171875,116.14799861229584,113.15660323122867,115.2905328204704,114457900
2020-11-09,113.34171295166016,118.86653505093011,113.0786293710495,117.41468746997222,154515300
2020-11-10,113.00071716308594,114.57923409087746,111.20782446930689,112.59147258432904,138023400
2020-11-11,116.43058013916016,116.5669949893343,113.45867669287837,114.18947371911923,112295000
2020-11-12,116.15774536132812,117.44394777392753,115.5341325209194,116.55725128655479,103162300
2020-11-13,116.20647430419922,116.6059728165846,114.85206439758592,116.38186588950428,81581900
2020-11-16,117.21984100341797,117.89216918384535,115.12488813037272,115.87516977446028,91183000
2020-11-17,116.3331298828125,117.58035548799745,115.91413933412841,116.48903680048612,74271000
2020-11-18,115.0079574584961,116.75212717189736,114.97872676825749,115.57310891661412,76322100
2020-11-19,115.60233306884766,116.01157757714591,113.81918672462538,114.579214364051,74113000
2020-11-20,114.33561706542969,115.72900356959502,114.28690172841969,115.60233477250766,73604300
2020-11-23,110.93498992919922,114.60846723797194,110.83755181002277,114.17973059273324,127959300
2020-11-24,112.22118377685547,112.88377334383199,109.70724035208704,110.99345018861624,113874200
2020-11-25,113.05915069580078,113.76071690599676,112.22116965962786,112.5914448450371,76499200
2020-11-27,113.60485076904297,114.4818088465016,113.24432892845947,113.58536611578972,46691300
2020-11-30,116.0018310546875,117.8726693370055,113.81917895793265,113.97508586515107,169410200
2020-12-01,119.577880859375,120.30867787495882,116.93726853515172,117.91166455593012,127728200
2020-12-02,119.92864227294922,120.21121795981708,117.7947129955284,118.89577762307528,89004200
2020-12-03,119.79225158691406,120.61074069251367,119.08093920643189,120.35739564047255,78967600
2020-12-04,119.11988830566406,119.71427034714844,118.4085760901983,119.46092535388048,78260400
2020-12-07,120.58147430419922,121.3804785234388,119.11988067626953,119.17834204249084,86712000
2020-12-08,121.19536590576172,121.78000942455122,119.93839423484614,121.18562729875275,82225500
2020-12-09,118.66195678710938,122.72518677139014,117.9019290126744,121.34154608285198,115089200
2020-12-10,120.08454895019531,120.69842312660181,117.07366917962338,117.4147062587099,81312200
2020-12-11,119.27581787109375,119.61685498411975,117.46344071723955,119.29530252010173,86939800
2020-12-14,118.66195678710938,120.19175837858943,118.42810380283377,119.46096129793236,79184500
2020-12-15,124.60575866699219,124.62525075019607,120.95177364167792,121.15639591100933,157243700
2020-12-16,124.53754425048828,125.0832036047306,123.31954931044656,124.14779181691584,98208600
2020-12-17,125.40476989746094,126.26224318770603,124.76166492977711,125.59964613576102,94359800
2020-12-18,123.4169921875,125.79452063801119,122.89081749267945,125.6581058023967,192541500
2020-12-21,124.94679260253906,125.0247460652675,120.28918099826035,121.81898239256174,121251600
2020-12-22,128.5033416748047,130.96856222026736,126.33042801765606,128.2402506072199,168904800
2020-12-23,127.60692596435547,129.0392746219151,127.43152692646524,128.77619836723767,88223700
2020-12-24,128.59104919433594,130.04290467587725,127.74332938014881,127.95769770274158,54930100
2020-12-28,133.190185546875,133.82353697075987,130.09159867672324,130.55931944043445,124486200
2020-12-29,131.41676330566406,135.236393246922,130.9003346955004,134.5153498347467,121047300
2020-12-30,130.29623413085938,132.50811721089653,129.9844202745973,132.10861128309938,96452100
2020-12-31,129.2926025390625,131.2901172342019,128.34743726674927,130.6470123311244,99116600
2021-01-04,126.09656524658203,130.18902467191572,123.51441486519408,130.10133261742502,143301900
2021-01-05,127.65562438964844,128.36694422919058,125.14168073283425,125.58990946914705,97664900
2021-01-06,123.35853576660156,127.69460255545032,123.14416745080455,124.44986199518105,155088000
2021-01-07,127.56790924072266,128.25973687058584,124.58626017036609,125.0734581195904,109578200
2021-01-08,128.66897583007812,129.23412721104498,126.8955682344821,129.03923614525579,105158200
2021-01-11,125.6775894165039,126.8371230123308,125.20988350887804,125.88221911439801,100384500
2021-01-12,125.50218200683594,126.36939367406505,123.61185177604212,125.20986029323174,91951100
2021-01-13,127.5387191772461,128.08437867528625,125.20017422332937,125.4632504946733,88636800
2021-01-14,125.60939025878906,127.6458743033761,125.46322193987007,127.45099807958694,90221800
2021-01-15,123.88469696044922,126.8858381851589,123.74828212605794,125.48270567821912,111598500
2021-01-19,124.55704498291016,125.41451823804258,123.6898331200979,124.5083222083043,90757300
2021-01-20,128.64947509765625,129.09770370348497,125.25858190800798,125.36576603974312,104319500
2021-01-21,133.36557006835938,136.0938817254987,130.1695525142569,130.3741822074859,120150900
2021-01-22,135.50929260253906,136.2693204823604,131.56298484617028,132.7907187593955,114459400
2021-01-25,139.2606658935547,141.37510329816405,133.04401504155618,139.40683420534555,157611700
2021-01-26,139.49452209472656,140.60533283780688,137.7503450890547,139.92325867417892,98390600
2021-01-27,138.42266845703125,140.60532045654497,136.81492129375977,139.75758597887605,140843800
2021-01-28,133.5799102783203,138.35445839130662,133.19989652918113,135.9476996907254,142621100
2021-01-29,128.58131408691406,133.2389261898638,126.8761209359315,132.35222218300783,177523800
2021-02-01,130.70547485351562,131.91373120913244,127.5776572470742,130.32546101984542,106239800
2021-02-02,131.53372192382812,132.81991691760996,131.16344668453948,132.25476545115475,83305400
2021-02-03,130.5105743408203,132.29372041863363,130.18902194631957,132.283966945161,89880900
2021-02-04,133.8722686767578,133.8820072844467,131.14395684543172,132.8101805826387,84183100
2021-02-05,133.45751953125,134.1015854508509,132.57925865202728,134.033283551068,75693800
2021-02-08,133.60389709472656,133.65269267140306,131.66194630942968,132.7451425942424,71297200
2021-02-09,132.7256317138672,134.5504851694013,132.56950670280034,133.3209020588762,76774200
2021-02-10,132.12059020996094,133.68195923048688,131.15449145334966,133.18426522390598,73046600
2021-02-11,131.86683654785156,133.09640425065905,130.53967772516273,132.61823158774342,64280000
2021-02-12,132.10105895996094,132.25719882820738,130.46163501432542,131.10570080310399,60145100
2021-02-16,129.97372436523438,132.72561913740805,129.58337464875356,132.21818684146174,80576300
2021-02-17,127.68049621582031,129.02717699501204,126.34358348827773,128.08059918504722,97918500
2021-02-18,126.57775115966797,126.86074164698687,124.3332889063116,126.08005718186494,96856700
2021-02-19,126.73387908935547,127.55360598648207,125.68972531908409,127.09495441093769,87668800
2021-02-22,122.95735168457031,126.58752230648321,122.5670093965397,124.91880883902334,103916400
2021-02-23,122.82073211669922,123.65020481957035,115.53111655663116,120.77144442573531,158273000
2021-02-24,122.32303619384766,122.52796420280912,119.27838298052396,121.92294077973033,111039900
2021-02-25,118.06832885742188,123.40624037390658,117.62919844492515,121.66922504247013,148199500
2021-02-26,118.33180236816406,121.83510708261103,118.27324619200536,119.62967972466323,164560400
2021-03-01,124.70410919189453,124.84072785570578,119.82484992675346,120.76166681224149,116307900
2021-03-02,122.0986099243164,125.61167577926304,121.99126560430425,125.30916402931615,102260900
2021-03-03,119.11248016357422,122.67434107660237,118.89779155501199,121.79607288028379,112966300
2021-03-04,117.22909545898438,120.61530301450836,115.75556433244158,118.80997834389994,178155000
2021-03-05,118.48796844482422,118.99541574144496,114.73093908727515,118.05859855363883,153766600
2021-03-08,113.55014038085938,118.07809310772461,113.40376109045417,118.00978376489019,154376600
2021-03-09,118.1659164428711,119.1124940848032,115.92146128458052,116.15566368258474,129525800
2021-03-10,117.08273315429688,119.21984409787017,116.5655253098007,118.75143927948164,111943300
2021-03-11,119.01490020751953,120.23471511713066,118.33180683620104,119.58089611241735,103026500
2021-03-12,118.10737609863281,118.24399479427487,116.28253747320228,117.49259196824357,88105100
2021-03-15,120.99589538574219,121.00565599103153,117.51210381348422,118.47820271779908,92403800
2021-03-16,122.5377426147461,124.1478999993401,121.7082698545493,122.6646007020175,115227900
2021-03-17,121.74729919433594,122.82073491932013,119.38573166517871,121.05444515870833,111932600
2021-03-18,117.61943054199219,120.20543961497017,117.41450253253255,119.91268106136539,121229700
2021-03-19,117.09248352050781,118.49771283246503,116.78997177230154,117.00466041109058,185549500
2021-03-22,120.4103775024414,120.87878973760397,117.35596342731434,117.42427276940472,111912300
2021-03-23,119.5809097290039,121.23985521691415,119.19056742444849,120.35183373308179,95467100
2021-03-24,117.19005584716797,119.93220486001856,117.17054208424707,119.8541349180161,88530500
2021-03-25,117.6780014038086,118.72217030027896,116.12640013534126,116.65336116382848,98844700
2021-03-26,118.28301239013672,118.54649658241553,116.04831056099164,117.44377912870549,94071200
2021-03-29,118.45868682861328,119.61995321991907,117.81462830863143,118.71241046141134,80819200
2021-03-30,117.0046615600586,117.49258758203952,115.98977454091903,117.20958959587135,85671900
2021-03-31,119.20032501220703,120.53723750663126,118.22447299809998,118.7123990051535,118323800
2021-04-01,120.02979278564453,121.18129841261401,119.53210619432762,120.67385866207343,75089100
2021-04-05,122.85977935791016,123.1135029854138,120.09811616226364,120.87880081066227,88651200
2021-04-06,123.16230010986328,124.06008230942047,122.61582528320433,123.44529812942913,80171300
2021-04-07,124.81147766113281,124.83099142610236,122.11812394056145,122.79146423199435,83466700
2021-04-08,127.21204376220703,127.24131812556128,125.41647998833378,125.83608912328931,88844600
2021-04-09,129.788330078125,129.82735761061758,126.34357333569822,126.66560631746748,106686700
2021-04-12,128.07083129882812,129.64195373047176,127.4755609392533,129.31992075985053,91420000
2021-04-13,131.1837921142578,131.40824882078488,128.74416183713194,129.2418559434714,91266500
2021-04-14,128.8417510986328,131.74003301621525,128.48069058786155,131.68148427288168,87222800
2021-04-15,131.2520751953125,131.7400011254066,130.41284199993794,130.58850307773702,89347100
2021-04-16,130.9203338623047,131.41801312050643,130.06157916706454,131.05695257379082,84922400
2021-04-19,131.58384704589844,132.19863841633452,130.12006941367238,130.2859624251534,94264200
2021-04-20,129.89564514160156,132.25720491889302,128.6270347117328,131.7595258175455,94812300
2021-04-21,130.27621459960938,130.52017754829777,128.12934362921473,129.1637441492029,68847100
2021-04-22,128.75389099121094,130.91051516608923,128.23669071993334,129.8273190546684,84566500
2021-04-23,131.07647705078125,131.85714691281353,128.9686326865185,128.9686326865185,78657500
2021-04-26,131.466796875,131.79858301727063,130.33480485867753,131.57414120224303,66905100
2021-04-27,131.14474487304688,132.14011804581892,130.87150751429678,131.74976832594788,66015800
2021-04-28,130.3543243408203,131.75955373687952,129.8663982944287,131.06669219926212,107760100
2021-04-29,130.2567138671875,133.76003367761894,129.25158755183847,133.17451655261294,151101000
2021-04-30,128.28549194335938,130.33477191318826,127.9049103139399,128.59775679529238,109839500
2021-05-03,129.33941650390625,130.83248375117557,128.64656992797262,128.85149050777056,75135100
2021-05-04,124.76268768310547,128.31479612503944,123.64045629537989,128.0220375212291,137564700
2021-05-05,125.00666046142578,127.29990397131918,124.87979492302028,126.08008884148607,84000900
2021-05-06,126.6070556640625,126.61680882445819,124.0600736654329,124.80172333933865,78128300
2021-05-07,127.28153228759766,128.30790544082245,126.56793953638302,127.90713783845663,78973300
2021-05-10,123.99710083007812,126.62659678553494,123.9579995481262,126.49953067035334,88071200
2021-05-11,123.0782470703125,123.43014369302018,120.00885982186637,120.72244516785638,126142800
2021-05-12,120.00885009765625,121.83679573122357,119.50054838799285,120.62468591755979,112172300
2021-05-13,122.15937042236328,123.31283199690465,121.46533953245027,121.77814229209847,105861300
2021-05-14,124.58358764648438,125.013694229742,123.01957387710111,123.4105791838984,81918000
2021-05-17,123.43013763427734,124.07529756948797,122.35487853339957,123.96777091361953,74244600
2021-05-18,122.04206848144531,124.1339383673377,121.97364310976869,123.71360895337953,63342900
2021-05-19,121.88567352294922,122.1104965529405,120.09682917810171,120.39008503908883,92612000
2021-05-20,124.44671630859375,124.84749873261765,122.28642148193616,122.41350247384847,76857100
2021-05-21,122.6090316772461,125.12123109705438,122.39397836804899,124.94527906751188,79295400
2021-05-24,124.24147033691406,125.06258229000034,123.10756306374581,123.17598843835246,63092900
2021-05-25,124.04596710205078,125.43403637255953,123.47900975619554,124.94527412511385,72009500
2021-05-26,123.99710083007812,124.52495694971883,123.57677137135352,124.10462749099422,56575900
2021-05-27,122.46240997314453,124.76933338548339,122.26691102273217,123.59632476739549,94625600
2021-05-28,121.8074722290039,122.9707110430963,121.74882403932074,122.74588055296678,71311100
2021-06-01,121.48489379882812,122.53082878890919,121.15254410936616,122.26690447420742,67637100
2021-06-02,122.2473373413086,122.42328935200692,121.26005810254007,121.48488111421776,59278900
2021-06-03,120.76152038574219,122.04205540035305,120.3607379247326,121.87588058092217,76229200
2021-06-04,123.0586929321289,123.32262472191542,121.06457229139289,121.27962561409095,75169300
2021-06-07,123.0684585571289,123.47901079400312,122.02252359682196,123.33238286431767,71057600
2021-06-08,123.88956451416016,125.57088967583601,123.37148561983427,123.75271376689696,74403800
2021-06-09,124.27080535888672,124.87686405712522,123.674523845825,124.34900792468662,56877900
2021-06-10,123.27372741699219,125.30694902913476,123.10755258677628,124.1632572111759,71186400
2021-06-11,124.48584747314453,124.57382721619663,123.2639604593567,123.68428989041197,53522400
2021-06-14,127.54541778564453,127.6040659610548,124.21211472861349,124.94524675246014,96906500
2021-06-15,126.72433471679688,127.66275042731246,126.47995733459727,127.01759055855872,62746300
2021-06-16,127.22286224365234,127.9462246818499,125.57088362966448,127.43791553837022,91815000
2021-06-17,128.82598876953125,129.56890564121335,126.73411873855628,126.8807541337841,96721700
2021-06-18,127.5259017944336,128.5522748841205,127.31084850130004,127.7702791806661,108953300
2021-06-21,129.3245086669922,129.43203530764706,126.304007918975,127.36948968462076,79663300
2021-06-22,130.9667510986328,131.06450803911002,128.65982751015113,129.158367024724,74783600
2021-06-23,130.69300842285156,131.29907441491832,130.23357779534092,130.76144124276647,60214200
2021-06-24,130.4095916748047,131.6119246047728,129.94037621113515,131.42619534818903,68711000
2021-06-25,130.1163330078125,130.87878947575115,129.8230770780785,130.45846741177152,70783700
2021-06-28,131.74876403808594,132.2081948177629,130.35093224313096,130.40958044213394,62111300
2021-06-29,133.2638702392578,133.4202753370262,131.3284056301101,131.76828191642397,64556100
2021-06-30,133.87973022460938,134.31960659055045,132.81423335434383,133.10748923684247,63261400
2021-07-01,134.1827392578125,134.24138744394435,132.70669030063868,133.52780965332033,52485800
2021-07-02,136.812255859375,136.85134968212856,134.65195299080864,134.79857347065126,78852600
2021-07-06,138.82589721679688,139.9304727602518,136.91975675935547,136.91975675935547,108181800
2021-07-07,141.31857299804688,141.6313683204944,139.45152604310684,140.3117243665474,104911600
2021-07-08,140.01846313476562,140.8200131513889,137.50625661436462,138.39579381995796,105575500
2021-07-09,141.84640502929688,142.3742535997312,139.44172508137947,139.53948199823574,99890800
2021-07-12,141.25015258789062,143.0292274131984,140.76139773464533,142.92170074885988,76299700
2021-07-13,142.36453247070312,144.14360753862073,140.39974306234285,140.79074103201313,100827100
2021-07-14,145.79554748535156,146.20611463354894,144.35860721349817,144.76917436169552,127050800
2021-07-15,145.140625,146.62644380694877,143.7818872173468,145.88354186128097,106820300
2021-07-16,143.09759521484375,146.3917969988858,142.59907080876903,145.12104675803545,93251400
2021-07-19,139.24623107910156,140.82980667753233,138.48377483066196,140.5169964650382,121434600
2021-07-20,142.86300659179688,143.79165254365046,139.7447638348333,140.2335185818673,96350000
2021-07-21,142.12991333007812,142.8435061950867,141.3772415531026,142.25699437204696,74993500
2021-07-22,143.49838256835938,144.86688975892292,142.53064289499747,142.65772388969611,77338200
2021-07-23,145.21881103515625,145.3752161371665,143.6156960285799,144.23153179548808,71447400
2021-07-26,145.63912963867188,146.4602339479517,144.37813417064035,144.9353216834007,72434100
2021-07-27,143.4691162109375,145.85424248763385,142.2765530725893,145.7662552705701,104818600
2021-07-28,141.71929931640625,143.66454826410944,139.3341741507505,141.5531245192068,118931200
2021-07-29,142.36453247070312,143.25407000466194,141.32837442702208,141.4359011060239,56699500
2021-07-30,142.5795440673828,143.03897475076792,140.86890234879084,141.13283410460213,70440600
2021-08-02,142.24722290039062,143.64505468245218,141.9832910916965,143.06832751008895,62880000
2021-08-03,144.04580688476562,144.710506214658,141.91482832443904,142.53066410966022,64786600
2021-08-04,143.64503479003906,144.4661392860283,142.99010513855148,143.9578450260043,56368300
2021-08-05,143.75257873535156,144.51503513271194,142.882595670896,143.67437616695372,46397700
2021-08-06,143.06727600097656,144.01688208379585,142.56800458197282,143.2728671370131,54126800
2021-08-09,143.0183563232422,143.6155312622221,142.46034872273202,143.1260440970898,48908700
2021-08-10,142.53863525390625,144.60427120704347,142.24494003565766,143.36096991463478,69023100
2021-08-11,142.7931671142578,143.6350854630747,142.4701038589951,142.97917458892059,48493500
2021-08-12,145.75946044921875,145.91609989817144,142.77358630713317,143.1162332344722,72282600
2021-08-13,145.9650421142578,146.29788971819715,145.15249183078768,145.83777070300374,59375000
2021-08-16,147.9425811767578,148.01111654322713,143.3903569726172,145.41682586535111,103296000
2021-08-17,147.03211975097656,148.4907815727172,145.95524228570045,147.0712721415507,92229700
2021-08-18,143.28268432617188,147.55101302601977,143.07709314303492,146.6503584300104,86326000
2021-08-19,143.61550903320312,144.888178453154,141.46176882757268,141.9806239472667,86960300
2021-08-20,145.07421875,145.37769842397583,143.69386126066104,144.33998794987892,60549600
2021-08-23,146.5622100830078,147.03211343952145,144.78047016020776,145.191637464402,60131800
2021-08-24,146.47412109375,147.68805452972137,146.01400200564578,146.30769726540868,48606400
2021-08-25,145.24063110351562,147.15942734858208,144.69240787291454,146.66014088374254,58991300
2021-08-26,144.43785095214844,145.98463202414845,144.40848292036043,145.23083262430814,48597200
2021-08-27,145.4755859375,145.62242610628783,143.7427972559924,144.379124571356,55802400
2021-08-30,149.9005126953125,150.26274327805922,145.48534478526688,145.86714409511154,90956700
2021-08-31,148.6376495361328,149.587255672955,148.10899512080897,149.45019988712295,86453100
2021-09-01,149.3033447265625,151.72141211238971,149.1369209108447,149.61662363000326,80313700
2021-09-02,150.4193878173828,151.46689743705474,149.19567000260434,150.63476334782075,71115500
2021-09-03,151.05572509765625,151.3787883827347,149.87115971903515,150.5270706537238,57808700
2021-09-07,153.3954620361328,153.9534695341939,151.14381850232894,151.71162530218976,82278300
2021-09-08,151.84864807128906,153.73806060079502,150.74240274156284,153.6793245546072,74420200
2021-09-09,150.83053588867188,152.8276363360627,150.71304884732544,152.22067721794593,57305700
2021-09-10,145.83778381347656,152.21090030495253,145.57345660401688,151.74099688432676,140893200
2021-09-13,146.40560913085938,148.236286286438,145.62242670552294,147.46290316436924,102404300
2021-09-14,145.0056915283203,147.89367812161663,143.82114080275386,147.18881531881482,109296300
2021-09-15,145.89651489257812,146.2978978750979,143.29244009500678,145.43639585173057,83281300
2021-09-16,145.6615447998047,145.837767899535,144.12456328294863,145.31891283926268,68034100
2021-09-17,142.98895263671875,145.6909306748569,142.69525742327428,145.6909306748569,129868800
2021-09-20,139.93460083007812,141.79464618437362,138.2997154014584,140.77651939778278,123478900
2021-09-21,140.41427612304688,141.55968919492042,139.77794880575027,140.90376327110957,75834000
2021-09-22,142.78338623046875,143.35117809396385,140.67858283814957,141.41281345310648,76404300
2021-09-23,143.7427978515625,143.9875414258644,142.57781604781135,143.56657471032472,64838200
2021-09-24,143.83087158203125,144.36931031939181,142.4994662214484,142.59736960568088,53477900
2021-09-27,142.3134765625,142.89108270101565,140.79607848273122,142.41137995898362,74150700
2021-09-28,138.92623901367188,141.7065222907774,138.7108634842379,140.2380609198885,108972300
2021-09-29,139.8268585205078,141.41279162385416,139.0436763311914,139.4744272822133,74602000
2021-09-30,138.5248565673828,141.34430719144615,138.30948103704677,140.63944453543033,89056700
2021-10-01,139.6506805419922,139.91500779058484,136.18511802762384,138.91644980320578,94639600
2021-10-04,136.21446228027344,139.219920083201,135.36275955212915,138.77936976647533,98322000
2021-10-05,138.14306640625,139.24931216410243,136.42986135228304,136.5571327935829,80861100
2021-10-06,139.0143585205078,139.16119869868928,135.46067682888463,136.53755459542595,83221100
2021-10-07,140.27719116210938,141.18764483600611,139.71918369704164,140.05203130343006,61732700
2021-10-08,139.89537048339844,141.14845593543666,139.56252292787886,141.00161581916532,58773200
2021-10-11,139.8072967529297,141.76524506387435,138.82832259745734,139.27865728167708,64452200
2021-10-12,138.53465270996094,140.23807342981166,138.07453357766727,140.2184897604903,73035900
2021-10-13,137.94723510742188,138.4269228251495,136.27318293183075,138.27029833211344,78762700
2021-10-14,140.73731994628906,140.85480700337075,138.53462808500012,139.12201855652793,69907100
2021-10-15,141.79461669921875,141.85335275996707,140.49257924677562,140.74712209396571,67940300
2021-10-18,143.46865844726562,143.75255436574946,140.14993682023066,140.4338327387145,85589200
2021-10-19,145.63221740722656,146.03360047164531,143.4686924815836,143.91901231262074,76378900
2021-10-20,146.12167358398438,146.60137628639336,145.00564367087514,145.57345046006543,58418800
2021-10-21,146.33705139160156,146.4936908403183,144.76090241654427,145.68114050530517,61421000
2021-10-22,145.56365966796875,147.02232150012944,145.51470797593214,146.5426337568644,58883400
2021-10-25,145.5147247314453,146.2293717159997,144.51616686316274,145.55387712680738,50720600
2021-10-26,146.18043518066406,147.66846521408038,145.87694062980856,146.19021954502938,60893400
2021-10-27,145.72030639648438,146.58179347999342,145.36787510933436,146.21957782913032,56094900
2021-10-28,149.36212158203125,149.9494972207288,146.57203874983847,146.66994215860282,100077900
2021-10-29,146.65029907226562,146.78735482622835,143.3315780160653,144.12454451670374,124953200
2021-11-01,145.82798767089844,146.55241894044252,144.69237413631248,145.85735569869297,74588300
2021-11-02,146.86570739746094,148.3831203302802,145.5245026428988,145.53430194477542,69122000
2021-11-03,148.30474853515625,148.77465178348533,146.6698640575081,147.22787136403235,54511500
2021-11-04,147.78594970703125,149.22502801768104,147.47267079725674,148.39290892226862,60394600
2021-11-05,148.31533813476562,149.21730693838492,147.11924549176268,148.9133844562671,65463900
2021-11-08,147.4918212890625,148.5996814029073,147.2173096615232,148.44281334152436,55020900
2021-11-09,147.85455322265625,148.46239820996468,147.11925107616622,147.25650687845393,56787900
2021-11-10,145.02120971679688,147.18790692538667,144.95258928599077,147.08006199718062,65187100
2021-11-11,144.97218322753906,146.50160947604698,144.7859042685968,146.0408338404559,41000000
2021-11-12,147.05062866210938,147.45258246065882,144.5898079376244,145.5211876519379,63804000
2021-11-15,147.06040954589844,148.9035714659964,146.50157280893995,147.42315376898895,59222800
2021-11-16,148.04080200195312,148.52120469197544,146.41332999225213,147.00157757351386,59256200
2021-11-17,150.48202514648438,151.96242792983602,148.03101824439025,148.04081688648543,88807000
2021-11-18,154.77621459960938,155.56053998029552,150.05067998656534,150.6977495476136,137827700
2021-11-19,157.40370178222656,157.86449238063588,153.4624776050976,154.56052415802415,117305600
2021-11-22,157.86447143554688,162.45274960273852,157.84485918977177,158.5115259485219,117467900
2021-11-23,158.246826171875,158.6291826815126,155.94287351139204,157.96250097049108,96041900
2021-11-24,158.76646423339844,158.96254184147043,156.5115343411642,157.59978226969068,69463600
2021-11-26,153.73696899414062,157.30563478087385,153.29579070221752,156.44289044282164,76959800
2021-11-29,157.09976196289062,158.0311417015208,155.67816582735122,156.24680128961487,88748200
2021-11-30,162.0605926513672,162.27628247322406,156.78602057829323,156.85465595786593,174048100
2021-12-01,161.54100036621094,166.96262755361067,161.30569826962912,164.1978840178816,152052500
2021-12-02,160.55076599121094,160.98214564054786,154.70757335862984,155.62915443498412,136739200
2021-12-03,158.6684112548828,161.72727865884264,156.58996176944189,160.80569748404918,118023100
2021-12-06,162.08023071289062,164.59005999270414,161.06060321811478,161.0704018625744,107497000
2021-12-07,167.82537841796875,168.21754859396336,165.04103748733866,165.76654109310675,120405400
2021-12-08,171.64894104003906,172.51170037671412,167.3547715631022,168.75675548519916,116998900
2021-12-09,171.13912963867188,173.28621440591945,170.5116723744327,171.48227664120193,108923700
2021-12-10,175.93331909179688,176.10979941461878,171.26660609827198,171.77641985782503,115402700
2021-12-13,172.29600524902344,178.5607789713786,172.09011406463858,177.57056250136455,153237000
2021-12-14,170.91360473632812,174.25678153856327,168.83515579640857,171.81557342647733,139380400
2021-12-15,175.7862091064453,175.9822866567296,168.9331887697873,171.67831935304167,131063300
2021-12-16,168.88417053222656,177.59015164670058,167.40376778099412,175.7666019527164,150185800
2021-12-17,167.7861328125,170.07047310742206,166.3645517595425,166.59983885479875,195432700
2021-12-20,166.42340087890625,167.23713712314685,164.17828470413107,164.98220734461725,107499100
2021-12-21,169.59988403320312,169.80576024164466,165.8057150631417,168.19790026438204,91185900
2021-12-22,172.19798278808594,172.41367264545124,168.7763709233024,169.64892899727565,92135300
2021-12-23,172.825439453125,173.38427634319635,171.83523780972868,172.40387334427473,68356600
2021-12-27,176.7960662841797,176.8842989595941,173.5999580433746,173.61955533140323,74919600
2021-12-28,175.7764129638672,177.77644307078862,175.03131221487746,176.62937357994824,79144300
2021-12-29,175.86468505859375,177.0901887398254,174.6489800212977,175.8156619193921,62348900
2021-12-30,174.7078094482422,177.03137470215592,174.5999645211849,175.95292543158308,59773000
2021-12-31,174.0901336669922,175.7175909576372,173.7861962305415,174.59993235574382,64062300
2022-01-03,178.44313049316406,179.2960912081591,174.22740989529922,174.34505345884557,104487900
2022-01-04,176.17837524414062,179.35488561287562,175.60973984086195,179.05096314693128,99310400
2022-01-05,171.49209594726562,176.6392118468071,171.21758429607112,176.09018854441808,94537600
2022-01-06,168.62930297851562,171.8646356206371,168.27635732737943,169.31558203356892,96904000
2022-01-07,168.7959442138672,170.727338880113,167.67828564718639,169.50183540964022,86709100
2022-01-10,168.81558227539062,169.1195047889858,164.87435832287932,165.76652857616685,106765600
2022-01-11,171.64894104003906,171.74697235390423,167.4724300834058,168.94303442923228,76138300
2022-01-12,172.0901336669922,173.70779259806037,171.39405592953122,172.66856783412447,74805200
2022-01-13,168.81558227539062,173.15876005827155,168.42341212900857,172.3352251905114,84505800
2022-01-14,169.6783447265625,170.37442243944997,167.73713612609606,167.9822368621362,80440800
2022-01-18,166.47242736816406,169.1587219328493,166.0900708080933,168.14890807010434,90956700
2022-01-19,162.9723358154297,167.72729487050043,162.6880256161482,166.6684581646365,94815000
2022-01-20,161.28602600097656,166.35470563713608,160.96249134848685,163.70762161465956,91420500
2022-01-21,159.22723388671875,163.0704113462842,159.1193889725066,161.19783827212862,122848900
2022-01-24,158.4527130126953,159.11939476840692,151.66832669269064,156.88407733764427,162294600
2022-01-25,156.64877319335938,159.5703696285005,153.942866591661,155.86444788627315,115798400
2022-01-26,156.56056213378906,161.1684533792907,154.727213256224,160.29589528165266,108275300
2022-01-27,156.0997314453125,160.6291874906743,155.17815044081257,159.26642822820887,121954600
2022-01-28,166.9920196533203,167.01163189910224,159.6095873711376,162.4625632621154,179935700
2022-01-31,171.3548583984375,171.5705482844906,166.1881296985076,166.82540071085162,115541600
2022-02-01,171.1881103515625,171.41359877633036,168.9331812246113,170.59986276722478,86213900
2022-02-02,172.39404296875,172.43326746235797,169.93323706636977,171.32540739423024,84914300
2022-02-03,169.5116424560547,172.78619926092313,168.74692944934694,171.06068071470264,89418100
2022-02-04,169.22702026367188,170.90565209755536,167.5483884297884,168.53004061879486,82465400
2022-02-07,168.51036071777344,170.75833687095522,167.81338131131074,169.6883399458675,77251200
2022-02-08,171.62220764160156,172.13267083606547,168.2845821132694,168.57908068618394,74829200
2022-02-09,173.04562377929688,173.4088302479398,171.6909391445202,172.81984799977465,71285000
2022-02-10,168.96192932128906,172.26028048182204,168.40239549718422,170.94487045999796,90865900
2022-02-11,165.54579162597656,169.90432887481495,164.95679443820137,169.16808987950634,98670700
2022-02-14,165.78140258789062,166.46855602542965,163.50396264767951,164.2990984096048,86185500
2022-02-15,169.61964416503906,169.77671208150778,167.12625465108732,167.83304529637556,62527400
2022-02-16,169.38404846191406,170.1595469185717,166.92991856527323,168.69689508661867,61177400
2022-02-17,165.78140258789062,168.75580709374077,165.37892165346722,167.89194849865083,69589300
2022-02-18,164.2304229736328,167.4109666491594,163.14078838658125,166.70419081590586,82772700
2022-02-22,161.3050537109375,163.6315640117695,159.17485582320555,161.95293260639133,91162800
2022-02-23,157.13302612304688,163.10145646710572,156.8188903266126,162.50264821161971,90009200
2022-02-24,159.75405883789062,159.86204116175165,149.21111050582687,149.7804704881103,141147500
2022-02-25,161.82534790039062,162.09038317154068,157.91836192123637,160.83386973446065,91974200
2022-02-28,162.09036254882812,162.38486112479202,159.44971644975743,160.06816196139965,95056600
2022-03-01,160.20558166503906,163.54320699943037,158.99815406295153,161.67805946523026,83474400
2022-03-02,163.50396728515625,164.28929194125575,159.96020269374122,161.37378407895594,79724800
2022-03-03,163.17999267578125,165.8108275814803,162.5124765673441,165.37889834481186,76678400
2022-03-04,160.1761474609375,162.51248390357455,159.1257876596409,161.4719352294381,83737200
2022-03-07,156.3771514892578,161.99220158513262,156.12191240746935,160.36265582763468,96418800
2022-03-08,154.5513153076172,159.8915053454628,152.94140639728047,155.90600005394768,131148300
2022-03-09,159.96018981933594,160.41175632836593,156.4851483427237,158.51716018630677,91454900
2022-03-10,155.61146545410156,157.4471497383223,153.11806120676204,157.26063347822767,105342000
2022-03-11,151.89100646972656,156.3575259685623,151.665230708696,156.01394178449013,96970100
2022-03-14,147.8564453125,151.29222791354923,147.34599696795414,148.67121841249335,108732100
2022-03-15,152.244384765625,152.71558844748628,147.62081285085458,148.1312610379761,92964300
2022-03-16,156.66183471679688,157.06431562049127,151.62597028281274,154.16844529700253,102300200
2022-03-17,157.67295837402344,158.04599097202535,154.73782812813226,155.69984300954386,75615400
2022-03-18,160.9712677001953,161.46209362986437,156.82869565548296,157.56493454998656,123511700
2022-03-21,162.34561157226562,163.2978152048177,160.0190861607253,160.50991215775952,95811400
2022-03-22,165.7224884033203,166.31147058252574,161.88422570672876,162.4732078859342,81532000
2022-03-23,167.08702087402344,169.4724284348405,164.57397876026056,164.9077518788254,98062700
2022-03-24,170.87619018554688,170.94489804434284,167.0870124371813,167.92140774440355,90131400
2022-03-25,171.5142364501953,172.06395916657084,169.580380836561,170.68965237563202,80546200
2022-03-28,172.3780975341797,172.5057021088352,168.84414433562662,169.01102337849983,90371900
2022-03-29,175.6764678955078,175.7255385178658,173.1045291861119,173.44811341555265,100589400
2022-03-30,174.5082550048828,176.31449082883282,173.45788032690467,175.2739422558794,92633200
2022-03-31,171.40621948242188,174.7634668034609,171.20006601604496,174.57695056693356,103049300
2022-04-01,171.11178588867188,171.67133481060853,168.785275058947,170.8369244817349,78751300
2022-04-04,175.16598510742188,175.21507070313862,171.2393771112145,171.3669966643139,76468400
2022-04-05,171.84800720214844,175.02856526846452,171.21975048299214,174.2432406248137,73401800
2022-04-06,168.67726135253906,170.44423791053993,167.00845598396842,169.19753570311426,89058800
2022-04-07,168.9815673828125,170.1791839693951,166.73359099058004,168.01955265843017,77594700
2022-04-08,166.96923828125,168.62823308641478,166.0955683220528,168.62823308641478,76575500
2022-04-11,162.7088165283203,165.928633841103,162.46340353204835,165.61451299486157,72246700
2022-04-12,164.58380126953125,166.7532441092378,163.58251189337741,164.93719663883124,79265200
2022-04-13,167.2734832763672,167.90173991390134,163.71009694763094,164.3187163524491,70618900
2022-04-14,162.2572479248047,168.12753750441655,162.01183493170848,167.4894547350742,75329400
2022-04-18,162.04132080078125,163.54324732904448,160.5688426374783,160.91241188828883,69023900
2022-04-19,164.32850646972656,164.74081340994962,160.90255125037683,161.99218535509698,67723800
2022-04-20,164.1616668701172,165.7814017275046,163.05241024771163,165.66359329680822,67929800
2022-04-21,163.36651611328125,168.38275818896258,162.865879009956,165.81083486701775,87227800
2022-04-22,158.82147216796875,164.78991818851023,158.53679967564108,163.40580023778472,84882400
2022-04-25,159.8914794921875,160.17615197605645,155.55257953271186,158.16376241881838,96046400
2022-04-26,153.9230194091797,159.36136429126918,153.84448546049006,159.27301921605053,95623200
2022-04-27,153.69725036621094,156.85815581050312,152.52908216912786,153.0493564954022,88063200
2022-04-28,160.6375274658203,161.5013859909982,156.01394010524191,156.3280759248776,130216800
2022-04-29,154.7574462890625,163.15057467016825,154.36479144385027,158.87057095053723,131747600
2022-05-02,155.06175231933594,155.326787567421,150.45780216717014,153.83468735250372,123055300
2022-05-03,156.55384826660156,157.7612909458003,153.4518394989138,155.2482493800242,88966500
2022-05-04,162.97386169433594,163.42541320530594,156.33788489489382,156.74036579119067,108256500
2022-05-05,153.89361572265625,161.06949072780478,152.10700157369598,160.84371492154636,130525300
2022-05-06,154.62109375,156.7445813601952,151.57349495754403,153.37255959944574,116124600
2022-05-09,149.48931884765625,153.19558860822082,148.92896288962842,152.31079472594658,131577900
2022-05-10,151.89791870117188,154.0902301343912,150.3446276636097,152.89085370033473,115366700
2022-05-11,144.02334594726562,152.8220388257889,143.3450083341386,150.90500752836365,142689800
2022-05-12,140.14991760253906,143.7283801675573,136.45348852465227,140.3563740008872,182602000
2022-05-13,144.6230010986328,145.59626984264398,140.69062395231782,142.14559929622243,113990900
2022-05-16,143.0795440673828,145.02608166695018,141.7425351609862,143.08938461134267,86643800
2022-05-17,146.71697998046875,147.23801869280874,144.20024629343533,146.34339939395076,78336300
2022-05-18,138.4393310546875,144.86876045778243,137.53487119903903,144.3673878211131,109742900
2022-05-19,135.0280303955078,139.26516512783357,134.29070954879225,137.51525818502847,136095600
2022-05-20,135.2639617919922,138.32138613190273,130.3681556306207,136.73860346717416,137426100
2022-05-23,140.69061279296875,140.8380709239281,135.32291181364158,135.46054440281267,117726300
2022-05-24,137.98712158203125,139.5699040628069,135.0083469444269,138.42951103300464,104132700
2022-05-25,138.1444091796875,139.39292808535322,136.00125589921703,136.08973078213927,92482700
2022-05-26,141.34930419921875,141.89983463413682,134.82155832650707,135.0673319135833,90601500
2022-05-27,147.1102294921875,147.1495466635664,142.80427168601537,142.93207874444667,90978500
2022-05-31,146.32371520996094,148.11295358634777,144.35752710447642,146.5498376426855,103718400
2022-06-01,146.19595336914062,149.17472776391935,145.18335248498283,147.36582293275725,74286600
2022-06-02,148.6536865234375,148.71266977766248,144.377220582194,145.33082319437173,72348100
2022-06-03,142.9222412109375,145.46845161750497,142.01779633681872,144.4165336112239,88570300
2022-06-06,143.6693878173828,146.05831455755788,142.45034559186539,144.54434106770898,71598400
2022-06-07,146.19595336914062,146.48104410293644,141.66388825021798,141.9096618141491,67808200
2022-06-08,145.45864868164062,147.3363475160415,144.96710149969525,146.06816238698744,53950200
2022-06-09,140.22860717773438,145.44883688149872,140.12046617630207,144.5935494161548,69473000
2022-06-10,134.8117218017578,138.38034379484614,134.7428980025847,137.9084627463307,91437900
2022-06-13,129.65049743652344,132.9143631237499,129.21793348983346,130.6237513157455,122207100
2022-06-14,130.5155792236328,131.62648045825296,129.25721986088914,130.8793342743823,84784300
2022-06-15,133.14047241210938,135.0181863871141,129.9257644034857,132.0197453538818,91533000
2022-06-16,127.86123657226562,130.1518479895085,126.85847623062334,129.84709117019267,108123900
2022-06-17,129.3358917236328,130.8301993524765,127.61547659200777,127.87109072638007,134520300
2022-06-21,133.57301330566406,134.74289788395257,131.06613492456364,131.16443535080262,81000500
2022-06-22,133.0618133544922,135.4310591073431,131.64615522779903,132.5112679712454,73409200
2022-06-23,135.93246459960938,136.24704700188127,133.33709602733944,134.5069807437755,72433800
2022-06-24,139.26513671875,139.51091028418583,137.40708916408835,137.53488121755194,89116800
2022-06-27,139.26513671875,141.06420101783954,138.58679927801467,140.2875481505987,70207900
2022-06-28,135.11648559570312,140.99538542275212,134.99851907769516,139.72720035167993,67083400
2022-06-29,136.87619018554688,138.29184811908073,134.35947163740929,135.13612439300184,66242400
2022-06-30,134.40863037109375,136.03072968185316,131.508505693856,134.92966905883227,98964500
2022-07-01,136.58128356933594,136.68942454210836,133.36657601668242,133.74014164921843,71051600
2022-07-05,139.16680908203125,139.215966790971,134.6150782492546,135.44088875729327,73353800
2022-07-06,140.5038299560547,141.68354006887108,138.69494011634768,138.96037976700046,74064300
2022-07-07,143.8758544921875,144.07247034886072,140.857747839313,140.86757338185674,66253700
2022-07-08,144.55418395996094,145.0555716697527,142.54867812328092,142.8042772492725,64547800
2022-07-11,142.42088317871094,144.16096449444552,141.3493138659739,143.20736171130733,63141600
2022-07-12,143.39414978027344,145.94036067600746,142.59784571642712,143.29583433994398,77588800
2022-07-13,143.03038024902344,143.9741422785196,139.71734260162484,140.5726447543378,71185600
2022-07-14,145.9600067138672,146.4318877608006,140.82825345087886,141.64422349086814,78140700
2022-07-15,147.63128662109375,148.30962416813094,145.69458942189468,147.24788039896364,76259900
2022-07-18,144.58370971679688,149.0076347954927,144.21995456531678,148.19166459198905,81420900
2022-07-19,148.44720458984375,148.67331202574297,144.42635344320428,145.41927305374,82982400
2022-07-20,150.45277404785156,151.12128610103343,147.8279135614201,148.56523442842325,64823400
2022-07-21,152.72372436523438,152.9400063380094,149.37136878805202,151.88808810670997,65086600
2022-07-22,151.48500061035156,153.63797957756256,150.8165036712,152.76302623024424,66675400
2022-07-25,150.3642578125,152.4189211302385,149.7055864857965,151.40633528462277,53623900
2022-07-26,149.03707885742188,150.50187953761252,148.25060053874955,149.68590959456228,55138700
2022-07-27,154.13934326171875,154.67022256546406,149.5876270137746,150.0005248051165,78620700
2022-07-28,154.6898956298828,154.97498637932796,151.7995959592648,154.3261405347344,81378700
2022-07-29,159.7626495361328,160.86372535437394,156.8035410889223,158.51413057382698,101786900
2022-08-01,158.77955627441406,160.82439423501998,158.17004260375904,158.28800912044616,67829400
2022-08-02,157.30494689941406,159.66438272023254,156.9313811867624,157.39343680580816,59907000
2022-08-03,163.32147216796875,163.77368717681702,158.0324196674791,158.1208945604064,82507500
2022-08-04,163.00685119628906,164.36352602829535,161.65017636428277,163.2034670413035,55474100
2022-08-05,162.7804412841797,163.2726712063917,160.46695464111716,160.67369781797885,56697000
2022-08-08,162.30789184570312,165.20220622926755,161.64830554399492,163.7845816314674,60276900
2022-08-09,162.35711669921875,163.24313957743516,160.71307055191537,161.47110884266755,63135500
2022-08-10,166.61000061035156,166.70843758837208,164.30635300401312,165.07423053223724,70170500
2022-08-11,165.87167358398438,168.3328236251765,165.57633257470778,167.4172679985858,57149200
2022-08-12,169.425537109375,169.49444148391456,166.76748363956287,167.18096997345785,68039400
2022-08-15,170.49859619140625,170.6954851482581,168.68719375370597,168.85455011811328,54091700
2022-08-16,170.34107971191406,171.01052019393777,168.99237457923107,170.09496475942944,56377100
2022-08-17,171.8374786376953,173.4126054655057,169.88825224075944,170.0851412165275,79542000
2022-08-18,171.44369506835938,172.18204003423804,170.4297025169527,171.04991709522415,62290100
2022-08-19,168.85458374023438,171.04008614629294,168.64784053029155,170.34111293537597,70346300
2022-08-22,164.96592712402344,167.22033333660877,164.54260162126909,167.052976982108,69026800
2022-08-23,164.63125610351562,166.08826784752824,164.0602674505921,164.4835930991685,54147100
2022-08-24,164.9265594482422,165.4975479706951,163.6664520268514,164.7198312893935,53841500
2022-08-25,167.38772583007812,167.49601702656614,165.73384030735204,166.15715087983543,51218200
2022-08-26,161.0773162841797,168.3918608006587,161.01825109648692,167.91932427745144,78961000
2022-08-29,158.87216186523438,160.36853027090402,157.33640664687104,158.64572524641508,73314000
2022-08-30,156.44052124023438,160.0337937500244,155.26901159376436,159.61048321715364,77906200
2022-08-31,154.7767791748047,158.084564879281,154.69802058402368,157.81875651310324,87991100
2022-09-01,155.50527954101562,155.95812264539694,152.26639832599292,154.20578537018633,74229900
2022-09-02,153.38868713378906,157.86798246463846,152.56174446332417,157.26746135406307,76957800
2022-09-06,152.12860107421875,154.64881624550407,151.3016582877034,154.03845585855234,73714800
2022-09-07,153.53636169433594,154.2353197614945,151.22287508520006,152.41407808901712,87449600
2022-09-08,152.05966186523438,153.93012940950055,150.30730966413597,152.23685741248187,84923800
2022-09-09,154.92446899414062,155.36748802177217,152.34518854112125,153.05400095933032,68028800
2022-09-12,160.8902587890625,161.70736223015916,156.82445000741808,157.10993674145692,104956000
2022-09-13,151.4492950439453,158.04517283101427,150.98659772699438,157.41511914732905,122656600
2022-09-14,152.89646911621094,154.65866080063967,151.22289024182777,152.38454574724284,87965400
2022-09-15,150.0021514892578,152.82756164210238,149.0275457934619,152.24671887947383,90481100
2022-09-16,148.35809326171875,148.99800116372188,146.06430005699622,148.86017738849526,162278800
2022-09-19,152.07933044433594,152.15808902303615,146.7829474662964,146.98967559142943,81474200
2022-09-20,154.4617462158203,155.6234166633189,150.7011173572486,151.0161367015711,107689800
2022-09-21,151.33114624023438,156.27313813881415,151.21301588320202,154.8948855462308,101696800
2022-09-22,150.36639404296875,152.06950527712038,148.56483082094806,150.01198791697018,86652500
2022-09-23,148.09226989746094,149.1161164282667,146.25133501023848,148.84046890574132,96029900
2022-09-26,148.42701721191406,151.38039679019585,147.31457276382835,147.3342661670832,93339400
2022-09-27,149.40159606933594,152.315603340256,147.6197264467502,150.36637737417652,84442700
2022-09-28,147.511474609375,148.29904557000611,142.58917488251384,145.34566573388943,146691400
2022-09-29,140.26583862304688,144.4399538960587,138.49380784574632,143.8295935811918,128138200
2022-09-30,136.0523681640625,140.8762311475777,135.85547916959945,139.084506748129,124925300
2022-10-03,140.23629760742188,140.84667290730152,135.55027429699052,136.0621976067289,114311700
2022-10-04,143.82960510253906,143.9477354899333,142.01818737304887,142.77622574271777,87830100
2022-10-05,144.1249237060547,145.0897052260287,140.7876052377075,141.83114535247526,79471000
2022-10-06,143.1699981689453,145.24720918960443,142.9632699990137,143.54409774342406,68402200
2022-10-07,137.91297912597656,140.8762129387206,137.28292541213156,140.32490279514894,85925600
2022-10-10,138.23782348632812,139.68498038649952,136.41658213054245,138.23782348632812,74899000
2022-10-11,136.8202362060547,139.15341644364526,136.0720520706598,137.72593753469053,77033700
2022-10-12,136.19017028808594,138.17878336551573,136.01297472776957,136.9679019716922,70433700
2022-10-13,140.76791381835938,141.35858069211028,132.2818600306571,132.8922353283637,113224000
2022-10-14,136.2295379638672,142.27411991527399,136.04248821757835,142.06737676893817,88598000
2022-10-17,140.1969451904297,140.67932095242676,138.09020149670755,138.87777246163483,85250900
2022-10-18,141.51611328125,144.42026703642762,138.4249097380949,143.22907894720203,99136600
2022-10-19,141.62442016601562,142.69747799085852,139.30109390010128,139.48814370880504,61758300
2022-10-20,141.1616973876953,143.6228470143876,140.43319169039492,140.7974520498777,64522000
2022-10-21,144.98141479492188,145.5524033439164,140.43319980718348,140.6497821885837,86548600
2022-10-24,147.12754821777344,147.89542583807577,143.7311641246412,144.9026739617267,75981900
2022-10-25,149.97259521484375,150.12027319083927,147.0389093560302,147.75756076988446,74732300
2022-10-26,147.02908325195312,149.62805663114864,145.73942824213276,148.61406419672124,88194300
2022-10-27,142.54977416992188,146.7337280888014,141.89018794295697,145.76896174416086,109180200
2022-10-28,153.3197784423828,155.05242232533004,145.52285843662315,145.89694295512044,164762400
2022-10-31,150.9570770263672,151.84309994681692,149.55914577499016,150.77988145527678,97943200
2022-11-01,148.3088836669922,153.03429437423398,146.8125153766711,152.6700490040681,80379300
2022-11-02,142.7762451171875,149.80528953264218,142.7467125163314,146.6353268529598,93604600
2022-11-03,136.7217559814453,140.58083586522332,136.59377142471027,139.85233034316002,97918500
2022-11-04,136.4555206298828,140.685851940058,132.51114959895418,140.11391633498357,140814800
2022-11-07,136.98802185058594,137.21481900121177,133.7832199726521,135.2031961352515,83374600
2022-11-08,137.55996704101562,139.46311921929427,135.57792562085092,138.457315240062,89908500
2022-11-09,132.9943389892578,136.623168532168,132.71823419264956,136.57386087993447,74917800
2022-11-10,144.8274383544922,144.8274383544922,137.55993955287704,139.27574636621986,118854000
2022-11-11,147.61810302734375,147.9237894166263,142.3622261036816,143.79207283535823,93979700
2022-11-14,146.21786499023438,148.19005093835904,145.37967994364752,146.89827154979093,73374100
2022-11-15,147.95339965820312,151.45403311466376,146.49398610736782,150.10309040489915,89868300
2022-11-16,146.7207794189453,147.78576172673738,145.241639832554,147.05606249393267,64218300
2022-11-17,148.62393188476562,149.3733571163338,144.11747984279026,144.39358466739876,80389400
2022-11-18,149.18603515625,150.5764301938653,147.88439994296314,150.19185444373642,74829600
2022-11-21,145.95159912109375,148.27877887780713,145.66563881154514,148.07170780282644,58724100
2022-11-22,148.09144592285156,148.32811366985848,144.8866435342383,146.06996722268715,51804100
2022-11-23,148.9690399169922,149.71846499501288,147.26308861505012,147.37155942010665,58301400
2022-11-25,146.05023193359375,146.80952774156987,145.0739944661959,146.24744752036312,35195900
2022-11-28,142.21434020996094,144.6006835742159,141.3860256630134,143.12154400613,69246000
2022-11-29,139.20675659179688,142.79613475713955,138.39816810033238,142.2833621487803,83763800
2022-11-30,145.9713592529297,146.6517658940868,138.59538713539368,139.4335572359168,111380900
2022-12-01,146.24745178222656,147.05605527210508,144.5710966759583,146.1488515092609,71250400
2022-12-02,145.75439453125,145.94175459663157,143.62443017730817,143.93013162674256,65447400
2022-12-05,144.5908203125,148.82115263004172,143.7427797370437,145.7149657221435,68826400
2022-12-06,140.92254638671875,145.25149381357704,139.94630895435972,145.02469664926164,64727200
2022-12-07,138.97994995117188,141.37614872094412,138.05302012289312,140.21256620226913,69721100
2022-12-08,140.6661834716797,141.52409475387847,139.1377511085993,140.38022307533845,62128300
2022-12-09,140.18296813964844,143.54554848860332,138.94048147476286,140.36045763658447,76097000
2022-12-12,142.48057556152344,142.4904310742392,139.09826892356506,140.71546075742316,70462700
2022-12-13,143.4469451904297,147.8843635443182,142.23405505341051,147.420898645852,93886200
2022-12-14,141.21839904785156,144.6204172233284,139.1969051895986,143.3286376736575,82291200
2022-12-15,134.6016845703125,139.827980094081,134.1382196907759,139.14757356682156,98931900
2022-12-16,132.6393585205078,135.7356898104224,131.8702072160859,134.78904899571134,160156900
2022-12-19,130.52911376953125,133.31975851229708,129.49372825060226,133.23101376151752,79592600
2022-12-20,130.46009826660156,131.39688354522443,128.0836106828586,129.56275008486864,77432800
2022-12-21,133.56626892089844,134.90735575255198,130.90382132695478,131.13061846159687,85928000
2022-12-22,130.39108276367188,132.68868142818795,128.48793035610765,132.48161030905115,77852100
2022-12-23,130.0262451171875,130.57845488119247,127.83711709089096,129.09931513621305,63814900
2022-12-27,128.22166442871094,129.58247750765514,126.92988507827397,129.55289592303325,69007800
2022-12-28,124.28714752197266,129.2077488876003,124.11951353793032,127.86666196867824,85438400
2022-12-29,127.8074951171875,128.66539108330355,125.9536432642823,126.21002198896751,75703700
2022-12-30,128.123046875,128.14277294659772,125.657822079017,126.62419645842127,77034200
2023-01-03,123.33064270019531,129.07955877586164,122.44315755676651,128.46818597294893,112117500
2023-01-04,124.60270690917969,126.87072372434358,123.34050912530462,125.1253349737568,89113600
2023-01-05,123.28134155273438,125.99309725880703,123.02496279365805,125.36199835089351,80962700
2023-01-06,127.81735229492188,128.47803270861587,123.15313725839339,124.25756397513359,87754700
2023-01-09,128.33999633789062,131.55466910779157,128.08361757784448,128.6555533163335,70790800
2023-01-10,128.91192626953125,129.43455432577363,126.33822308555574,128.44846138243565,63896200
2023-01-11,131.63352966308594,131.65324068500396,128.64566976510943,129.42467643515656,69458900
2023-01-12,131.55465698242188,132.3928269168101,129.61205277186403,132.0181218476768,71379600
2023-01-13,132.8858642578125,133.04364272167805,129.82898551497536,130.1938350469048,57809700
2023-01-17,134.0494384765625,135.38065453831075,132.26461317116338,132.95487502317133,63646600
2023-01-18,133.3296661376953,136.68237694738994,133.1521615402051,134.91727676709147,69672800
2023-01-19,133.38880920410156,134.3551761664197,131.90966964997585,132.21535608370812,58280400
2023-01-20,135.95262145996094,136.1005444209002,132.35338844252215,133.3986444948596,80223600
2023-01-23,139.14759826660156,141.32687064316994,135.98223278773898,136.19917447397063,81760300
2023-01-24,140.54782104492188,141.16906439218428,138.34883807200805,138.35869358432294,66435100
2023-01-25,139.8871612548828,140.44922647148869,136.87957443059517,138.93064978868992,65799300
2023-01-26,141.9579620361328,142.2439224000094,139.92659771489312,141.178940100887,54105100
2023-01-27,143.90057373046875,145.1824979022525,141.09021713301516,141.1691063947575,70555800
2023-01-30,141.01132202148438,143.52586259132485,140.86341406597097,142.9440712375221,64015300
2023-01-31,142.28334045410156,142.3326481092963,140.301299106578,140.71545632636276,65874500
2023-02-01,143.40748596191406,144.57108343034756,139.35465851027638,141.96779872652098,77663600
2023-02-02,148.72254943847656,149.07752846410273,146.10939403157928,146.82923768896234,118339000
2023-02-03,152.35134887695312,155.1913011660709,145.77411121969988,145.97132678498124,154357300
2023-02-06,149.619873046875,150.97083056548323,148.68308779153134,150.44820252682044,69858300
2023-02-07,152.49929809570312,153.07123392254363,148.54507002072867,148.54507002072867,83322600
2023-02-08,149.80723571777344,152.43024651571073,149.0676660222592,151.73998447588093,64120100
2023-02-09,148.77183532714844,152.1837234806971,148.32809651858278,151.64136936063508,56007100
2023-02-10,149.13726806640625,149.46317743221437,147.3694730974516,147.60650220064647,57450700
2023-02-13,151.94204711914062,152.3469510828992,149.0483754519819,149.07800220373113,62199000
2023-02-14,151.30010986328125,151.86304832604316,148.98913264360064,150.23350151506878,61707600
2023-02-15,153.4036865234375,153.57157647071767,150.98407305919312,151.21121650909475,65573800
2023-02-16,151.8037567138672,154.3912596999377,151.44822068703985,151.6062249781976,68167900
2023-02-17,150.65817260742188,151.10258897284194,148.97925796607987,150.46065589718617,59144100
2023-02-21,146.63861083984375,149.42364564911486,146.5694867858314,148.33728134701136,58867200
2023-02-22,147.0633087158203,148.0904046122651,145.3350111943411,147.02379633351947,51011300
2023-02-23,147.54721069335938,148.47555569965527,145.4140093743504,148.22865607328114,48394200
2023-02-24,144.89059448242188,145.3646375819345,143.91286646196608,145.2856278870893,55469600
2023-02-27,146.0855712890625,147.32006943922315,145.6213987790375,145.8781840387877,44998500
2023-02-28,145.5819091796875,147.2311969873109,145.0091001993268,145.2263730908277,50547000
2023-03-01,143.5079345703125,145.40412186804485,143.2116520085762,145.00908849876785,55479000
2023-03-02,144.10049438476562,144.89057616376812,142.1154118429578,142.5894699520932,52238100
2023-03-03,149.15699768066406,149.23600736765022,145.50288630750634,146.20407279147852,70732300
2023-03-06,151.92230224609375,154.3616721188966,151.55689556759242,151.8827898611123,87558000
2023-03-07,149.71994018554688,152.11979733212814,149.25576768015293,151.79388801539042,56182000
2023-03-08,150.97418212890625,151.56674727343432,149.9470862905562,150.91492862836495,47204800
2023-03-09,148.7224578857422,152.62346903568368,148.3669218148619,151.65562670311525,53833600
2023-03-10,146.65838623046875,149.06812912915592,145.77942411442874,148.3471863994858,68572400
2023-03-13,148.6039581298828,151.2408445051467,145.86830586973156,145.97694231528436,84457100
2023-03-14,150.69766235351562,151.49761478500946,148.23855155589501,149.4039106364519,73695900
2023-03-15,151.0926971435547,151.34946732376167,148.06076257128353,149.3150168625453,77167900
2023-03-16,153.917236328125,154.5196720318581,149.7594399024329,150.27299535550645,76161100
2023-03-17,153.07778930664062,154.79621636647911,152.36671707978053,154.1443976469308,98944600
2023-03-20,155.44801330566406,155.86281797805782,152.23831786199295,153.14692183341302,73641400
2023-03-21,157.3046875,157.4231944974596,154.59866219140062,155.36900288355957,73938300
2023-03-22,155.8726806640625,160.12922799549253,155.85292447362312,157.32445173541882,75701800
2023-03-23,156.9590301513672,159.54654859691777,155.72453196517867,156.86027933820688,67622100
2023-03-24,158.26266479492188,158.35154504613158,155.8924343453171,156.88990343786057,59196500
2023-03-27,156.31710815429688,158.77623413977568,155.91218910395636,157.9565254779494,52390300
2023-03-28,155.6949005126953,156.52449472162644,154.04561279409856,156.01093927220384,45992200
2023-03-29,158.7762451171875,159.05277154396305,157.37385679009435,157.39359791374972,51305700
2023-03-30,160.3465118408203,160.45514829132492,159.27003296644855,159.5268031814781,49501700
2023-03-31,162.85499572753906,162.95376161088404,159.90208569195596,160.42551172065657,68749800
2023-04-03,164.1092529296875,164.22775993608965,162.18343872786127,162.23282167038158,56976200
2023-04-04,163.5759735107422,164.77095946962157,163.06241797980005,164.5339454319251,46278300
2023-04-05,161.7291259765625,163.0031364887197,159.7934413430479,162.6969833628771,51511700
2023-04-06,162.61798095703125,162.9142635361202,159.9909651957649,160.41562533913125,45390100
2023-04-10,160.02061462402344,160.02061462402344,158.0948001913657,159.4181788200064,47716900
2023-04-11,158.80584716796875,160.34649846878187,158.51943515436048,160.33662790848967,47644200
2023-04-12,158.11451721191406,160.05020172687142,157.798478475848,159.22062264903255,50133100
2023-04-13,163.5068359375,163.74386504702863,159.4181779828813,159.62558033741385,68445600
2023-04-14,163.1611785888672,164.2574136863755,161.7884170766324,162.5488571823505,49386500
2023-04-17,163.18089294433594,163.33891231813308,161.99577777997115,163.04262975965267,41516200
2023-04-18,164.40553283691406,165.33387789076258,163.5956947875371,164.04012619342146,49923000
2023-04-19,165.5511474609375,166.0745734796078,163.4870550672227,163.74384033117565,47720200
2023-04-20,164.58326721191406,165.7881384645981,163.50678857339403,164.0302145194471,52456400
2023-04-21,162.97352600097656,164.38578477260316,162.45009994594136,163.00315275355902,58337300
2023-04-24,163.27964782714844,163.54630361878327,161.85750369783725,162.9537385417183,41949600
2023-04-25,161.73899841308594,164.24749178401862,161.69948603710247,163.1413863693782,48714100
2023-04-26,161.7291259765625,163.23027992570658,160.78103984940847,161.03781003602157,45498800
2023-04-27,166.3214874267578,166.46962119212645,163.14141866066578,163.14141866066578,64902300
2023-04-28,167.5757293701172,167.74363439949644,165.79806388046575,166.40049965137717,55275900
2023-05-01,167.48683166503906,168.33616700655767,166.548616072207,167.18067853080987,52472900
2023-05-02,166.44985961914062,168.2374257243008,165.46226102978648,167.98064044655123,48425700
2023-05-03,165.37339782714844,168.80036649116937,165.08700083730753,167.3979781580158,65136000
2023-05-04,163.7339630126953,164.96846124572582,162.27232132426357,162.84513031273676,81235400
2023-05-05,171.41749572753906,172.13843848392673,168.64233101133158,168.85960390825258,113453200
2023-05-08,171.34837341308594,171.69403898381825,169.9756118311756,170.34101852570507,55962800
2023-05-09,169.63980102539062,171.38783954566773,169.47191108630196,170.90392591816433,45326900
2023-05-10,171.40760803222656,171.87178057282452,169.76819076413835,170.87431142683658,53724500
2023-05-11,171.59524536132812,172.42482451357537,170.03483786854437,171.6940112425966,49514700
2023-05-12,170.6656494140625,172.13919719280526,169.1129675562631,171.70405030041803,45533100
2023-05-15,170.17115783691406,171.29857695594924,169.5777729993573,171.249125704419,37266700
2023-05-16,170.17115783691406,171.2293421857262,169.9041331509732,170.09203885254627,42110300
2023-05-17,170.78428649902344,171.0216283275313,168.5393327985131,169.81510548834717,57951600
2023-05-18,173.1182403564453,173.3061460276606,170.67549681144826,171.0908600944711,65496700
2023-05-19,173.22705078125,174.44347306887536,173.00947735219142,174.44347306887536,55809500
2023-05-22,172.27764892578125,172.7820305841642,171.53592539559813,172.06007548302856,43570900
2023-05-23,169.66677856445312,171.46670153051892,169.38986966050507,171.2194603598222,50747300
2023-05-24,169.94366455078125,170.51726580029353,168.6382391925545,169.20194113871563,45143500
2023-05-25,171.08099365234375,171.98093998050487,169.79533663873903,170.50739236656926,56058300
2023-05-26,173.49403381347656,173.8302932098977,171.19964403606525,171.4073332194312,54835000
2023-05-30,175.3434295654297,177.01478218217846,174.62148962052487,175.00718521743593,55964400
2023-05-31,175.29397583007812,177.37080753192686,174.80937774220615,175.37309480914308,99625300
2023-06-01,178.10264587402344,178.1323136072369,174.97751385870967,175.73902088879638,68901800
2023-06-02,178.95314025878906,179.77398268262323,177.2817876805341,179.03225923715402,61996900
2023-06-05,177.5982666015625,182.90900173212887,176.07525265044882,180.61461168229852,121946500
2023-06-06,177.23236083984375,178.1323071989488,175.47198988688834,177.98396853821802,64848400
2023-06-07,175.85768127441406,179.21027045240393,175.36319900574063,176.47083445864072,61944600
2023-06-08,178.5773468017578,178.84435638126445,175.50166626223591,175.93679801452896,50214900
2023-06-09,178.96304321289062,180.21901740774703,178.63668307937917,179.4970774647442,48900000
2023-06-12,181.76181030273438,181.86071280602803,178.97293777661235,179.26963019609002,54274900
2023-06-13,181.28707885742188,182.11780541012092,180.42668457715504,180.782712398369,54929100
2023-06-14,181.92002868652344,182.35517550952275,180.01133431975106,181.34642742806082,57462900
2023-06-15,183.95730590820312,184.46168752877136,181.75191900244837,181.9299404833556,65433200
2023-06-16,182.87933349609375,184.92649747799743,182.2365125370702,184.66935702206612,101256200
2023-06-20,182.96832275390625,184.0463055632048,182.37495308855412,182.37495308855412,49799100
2023-06-21,181.92994689941406,183.363942649416,180.57505504326872,182.85956101105992,49515700
2023-06-22,184.9364013671875,184.98585262092797,181.64314706140462,181.71238183472207,51245300
2023-06-23,184.6199188232422,185.49021256870566,182.968349622031,183.50239899871212,53117000
2023-06-26,183.22547912597656,185.97479955864205,183.18591209060443,184.76826151663462,48088700
2023-06-27,185.98468017578125,186.31104030447904,183.62105538648717,183.83862880561904,50730800
2023-06-28,187.16152954101562,187.80435042269775,185.5297441703453,185.85608917215896,51216800
2023-06-29,187.49777221679688,187.97248603247579,186.8549513406989,186.9934057643385,46347300
2023-06-30,191.82945251464844,192.33381899614628,189.1493519786864,189.51527911897426,85213200
2023-07-03,190.3361358642578,191.74046380244184,189.64384856353968,191.64156130508144,31458200
2023-07-05,189.21861267089844,190.85039834497115,188.51644111338388,189.45596962493224,46920300
2023-07-06,189.6932830810547,189.90097227103217,187.11208506779732,187.74502176003202,45094300
2023-07-07,188.5757598876953,190.54380484505052,188.14062814608695,189.29771490007704,46815000
2023-07-10,186.52862548828125,187.89340155065938,184.9759437256739,187.17144648236777,59922200
2023-07-11,186.0044708251953,187.21100889013437,184.54080738706045,187.07255444450544,46638100
2023-07-12,187.6758270263672,189.5845215693785,186.39016995526782,187.5868087386057,60750200
2023-07-13,188.43731689453125,189.08015296828228,187.68570919657313,188.39776494849258,41342300
2023-07-14,188.5856475830078,189.07023054213465,187.53734760154848,188.13071726198152,41616200
2023-07-17,191.84925842285156,192.17561856911308,189.6933076328095,189.78231082986184,50520200
2023-07-18,191.5920867919922,192.1854715232971,190.29654572205703,191.2162905465396,48288200
2023-07-19,192.94699096679688,196.04243976648678,190.5240157315845,190.9690618542327,80507300
2023-07-20,190.99871826171875,194.30185606220206,190.37566579926568,192.9370802265051,59581200
2023-07-21,189.82186889648438,192.8184304455329,189.11969738642375,191.95803606721273,71951700
2023-07-24,190.6229248046875,192.759091941705,190.1284425094743,191.27564505606543,45377800
2023-07-25,191.48333740234375,192.2942956871053,190.79106514120798,191.19654428358876,37283200
2023-07-26,192.3535919189453,193.48101082580538,191.1866210725465,191.53274958731205,47471900
2023-07-27,191.08775329589844,195.02382842734414,190.4251487828704,193.85685736898512,47460200
2023-07-28,193.6689453125,194.4601200346163,191.99759267326004,192.5217427199515,48291400
2023-07-31,194.2821044921875,194.3216715292241,193.10523413200033,193.89640887829788,38824100
2023-08-01,193.4513397216797,194.55897509423534,193.12497963718022,194.07439216394232,35175100
2023-08-02,190.45480346679688,193.026102358892,189.73286353794578,192.88764791924382,50389300
2023-08-03,189.06033325195312,190.24708758113138,188.58563453836183,189.45592808861255,61235200
2023-08-04,179.98165893554688,185.31217710978225,179.9124241755589,183.47270249377223,115956800
2023-08-07,176.87631225585938,181.10907923772604,175.3928654606145,180.12011470756278,97576100
2023-08-08,177.8158416748047,178.2806562533865,175.6203390114105,177.7070549630004,67823000
2023-08-09,176.22361755371094,178.93337110075507,175.05663139218126,178.87403563482027,60378500
2023-08-10,176.0060272216797,178.7553475423464,175.64011515660735,177.49935830249015,54686900
2023-08-11,176.0654296875,176.88738049769475,174.8374673630278,175.60000259117115,52036700
2023-08-14,177.71925354003906,177.94701832041608,175.5900993670502,176.2437010263368,43675600
2023-08-15,175.72874450683594,177.73905244130324,175.3326305229056,177.1448814654077,43622600
2023-08-16,174.8572998046875,176.80817714322055,174.78797154296882,175.41186545531423,46964900
2023-08-17,172.31224060058594,175.7881889797161,171.7972802482318,175.4217827288319,66062900
2023-08-18,172.7974853515625,173.4015690710498,170.29202708322546,170.62872552076746,61172200
2023-08-21,174.1343536376953,174.4215491084137,172.05473264129324,173.37183349440417,46311900
2023-08-22,175.5108642578125,175.95649623435884,174.54037449165708,175.34251507159627,42038900
2023-08-23,179.36314392089844,179.78898080878903,176.60021337314086,176.78837280424742,52722800
2023-08-24,174.6691436767578,179.34336155038372,174.30272234931607,178.91752463221655,54945800
2023-08-25,176.8774871826172,177.41224254469248,174.1145567754665,175.6594223889941,51449600
2023-08-28,178.44215393066406,178.83826787417212,176.8180625850357,178.3431178893979,43820700
2023-08-29,182.3340301513672,183.10646293821267,177.75884901223952,177.9569059889832,53003900
2023-08-30,185.82980346679688,186.027875570887,182.9480417259573,183.14609871926743,60813900
2023-08-31,186.04766845703125,187.28554353881972,185.66145203594442,186.0179606639307,60794500
2023-09-01,187.62225341796875,188.0777829772235,186.45369150574666,187.65196121049496,45766500
2023-09-05,187.8599090576172,188.13719185182467,185.79018566129048,186.45368485534252,45280000
2023-09-06,181.13580322265625,187.01818850408822,179.70976859554776,186.57254135003106,81755800
2023-09-07,175.8376922607422,176.48139642487362,171.85668142571674,173.48077306769622,112488800
2023-09-08,176.45167541503906,178.49170643953835,176.0654589567214,176.62003973987865,65551300
2023-09-11,177.62022399902344,178.5511084974291,175.619813594627,178.3233437087065,58953100
2023-09-12,174.58990478515625,178.38275585399316,173.12426491742679,177.7489644157226,90370200
2023-09-13,172.5201873779297,175.58021106580875,172.29240747476095,174.7978655233742,84267900
2023-09-14,174.03536987304688,174.39187856440168,171.89631772491796,172.31224201303482,60895800
2023-09-15,173.31239318847656,174.78794559113751,172.1339489112559,174.76813536061914,109259500
2023-09-18,176.2436981201172,177.64002479353724,174.46115503817452,174.76814563074643,67257600
2023-09-19,177.3330535888672,177.88761925037375,175.41186889666162,175.79808534740948,51826900
2023-09-20,173.78778076171875,177.95693597912128,173.69864226300012,177.52120149038592,58436200
2023-09-21,172.24288940429688,174.58991092023126,172.17357625479622,172.85688574257026,63149100
2023-09-22,173.0945281982422,175.36232363207063,172.36171587825564,172.97569703516947,56725400
2023-09-25,174.37203979492188,175.2534062611611,172.46075278406465,172.51027081019092,46172700
2023-09-26,170.29200744628906,173.50057001651604,169.99491440180657,173.12426626356617,64588900
2023-09-27,168.77684020996094,171.3615240971404,167.41023633579258,170.94559986493434,66921800
2023-09-28,169.03433227539062,170.36133082824708,165.9941036111019,167.69742105029528,56294400
2023-09-29,169.54928588867188,171.39124466953126,168.68771453081845,170.35142654777866,51861100
2023-10-02,172.06463623046875,172.6093042881744,169.2719827950215,169.55917827580257,52164500
2023-10-03,170.7277374267578,171.94581747397606,169.1630765091389,170.589096012129,49594600
2023-10-04,171.97552490234375,172.52019299821677,169.31161512407647,169.43044630471027,53020300
2023-10-05,173.21337890625,173.74813426454526,171.00499899742474,172.10423261632292,48527900
2023-10-06,175.76837158203125,176.26352163595584,171.5001654241457,172.1141617663429,57266700
2023-10-09,177.25381469726562,177.3132302836497,174.09475506108697,175.09495269037185,42390800
2023-10-10,176.6596221923828,177.9767230488949,176.22388776036024,176.3724418317021,43698000
2023-10-11,178.05596923828125,178.10548726772782,175.87731193966172,176.4714829606774,47551100
2023-10-12,178.95713806152344,180.57131695227565,177.30332359387822,178.3233466007442,56743100
2023-10-13,177.11517333984375,180.1652842541005,176.41205364228972,179.6602366589199,51427100
2023-10-16,176.98641967773438,177.34292828713865,174.79784999846225,175.0355274416581,52517000
2023-10-17,175.43162536621094,176.6893104998048,173.10442961295,174.93647540456678,57549400
2023-10-18,174.1343536376953,175.8574811296678,173.41143884685883,173.87688106979198,54764400
2023-10-19,173.75807189941406,176.11497599372035,173.49068662646167,174.33243269200634,59302900
2023-10-20,171.2030792236328,173.71843472751576,170.96540176933075,173.60950111647477,64244000
2023-10-23,171.3218994140625,172.32209697076135,168.28167117128655,169.25217604772806,55980100
2023-10-24,171.75762939453125,171.985394156852,169.7869270122857,171.3714130102576,43816600
2023-10-25,169.4403533935547,171.38133313025827,168.99470625930118,170.2127862637829,57157000
2023-10-26,165.27117919921875,169.71763198356828,164.06301189675906,168.71741923518283,70625300
2023-10-27,166.58827209472656,167.32109955610002,165.21175565878588,165.29098147440297,58499100
2023-10-30,168.63819885253906,169.50966778359705,167.23197451155576,167.3805285943209,51131000
2023-10-31,169.11355590820312,169.24228464861295,166.27138428536674,167.70733154956028,44846000
2023-11-01,172.28250122070312,172.53997379429074,168.46983997695696,169.34130885799144,56934900
2023-11-02,175.8475799560547,176.05553449603235,173.7580463313888,173.81746191423957,77334800
2023-11-03,174.93649291992188,175.10485722122255,171.66851493448934,172.5498813500308,79829200
2023-11-06,177.49147033691406,177.6895273209714,174.50077512285628,174.66912431484397,63841300
2023-11-07,180.05638122558594,180.67036248552094,177.23401974281032,177.4419743130807,70530000
2023-11-08,181.11598205566406,181.67054768588966,179.82858892219454,180.5812266581694,49340300
2023-11-09,180.640625,182.33402952271553,180.04643896103886,181.18529301725127,53763500
2023-11-10,184.83511352539062,185.00369964258533,181.989212824357,182.42552132152326,66133400
2023-11-13,183.24856567382812,184.46823531200093,182.66352248721634,184.26000678217753,43627500
2023-11-14,185.8664093017578,186.53078271340215,184.7359804157126,186.1242211071054,60108400
2023-11-15,186.43161010742188,187.90910668353808,186.20354524355434,186.2729648412074,53790500
2023-11-16,188.1173095703125,189.3568152824047,187.06619601668294,187.97848553578558,54412900
2023-11-17,188.09751892089844,188.78172866103995,186.98692637498098,188.65281519385715,50922700
2023-11-20,189.84271240234375,190.29885721130628,188.28590092727276,188.29581152699646,46505100
2023-11-21,189.03952026367188,189.91213724546566,188.14708208188244,189.80306012274144,38134500
2023-11-22,189.70388793945312,191.31028267101584,189.22792193208022,189.88238464889707,39617700
2023-11-24,188.37515258789062,189.2973377280717,187.66119596873028,189.26759079649733,24048300
2023-11-27,188.19664001464844,189.06925694915728,187.3141124806788,188.32555346106983,40552600
2023-11-28,188.80152893066406,189.47582799498892,187.8099242301234,188.1867388581487,38415400
2023-11-29,187.78016662597656,190.47733246859286,187.3835308205802,189.29732052111245,43014200
2023-11-30,188.35531616210938,188.7222202024886,186.61009727764167,188.2462390361622,48794400
2023-12-01,189.6344757080078,189.95178132302283,187.64134070945283,188.73211185944243,45704800
2023-12-04,187.83966064453125,188.45446581331387,185.87628768397204,188.38504622543272,43389500
2023-12-05,191.7961883544922,192.76795676998717,188.58338352707358,188.61314558971708,66628400
2023-12-06,190.7054443359375,193.12494736273675,190.4972006683192,192.81755229252437,41089700
2023-12-07,192.63905334472656,193.3629205543118,191.96475426663108,192.0044269286476,47477700
2023-12-08,194.06695556640625,194.3446036620394,192.04407357743747,192.56962283922067,53406400
2023-12-11,191.55819702148438,191.8656072016425,189.81297812056516,191.48879255742054,60943700
2023-12-12,193.0753631591797,193.08527375940776,190.11045957675134,191.45904261144975,52696900
2023-12-13,196.29806518554688,196.33772271445184,193.21417408717826,193.45214952198077,70404200
2023-12-14,196.44680786132812,197.94412551234106,194.51318172109634,196.3575670696298,66831600
2023-12-15,195.91134643554688,196.734365015635,195.34612449787411,195.87167377464695,128538400
2023-12-18,194.24545288085938,194.97924583916173,192.75804576345098,194.4437708037096,55751900
2023-12-19,195.28663635253906,195.29654695271066,194.24544836840317,194.51318587990949,40714100
2023-12-20,193.19435119628906,196.0204155959587,193.19435119628906,195.24696511767544,52242800
2023-12-21,193.04559326171875,195.42545358966169,191.875506993429,194.45368523269553,46482500
2023-12-22,191.97467041015625,193.7694724442452,191.34995462543642,193.54139247575878,37149600
2023-12-26,191.42930603027344,192.2622504150879,191.21115176796184,191.9846022868164,28919300
2023-12-27,191.52845764160156,191.8755253676685,189.48575421105227,190.87400998463178,48087700
2023-12-28,191.95486450195312,193.02579953233345,191.54830289093405,192.51016078496022,34049900
2023-12-29,190.91366577148438,192.76796185552627,190.12037892679615,192.27215946893213,42672100
