Price,Close,High,Low,Open,Volume
Ticker,AAPL,AAPL,AAPL,AAPL,AAPL
Date,,,,,
2019-01-02,37.57521438598633,37.79649888400641,36.69722151346666,36.8542616564938,148158800
2019-01-03,33.83243942260742,34.6723611316717,33.787230575440596,34.258347280967,365248800
2019-01-04,35.276729583740234,35.34573372103441,34.215526843041836,34.38922077823549,234428400
2019-01-07,35.19820785522461,35.41235448462619,34.715193439506045,35.38142134656096,219111200
2019-01-08,35.86918258666992,36.12377819583394,35.33858143298108,35.58603555615991,164101200
2019-01-09,36.47831344604492,36.768598408813624,35.602702406686625,35.99767715234844,180396400
2019-01-10,36.59489822387695,36.63534728478305,35.895359290285356,36.28557781798725,143122800
2019-01-11,36.23561477661133,36.57110858307444,36.05002323062101,36.37600110449598,108092800
2019-01-14,35.690731048583984,35.99291358804369,35.50513953758326,35.892979976785526,129756800
2019-01-15,36.421207427978516,36.49734577535337,35.70263294063492,35.754979642864214,114843600
2019-01-16,36.86614990234375,37.08981241923674,36.4045491556751,36.42358464973506,122278800
2019-01-17,37.085052490234375,37.5133420282532,36.46641164302394,36.69007415902539,119284800
2019-01-18,37.313480377197266,37.56569435663353,37.11360947574702,37.47527665432627,135004000
2019-01-22,36.4759407043457,37.29206729904574,36.31414077866992,37.21592893393081,121576000
2019-01-23,36.62345504760742,36.913740003402474,36.095231841531145,36.678179828590224,92522400
2019-01-24,36.333168029785156,36.75669780079705,36.10474935564246,36.66866181499719,101766000
2019-01-25,37.537139892578125,37.62517952067367,36.71863529953326,36.994640931413,134142000
2019-01-28,37.18974685668945,37.19688471328752,36.56159006151442,37.068396033223685,104768400
2019-01-29,36.804290771484375,37.62518072781439,36.66866784216678,37.1778556073389,166348800
2019-01-30,39.31930160522461,39.533444609513445,38.124850397669945,38.84342503511599,244439200
2019-01-31,39.602439880371094,40.211561172854836,39.15511484279429,39.523919828201805,162958400
2019-02-01,39.62147903442383,40.206805105535146,39.481092705405594,39.72617244698673,130672400
2019-02-04,40.7469367980957,40.8444923794502,39.802321388879044,39.83325453190622,125982000
2019-02-05,41.4440803527832,41.65822694434279,41.008656574309036,41.13000376807158,144406400
2019-02-06,41.458370208740234,41.774828579675784,41.12763612087757,41.555922151292314,112958400
2019-02-07,40.673160552978516,41.38697522430309,40.53039616645393,41.020548326526274,126966800
2019-02-08,40.720970153808594,40.78070985405904,40.24544082717513,40.38164909393268,95280000
2019-02-11,40.48677062988281,40.91212046871485,40.44375981423957,40.873886201773935,83973600
2019-02-12,40.83565902709961,40.861944634409184,40.55129754244725,40.646883226400696,89134000
2019-02-13,40.665985107421875,41.215590783031466,40.60385716525452,40.95512670528143,89960800
2019-02-14,40.814144134521484,40.92406308775779,40.474823239307405,40.55368004291788,87342800
2019-02-15,40.72335433959961,41.02922128246794,40.563252396553025,40.92169056206012,98507200
2019-02-19,40.845211029052734,40.96708230616291,40.50111354544321,40.55368475395729,75891200
2019-02-20,41.108070373535156,41.4163291796934,40.85955489659674,40.90734591375172,104457600
2019-02-21,40.87627410888672,41.18930941843482,40.69466681187952,41.0531048572345,68998800
2019-02-22,41.33269119262695,41.339859662720514,40.95274769278512,41.000538708815775,75652800
2019-02-25,41.6337776184082,42.025669781395585,41.56686946713383,41.617052403699994,87493600
2019-02-26,41.657676696777344,41.889466961350905,41.38048368917295,41.50952344791541,68280800
2019-02-27,41.78670883178711,41.817774631160844,41.27533733357488,41.39004014069917,111341600
2019-02-28,41.37570571899414,41.796275448662115,41.32074622794749,41.65529066256711,112861600
2019-03-01,41.810604095458984,41.85361491133981,41.31356956114267,41.64572200880833,103544800
2019-03-04,42.02089309692383,42.47491321428441,41.57164952876691,41.982658825969885,109744800
2019-03-05,41.944435119628906,42.05674603995607,41.70786461051435,42.04240909629247,78949600
2019-03-06,41.703067779541016,41.93485797930555,41.56447131449069,41.73891012126959,83241600
2019-03-07,41.220394134521484,41.68397480267626,41.10569492830672,41.54776653274084,99185600
2019-03-08,41.318355560302734,41.356589832825826,40.50350540248133,40.69945331449648,95997600
2019-03-11,42.74970626831055,42.80227746945419,41.90140587377105,41.934859943024264,128044000
2019-03-12,43.23002624511719,43.650592312120786,42.862027746045676,43.01257291804957,129870400
2019-03-13,43.42118835449219,43.80113182441466,43.232408933638794,43.55022445223586,124130000
2019-03-14,43.903892517089844,43.992309738854615,43.62431120184972,43.94451506926442,94318000
2019-03-15,44.47499084472656,44.764132468050896,43.906271633916674,44.171515929415094,156171600
2019-03-18,44.929019927978516,45.01743348832118,44.39613935267995,44.39853127348104,104879200
2019-03-19,44.57296371459961,45.16080369054156,44.42719876928776,45.00787027629799,126585600
2019-03-20,44.962486267089844,45.28030189155905,44.142855731096276,44.50129391183604,124140800
2019-03-21,46.618446350097656,46.914756415411176,45.35674485621421,45.40692778156842,204136800
2019-03-22,45.65306091308594,47.23974655431228,45.58854104236857,46.67819214407311,169630800
2019-03-25,45.101070404052734,45.87529432805428,44.58969888594255,45.76298343726282,175381200
2019-03-26,44.635093688964844,46.0903549339732,44.106997007157496,45.79882503010239,199202000
2019-03-27,45.03656005859375,45.34481527019143,44.57775965381826,45.103468223068,119393600
2019-03-28,45.09629821777344,45.29702270436908,44.811936705318935,45.15125771253195,83121600
2019-03-29,45.39020538330078,45.421271181808265,45.05327273343193,45.361531505429554,94256000
2019-04-01,45.69846725463867,45.80360602937068,45.01504516466666,45.79404928483894,111448000
2019-04-02,46.36277770996094,46.46792014338811,45.65306993054865,45.662626676214224,91062800
2019-04-03,46.68059158325195,46.95539267732806,46.15487943528214,46.1787767679066,93087200
2019-04-04,46.76183319091797,46.92432337273218,46.152487716673136,46.5467681520088,76457200
2019-04-05,47.07487487792969,47.09877221199074,46.81918725911717,46.9434468330364,74106400
2019-04-08,47.81563949584961,47.846701648827704,46.91715240954242,46.9362695439554,103526800
2019-04-09,47.672264099121094,48.47277726052693,47.60774422451132,47.86821199748385,143072800
2019-04-10,47.93990707397461,47.96858460568758,47.3568470941707,47.47632647868064,86781200
2019-04-11,47.54084014892578,48.03070629058641,47.41897250530564,47.99486393841018,83603200
2019-04-12,47.521724700927734,47.82520332961341,46.88609720701765,47.600581524738395,111042800
2019-04-15,47.60774612426758,47.7559030143288,47.31621618584424,47.45242441032009,70146400
2019-04-16,47.61252975463867,48.1191211252624,47.44764763783954,47.66271269522927,102785600
2019-04-17,48.539695739746094,48.59943543178193,47.459601086796226,47.68183099098324,115627200
2019-04-18,48.714115142822266,48.783411553540525,48.393911396626216,48.5372844124564,96783200
2019-04-22,48.87422180175781,48.972195742211845,48.35090167411639,48.4679927477971,77758000
2019-04-23,49.57914733886719,49.643667205274184,48.72367480218776,48.850322614551736,93292000
2019-04-24,49.502685546875,49.81810913726031,49.476399943824525,49.55047655799757,70162400
2019-04-25,49.05345153808594,49.646068212671416,49.01521726328142,49.42383832703479,74172800
2019-04-26,48.81926727294922,48.98653764786853,48.29833536680541,48.9626403173569,74596400
2019-04-29,48.893341064453125,49.2183250510199,48.71412203464543,48.843158131769954,88818800
2019-04-30,47.951847076416016,48.604203377012624,47.579072047503665,48.52295828532061,186139600
2019-05-01,50.30558776855469,51.45019836505876,49.9973289961733,50.15265434268361,259309200
2019-05-02,49.978206634521484,50.814562017383224,49.734471405365966,50.143088707680874,127985200
2019-05-03,50.59950637817383,50.621011786783555,50.23628812136514,50.39400174361082,83569600
2019-05-06,49.818119049072266,49.904144344696654,48.62810549811918,48.816881305789316,129772400
2019-05-07,48.47517013549805,49.56482140635094,47.99008418506328,49.19682655113943,155054800
2019-05-08,48.484718322753906,49.067778128752565,48.209917278785525,48.24575962496562,105358000
2019-05-09,47.96379470825195,48.19319303822912,46.9936228856528,47.88732616744576,139634400
2019-05-10,47.299320220947266,47.69992120900781,46.241457043103,47.35689247522065,164834800
2019-05-13,44.550315856933594,45.45225932989758,43.861864488539425,45.02767625266252,229722400
2019-05-14,45.25555419921875,45.50502664496142,44.475947773413296,44.71582667366113,146118800
2019-05-15,45.79768371582031,45.996783661906406,44.62227845271077,44.682248183691094,106178800
2019-05-16,45.596187591552734,46.16949808957643,45.298736399758674,45.555408612560825,132125600
2019-05-17,45.33713150024414,45.79290014116781,44.79980121662061,44.84058020783899,131516400
2019-05-20,43.919429779052734,44.22167955527841,43.245370611853836,44.02257961609759,154449200
2019-05-21,44.76139831542969,45.097227267144426,44.30562626923277,44.43036430569583,113459200
2019-05-22,43.845069885253906,44.547917043113365,43.789898757041804,44.296043438279604,118994400
2019-05-23,43.09665298461914,43.30774397139174,42.652875463537775,43.13023589116903,146118800
2019-05-24,42.93113327026367,43.6915490546367,42.84717417894699,43.226183335306224,94858800
2019-05-28,42.753623962402344,43.31973842722147,42.67686460222569,42.919141022494294,111792800
2019-05-29,42.54973220825195,43.0222940646248,42.218698063515376,42.319446790117254,113924800
2019-05-30,42.770408630371094,42.993494250593265,42.37940485182852,42.68644955121089,84873600
2019-05-31,41.99561309814453,42.69605925236911,41.976422341284085,42.27386992196449,108174400
2019-06-03,41.57102966308594,42.679269424642975,40.844196616835816,42.122752071661175,161584400
2019-06-04,43.091854095458984,43.13743168124543,41.86367505232312,42.0843632453702,123872000
2019-06-05,43.787506103515625,44.375212515342355,43.451677005554046,44.20489683406443,119093600
2019-06-06,44.43037414550781,44.490343875899626,43.69394409937065,43.91703339976436,90105200
2019-06-07,45.61299514770508,46.03758204690387,44.56232750699855,44.73983564296132,122737600
2019-06-10,46.195884704589844,46.865145307701894,45.965599321643666,46.01117690391253,104883600
2019-06-11,46.73081588745117,47.016272412741905,46.44056441873156,46.74281056654767,107731600
2019-06-12,46.582088470458984,47.00907265899637,46.39018460071747,46.524516211457964,73012800
2019-06-13,46.5724983215332,47.20577862546566,46.44056782258836,46.70443248074047,86698400
2019-06-14,46.234275817871094,46.43817075425028,45.6489705223586,45.94881924667748,75046000
2019-06-17,46.510128021240234,46.76680024667599,46.09753594726315,46.27264655043855,58676400
2019-06-18,47.603981018066406,48.04535744582771,46.826775495326416,47.02827295231363,106204000
2019-06-19,47.46483612060547,47.946995045558715,47.330504524090045,47.89901633800765,84496800
2019-06-20,47.84625244140625,48.122111743648226,47.50322367209102,48.06453948341199,86056000
2019-06-21,47.68313217163086,48.17968330073393,47.53200727838003,47.687930774979336,191202400
2019-06-24,47.635169982910156,48.01417922403017,47.53681871914689,47.62557277362146,72881600
2019-06-25,46.91312789916992,47.798278147988164,46.84595842588504,47.59917818072037,84281200
2019-06-26,47.92781066894531,48.21326717963679,47.34010802589567,47.440856736681724,104270000
2019-06-27,47.91341781616211,48.35239668831733,47.8726388381274,48.04534829675481,83598800
2019-06-28,47.47684860229492,47.85585784046347,47.26815505517702,47.65915531446873,124442400
2019-07-01,48.347599029541016,49.05284366874094,48.13170579658035,48.73620172450343,109012000
2019-07-02,48.630653381347656,48.726607147388336,48.30202042578037,48.3140151040682,67740800
2019-07-03,49.03365707397461,49.040853149657444,48.621064986934755,48.76259268904688,45448000
2019-07-05,48.99048614501953,49.19438475496231,48.671446642300936,48.77939511830769,69062000
2019-07-08,47.980587005615234,48.31161745661008,47.59438176256944,48.17008975928739,101354400
2019-07-09,48.27324295043945,48.33800763387798,47.69033517765571,47.78388782510712,82312000
2019-07-10,48.75059509277344,48.87053456066116,48.34999770925987,48.41956465038152,71588400
2019-07-11,48.39557647705078,49.02885673658535,48.3859829299003,48.769787040376364,80767200
2019-07-12,48.76738739013672,48.93530190973537,48.50351910200883,48.56348883474135,70380800
2019-07-15,49.22556686401367,49.383884208266856,48.93531168906781,48.956899918702874,67789600
2019-07-16,49.05524444580078,49.4414496951831,48.815365499855545,49.07683267247292,67467200
2019-07-17,48.779388427734375,49.19677547939661,48.760197671526775,48.947302969222775,56430000
2019-07-18,49.3335075378418,49.38628120159084,48.86334316814913,48.93530758783078,74162400
2019-07-19,48.59706497192383,49.53499233972472,48.5418938503654,49.364676711964115,83717200
2019-07-22,49.70772171020508,49.71011918227102,48.84175846024879,48.851352008775265,89111600
2019-07-23,50.0963249206543,50.11311820605167,49.72451177245239,50.00517339793182,73420800
2019-07-24,50.055545806884766,50.170686691236945,49.69572734055431,49.815666829331136,59966400
2019-07-25,49.65974426269531,50.19227585678172,49.59017731323345,50.108316755089824,55638400
2019-07-26,49.83244705200195,50.30980374963502,49.68851823909305,49.77007619161927,70475600
2019-07-29,50.297821044921875,50.52810646834173,50.00037346248857,50.00517206679761,86693600
2019-07-30,50.08192443847656,50.412958544568326,49.729302106403715,50.07712583483784,135742800
2019-07-31,51.10381317138672,53.10200539212989,50.68642611421521,51.91460524561304,277125600
2019-08-01,49.99797439575195,52.30081408403645,49.592581991324444,51.310112718391856,216071600
2019-08-02,48.94010925292969,49.51821479790987,48.36679865203575,49.302325185624134,163448400
2019-08-05,46.37819290161133,47.65194947419942,46.195886226790655,47.493632157235574,209572000
2019-08-06,47.25615692138672,47.51282917529694,46.54611356220465,47.09063984703528,143299200
2019-08-07,47.74550247192383,47.870240545244116,46.493337776109705,46.874744411167086,133457600
2019-08-08,48.7985725402832,48.82256189914169,47.829463202753935,48.02376456461598,108038000
2019-08-09,48.39645004272461,48.82264628400615,47.98710353990854,48.47109445761,98478800
2019-08-12,48.273658752441406,48.651701447090964,47.953407076958975,48.06657885980502,89927600
2019-08-13,50.31796646118164,51.08127153183881,48.273654793646685,48.40368365756689,188874000
2019-08-14,48.82024383544922,49.708760821603875,48.7817164973543,48.918968761504,146189600
2019-08-15,48.57704162597656,49.39572726363103,48.07860388821186,48.99120128008472,108909600
2019-08-16,49.72320556640625,49.88212807374593,49.08270237561469,49.18865071384114,110481600
2019-08-19,50.65025329589844,51.22333184974015,50.57319861770534,50.71526404718342,97654400
2019-08-20,50.65266418457031,51.37262873921867,50.643034186061826,50.7778762101982,107537200
2019-08-21,51.20166015625,51.44485708837532,50.95123980751882,51.28593824887725,86141600
2019-08-22,51.15831756591797,51.635081413266526,50.746564465365324,51.33409348642569,89014800
2019-08-23,48.793758392333984,51.0595965612192,48.39886234899058,50.42872331972758,187272000
2019-08-26,49.720802307128906,49.88935482276287,49.37647018489091,49.569103205973704,104174400
2019-08-27,49.15975570678711,50.21682513114525,49.0080566199062,50.05067921202214,103493200
2019-08-28,49.48963928222656,49.53539003561432,48.957494677651994,49.1453108526982,63755200
2019-08-29,50.32759094238281,50.40223903898198,49.76173581076194,50.20478918362739,83962000
2019-08-30,50.26258850097656,50.67433801992344,49.89176923421205,50.604510421833155,84573600
2019-09-03,49.530574798583984,49.838786156000836,49.174206105477474,49.706350727227374,80092000
2019-09-04,50.37092590332031,50.44075347709429,49.92064919607755,50.1782929190848,76752400
2019-09-05,51.35576629638672,51.52191222815534,50.92956634195886,51.04755493786522,95654800
2019-09-06,51.350948333740234,51.63026601944907,51.17035557259266,51.54117476635039,77449200
2019-09-09,51.5700569152832,52.1166519123864,50.82360920707854,51.731385971645196,109237600
2019-09-10,52.17927551269531,52.198539184328496,50.97773384720419,51.49543170348089,127111600
2019-09-11,53.83831024169922,53.867207580398954,52.42727872846515,52.50915023491731,177158400
2019-09-12,53.717918395996094,54.519750703833786,53.66253764416418,54.12967151186865,128906800
2019-09-13,52.67288589477539,53.16409656259977,52.25631964309487,52.973873814174105,159053200
2019-09-16,52.949790954589844,53.00517537469614,52.38634247635051,52.42727639066682,84632400
2019-09-17,53.14242935180664,53.17132669215555,52.76198015904004,52.96424684480587,73274800
2019-09-18,53.640865325927734,53.660128994119724,52.83903304901028,53.2291122259332,101360000
2019-09-19,53.205039978027344,53.87925005196079,53.062970872148405,53.45786691866771,88242400
2019-09-20,52.427276611328125,53.5902943259236,52.364672449316515,53.30616350506077,221652400
2019-09-23,52.66566467285156,52.935348684134595,52.40801723951081,52.72104542356095,76662000
2019-09-24,52.415245056152344,53.57344980178492,52.29726012839584,53.22189425113329,124763200
2019-09-25,53.22190475463867,53.33507654281664,52.2852301939235,52.62474555845739,87613600
2019-09-26,52.947391510009766,53.200222119962206,52.69215431918571,52.97387859627467,75334000
2019-09-27,52.68974685668945,53.20503806562803,52.318927655185426,53.10390288400387,101408000
2019-09-30,53.929805755615234,54.07668799094928,53.164090663067206,53.19057774400183,103909600
2019-10-01,54.0791130065918,54.953183301231086,53.98520490111425,54.194695039617834,139223200
2019-10-02,52.723453521728516,53.835903696933144,52.475436095721044,53.71069169360131,138449200
2019-10-03,53.17133331298828,53.20504381911866,51.80123546710099,52.595840779341145,114426000
2019-10-04,54.66181182861328,54.77739383312959,53.910547170101694,54.331930250207414,138478800
2019-10-07,54.673858642578125,55.364925801166926,54.38009410896721,54.483635874503506,122306000
2019-10-08,54.03335189819336,54.91464544187616,54.01649848462692,54.37527742104487,111820000
2019-10-09,54.66664505004883,54.849644434132756,54.33194653592178,54.66664505004883,74770400
2019-10-10,55.4034538269043,55.48773192375291,54.73165032972558,54.88334576021598,113013600
2019-10-11,56.87709045410156,57.2214188925984,55.93800588024177,56.09211155799021,166795600
2019-10-14,56.795223236083984,57.3394118222186,56.5062755277323,56.56165628390875,96427600
2019-10-15,56.66279220581055,57.2238305403229,56.55684385407052,56.92043599375151,87360000
2019-10-16,56.43403625488281,56.64352636932957,56.15231197080203,56.1932458916511,73903200
2019-10-17,56.65314865112305,56.862635062868605,56.22935899225592,56.607397900473124,67585200
2019-10-18,56.92525100708008,57.20697529291118,56.414772935422135,56.48701077967433,97433600
2019-10-21,57.9124870300293,58.028069045974206,57.14436888293073,57.19252621915649,87247200
2019-10-22,57.780052185058594,58.31942020062354,57.69818067626545,58.068999861135396,82293600
2019-10-23,58.55540466308594,58.56985517263713,58.083457561165815,58.29535427788,75828800
2019-10-24,58.651710510253906,58.94547501424002,58.22551058657423,58.87564375923389,69275200
2019-10-25,59.374088287353516,59.410205372219664,58.48316467701797,58.55058568488102,73477200
2019-10-28,59.968841552734375,60.01699889123348,59.40779955750476,59.57635207933633,96572800
2019-10-29,58.581886291503906,60.137393666231965,58.408520608918174,59.94957747544215,142839600
2019-10-30,58.57466125488281,59.06587564349659,58.08104395955555,58.935846792440884,124522000
2019-10-31,59.89901351928711,59.997738456744734,57.12992415330036,59.53301478761967,139162000
2019-11-01,61.598995208740234,61.62547862266393,59.99533043692069,60.08682828055856,151125200
2019-11-04,62.003517150878906,62.08779524580024,61.49304276793399,61.96257955677247,103272000
2019-11-05,61.914424896240234,62.16966208359867,61.71938529737838,61.8951575528518,79897600
2019-11-06,61.94091033935547,62.00110792982626,61.49063353836815,61.82773857533684,75864400
2019-11-07,62.65578079223633,62.87797622561507,62.33698153276228,62.48913605980215,94940400
2019-11-08,62.82728958129883,62.89974064179859,62.03270855593793,62.47709225794322,69986400
2019-11-11,63.32478332519531,63.389989255763524,62.37804804912244,62.38287566125335,81821200
2019-11-12,63.266815185546875,63.467275330366334,63.01564668730592,63.16779385877103,87388800
2019-11-13,63.873008728027344,63.94787724496436,63.051865162318514,63.06635536750636,102734400
2019-11-14,63.431060791015625,63.972048259806755,63.30064153678867,63.69913703372504,89182800
2019-11-15,64.1845703125,64.18939792465517,63.52040880635377,63.68221857315436,100206400
2019-11-18,64.5082015991211,64.587897742297,63.815059632152085,64.1942298980991,86703200
2019-11-19,64.31256103515625,64.7255466008755,64.09520059900923,64.70139380343717,76167200
2019-11-20,63.56385803222656,64.26182732933248,62.89003415816966,64.13141551143586,106234400
2019-11-21,63.27891159057617,63.76193826308522,63.07845139405974,63.68465222658727,121395200
2019-11-22,63.22333526611328,63.56145232586072,62.99631223234019,63.41896039962427,65325200
2019-11-25,64.3318862915039,64.34879398870619,63.40205876057649,63.44794686989705,84020400
2019-11-26,63.82954025268555,64.52268211554335,63.39722946235417,64.46954890460653,105207600
2019-11-27,64.68692016601562,64.72073556516953,64.07589182337021,64.14109775979452,65235600
2019-11-29,64.54442596435547,64.72556092964365,64.21838155275661,64.3874438018525,46617600
2019-12-02,63.79816436767578,64.78595303746133,63.62669196109353,64.54926731244194,94487200
2019-12-03,62.660621643066406,62.67993946193497,61.89743881575501,62.385292973988165,114430400
2019-12-04,63.21367645263672,63.59285402856833,62.957672994206355,63.05186670062485,67181600
2019-12-05,64.1410903930664,64.21596628682174,63.45278347643845,63.708786950569554,74424400
2019-12-06,65.38005828857422,65.45009920383288,64.55649711525137,64.5999751073708,106075600
2019-12-09,64.46471405029297,65.40177918364618,63.979270103563984,65.208571549437,128042400
2019-12-10,64.84149932861328,65.22550462605452,64.2087282339851,64.87047974798217,90420400
2019-12-11,65.39453887939453,65.47424237789252,64.84630646504499,64.9211749815738,78756800
2019-12-12,65.5611801147461,65.8268461449163,64.56131916352236,64.67241318690301,137310400
2019-12-13,66.45238494873047,66.48861047070119,65.43319849834741,65.56120025624476,133587600
2019-12-16,67.58989715576172,67.8145100882346,66.8943451606707,66.89917277250892,128186000
2019-12-17,67.72273254394531,68.05118703210448,67.33389237179259,67.51986229471765,114158400
2019-12-18,67.56092071533203,68.08259027011515,67.41118366514803,67.57541092209821,116028400
2019-12-19,67.6285629272461,67.90871928656576,67.37014925451697,67.5029786435796,98369200
2019-12-20,67.48846435546875,68.26371983787888,67.27593151247044,68.16228839852033,275978000
2019-12-23,68.58977508544922,68.65015340858781,67.71308065421263,67.75172366546943,98572000
2019-12-24,68.65497589111328,68.80472031244457,68.32893886684734,68.75641470938284,48478800
2019-12-26,70.01709747314453,70.03400516719351,68.75881567901364,68.78779608572705,93121200
2019-12-27,69.99054718017578,70.99766082354941,69.58480662948736,70.30934648588836,146266000
2019-12-30,70.40594482421875,70.68851858911005,68.88441419283483,69.90842808466655,144114400
2019-12-31,70.9203872680664,70.92763237308777,69.92293604451447,70.0219573934077,100805600
2020-01-02,72.53849792480469,72.59887623049032,71.29228881100529,71.54587474672552,135480400
2020-01-03,71.83330535888672,72.594070846621,71.6086997390569,71.76568192376371,146322800
2020-01-06,72.40567779541016,72.44432080433776,70.7030121336898,70.95418800651902,118387200
2020-01-07,72.06515502929688,72.67134838279743,71.84537704823941,72.41534488187352,108872000
2020-01-08,73.22439575195312,73.5262872851597,71.76807129058055,71.76807129058055,132079200
2020-01-09,74.7797622680664,74.97296995476395,73.95137344000949,74.20254195863613,170108400
2020-01-10,74.94879150390625,75.5139389034252,74.44644726815396,75.01400478791136,140644800
2020-01-13,76.550048828125,76.57661912211044,75.14685723047293,75.26520375211625,121532000
2020-01-14,75.516357421875,76.69736069243768,75.39319068247579,76.48724535482815,161954400
2020-01-15,75.1927490234375,76.19744522367158,74.7604381579808,75.3159231634684,121923600
2020-01-16,76.1346435546875,76.24574496948411,75.3738782015038,75.73614811924845,108829200
2020-01-17,76.97752380371094,76.97993392443253,76.07667669301796,76.38339587903954,137816400
2020-01-21,76.45585632324219,77.04755940221253,76.31819199284013,76.60559336877427,110843200
2020-01-22,76.728759765625,77.2818197819215,76.63456606365708,76.94128522699003,101832400
2020-01-23,77.09829711914062,77.17799326899588,76.23367533614605,76.78191527056143,104472000
2020-01-24,76.87608337402344,78.08847725706723,76.68528583944577,77.34461967692074,146537600
2020-01-27,74.61553955078125,75.29660147871274,73.63257861706,74.88361578521364,161940000
2020-01-28,76.72636413574219,76.89783652233591,75.39804092914581,75.49706227081296,162234000
2020-01-29,78.33241271972656,79.1801266517597,77.61753550777614,78.35898301190313,216229200
2020-01-30,78.21891021728516,78.27204343737134,76.98236331753509,77.41467418230894,126743200
2020-01-31,74.75078582763672,77.9315119457232,74.456139298992,77.50886365949354,199588400
2020-02-03,74.54547882080078,75.71198454702287,72.99013293890515,73.49247724374133,173788400
2020-02-04,77.00650787353516,77.19730542119127,75.74580830506335,76.151548831137,136616400
2020-02-05,77.63445281982422,78.43386124893598,77.03066957303884,78.13437974665777,118826800
2020-02-06,78.54253387451172,78.544951365906,77.34704752803583,77.90494263047137,105425600
2020-02-07,77.47492980957031,78.29076000098544,76.98349458931148,78.04141124169928,117684000
2020-02-10,77.84288787841797,77.84288787841797,75.97882681770385,76.05871208817942,109348800
2020-02-11,77.37325286865234,78.41180589004748,77.15537652396827,78.33918290445037,94323200
2020-02-12,79.210693359375,79.215532428976,77.82353527181141,77.82353527181141,113730400
2020-02-13,78.64661407470703,78.97343221924942,78.27864537598826,78.481997082219,94747600
2020-02-14,78.66600799560547,78.91535678515409,78.15762488828393,78.61516451334795,80113600
2020-02-18,77.2255859375,77.40715079471983,76.16282276038466,76.34438761760448,152531200
2020-02-19,78.34402465820312,78.57400976696101,77.46767279180867,77.46767279180867,93984000
2020-02-20,77.540283203125,78.59336068691168,77.0343234338156,78.10434874137093,100566000
2020-02-21,75.78515625,77.57660179653178,75.16783878997336,77.13357947900434,129554000
2020-02-24,72.18534088134766,73.63785968182607,70.01867143670297,71.96262546916086,222195200
2020-02-25,69.7402572631836,73.23840922009403,69.26819314550896,72.8559159017165,230673600
2020-02-26,70.84659576416016,72.11271051529036,69.35776562363947,69.3650279213828,198054800
2020-02-27,66.21549987792969,69.2367421970805,66.0799320227012,68.05051976988415,320605600
2020-02-28,66.1767578125,67.3992989911438,62.0637108077199,62.27917132496963,426510000
2020-03-02,72.33784484863281,72.97453333535833,67.23224297649529,68.3361564954498,341397200
2020-03-03,70.04044342041016,73.59427022253612,69.18829451063576,73.51438495619033,319475600
2020-03-04,73.28924560546875,73.44902354050599,70.9627984910642,71.76410400685508,219178400
2020-03-05,70.9119644165039,72.51699133415363,70.54641152199336,71.54138326049582,187572800
2020-03-06,69.97024536132812,70.40358216932741,68.08197403311165,68.26837793734198,226176800
2020-03-09,64.43616485595703,67.32183170470427,63.66874742529087,63.8503122943744,286744800
2020-03-10,69.07695007324219,69.34324665860709,65.21082898559138,67.09184552066098,285290000
2020-03-11,66.6778564453125,68.07953879233956,65.81360621039644,67.15235111618254,255598800
2020-03-12,60.09311294555664,65.36333551368728,60.037434101460896,61.95960092945028,418474000
2020-03-13,67.29276275634766,67.76483423256263,61.23575946723115,64.12627561961224,370732000
2020-03-16,58.63576126098633,62.719754836954735,58.10074857584745,58.572816419236986,322423600
2020-03-17,61.2139778137207,62.36388471818226,57.71340624039025,59.91881387267281,324056000
2020-03-18,59.71546936035156,60.521617752082875,57.403542823432716,58.04507418797264,300233600
2020-03-19,59.2579231262207,61.209139394324836,58.73259595357314,59.88976893183757,271857200
2020-03-20,55.49590301513672,60.96463541715743,55.195714466288855,59.83893112943769,401693200
2020-03-23,54.31694030761719,55.31675861475192,51.47000473892812,55.21508274022157,336752800
2020-03-24,59.76630401611328,59.962393449772364,56.720856028881734,57.21955352533474,287531200
2020-03-25,59.437068939208984,62.518828553443576,59.14172316127237,60.70318009593795,303602000
2020-03-26,62.56482696533203,62.62292535314042,59.64042200804535,59.67915672921516,252087200
2020-03-27,59.9744987487793,61.94265908510833,59.80745850642363,61.18735053944383,204216800
2020-03-30,61.68605422973633,61.85793725267391,60.376365510763634,60.700764195325654,167976400
2020-03-31,61.56016540527344,63.54527367451045,61.005789027148815,61.87730177654374,197002000
2020-04-01,58.321041107177734,60.211735481582174,57.89012756934183,59.67430332649324,176218400
2020-04-02,59.29423141479492,59.34749072840286,57.350277549943364,58.18305551478086,165934000
2020-04-03,58.44208526611328,59.48063441327349,57.851393792822975,58.778585252101344,129880000
2020-04-06,63.54043960571289,63.69537111341419,60.37152842394567,60.73949721914278,201820400
2020-04-07,62.80448913574219,65.77489475614705,62.70039373005676,65.55701102978264,202887200
2020-04-08,64.41194915771484,64.72665861508077,63.240251523791564,63.605797071493534,168895200
2020-04-09,64.87674713134766,65.38029109822737,64.0802880085237,65.04863383479294,161834800
2020-04-13,66.15013122558594,66.25907309767462,64.35384627795469,64.95422341312944,131022800
2020-04-14,69.49090576171875,69.78141242863373,67.31212792353071,67.78419941029469,194994800
2020-04-15,68.85665130615234,69.31661411100032,67.93672569645638,68.365216078865,131154400
2020-04-16,69.40377807617188,69.76933104897813,68.35312357088294,69.57081834931556,157125200
2020-04-17,68.4620361328125,69.46670067896375,67.02404221723192,68.91958300953867,215250000
2020-04-20,67.041015625,68.1909265506525,67.02165195482027,67.28794859412912,130015200
2020-04-21,64.96873474121094,67.11846344497374,64.25700003826536,66.8836393098129,180991600
2020-04-22,66.84008026123047,67.27583298086698,65.89594444342251,66.23727988733161,116862400
2020-04-23,66.5810546875,68.20787638244808,66.54231995810906,66.78440647588174,124814400
2020-04-24,68.50320434570312,68.51288987249583,67.05794791639367,67.10636816246496,126161200
2020-04-27,68.55162048339844,68.88327772422247,67.77210185087893,68.21995585468255,117087600
2020-04-28,67.44044494628906,69.19557183776718,67.3484582943587,69.01400698692461,112004800
2020-04-29,69.6555404663086,70.12518879426327,68.72592933750241,68.92928107931384,137280800
2020-04-30,71.12496948242188,71.30169518453799,69.80560325557485,70.19535874827324,183064000
2020-05-01,69.97993469238281,72.38385146458401,69.2004159964793,69.29724910279991,240616800
2020-05-04,70.97006225585938,71.09836777466262,69.31419187836596,70.0041397159612,133568000
2020-05-05,72.03523254394531,72.86801039665262,71.28476318520556,71.43001651075052,147751200
2020-05-06,72.77845764160156,73.41029979065098,72.35238308451844,72.7372996904726,142333600
2020-05-07,73.53134155273438,73.87753081736858,73.10285116327836,73.40545924879912,115215200
2020-05-08,75.28148651123047,75.33488998289738,73.86387583630506,74.1915786211752,133838400
2020-05-11,76.46609497070312,76.96128289724894,74.57998648849065,74.78874828363153,145946400
2020-05-12,75.59222412109375,77.60212591001033,75.47085322222706,77.15062231412254,162301200
2020-05-13,74.67951965332031,76.69428120977256,73.60174537683079,75.77185784641975,200622400
2020-05-14,75.1383056640625,75.19899111956893,73.19394129911058,73.91731459558865,158929200
2020-05-15,74.69408416748047,74.7402057064117,72.87352049775028,72.90750790870699,166348400
2020-05-18,76.45396423339844,76.82778872351427,75.32764600121479,76.01946169404773,135178400
2020-05-19,76.01216888427734,77.31811351260087,75.98061126581322,76.47094702256406,101729600
2020-05-20,77.4904556274414,77.56084540499204,76.8326201163857,76.87145968739159,111504800
2020-05-21,76.9127426147461,77.89342158394717,76.67485297832786,77.3521046904153,102688800
2020-05-22,77.4079360961914,77.49046741917871,76.54862805066547,76.65057545816492,81803200
2020-05-26,76.88359832763672,78.70658386082842,76.82776505743689,78.52695733358873,125522000
2020-05-27,77.21858215332031,77.36422869926452,76.00002111496565,76.74038797022739,112945200
2020-05-28,77.25255584716797,78.51238602297842,76.61657369756912,76.89329541865034,133560800
2020-05-29,77.1773452758789,77.95654454919728,76.8205144559286,77.49533651043198,153532400
2020-06-01,78.1264419555664,78.24781284336196,77.00011656103608,77.13119919406478,80791200
2020-06-02,78.48811340332031,78.51238905892326,77.4176214398733,77.85941318502095,87642800
2020-06-03,78.92020416259766,79.18236942622238,78.23567058388883,78.80854502107137,104491200
2020-06-04,78.24052429199219,79.04156912077111,77.8666999148798,78.74300150300884,87560400
2020-06-05,80.4688949584961,80.52958039964126,78.46142323225453,78.49055105874169,137250400
2020-06-08,80.94466400146484,80.97865140314263,79.45423346951993,80.16546503775984,95654400
2020-06-09,83.50074005126953,83.89398053792564,80.59269835430385,80.62425597002903,147712400
2020-06-10,85.64901733398438,86.11750723835495,84.01051015507953,84.44987222819896,166651600
2020-06-11,81.53695678710938,85.2169228066109,81.43500939497191,84.7921247209598,201662400
2020-06-12,82.24092102050781,84.42559727745287,81.12916680700161,83.6779557734375,200146000
2020-06-15,83.25801086425781,83.91098692440009,80.73106773858638,80.89370801041294,138808800
2020-06-16,85.46453094482422,85.73640798746258,83.67795482626669,85.3140322118676,165428800
2020-06-17,85.34558868408203,86.27043435065384,85.22421778392413,86.2097489005749,114406400
2020-06-18,85.37959289550781,85.7971091705382,84.77030848627626,85.30191372622465,96820400
2020-06-19,84.89165496826172,86.55200784219969,83.7823232639959,86.08594777647562,264476000
2020-06-22,87.11273193359375,87.25594867927818,85.23876529939096,85.28488682520853,135445200
2020-06-23,88.97215270996094,90.39219373833417,87.93807025920542,88.35801624501319,212155600
2020-06-24,87.40158081054688,89.52071863722075,87.02775649737525,88.60072546842186,192623200
2020-06-25,88.5619125366211,88.60075211142514,86.79718241483171,87.55696539217314,137522400
2020-06-26,85.84077453613281,88.67842646058456,85.69269820221506,88.45753055778336,205256800
2020-06-29,87.8191146850586,87.9137875283765,85.27032617462565,85.74852774385108,130646000
2020-06-30,88.55221557617188,88.83865656219116,87.38705776907462,87.40647385577275,140223200
2020-07-01,88.38468933105469,89.1735999676267,88.33614542892262,88.62986085325258,110737200
2020-07-02,88.38468933105469,89.92853061349525,88.2706078274939,89.29254845481343,114041600
2020-07-06,90.7490005493164,91.21749032739643,89.78288576186722,89.81444337317966,118655600
2020-07-07,90.46744537353516,91.90690252276751,90.35578621562384,91.12770339021912,112424400
2020-07-08,92.57441711425781,92.60597472603237,91.3582786143033,91.44566949367056,117092000
2020-07-09,92.9725341796875,93.52112558076603,91.92388788228862,93.46772209132743,125642800
2020-07-10,93.1351547241211,93.19341778265134,91.95543335132274,92.56713990671183,90257200
2020-07-13,92.70551300048828,97.0530191182004,92.49189905133328,94.44111522553601,191649200
2020-07-14,94.2396240234375,94.43138465547754,91.15194893729137,92.08649866670663,170989200
2020-07-15,94.88777160644531,96.3660683335281,93.68862647798679,96.11604456670572,153198000
2020-07-16,93.72016143798828,94.5770395198075,93.12058901872845,93.75900100696389,110577600
2020-07-17,93.53083038330078,94.32702308898628,93.05748097078398,94.17167220899177,92186800
2020-07-20,95.50187683105469,95.6402413947223,93.27350953279706,93.61820604805662,90318000
2020-07-21,94.1838150024414,96.36849112363207,93.93379125377636,96.29324176097793,103433200
2020-07-22,94.44837951660156,95.13048319018023,93.7978334534124,93.88521692105434,89001600
2020-07-23,90.14944458007812,94.25906118948085,89.33868791358677,94.18138204100602,197004400
2020-07-24,89.92613220214844,90.27082884463798,86.55687456880528,88.34588799765626,185438800
2020-07-27,92.0573959350586,92.14963900239098,90.76601521608015,90.98933351898751,121214000
2020-07-28,90.54509735107422,91.80492755403503,90.5402377753028,91.6277234198458,103625600
2020-07-29,92.28071594238281,92.4652020656453,90.9917576836522,91.02816746906157,90329200
2020-07-30,93.39732360839844,93.50170078916014,91.04515531955397,91.45295970570953,158130000
2020-07-31,103.17498016357422,103.32547889929636,97.89776821941581,99.89796575503286,374336800
2020-08-03,105.77473449707031,108.39634285363456,104.76007559751676,105.05864325676774,308151200
2020-08-04,106.48111724853516,107.57345533183008,105.24070281740102,105.96407603717955,173071600
2020-08-05,106.86707305908203,107.18749399981073,105.73589542861245,106.20196292493524,121776800
2020-08-06,110.59557342529297,111.09076870650271,106.60975774089576,107.19961845957583,202428800
2020-08-07,108.08110046386719,110.57368961748969,107.28347223155788,110.11651110240133,198045600
2020-08-10,109.65203857421875,110.67096098800363,106.99895008053579,109.52801468909898,212403600
2020-08-11,106.39100646972656,109.41372516958415,106.13080268423259,108.9152102791965,187902400
2020-08-12,109.92682647705078,110.18459606710258,107.28832830062758,107.48286886703565,165598000
2020-08-13,111.87226867675781,112.87660092461535,110.81929757369635,111.30809060988061,210082000
2020-08-14,111.7725830078125,111.86255822594228,109.9608929550016,111.69719796444708,165565200
2020-08-17,111.48074340820312,112.92036888745733,110.85334374924851,112.89604946040544,119561600
2020-08-18,112.40968322753906,112.83524719865467,110.89710698763825,111.23269576368891,105633600
2020-08-19,112.55072784423828,113.96603385163618,112.45589172935948,112.81822669084653,145538000
2020-08-20,115.04818725585938,115.16248188226466,112.57504924247161,112.59207358329192,126907200
2020-08-21,120.9769058227539,121.46083051491364,115.99658841174927,116.008744414782,338054800
2020-08-24,122.423828125,125.27146481367004,120.5562117393656,125.18634310109493,345937600
2020-08-25,121.41950988769531,121.76482801035655,119.6953682864558,121.29549340088454,211495600
2020-08-26,123.07068634033203,123.52786489142996,121.66997034058484,122.73753168290901,163022400
2020-08-27,121.59945678710938,124.00693190797273,120.45407621046918,123.67377724193759,155552400
2020-08-28,121.4024658203125,122.99285390087189,121.17873748616431,122.57458499713601,187630000
2020-08-31,125.51949310302734,127.426026441553,122.56243764607389,124.0993334865447,225702700
2020-09-01,130.51930236816406,131.12239765919617,126.96888738067553,129.13804450192882,151948100
2020-09-02,127.81511688232422,134.21560198268665,123.53516436875177,133.83624262281316,200119000
2020-09-03,117.58210754394531,125.32493919241067,117.21247750644518,123.44760124139313,257599600
2020-09-04,117.65994262695312,120.32518728542867,107.86467480854796,116.79422439020836,332607200
2020-09-08,109.74203491210938,115.7437026686739,109.6058549976613,110.84120348479703,231366600
2020-09-09,114.11924743652344,115.88959346489294,112.11545122343698,114.06088674565609,176940500
2020-09-10,110.39371490478516,117.21246714617547,109.43072658875303,117.07628728012027,182274400
2020-09-11,108.94437408447266,112.08625528100727,106.99893883296421,111.44425808581114,180860300
2020-09-14,112.21272277832031,112.76717161154352,109.72256765665087,111.59018399790295,140150100
2020-09-15,112.38780975341797,115.58805204226122,110.51046419860256,115.10169316714062,184642000
2020-09-16,109.07085418701172,112.83527508788637,108.98331313922904,112.08628557894545,154679000
2020-09-17,107.3296890258789,109.13894490518533,105.74416152788396,106.72660868027582,178011000
2020-09-18,103.9251708984375,107.85495187903756,103.19563251538361,107.38805146978207,287104900
2020-09-21,107.07677459716797,107.18377414626174,100.28720125318382,101.68791722586771,195713800
2020-09-22,108.75959014892578,109.78094695116036,106.18189355316511,109.60585742567011,183055400
2020-09-23,104.19752502441406,109.05138437794632,103.85706788480732,108.57475477224305,150718700
2020-09-24,105.26752471923828,107.24214072616157,102.13537212015387,102.300732370106,167743300
2020-09-25,109.21674346923828,109.37238186529035,104.73251422513682,105.4717817638898,149981400
2020-09-28,111.8236312866211,112.17381026918468,109.70310630165157,111.87227014246227,137672400
2020-09-29,110.97737121582031,112.16408812965686,110.4715612207209,111.4248279384537,99382200
2020-09-30,112.65045166015625,114.06089699323232,110.52020461838681,110.68556487153249,142675200
2020-10-01,113.60372161865234,114.50834954010315,112.66991334832385,114.43053032893033,116120400
2020-10-02,109.93656158447266,112.22245433262894,109.15839180363562,109.81011094316419,144712000
2020-10-05,113.32164001464844,113.4675491899042,110.4521250600303,110.80230411214458,106243800
2020-10-06,110.07275390625,112.9519978108433,109.18757711311163,112.54345067949198,161498200
2020-10-07,111.94036865234375,112.39754721573827,111.01628226939263,111.49291934511135,96849000
2020-10-08,111.83335876464844,113.22434541737783,111.46372127712412,113.07843627342072,83477200
2020-10-09,113.77880859375,113.80798894197643,111.7847340241306,112.13491304534423,100506900
2020-10-12,121.00611114501953,121.76482993780782,116.02579270598136,116.78451149876966,240226800
2020-10-13,117.79610443115234,121.96906398707827,116.38566682510655,121.85233519891545,262330500
2020-10-14,117.88365936279297,119.67345635227282,116.3564928845694,117.6988406266793,150712000
2020-10-15,117.41677856445312,117.89340826459105,114.92662307822374,115.48107199261852,112559200
2020-10-16,115.77286529541016,118.23384747833158,115.56859545500912,117.97120952549623,115393800
2020-10-19,112.81580352783203,117.1346651236104,112.50453415677372,116.68721586654202,120639300
2020-10-20,114.3040542602539,115.73395040729928,112.47534031056462,113.02978907969988,124423700
2020-10-21,113.68151092529297,115.47130778396146,113.27296388473037,113.48696294853781,89946000
2020-10-22,112.59207916259766,114.81960369273567,111.46372301440654,114.24569636322538,101988000
2020-10-23,111.90145111083984,113.37025699470568,111.16218354117096,113.21461859214486,82572600
2020-10-26,111.91118621826172,113.37026292295224,109.80038294532771,110.89955881245987,111850700
2020-10-27,113.41888427734375,114.08033262151682,111.41508815584027,112.33916701816054,92276800
2020-10-28,108.16620635986328,112.28080553761286,108.06893607313397,111.91117547954262,143937800
2020-10-29,112.17382049560547,113.73989680449655,109.13893817712592,109.30430584931332,146129200
2020-10-30,105.89006042480469,108.93466447069503,104.78116272521534,108.03003661879342,190272600
2020-11-02,105.80252838134766,107.66042323200165,104.39209031934519,106.13325634410108,122866900
2020-11-03,107.42695617675781,108.44830541372347,105.7636096297727,106.66823748036964,107624400
2020-11-04,111.81390380859375,112.43644258276989,109.28483911084726,111.02600479592498,138235500
2020-11-05,115.78260803222656,116.35651544029349,113.68154127114309,114.7320709410606,126387100
2020-11-06,115.65106964111328,116.14800627447282,113.15661069606604,115.29054042608115,114457900
2020-11-09,113.34172821044922,118.86655105350619,113.07864459442057,117.41470327709126,154515300
2020-11-10,113.00070190429688,114.57921861893705,111.20780945261693,112.59145738080137,138023400
2020-11-11,116.43055725097656,116.56697207433398,113.4586543889182,114.18945127149735,112295000
2020-11-12,116.1577377319336,117.44394006005354,115.5341249324846,116.55724363092018,103162300
2020-11-13,116.20646667480469,116.60596516096147,114.85205685711352,116.38185824859463,81581900
2020-11-16,117.21984100341797,117.89216918384535,115.12488813037272,115.87516977446028,91183000
2020-11-17,116.3331298828125,117.58035548799745,115.91413933412841,116.48903680048612,74271000
2020-11-18,115.00797271728516,116.75214266209578,114.97874202316832,115.57312425038518,76322100
2020-11-19,115.60233306884766,116.01157757714591,113.81918672462538,114.579214364051,74113000
2020-11-20,114.33561706542969,115.72900356959502,114.28690172841969,115.60233477250766,73604300
2020-11-23,110.93497467041016,114.60845147390663,110.83753656463605,114.17971488763942,127959300
2020-11-24,112.22119903564453,112.88378869271381,109.70725526905355,110.99346528046955,113874200
2020-11-25,113.05915069580078,113.76071690599676,112.22116965962786,112.5914448450371,76499200
2020-11-27,113.60481262207031,114.48177040505827,113.24429090254516,113.58532797535975,46691300
2020-11-30,116.0018539428711,117.87269259432198,113.81920141545976,113.97510835343999,169410200
2020-12-01,119.57788848876953,120.30868555098019,116.93727599606798,117.91167207901552,127728200
2020-12-02,119.92865753173828,120.21123325455888,117.79472798281287,118.89579275045067,89004200
2020-12-03,119.792236328125,120.61072532946784,119.08092403824773,120.35738030969706,78967600
2020-12-04,119.11990356445312,119.7142856820755,118.40859125787107,119.46094065635505,78260400
2020-12-07,120.58148193359375,121.38048620338768,119.11988821318656,119.17834958310681,86712000
2020-12-08,121.19535827636719,121.78000175835267,119.93838668457948,121.18561966997126,82225500
2020-12-09,118.66194915771484,122.72517888074941,117.90192143214601,121.34153828117272,115089200
2020-12-10,120.08456420898438,120.69843846339406,117.07368405582885,117.41472117824993,81312200
2020-12-11,119.27581024169922,119.61684733291102,117.46343320377245,119.29529488946088,86939800
2020-12-14,118.66194915771484,120.19175065083598,118.42809618847487,119.46095361716566,79184500
2020-12-15,124.60576629638672,124.62525838078408,120.95178104734528,121.15640332920535,157243700
2020-12-16,124.53753662109375,125.083195941908,123.31954175566861,124.14778421139826,98208600
2020-12-17,125.40474700927734,126.26222014302118,124.76164215896948,125.5996232120097,94359800
2020-12-18,123.4169921875,125.79452063801119,122.89081749267945,125.6581058023967,192541500
2020-12-21,124.94679260253906,125.0247460652675,120.28918099826035,121.81898239256174,121251600
2020-12-22,128.5033416748047,130.96856222026736,126.33042801765606,128.2402506072199,168904800
2020-12-23,127.60691833496094,129.03926690688297,127.43151930755751,128.7761906679344,88223700
2020-12-24,128.5909881591797,130.0428429516044,127.74326874735891,127.95763696820273,54930100
2020-12-28,133.190185546875,133.82353697075987,130.09159867672324,130.55931944043445,124486200
2020-12-29,131.4167938232422,135.23642465149393,130.90036509315357,134.51538107187807,121047300
2020-12-30,130.29623413085938,132.50811721089653,129.9844202745973,132.10861128309938,96452100
2020-12-31,129.29261779785156,131.29013272873263,128.3474524139923,130.64702774975748,99116600
2021-01-04,126.0965805053711,130.18904042592823,123.51442981152032,130.10134836082602,143301900
2021-01-05,127.65558624267578,128.36690586965622,125.14164333709634,125.5898719394662,97664900
2021-01-06,123.35853576660156,127.69460255545032,123.14416745080455,124.44986199518105,155088000
2021-01-07,127.56790924072266,128.25973687058584,124.58626017036609,125.0734581195904,109578200
2021-01-08,128.66897583007812,129.23412721104498,126.8955682344821,129.03923614525579,105158200
2021-01-11,125.67757415771484,126.83710761276025,125.20986830687416,125.88220383076441,100384500
2021-01-12,125.502197265625,126.36940903829134,123.61186680500131,125.20987551647978,91951100
2021-01-13,127.53868103027344,128.08434036510624,125.20013677581811,125.46321296847564,88636800
2021-01-14,125.60938262939453,127.64586655028748,125.46321431935365,127.4509903383349,90221800
2021-01-15,123.88468170166016,126.88582255672144,123.748266884071,125.48269022260448,111598500
2021-01-19,124.55704498291016,125.41451823804258,123.6898331200979,124.5083222083043,90757300
2021-01-20,128.64947509765625,129.09770370348497,125.25858190800798,125.36576603974312,104319500
2021-01-21,133.3655548095703,136.09386615455463,130.16953762113462,130.37416729095122,120150900
2021-01-22,135.50924682617188,136.26927444924834,131.56294040290453,132.7906739013892,114459400
2021-01-25,139.2606658935547,141.37510329816405,133.04401504155618,139.40683420534555,157611700
2021-01-26,139.4945526123047,140.60536359839995,137.75037522505468,139.92328928555284,98390600
2021-01-27,138.4226837158203,140.60533595593498,136.81493637532154,139.7576013848175,140843800
2021-01-28,133.5799560546875,138.35450580385896,133.19994217532178,135.947746278508,142621100
2021-01-29,128.58126831054688,133.2388787553353,126.8760757666319,132.35217506415574,177523800
2021-02-01,130.70545959472656,131.91371580928939,127.57764235343213,130.32544580541983,106239800
2021-02-02,131.53370666503906,132.8199015096137,131.16343146870483,132.2547501087198,83305400
2021-02-03,130.51060485839844,132.29375135316877,130.18905238870838,132.28399787741546,89880900
2021-02-04,133.87225341796875,133.88199202454763,131.1439418976162,132.81016544490666,84183100
2021-02-05,133.45751953125,134.1015854508509,132.57925865202728,134.033283551068,75693800
2021-02-08,133.60389709472656,133.65269267140306,131.66194630942968,132.7451425942424,71297200
2021-02-09,132.72564697265625,134.55050063798447,132.56952194364052,133.32091738610043,76774200
2021-02-10,132.12057495117188,133.68194379137316,131.15447630613667,133.18424984227164,73046600
2021-02-11,131.8668975830078,133.09646585492624,130.5397381460376,132.61829297068624,64280000
2021-02-12,132.10107421875,132.25721410503192,130.46165008374714,131.10571594692075,60145100
2021-02-16,129.9737548828125,132.72565030112574,129.58340507467835,132.2182178860353,80576300
2021-02-17,127.68045806884766,129.02713844569294,126.34354574073313,128.0805609185362,97918500
2021-02-18,126.57777404785156,126.86076458634167,124.33331138864452,126.08007998005397,96856700
2021-02-19,126.73388671875,127.55361366522426,125.68973288562044,127.094962062069,87668800
2021-02-22,122.95735168457031,126.58752230648321,122.5670093965397,124.91880883902334,103916400
2021-02-23,122.82074737548828,123.65022018140999,115.5311309097856,120.77145942992851,158273000
2021-02-24,122.32304382324219,122.52797184498519,119.2783904200208,121.92294838417055,111039900
2021-02-25,118.0683364868164,123.40624834822879,117.62920604594376,121.66923290454905,148199500
2021-02-26,118.3318099975586,121.83511493787971,118.27325381762451,119.62968743773787,164560400
2021-03-01,124.70414733886719,124.84076604447007,119.82488658116127,120.76170375322148,116307900
2021-03-02,122.09861755371094,125.6116836281733,121.99127322699131,125.3091718593238,102260900
2021-03-03,119.11249542236328,122.67435679168018,118.89780678629857,121.79608848285189,112966300
2021-03-04,117.22908020019531,120.6152873149633,115.75554926545047,118.80996287933978,178155000
2021-03-05,118.48794555664062,118.99539275523834,114.73091692483256,118.05857574839611,153766600
2021-03-08,113.55014038085938,118.07809310772461,113.40376109045417,118.00978376489019,154376600
2021-03-09,118.16590881347656,119.11248639429279,115.92145380009946,116.1556561829824,129525800
2021-03-10,117.08273315429688,119.21984409787017,116.5655253098007,118.75143927948164,111943300
2021-03-11,119.01493072509766,120.23474594749143,118.33183717862164,119.58092677512707,103026500
2021-03-12,118.10736083984375,118.24397951783547,116.28252245017181,117.49257678888105,88105100
2021-03-15,120.99588012695312,121.00564073101157,117.51208899403603,118.47818777651618,92403800
2021-03-16,122.53773498535156,124.14789226969461,121.70826227679905,122.66459306472457,115227900
2021-03-17,121.74729919433594,122.82073491932013,119.38573166517871,121.05444515870833,111932600
2021-03-18,117.61946105957031,120.2054708035151,117.41453299693998,119.91271217395108,121229700
2021-03-19,117.09246826171875,118.49769739055492,116.78995655293399,117.00464516374609,185549500
2021-03-22,120.4103775024414,120.87878973760397,117.35596342731434,117.42427276940472,111912300
2021-03-23,119.58089447021484,121.23983974643996,119.19055221546797,120.35181837592111,95467100
2021-03-24,117.19007110595703,119.9322204758505,117.17055734049535,119.8541505236829,88530500
2021-03-25,117.6780014038086,118.72217030027896,116.12640013534126,116.65336116382848,98844700
2021-03-26,118.28303527832031,118.54651952158424,116.04833301675248,117.44380185449447,94071200
2021-03-29,118.45866394042969,119.61993010735954,117.81460554489063,118.71238752420413,80819200
2021-03-30,117.00465393066406,117.49257992082933,115.98976697770112,117.2095819531143,85671900
2021-03-31,119.20030975341797,120.53722207670454,118.22445786422938,118.71238380882367,118323800
2021-04-01,120.02980041503906,121.18130611520114,119.53211379208796,120.6738663324064,75089100
2021-04-05,122.85977172851562,123.11349534026344,120.09810870436394,120.87879330428332,88651200
2021-04-06,123.16227722167969,124.0600592543952,122.6158024965763,123.44527518865387,80171300
2021-04-07,124.81147766113281,124.83099142610236,122.11812394056145,122.79146423199435,83466700
2021-04-08,127.2120590209961,127.24133338786173,125.41649503174914,125.83610421703582,88844600
2021-04-09,129.78831481933594,129.82734234724018,126.34355848189794,126.66559142580684,106686700
2021-04-12,128.07080078125,129.64192283851602,127.4755305635202,129.319889944631,91420000
2021-04-13,131.1837615966797,131.4082182509909,128.74413188709045,129.24182587765023,91266500
2021-04-14,128.84173583984375,131.7400174141813,128.48067537183306,131.68146867778168,87222800
2021-04-15,131.2521209716797,131.74004707194615,130.41288748360844,130.58854862267228,89347100
2021-04-16,130.92034912109375,131.4180284373001,130.06159432576558,131.0569678485028,84922400
2021-04-19,131.58389282226562,132.1986844065799,130.1201146808097,130.28600775000282,94264200
2021-04-20,129.89569091796875,132.25725152749462,128.6270800410305,131.7595722507606,94812300
2021-04-21,130.27626037597656,130.5202234103885,128.12938865121586,129.16378953467097,68847100
2021-04-22,128.75393676757812,130.9105617092093,128.2367363124183,129.8273652126756,84566500
2021-04-23,131.0764617919922,131.85713156314563,128.96861767310645,128.96861767310645,78657500
2021-04-26,131.466796875,131.79858301727063,130.33480485867753,131.57414120224303,66905100
2021-04-27,131.144775390625,132.14014879502187,130.87153796829216,131.74979898431587,66015800
2021-04-28,130.35433959960938,131.7595691601595,129.86641349610298,131.0667075414383,107760100
2021-04-29,130.25672912597656,133.7600493468008,129.25160269288304,133.174532153205,151101000
2021-04-30,128.28549194335938,130.33477191318826,127.9049103139399,128.59775679529238,109839500
2021-05-03,129.3394012451172,130.83246831624223,128.64655475092198,128.85147530654447,75135100
2021-05-04,124.7626724243164,128.3147804318186,123.64044117384255,128.0220218638134,137564700
2021-05-05,125.00664520263672,127.29988843260809,124.8797796797169,126.08007345167024,84000900
2021-05-06,126.60704803466797,126.61680119447594,124.06006618952057,124.80171581873422,78128300
2021-05-07,127.28153228759766,128.30790544082245,126.56793953638302,127.90713783845663,78973300
2021-05-10,123.9970932006836,126.62658899435064,123.9579919211375,126.49952288698726,88071200
2021-05-11,123.07823944091797,123.43013604181222,120.0088523827375,120.72243768449367,126142800
2021-05-12,120.00886535644531,121.8368112224308,119.50056358215276,120.62470125465063,112172300
2021-05-13,122.15936279296875,123.31282429547134,121.46533194640105,121.77813468651334,105861300
2021-05-14,124.58360290527344,125.01370954120979,123.01958894433238,123.41059429901935,81918000
2021-05-17,123.43013000488281,124.07528990021518,122.35487097046837,123.96776325099312,74244600
2021-05-18,122.04206085205078,124.13393060717105,121.97363548465174,123.71360121948956,63342900
2021-05-19,121.88567352294922,122.1104965529405,120.09682917810171,120.39008503908883,92612000
2021-05-20,124.44674682617188,124.84752934847808,122.28645146975369,122.41353249282957,76857100
2021-05-21,122.6090316772461,125.12123109705438,122.39397836804899,124.94527906751188,79295400
2021-05-24,124.24146270751953,125.06257461018313,123.10755550398203,123.17598087438682,63092900
2021-05-25,124.04595947265625,125.4340286577924,123.47900216167147,124.94526644040783,72009500
2021-05-26,123.9970932006836,124.52494928784593,123.57676376782135,124.1046198549837,56575900
2021-05-27,122.46240234375,124.7693256123678,122.26690340551721,123.5963170673582,94625600
2021-05-28,121.80746459960938,122.97070334084246,121.74881641359961,122.74587286479516,71311100
2021-06-01,121.4848861694336,122.53082109382872,121.15253650084358,122.2668967957017,67637100
2021-06-02,122.24736022949219,122.42331227313375,121.26008080587688,121.48490385964784,59278900
2021-06-03,120.76152038574219,122.04205540035305,120.3607379247326,121.87588058092217,76229200
2021-06-04,123.0586929321289,123.32262472191542,121.06457229139289,121.27962561409095,75169300
2021-06-07,123.0684585571289,123.47901079400312,122.02252359682196,123.33238286431767,71057600
2021-06-08,123.88956451416016,125.57088967583601,123.37148561983427,123.75271376689696,74403800
2021-06-09,124.27079772949219,124.87685639052275,123.67451625303815,124.34900029049098,56877900
2021-06-10,123.27371978759766,125.30694127390441,123.10754496766629,124.16324952672848,71186400
2021-06-11,124.48583984375,124.57381958141005,123.26395290484824,123.68428231014268,53522400
2021-06-14,127.54542541503906,127.6040735939575,124.21212215861955,124.94525422632002,96906500
2021-06-15,126.72434997558594,127.66276579909551,126.47997256396104,127.01760585265852,62746300
2021-06-16,127.22285461425781,127.94621700907624,125.57087609933701,127.43790789607921,91815000
2021-06-17,128.8259735107422,129.56889029442954,126.73410372753868,126.88073910539828,96721700
2021-06-18,127.52591705322266,128.55229026571763,127.31086373435744,127.7702944686955,108953300
2021-06-21,129.32449340820312,129.4320200361711,126.30399301656993,127.36947465650123,79663300
2021-06-22,130.96670532226562,131.0644622285742,128.65978254011517,129.1583218804352,74783600
2021-06-23,130.6930389404297,131.29910507401638,130.2336082056393,130.76147177632404,60214200
2021-06-24,130.40956115722656,131.6118938058328,129.9403458033597,131.42616459271213,68711000
2021-06-25,130.11630249023438,130.87875877934593,129.82304662928087,130.45843681394894,70783700
2021-06-28,131.74874877929688,132.20817950576375,130.35091714623502,130.40956533844553,62111300
2021-06-29,133.26388549804688,133.42029061372372,131.32842066728736,131.76829700396732,64556100
2021-06-30,133.87973022460938,134.31960659055045,132.81423335434383,133.10748923684247,63261400
2021-07-01,134.18275451660156,134.24140270940268,132.70670539157666,133.52782483763312,52485800
2021-07-02,136.812255859375,136.85134968212856,134.65195299080864,134.79857347065126,78852600
2021-07-06,138.82589721679688,139.9304727602518,136.91975675935547,136.91975675935547,108181800
2021-07-07,141.31854248046875,141.6313377353685,139.4514959287153,140.31169406639702,104911600
2021-07-08,140.0184783935547,140.82002849752848,137.50627159938102,138.39580890191343,105575500
2021-07-09,141.84640502929688,142.3742535997312,139.44172508137947,139.53948199823574,99890800
2021-07-12,141.2501678466797,143.02924286417507,140.7614129406358,142.92171618822078,76299700
2021-07-13,142.36451721191406,144.14359208914843,140.39972801414208,140.79072594190478,100827100
2021-07-14,145.79554748535156,146.20611463354894,144.35860721349817,144.76917436169552,127050800
2021-07-15,145.14064025878906,146.62645922194355,143.7819023332903,145.8835571981737,106820300
2021-07-16,143.09762573242188,146.39182821899888,142.5991012200298,145.12107770714312,93251400
2021-07-19,139.2462615966797,140.82983754217113,138.4838051811381,140.5170272611207,121434600
2021-07-20,142.86300659179688,143.79165254365046,139.7447638348333,140.2335185818673,96350000
2021-07-21,142.12986755371094,142.8434601888897,141.37719601915154,142.25694855475027,74993500
2021-07-22,143.49842834472656,144.86693597184757,142.5306883626531,142.65776939789095,77338200
2021-07-23,145.21881103515625,145.3752161371665,143.6156960285799,144.23153179548808,71447400
2021-07-26,145.63917541503906,146.4602799824032,144.37817955065944,144.93536723855144,72434100
2021-07-27,143.4690704345703,145.85419595024982,142.27650767673055,145.76620876125995,104818600
2021-07-28,141.7193145751953,143.66456373234172,139.3341891527353,141.55313976010396,118931200
2021-07-29,142.36451721191406,143.25405465053123,141.3283592792896,141.43588594676658,56699500
2021-07-30,142.5795440673828,143.03897475076792,140.86890234879084,141.13283410460213,70440600
2021-08-02,142.24722290039062,143.64505468245218,141.9832910916965,143.06832751008895,62880000
2021-08-03,144.04579162597656,144.71049088545726,141.91481329138477,142.5306490113704,64786600
2021-08-04,143.64505004882812,144.46615463203972,142.9901203277702,143.95786031802183,56368300
2021-08-05,143.75254821777344,144.51500445327014,142.88256533800865,143.6743456659774,46397700
2021-08-06,143.06727600097656,144.01688208379585,142.56800458197282,143.2728671370131,54126800
2021-08-09,143.01832580566406,143.61550061721744,142.4603183242228,143.12601355653302,48908700
2021-08-10,142.53863525390625,144.60427120704347,142.24494003565766,143.36096991463478,69023100
2021-08-11,142.79315185546875,143.63507011431875,142.47008863472837,142.97915931025486,48493500
2021-08-12,145.7594451904297,145.91608462298464,142.77357136091953,143.11621825238865,72282600
2021-08-13,145.96502685546875,146.29787442461313,145.15247665694042,145.83775545751928,59375000
2021-08-16,147.94259643554688,148.01113180908496,143.39037176189015,145.41684086363392,103296000
2021-08-17,147.03211975097656,148.4907815727172,145.95524228570045,147.0712721415507,92229700
2021-08-18,143.28268432617188,147.55101302601977,143.07709314303492,146.6503584300104,86326000
2021-08-19,143.61549377441406,144.88816305914702,141.4617537976131,141.9806088621801,86960300
2021-08-20,145.07418823242188,145.3776678425582,143.69383103345265,144.33995758675238,60549600
2021-08-23,146.5622100830078,147.03211343952145,144.78047016020776,145.191637464402,60131800
2021-08-24,146.47412109375,147.68805452972137,146.01400200564578,146.30769726540868,48606400
2021-08-25,145.24063110351562,147.15942734858208,144.69240787291454,146.66014088374254,58991300
2021-08-26,144.43783569335938,145.98461660195343,144.4084676646739,145.23081728174643,48597200
2021-08-27,145.47555541992188,145.62239555790586,143.7427671019152,144.37909428379132,55802400
2021-08-30,149.90049743652344,150.2627279823977,145.48532997591,145.86712924689024,90956700
2021-08-31,148.63766479492188,149.58727102922836,148.1090103253276,149.4502152293265,86453100
2021-09-01,149.30335998535156,151.72142761830509,149.13693615262528,149.6166389208094,80313700
2021-09-02,150.41937255859375,151.46688207200458,149.19565486795125,150.63474806718364,71115500
2021-09-03,151.05567932128906,151.3787425084655,149.87111430164214,150.5270250375616,57808700
2021-09-07,153.39547729492188,153.95348484848995,151.14383353713905,151.71164039348162,82278300
2021-09-08,151.84866333007812,153.73807604944514,150.74241788918883,153.67933999735516,74420200
2021-09-09,150.83058166503906,152.82768271854061,150.71309458803586,152.22072341621455,57305700
2021-09-10,145.83778381347656,152.21090030495253,145.57345660401688,151.74099688432676,140893200
2021-09-13,146.40557861328125,148.2362553872636,145.6223963511956,147.462872426403,102404300
2021-09-14,145.0056610107422,147.8936469962392,143.8211105344737,147.18878434178126,109296300
2021-09-15,145.89651489257812,146.2978978750979,143.29244009500678,145.43639585173057,83281300
2021-09-16,145.6615753173828,145.83779845403365,144.12459347851345,145.31894328505592,68034100
2021-09-17,142.98898315429688,145.69096176910773,142.69528787817018,145.69096176910773,129868800
2021-09-20,139.9345703125,141.7946152611483,138.29968524042357,140.7764886965952,123478900
2021-09-21,140.41424560546875,141.5596584283987,139.77791842647125,140.90373264714654,75834000
2021-09-22,142.7833709716797,143.35116277449677,140.67856780429392,141.412798340786,76404300
2021-09-23,143.7427520751953,143.98749557155614,142.5777706424446,143.56652899007761,64838200
2021-09-24,143.83090209960938,144.36934095121416,142.49949645653314,142.5973998615385,53477900
2021-09-27,142.31350708007812,142.89111334245513,140.7961086749198,142.41141049755606,74150700
2021-09-28,138.92623901367188,141.7065222907774,138.7108634842379,140.2380609198885,108972300
2021-09-29,139.82687377929688,141.41280705571026,139.04369150451467,139.47444250254287,74602000
2021-09-30,138.52481079101562,141.34426048337465,138.30943533185172,140.6393980602849,89056700
2021-10-01,139.650634765625,139.9149619275733,136.1850733872401,138.91640426751349,94639600
2021-10-04,136.2144775390625,139.21993567866247,135.36277471551017,138.7793853125862,98322000
2021-10-05,138.14303588867188,139.2492814021404,136.4298312131739,136.55710262635787,80861100
2021-10-06,139.01429748535156,139.16113759906187,135.4606173539954,136.53749464772653,83221100
2021-10-07,140.27719116210938,141.18764483600611,139.71918369704164,140.05203130343006,61732700
2021-10-08,139.8954315185547,141.1485175173034,139.56258381781655,141.00167733696696,58773200
2021-10-11,139.8072967529297,141.76524506387435,138.82832259745734,139.27865728167708,64452200
2021-10-12,138.53465270996094,140.23807342981166,138.07453357766727,140.2184897604903,73035900
2021-10-13,137.947265625,138.42695344884726,136.27321307906425,138.2703289211617,78762700
2021-10-14,140.7373046875,140.8547917318437,138.53461306502766,139.1220034728704,69907100
2021-10-15,141.79461669921875,141.85335275996707,140.49257924677562,140.74712209396571,67940300
2021-10-18,143.4686737060547,143.75256965473264,140.1499517260529,140.43384767473086,85589200
2021-10-19,145.63218688964844,146.03356986995644,143.4686624173773,143.91898215404882,76378900
2021-10-20,146.12167358398438,146.60137628639336,145.00564367087514,145.57345046006543,58418800
2021-10-21,146.33706665039062,146.4937061154404,144.76091751098588,145.68115569570142,61421000
2021-10-22,145.56369018554688,147.0223523235176,145.5147384832475,146.5426644796855,58883400
2021-10-25,145.51470947265625,146.2293563822722,144.51615170908323,145.55386186391277,50720600
2021-10-26,146.18040466308594,147.66843438585144,145.87691017558996,146.1901890254086,60893400
2021-10-27,145.72032165527344,146.58180882899126,145.36789033121931,146.2195931401995,56094900
2021-10-28,149.3621063232422,149.94948190193364,146.57202377608343,146.669927174846,100077900
2021-10-29,146.65032958984375,146.78738537232746,143.33160784302547,144.12457450867834,124953200
2021-11-01,145.82801818847656,146.55244960962315,144.69240441623955,145.85738622241698,74588300
2021-11-02,146.8656768798828,148.38308949739522,145.5244724040128,145.53427170385322,69122000
2021-11-03,148.30482482910156,148.77472831916785,146.66993951040288,147.2279471039886,54511500
2021-11-04,147.7859649658203,149.22504342505385,147.47268602369996,148.39292424372576,60394600
2021-11-05,148.3153533935547,149.2173222899692,147.11926062749689,148.9133997765836,65463900
2021-11-08,147.49180603027344,148.5996660295044,147.21729443113375,148.44279798435025,55020900
2021-11-09,147.85452270507812,148.4623675669257,147.11922071035642,147.2564764843142,56787900
2021-11-10,145.02117919921875,147.18787595185904,144.9525587828528,147.08003104634736,65187100
2021-11-11,144.97219848632812,146.50162489581308,144.7859195077794,146.04084921172387,41000000
2021-11-12,147.0506591796875,147.45261306165483,144.58983794450572,145.52121785210946,63804000
2021-11-15,147.06044006347656,148.9036023660625,146.5016032105498,147.42318436184277,59222800
2021-11-16,148.0408172607422,148.52122000028032,146.41334508329518,147.00159272518846,59256200
2021-11-17,150.48202514648438,151.96242792983602,148.03101824439025,148.04081688648543,88807000
2021-11-18,154.7761993408203,155.56052464418286,150.0506651936485,150.69773469090467,137827700
2021-11-19,157.40370178222656,157.86449238063588,153.4624776050976,154.56052415802415,117305600
2021-11-22,157.86448669433594,162.4527653050192,157.84487444666516,158.51154126985364,117467900
2021-11-23,158.24684143066406,158.62919797716998,155.9428885480248,157.96251620186436,96041900
2021-11-24,158.76644897460938,158.96252656383666,156.5115192990928,157.59976712302952,69463600
2021-11-26,153.73696899414062,157.30563478087385,153.29579070221752,156.44289044282164,76959800
2021-11-29,157.09974670410156,158.03112635226864,155.67815070663897,156.24678611367216,88748200
2021-11-30,162.0605926513672,162.27628247322406,156.78602057829323,156.85465595786593,174048100
2021-12-01,161.54095458984375,166.9625802409004,161.3056525599402,164.19783748862517,152052500
2021-12-02,160.55076599121094,160.98214564054786,154.70757335862984,155.62915443498412,136739200
2021-12-03,158.6683807373047,161.72724755293552,156.58993165162352,160.8056665553949,118023100
2021-12-06,162.08021545410156,164.59004449763117,161.06058805531697,161.0703866988541,107497000
2021-12-07,167.82534790039062,168.21751800507252,165.0410074760686,165.76651094991018,120405400
2021-12-08,171.64892578125,172.51168504122978,167.35475668604474,168.7567404835119,116998900
2021-12-09,171.13914489746094,173.2862298561429,170.51168757727757,171.48229193058603,108923700
2021-12-10,175.9333038330078,176.1097841405235,171.26659124422937,171.776404959566,115402700
2021-12-13,172.29600524902344,178.5607789713786,172.09011406463858,177.57056250136455,153237000
2021-12-14,170.9136505126953,174.25682821034476,168.83520101609776,171.81561944442183,139380400
2021-12-15,175.78622436523438,175.98230193253877,168.93320343371292,171.67833425525316,131063300
2021-12-16,168.8842010498047,177.59018373746022,167.40379803106163,175.76663371395836,150185800
2021-12-17,167.7861328125,170.07047310742206,166.3645517595425,166.59983885479875,195432700
2021-12-20,166.42340087890625,167.23713712314685,164.17828470413107,164.98220734461725,107499100
2021-12-21,169.59991455078125,169.80579079626787,165.8057448980021,168.19793052968907,91185900
2021-12-22,172.19796752929688,172.4136573675495,168.77635596770887,169.64891396436306,92135300
2021-12-23,172.825439453125,173.38427634319635,171.83523780972868,172.40387334427473,68356600
2021-12-27,176.79603576660156,176.88426842678575,173.59992807749137,173.6195253621372,74919600
2021-12-28,175.77639770507812,177.77642763838105,175.03129702076905,176.62935824711542,79144300
2021-12-29,175.8646697998047,177.0901733747063,174.64896486798852,175.81564666485653,62348900
2021-12-30,174.7078094482422,177.03137470215592,174.5999645211849,175.95292543158308,59773000
2021-12-31,174.0901641845703,175.71762176050464,173.7862266948401,174.5999629626884,64062300
2022-01-03,178.4431610107422,179.29612187161166,174.22743969189926,174.34508327556517,104487900
2022-01-04,176.1784210205078,179.3549322145944,175.6097854694808,179.051009669682,99310400
2022-01-05,171.49208068847656,176.639196130045,171.21756906170717,176.09017287650624,94537600
2022-01-06,168.62930297851562,171.8646356206371,168.27635732737943,169.31558203356892,96904000
2022-01-07,168.7959747314453,170.72736974687896,167.67831596269667,169.50186605484046,86709100
2022-01-10,168.8155517578125,169.1194742164662,164.8743285177746,165.76649860978034,106765600
2022-01-11,171.64892578125,171.74695708640064,167.47241519588906,168.9430194109857,76138300
2022-01-12,172.090087890625,173.70774639139225,171.39401033832232,172.6685219038925,74805200
2022-01-13,168.8155517578125,173.15872875555698,168.42338168232487,172.33519403667106,84505800
2022-01-14,169.6783447265625,170.37442243944997,167.73713612609606,167.9822368621362,80440800
2022-01-18,166.47239685058594,169.15869092282202,166.09004036060844,168.14887724519528,90956700
2022-01-19,162.9723358154297,167.72729487050043,162.6880256161482,166.6684581646365,94815000
2022-01-20,161.2860870361328,166.35476859042288,160.9625522612085,163.7076835662155,91420500
2022-01-21,159.2272186279297,163.07039571920242,159.1193737240524,161.197822824496,122848900
2022-01-24,158.45269775390625,159.11937944541725,151.6683120872291,156.88406222991276,162294600
2022-01-25,156.6487579345703,159.5703540851256,153.94285159644792,155.86443270388338,115798400
2022-01-26,156.56056213378906,161.1684533792907,154.727213256224,160.29589528165266,108275300
2022-01-27,156.09974670410156,160.62920319221885,155.17816560951687,159.26644379654334,121954600
2022-01-28,166.99200439453125,167.01161663852113,159.60957278691356,162.4625484172025,179935700
2022-01-31,171.35482788085938,171.57051772849903,166.1881001011021,166.82537099995082,115541600
2022-02-01,171.18814086914062,171.41362933410613,168.93321134020488,170.59989317993646,86213900
2022-02-02,172.39407348632812,172.4332979868797,169.93326714833051,171.32543772263608,84914300
2022-02-03,169.51165771484375,172.78621481447524,168.74694463929947,171.0606961129302,89418100
2022-02-04,169.2270050048828,170.90563668740813,167.54837332235746,168.53002542285074,82465400
2022-02-07,168.51040649414062,170.75838325799216,167.8134268983413,169.68838604223646,77251200
2022-02-08,171.6222381591797,172.1327014444133,168.28461203735645,168.57911066263827,74829200
2022-02-09,173.04562377929688,173.4088302479398,171.6909391445202,172.81984799977465,71285000
2022-02-10,168.96192932128906,172.26028048182204,168.40239549718422,170.94487045999796,90865900
2022-02-11,165.54579162597656,169.90432887481495,164.95679443820137,169.16808987950634,98670700
2022-02-14,165.7814178466797,166.46857134746543,163.50397769684932,164.2991135319602,86185500
2022-02-15,169.61964416503906,169.77671208150778,167.12625465108732,167.83304529637556,62527400
2022-02-16,169.38406372070312,170.15956224722075,166.9299336029845,168.6969102835062,61177400
2022-02-17,165.7814178466797,168.75582262629885,165.37893687521128,167.89196395169796,69589300
2022-02-18,164.2303466796875,167.4108888776789,163.14071259883033,166.70411337276113,82772700
2022-02-22,161.30508422851562,163.6315949695041,159.17488593776793,161.95296324654277,91162800
2022-02-23,157.13304138183594,163.1014723054739,156.81890555489676,162.50266399183914,90009200
2022-02-24,159.75405883789062,159.86204116175165,149.21111050582687,149.7804704881103,141147500
2022-02-25,161.82530212402344,162.09033732020163,157.9183172500584,160.833824238558,91974200
2022-02-28,162.09034729003906,162.3848458382796,159.4497014395523,160.0681468929756,95056600
2022-03-01,160.20562744140625,163.54325372947446,158.9981994943142,161.67810566233612,83474400
2022-03-02,163.5039825439453,164.28930727333417,159.9602176218132,161.37379913894847,79724800
2022-03-03,163.1799774169922,165.81081207668467,162.5124613709738,165.37888288040546,76678400
2022-03-04,160.17616271972656,162.512499384929,159.12580281837,161.47195061166718,83737200
2022-03-07,156.37713623046875,161.99218577844468,156.12189717358572,160.36264017995268,96418800
2022-03-08,154.55130004882812,159.89148955943892,152.94139129743706,155.90598466141114,131148300
2022-03-09,159.96017456054688,160.4117410265014,156.4851334154229,158.51714506516998,91454900
2022-03-10,155.61146545410156,157.4471497383223,153.11806120676204,157.26063347822767,105342000
2022-03-11,151.89102172851562,156.35754167605256,151.66524594480387,156.01395745746433,96970100
2022-03-14,147.85643005371094,151.2922123001873,147.34598176184335,148.67120306961968,108732100
2022-03-15,152.244384765625,152.71558844748628,147.62081285085458,148.1312610379761,92964300
2022-03-16,156.66183471679688,157.06431562049127,151.62597028281274,154.16844529700253,102300200
2022-03-17,157.6729736328125,158.04600626691465,154.73784310287434,155.69985807738482,75615400
2022-03-18,160.97128295898438,161.4621089351798,156.8287105215893,157.56494948588247,123511700
2022-03-21,162.3456573486328,163.29786124967643,160.01913128108532,160.50995741651707,95811400
2022-03-22,165.72250366210938,166.31148589554496,161.88424061211234,162.4732228455479,81532000
2022-03-23,167.08697509765625,169.47238200494985,164.57393367238456,164.9077066995065,98062700
2022-03-24,170.87615966796875,170.94486751449384,167.08698259633016,167.92137775453384,90131400
2022-03-25,171.5142364501953,172.06395916657084,169.580380836561,170.68965237563202,80546200
2022-03-28,172.3780975341797,172.5057021088352,168.84414433562662,169.01102337849983,90371900
2022-03-29,175.67645263671875,175.72552325481462,173.10451415071458,173.4480983503125,100589400
2022-03-30,174.50828552246094,176.31452166228107,173.45791066079582,175.27397290735905,92633200
2022-03-31,171.40623474121094,174.76348236111616,171.20008125648198,174.57696610798493,103049300
2022-04-01,171.1117401123047,171.67128888454906,168.78522990497535,170.8368787788995,78751300
2022-04-04,175.166015625,175.21510122926847,171.2394069446954,171.3670265200288,76468400
2022-04-05,171.8480224609375,175.02858080966283,171.21976568599678,174.24325609628116,73401800
2022-04-06,168.67724609375,170.44422249190762,167.00844087614192,169.1975203972604,89058800
2022-04-07,168.9815673828125,170.1791839693951,166.73359099058004,168.01955265843017,77594700
2022-04-08,166.96920776367188,168.6282022656161,166.09553796415852,168.6282022656161,76575500
2022-04-11,162.70883178710938,165.92864940184566,162.46341876782265,165.61452852614607,72246700
2022-04-12,164.58377075195312,166.75321318939567,163.5824815614611,164.93716605572558,79265200
2022-04-13,167.2734832763672,167.90173991390134,163.71009694763094,164.3187163524491,70618900
2022-04-14,162.2572479248047,168.12753750441655,162.01183493170848,167.4894547350742,75329400
2022-04-18,162.0413055419922,163.54323192882495,160.56882751734665,160.91239673580466,69023900
2022-04-19,164.3285369873047,164.7408440040976,160.90258113171808,161.99221543879506,67723800
2022-04-20,164.16165161132812,165.78138631816157,163.05239509202772,165.66357789841544,67929800
2022-04-21,163.36648559570312,168.38272673432854,162.86584858589904,165.8108038928302,87227800
2022-04-22,158.8214874267578,164.78993402071836,158.5368149070802,163.40581593701359,84882400
2022-04-25,159.89144897460938,160.1761214041445,155.55254984327493,158.1637322309998,96046400
2022-04-26,153.9230499267578,159.36139588708184,153.84451596249764,159.27305079434743,95623200
2022-04-27,153.697265625,156.85817138310125,152.52909731194325,153.0493716898695,88063200
2022-04-28,160.6375274658203,161.5013859909982,156.01394010524191,156.3280759248776,130216800
2022-04-29,154.75741577148438,163.1505424974972,154.36476100370217,158.87053962186658,131747600
2022-05-02,155.06178283691406,155.32681813716053,150.45783177864857,153.83471762858417,123055300
2022-05-03,156.5538330078125,157.7612755693258,153.45182454246736,155.24823424848756,88966500
2022-05-04,162.9738311767578,163.4253826031728,156.3378556199318,156.74033644086228,108256500
2022-05-05,153.89358520507812,161.06945878722854,152.10697141040896,160.84368302574217,130525300
2022-05-06,154.62109375,156.7445813601952,151.57349495754403,153.37255959944574,116124600
2022-05-09,149.48931884765625,153.19558860822082,148.92896288962842,152.31079472594658,131577900
2022-05-10,151.8979034423828,154.09021465537515,150.3446125608553,152.89083834180113,115366700
2022-05-11,144.02330017089844,152.82199025284592,143.34496277337416,150.90495956472975,142689800
2022-05-12,140.14991760253906,143.7283801675573,136.45348852465227,140.3563740008872,182602000
2022-05-13,144.6230010986328,145.59626984264398,140.69062395231782,142.14559929622243,113990900
2022-05-16,143.07952880859375,145.02606620057162,141.7425200447831,143.08936935150413,86643800
2022-05-17,146.71702575683594,147.2380646317424,144.20029128457014,146.34344505375913,78336300
2022-05-18,138.4393768310547,144.86880836010556,137.53491667633742,144.36743555765233,109742900
2022-05-19,135.02798461914062,139.2651179150192,134.29066402238703,137.51521156545672,136095600
2022-05-20,135.26397705078125,138.32140173559216,130.36817033712612,136.73861889231387,137426100
2022-05-23,140.69064331054688,140.83810147349175,135.32294116689727,135.46057378592263,117726300
2022-05-24,137.9871063232422,139.56988862899178,135.00833201503448,138.4294957252956,104132700
2022-05-25,138.14442443847656,139.39294348204788,136.00127092128338,136.0897458139781,92482700
2022-05-26,141.3492889404297,141.89981931591748,134.82154377239428,135.067317332939,90601500
2022-05-27,147.11021423339844,147.14953140069923,142.80425687385537,142.93206391903007,90978500
2022-05-31,146.32376098632812,148.11299992246586,144.35757226573517,146.54988348979353,103718400
2022-06-01,146.19595336914062,149.17472776391935,145.18335248498283,147.36582293275725,74286600
2022-06-02,148.65370178222656,148.712685042506,144.37723540201858,145.33083811208033,72348100
2022-06-03,142.92227172851562,145.4684826787646,142.0178266612746,144.41656444787193,88570300
2022-06-06,143.66940307617188,146.05833007006927,142.45036072118282,144.54435641942476,71598400
2022-06-07,146.19595336914062,146.48104410293644,141.66388825021798,141.9096618141491,67808200
2022-06-08,145.45863342285156,147.33633206027957,144.9670862924701,146.06814706425965,53950200
2022-06-09,140.22854614257812,145.4487735742131,140.1204051882147,144.59348648113703,69473000
2022-06-10,134.811767578125,138.38039078296666,134.74294375558222,137.90850957422035,91437900
2022-06-13,129.65048217773438,132.91434748083088,129.2179182819536,130.6237359424125,122207100
2022-06-14,130.51560974121094,131.6265112355856,129.2572500842336,130.8793648770148,84784300
2022-06-15,133.14044189453125,135.0181554391388,129.92573462276167,132.01971509318932,91533000
2022-06-16,127.86125946044922,130.15187128772985,126.85849893930482,129.8471144138601,108123900
2022-06-17,129.33590698242188,130.830214787561,127.61549164782572,127.87110581235486,134520300
2022-06-21,133.57302856445312,134.74291327638406,131.06614989697803,131.1644503344464,81000500
2022-06-22,133.06182861328125,135.43107463782408,131.64617032424826,132.51128316690097,73409200
2022-06-23,135.93246459960938,136.24704700188127,133.33709602733944,134.5069807437755,72433800
2022-06-24,139.26513671875,139.51091028418583,137.40708916408835,137.53488121755194,89116800
2022-06-27,139.26513671875,141.06420101783954,138.58679927801467,140.2875481505987,70207900
2022-06-28,135.1165008544922,140.995401345449,134.99853432316218,139.7272161311599,67083400
2022-06-29,136.87620544433594,138.29186353568556,134.35948661563768,135.13613945781051,66242400
2022-06-30,134.40866088867188,136.0307605677301,131.50853555295868,134.9296996947126,98964500
2022-07-01,136.58128356933594,136.68942454210836,133.36657601668242,133.74014164921843,71051600
2022-07-05,139.16677856445312,139.2159362626132,134.61504872981533,135.44085905676386,73353800
2022-07-06,140.5038299560547,141.68354006887108,138.69494011634768,138.96037976700046,74064300
2022-07-07,143.87583923339844,144.07245506921953,140.85773290060996,140.86755844211166,66253700
2022-07-08,144.55416870117188,145.0555563580384,142.5486630761882,142.80426217519934,64547800
2022-07-11,142.42086791992188,144.1609490492264,141.34929872199137,143.20734636825597,63141600
2022-07-12,143.39413452148438,145.94034514627222,142.597830542374,143.2958190916168,77588800
2022-07-13,143.0303955078125,143.97415763799123,139.7173575069719,140.57265975093034,71185600
2022-07-14,145.9600067138672,146.4318877608006,140.82825345087886,141.64422349086814,78140700
2022-07-15,147.63128662109375,148.30962416813094,145.69458942189468,147.24788039896364,76259900
2022-07-18,144.5836944580078,149.00761906982018,144.219939344917,148.1916489524308,81420900
2022-07-19,148.44723510742188,148.67334258980395,144.42638313418118,145.41930294883997,82982400
2022-07-20,150.45274353027344,151.1212554478555,147.8278835762641,148.56520429371037,64823400
2022-07-21,152.72369384765625,152.93997577721333,149.3713389403487,151.88805775611044,65086600
2022-07-22,151.4849853515625,153.6379641019081,150.8164884797473,152.76301084272214,66675400
2022-07-25,150.3642578125,152.4189211302385,149.7055864857965,151.40633528462277,53623900
2022-07-26,149.03704833984375,150.50184872009447,148.25057018221466,149.68587894412633,55138700
2022-07-27,154.13934326171875,154.67022256546406,149.5876270137746,150.0005248051165,78620700
2022-07-28,154.68988037109375,154.97497109241723,151.79958098557822,154.32612531182656,81378700
2022-07-29,159.76266479492188,160.8637407183258,156.80355606508954,158.51414571337114,101786900
2022-08-01,158.77957153320312,160.82440969031893,158.17005780397355,158.28802433199732,67829400
2022-08-02,157.304931640625,159.66436723257505,156.9313659642097,157.39342153843546,59907000
2022-08-03,163.3214569091797,163.77367187577843,158.0324049028353,158.12087978749662,82507500
2022-08-04,163.00686645507812,164.3635414140804,161.65019149607585,163.20348231849744,55474100
2022-08-05,162.78045654296875,163.27268651132164,160.46696968304354,160.673712879285,56697000
2022-08-08,162.3079071044922,165.20222176015508,161.64832074077538,163.78459702908208,60276900
2022-08-09,162.3571014404297,163.24312423537512,160.71305544763848,161.47109366714804,63135500
2022-08-10,166.61000061035156,166.70843758837208,164.30635300401312,165.07423053223724,70170500
2022-08-11,165.8716583251953,168.3328081399825,165.5763173430876,167.41725259761515,57149200
2022-08-12,169.42555236816406,169.4944567489093,166.76749865896252,167.18098503009688,68039400
2022-08-15,170.49859619140625,170.6954851482581,168.68719375370597,168.85455011811328,54091700
2022-08-16,170.34107971191406,171.01052019393777,168.99237457923107,170.09496475942944,56377100
2022-08-17,171.83746337890625,173.41259006684885,169.8882371550574,170.08512611334214,79542000
2022-08-18,171.4436492919922,172.18199406072887,170.42965701132684,171.04987142399773,62290100
2022-08-19,168.85458374023438,171.04008614629294,168.64784053029155,170.34111293537597,70346300
2022-08-22,164.96597290039062,167.22037973855075,164.54264728016773,167.05302333761028,69026800
2022-08-23,164.63121032714844,166.0882216660332,164.06022183299058,164.4835473638596,54147100
2022-08-24,164.9265594482422,165.4975479706951,163.6664520268514,164.7198312893935,53841500
2022-08-25,167.3876953125,167.49598648924476,165.7338100913049,166.15712058661168,51218200
2022-08-26,161.0773468017578,168.39189270404452,161.01828160287462,167.91935609131087,78961000
2022-08-29,158.87213134765625,160.36849946589015,157.33637642429446,158.64569477233294,73314000
2022-08-30,156.44053649902344,160.03380935929164,155.26902673828752,159.6104987851323,77906200
2022-08-31,154.77679443359375,158.0845804641707,154.69803583504827,157.81877207178803,87991100
2022-09-01,155.5052947998047,155.95813794862076,152.2664132669702,154.20580050146393,74229900
2022-09-02,153.38864135742188,157.8679353514982,152.56169893374462,157.2674144201386,76957800
2022-09-06,152.12855529785156,154.64876971078968,151.301612760168,154.0384095074989,73714800
2022-09-07,153.536376953125,154.2353350897476,151.22289011406963,152.41409323627113,87449600
2022-09-08,152.05966186523438,153.93012940950055,150.30730966413597,152.23685741248187,84923800
2022-09-09,154.9244384765625,155.36745741692656,152.34515853161906,153.05397081020374,68028800
2022-09-12,160.89027404785156,161.7073775664421,156.82446488060694,157.10995164172124,104956000
2022-09-13,151.44927978515625,158.04515690767866,150.9865825148229,157.41510328747248,122656600
2022-09-14,152.89646911621094,154.65866080063967,151.22289024182777,152.38454574724284,87965400
2022-09-15,150.00213623046875,152.82754609590185,149.02753063381346,152.24670339235885,90481100
2022-09-16,148.35809326171875,148.99800116372188,146.06430005699622,148.86017738849526,162278800
2022-09-19,152.079345703125,152.15810428972742,146.78296219367604,146.989690339551,81474200
2022-09-20,154.46173095703125,155.62340128977206,150.70110246996018,151.01612178316293,107689800
2022-09-21,151.33119201660156,156.2731854100913,151.21306162383578,154.8949324005984,101696800
2022-09-22,150.36642456054688,152.06953614035308,148.56486097289033,150.0120183626199,86652500
2022-09-23,148.09228515625,149.11613179254852,146.25135007934554,148.84048424162157,96029900
2022-09-26,148.42701721191406,151.38039679019585,147.31457276382835,147.3342661670832,93339400
2022-09-27,149.40162658691406,152.315634453065,147.619756600354,150.3664080888261,84442700
2022-09-28,147.51145935058594,148.29903022974963,142.58916013289422,145.34565069913458,146691400
2022-09-29,140.26583862304688,144.4399538960587,138.49380784574632,143.8295935811918,128138200
2022-09-30,136.05233764648438,140.87619954797051,135.85544869618502,139.0844755504192,124925300
2022-10-03,140.23631286621094,140.84668823250414,135.55028904590418,136.06221241134372,114311700
2022-10-04,143.82958984375,143.9477202186119,142.01817230643195,142.77621059568105,87830100
2022-10-05,144.1249237060547,145.0897052260287,140.7876052377075,141.83114535247526,79471000
2022-10-06,143.16998291015625,145.24719370943012,142.96325476225735,143.54408244476417,68402200
2022-10-07,137.91299438476562,140.87622852536393,137.282940601211,140.32491832079495,85925600
2022-10-10,138.2378387451172,139.6849958050268,136.41659718830158,138.2378387451172,74899000
2022-10-11,136.82025146484375,139.15343196264072,136.0720672460081,137.72595289448736,77033700
2022-10-12,136.19020080566406,138.17881432870348,136.0130052056416,136.96793266354493,70433700
2022-10-13,140.76791381835938,141.35858069211028,132.2818600306571,132.8922353283637,113224000
2022-10-14,136.22955322265625,142.27413585110418,136.04250345541635,142.0673926816115,88598000
2022-10-17,140.19692993164062,140.67930564113678,138.09018646721276,138.87775734642221,85250900
2022-10-18,141.51608276367188,144.42023589257636,138.4248798871267,143.22904806022734,99136600
2022-10-19,141.62437438964844,142.69743186765362,139.30104887468818,139.488098622933,61758300
2022-10-20,141.16171264648438,143.62286253921314,140.4332068704366,140.7974672692939,64522000
2022-10-21,144.9813995361328,145.5523880250328,140.43318502707822,140.6497673856839,86548600
2022-10-24,147.12754821777344,147.89542583807577,143.7311641246412,144.9026739617267,75981900
2022-10-25,149.97264099121094,150.12031901228244,147.0389542369439,147.75760587015327,74732300
2022-10-26,147.02906799316406,149.62804110263616,145.73941311718505,148.61404877344168,88194300
2022-10-27,142.5498046875,146.73375950209572,141.89021831932845,145.76899295091448,109180200
2022-10-28,153.31979370117188,155.05243775655637,145.52287291944214,145.89695747516933,164762400
2022-10-31,150.95709228515625,151.84311529516543,149.55916089247586,150.77989669615485,97943200
2022-11-01,148.3088836669922,153.03429437423398,146.8125153766711,152.6700490040681,80379300
2022-11-02,142.7761993408203,149.80524150264998,142.74666674943285,146.63527983930877,93604600
2022-11-03,136.72178649902344,140.58086724418428,136.59380191372105,139.8523615595117,97918500
2022-11-04,136.45553588867188,140.68586767189302,132.51116441667403,140.11393200286335,140814800
2022-11-07,136.988037109375,137.21483428526327,133.78323487446542,135.2032111952328,83374600
2022-11-08,137.55999755859375,139.4631501590853,135.57795569871462,138.45734595671615,89908500
2022-11-09,132.99435424804688,136.6231842073022,132.71824941976038,136.57387654941147,74917800
2022-11-10,144.82748413085938,144.82748413085938,137.55998303216782,139.2757903878347,118854000
2022-11-11,147.61810302734375,147.9237894166263,142.3622261036816,143.79207283535823,93979700
2022-11-14,146.2178497314453,148.19003547375948,145.37966477232854,146.898256219997,73374100
2022-11-15,147.95339965820312,151.45403311466376,146.49398610736782,150.10309040489915,89868300
2022-11-16,146.7207794189453,147.78576172673738,145.241639832554,147.05606249393267,64218300
2022-11-17,148.62393188476562,149.3733571163338,144.11747984279026,144.39358466739876,80389400
2022-11-18,149.18600463867188,150.5763993918672,147.88436969164823,150.19182372040734,74829600
2022-11-21,145.95159912109375,148.27877887780713,145.66563881154514,148.07170780282644,58724100
2022-11-22,148.09146118164062,148.32812895303292,144.88665846281648,146.06998227319062,51804100
2022-11-23,148.9690704345703,149.71849566611712,147.26311878314957,147.3715896104273,58301400
2022-11-25,146.0502471923828,146.80954307968733,145.07400962299127,146.24746279975653,35195900
2022-11-28,142.21432495117188,144.6006680593858,141.38601049309779,143.12152865000314,69246000
2022-11-29,139.2067413330078,142.79611910491008,138.39815293017466,142.28334655275705,83763800
2022-11-30,145.97134399414062,146.65175056417294,138.59537264763534,139.43354266054223,111380900
2022-12-01,146.2474365234375,147.05603992895004,144.57108159207246,146.14883626075934,71250400
2022-12-02,145.75440979003906,145.94176987503505,143.62444521311474,143.93014669455255,65447400
2022-12-05,144.59080505371094,148.82113692482218,143.74276456774905,145.71495034472244,68826400
2022-12-06,140.9225616455078,145.2515095410952,139.94632410744387,145.02471235222268,64727200
2022-12-07,138.97994995117188,141.37614872094412,138.05302012289312,140.21256620226913,69721100
2022-12-08,140.66615295410156,141.5240640501762,139.13772092261513,140.38019261979954,62128300
2022-12-09,140.18296813964844,143.54554848860332,138.94048147476286,140.36045763658447,76097000
2022-12-12,142.48057556152344,142.4904310742392,139.09826892356506,140.71546075742316,70462700
2022-12-13,143.44696044921875,147.8843792751259,142.2340701831816,147.4209143273598,93886200
2022-12-14,141.21836853027344,144.62038597056736,139.19687510886934,143.3286067000526,82291200
2022-12-15,134.60169982910156,139.8279959453362,134.13823489702543,139.14758934094417,98931900
2022-12-16,132.6393280029297,135.73565858044236,131.87017687547362,134.7890179835338,160156900
2022-12-19,130.5291290283203,133.31977409731115,129.49374338835526,133.23102933615738,79592600
2022-12-20,130.46009826660156,131.39688354522443,128.0836106828586,129.56275008486864,77432800
2022-12-21,133.5662841796875,134.9073711645486,130.90383628158227,131.13063344213398,85928000
2022-12-22,130.3910675048828,132.68866590052642,128.48791532003168,132.48159480562174,77852100
2022-12-23,130.02621459960938,130.57842423400893,127.83708708710822,129.09928483618836,63814900
2022-12-27,128.2216796875,129.58249292838534,126.92990018333715,129.55291134024313,69007800
2022-12-28,124.28714752197266,129.2077488876003,124.11951353793032,127.86666196867824,85438400
2022-12-29,127.80748748779297,128.66538340269742,125.95363574555239,126.2100144549332,75703700
2022-12-30,128.12306213378906,128.14278820773606,125.6578370442106,126.62421153870504,77034200
2023-01-03,123.33065032958984,129.07956676089162,122.44316513126005,128.4681939201586,112117500
2023-01-04,124.60272216796875,126.87073926087292,123.34052422952556,125.12535029654666,89113600
2023-01-05,123.2813491821289,125.99310505602139,123.02497040718632,125.36200610905166,80962700
2023-01-06,127.81735229492188,128.47803270861587,123.15313725839339,124.25756397513359,87754700
2023-01-09,128.33999633789062,131.55466910779157,128.08361757784448,128.6555533163335,70790800
2023-01-10,128.9119415283203,129.4345696464241,126.33823803970584,128.44847658636624,63896200
2023-01-11,131.633544921875,131.6532559460779,128.64568467754964,129.4246914378982,69458900
2023-01-12,131.55467224121094,132.39284227281698,129.6120678053339,132.01813716022232,71379600
2023-01-13,132.8858642578125,133.04364272167805,129.82898551497536,130.1938350469048,57809700
2023-01-17,134.04949951171875,135.38071617959397,132.26467339365607,132.95493555995287,63646600
2023-01-18,133.32965087890625,136.682361304903,133.15214630173037,134.91726132660978,69672800
2023-01-19,133.3887939453125,134.35516079708475,131.90965456039046,132.21534095915428,58280400
2023-01-20,135.95260620117188,136.10052914550886,132.35337358769686,133.3986295227189,80223600
2023-01-23,139.1475830078125,141.32685514540398,135.9822178760608,136.19915953850284,81760300
2023-01-24,140.54783630371094,141.1690797184196,138.34885309206118,138.35870860544603,66435100
2023-01-25,139.88714599609375,140.44921115138996,136.87955949987148,138.93063463423644,65799300
2023-01-26,141.95794677734375,142.24390711048304,139.9265826744515,141.17892492583348,54105100
2023-01-27,143.90052795410156,145.18245171809102,141.09017225065355,141.16906148730033,70555800
2023-01-30,141.0113067626953,143.52584706043817,140.863398823187,142.9440557695909,64015300
2023-01-31,142.2833709716797,142.33267863745013,140.3013291990389,140.71548650765396,65874500
2023-02-01,143.40748596191406,144.57108343034756,139.35465851027638,141.96779872652098,77663600
2023-02-02,148.72254943847656,149.07752846410273,146.10939403157928,146.82923768896234,118339000
2023-02-03,152.35134887695312,155.1913011660709,145.77411121969988,145.97132678498124,154357300
2023-02-06,149.61988830566406,150.97084596204795,148.68310295478358,150.4482178700856,69858300
2023-02-07,152.499267578125,153.07120329051187,148.54504029445562,148.54504029445562,83322600
2023-02-08,149.80722045898438,152.4302309897519,149.06765083879986,151.7399690202295,64120100
2023-02-09,148.77183532714844,152.1837234806971,148.32809651858278,151.64136936063508,56007100
2023-02-10,149.13723754882812,149.46314684794623,147.36944294161282,147.60647199630503,57450700
2023-02-13,151.94207763671875,152.34698168180233,149.04840538836572,149.07803214606548,62199000
2023-02-14,151.3000946044922,151.8630330104811,148.98911761787627,150.23348636384839,61707600
2023-02-15,153.4036865234375,153.57157647071767,150.98407305919312,151.21121650909475,65573800
2023-02-16,151.8037872314453,154.39129073768956,151.44825113314346,151.6062554560653,68167900
2023-02-17,150.65817260742188,151.10258897284194,148.97925796607987,150.46065589718617,59144100
2023-02-21,146.63864135742188,149.4236767462983,146.56951728902385,148.33731221810694,58867200
2023-02-22,147.06329345703125,148.09038924690807,145.33499611487431,147.0237810788301,51011300
2023-02-23,147.54721069335938,148.47555569965527,145.4140093743504,148.22865607328114,48394200
2023-02-24,144.8905792236328,145.36462227322275,143.91285130614398,145.28561258669828,55469600
2023-02-27,146.08554077148438,147.32003866375578,145.62136835842597,145.87815356453322,44998500
2023-02-28,145.58189392089844,147.23118155565606,145.00908500057525,145.22635786930326,50547000
2023-03-01,143.50794982910156,145.40413732845008,143.2116672358624,145.0091039171703,55479000
2023-03-02,144.10049438476562,144.89057616376812,142.1154118429578,142.5894699520932,52238100
2023-03-03,149.15699768066406,149.23600736765022,145.50288630750634,146.20407279147852,70732300
2023-03-06,151.9222869873047,154.36165661510182,151.55688034550414,151.88277460629178,87558000
2023-03-07,149.7199249267578,152.11978182875635,149.25575246867027,151.79387254523385,56182000
2023-03-08,150.9741668701172,151.5667319547554,149.94707113557456,150.9149133755646,47204800
2023-03-09,148.72247314453125,152.62348469471294,148.36693703717327,151.65564226284476,53833600
2023-03-10,146.6583709716797,149.0681136196498,145.7794089470896,148.34717096498875,68572400
2023-03-13,148.60397338867188,151.24086003469367,145.86832084762136,145.97695730432906,84457100
2023-03-14,150.69764709472656,151.49759944522177,148.23853654610156,149.4038955086608,73695900
2023-03-15,151.09271240234375,151.34948260848185,148.06077752387876,149.31503194180715,77167900
2023-03-16,153.91722106933594,154.5196567133458,149.75942505583248,150.27298045799404,76161100
2023-03-17,153.07778930664062,154.79621636647911,152.36671707978053,154.1443976469308,98944600
2023-03-20,155.447998046875,155.8628026785515,152.23830291826783,153.14690680049927,73641400
2023-03-21,157.3046875,157.4231944974596,154.59866219140062,155.36900288355957,73938300
2023-03-22,155.87269592285156,160.12924367096628,155.8529397304782,157.32446713632558,75701800
2023-03-23,156.95904541015625,159.54656410725272,155.72454710395584,156.86029458739586,67622100
2023-03-24,158.2626495361328,158.35152977877317,155.89241931505222,156.88988831142535,59196500
2023-03-27,156.31707763671875,158.7762031421057,155.91215866543004,157.95649464031004,52390300
2023-03-28,155.6949005126953,156.52449472162644,154.04561279409856,156.01093927220384,45992200
2023-03-29,158.77622985839844,159.05275625859912,157.37384166607825,157.39358278783644,51305700
2023-03-30,160.34652709960938,160.45516356045198,159.27004812279844,159.5268183622626,49501700
2023-03-31,162.85501098632812,162.95377687892702,159.90210067407045,160.42552675181378,68749800
2023-04-03,164.1092529296875,164.22775993608965,162.18343872786127,162.23282167038158,56976200
2023-04-04,163.57598876953125,164.770974839882,163.06243319068332,164.53396078007623,46278300
2023-04-05,161.7291259765625,163.0031364887197,159.7934413430479,162.6969833628771,51511700
2023-04-06,162.61798095703125,162.9142635361202,159.9909651957649,160.41562533913125,45390100
2023-04-10,160.02059936523438,160.02059936523438,158.09478511621296,159.41816361866267,47716900
2023-04-11,158.80587768554688,160.34652928242556,158.51946561689908,160.33665872023656,47644200
2023-04-12,158.11456298828125,160.0502480636464,157.79852416071756,159.22066874563276,50133100
2023-04-13,163.5068359375,163.74386504702863,159.4181779828813,159.62558033741385,68445600
2023-04-14,163.1611785888672,164.2574136863755,161.7884170766324,162.5488571823505,49386500
2023-04-17,163.18089294433594,163.33891231813308,161.99577777997115,163.04262975965267,41516200
2023-04-18,164.40554809570312,165.33389323571308,163.59570997116356,164.04014141829643,49923000
2023-04-19,165.5511474609375,166.0745734796078,163.4870550672227,163.74384033117565,47720200
2023-04-20,164.58328247070312,165.78815383509277,163.50680373238094,164.03022972696172,52456400
2023-04-21,162.97352600097656,164.38578477260316,162.45009994594136,163.00315275355902,58337300
2023-04-24,163.2796630859375,163.5463189024918,161.85751882372426,162.95375377005053,41949600
2023-04-25,161.73899841308594,164.24749178401862,161.69948603710247,163.1413863693782,48714100
2023-04-26,161.7291259765625,163.23027992570658,160.78103984940847,161.03781003602157,45498800
2023-04-27,166.3214874267578,166.46962119212645,163.14141866066578,163.14141866066578,64902300
2023-04-28,167.57569885253906,167.7436038513408,165.79803368662212,166.40046934782268,55275900
2023-05-01,167.48683166503906,168.33616700655767,166.548616072207,167.18067853080987,52472900
2023-05-02,166.44984436035156,168.237410301642,165.46224586153255,167.98062504743248,48425700
2023-05-03,165.3733673095703,168.80033534118735,165.08697037258037,167.3979472668269,65136000
2023-05-04,163.73397827148438,164.96847661956093,162.2723364468385,162.84514548869322,81235400
2023-05-05,171.41748046875,172.13842316096267,168.64231599957478,168.85958887715515,113453200
2023-05-08,171.3483428955078,171.6940084046762,169.97558155808977,170.34098818753938,55962800
2023-05-09,169.6398162841797,171.38785496168964,169.47192632998963,170.9039412906591,45326900
2023-05-10,171.4075927734375,171.87176527271458,169.76817565129102,170.87429621552187,53724500
2023-05-11,171.5952911376953,172.42487051124894,170.03488322864254,171.6940570453115,49514700
2023-05-12,170.66561889648438,172.13916641173466,169.11293731632776,171.70401959715826,45533100
2023-05-15,170.171142578125,171.29856159606754,169.57775779377548,171.24911034897144,37266700
2023-05-16,170.171142578125,171.2293268320526,169.90411791612752,170.0920236008516,42110300
2023-05-17,170.7843017578125,171.02164360752573,168.53934785672587,169.81512066054435,57951600
2023-05-18,173.11827087402344,173.30617657836305,170.6755268984154,171.0908902546592,65496700
2023-05-19,173.22703552246094,174.44345770293714,173.00946211256743,174.44345770293714,55809500
2023-05-22,172.27761840820312,172.781999977239,171.5358950094103,172.0600450039918,43570900
2023-05-23,169.66676330566406,171.46668610985583,169.3898544266195,171.2194449613945,50747300
2023-05-24,169.9436798095703,170.51728111058472,168.63825433413288,169.2019563309073,45143500
2023-05-25,171.0810089111328,171.98095531956056,169.79535178285977,170.50740757419857,56058300
2023-05-26,173.49404907226562,173.83030849826073,171.19965909306288,171.40734829469508,54835000
2023-05-30,175.3434295654297,177.01478218217846,174.62148962052487,175.00718521743593,55964400
2023-05-31,175.29396057128906,177.3707920923561,174.80936252559982,175.37307954346696,99625300
2023-06-01,178.10264587402344,178.1323136072369,174.97751385870967,175.73902088879638,68901800
2023-06-02,178.95315551757812,179.77399801140302,177.28180279681203,179.03227450268932,61996900
2023-06-05,177.59825134277344,182.908986017055,176.0752375225132,180.61459616435278,121946500
2023-06-06,177.2323455810547,178.13229186267904,175.47197477965813,177.9839532147194,64848400
2023-06-07,175.85768127441406,179.21027045240393,175.36319900574063,176.47083445864072,61944600
2023-06-08,178.57733154296875,178.84434109966037,175.50165126625262,175.93678298136524,50214900
2023-06-09,178.96304321289062,180.21901740774703,178.63668307937917,179.4970774647442,48900000
2023-06-12,181.76177978515625,181.8606822718443,178.9729077272824,179.26960009694577,54274900
2023-06-13,181.28709411621094,182.11782073883157,180.4266997635254,180.78272761470595,54929100
2023-06-14,181.92002868652344,182.35517550952275,180.01133431975106,181.34642742806082,57462900
2023-06-15,183.95730590820312,184.46168752877136,181.75191900244837,181.9299404833556,65433200
2023-06-16,182.87933349609375,184.92649747799743,182.2365125370702,184.66935702206612,101256200
2023-06-20,182.96832275390625,184.0463055632048,182.37495308855412,182.37495308855412,49799100
2023-06-21,181.92991638183594,183.36391189129432,180.575024752965,182.85953033754498,49515700
2023-06-22,184.93637084960938,184.98582209518955,181.64311708726814,181.7123518491607,51245300
2023-06-23,184.61988830566406,185.49018190726844,182.96831937745645,183.50236866585945,53117000
2023-06-26,183.22547912597656,185.97479955864205,183.18591209060443,184.76826151663462,48088700
2023-06-27,185.98468017578125,186.31104030447904,183.62105538648717,183.83862880561904,50730800
2023-06-28,187.16156005859375,187.80438104509085,185.52977442185306,185.8561194768788,51216800
2023-06-29,187.49778747558594,187.9725013298976,186.85496654717443,186.9934209820816,46347300
2023-06-30,191.82948303222656,192.33384959396255,189.14938206989527,189.5153092683974,85213200
2023-07-03,190.33612060546875,191.7404484310712,189.6438333602496,191.64154594163958,31458200
2023-07-05,189.21859741210938,190.8503829545932,188.51642591121868,189.45595434700246,46920300
2023-07-06,189.6932830810547,189.90097227103217,187.11208506779732,187.74502176003202,45094300
2023-07-07,188.5757598876953,190.54380484505052,188.14062814608695,189.29771490007704,46815000
2023-07-10,186.52862548828125,187.89340155065938,184.9759437256739,187.17144648236777,59922200
2023-07-11,186.00448608398438,187.21102424790124,184.54082252577857,187.07256979091423,46638100
2023-07-12,187.6758270263672,189.5845215693785,186.39016995526782,187.5868087386057,60750200
2023-07-13,188.43731689453125,189.08015296828228,187.68570919657313,188.39776494849258,41342300
2023-07-14,188.58566284179688,189.07024584013215,187.53736277551775,188.13073248396137,41616200
2023-07-17,191.8492431640625,192.17560328436687,189.69329254549467,189.7822957354681,50520200
2023-07-18,191.5921173095703,192.185502135392,190.296576033276,191.21632100425936,48288200
2023-07-19,192.94700622558594,196.0424552700726,190.52403079875788,190.96907695660155,80507300
2023-07-20,190.99871826171875,194.30185606220206,190.37566579926568,192.9370802265051,59581200
2023-07-21,189.82188415527344,192.8184459451999,189.11971258876892,191.95805149771712,71951700
2023-07-24,190.6229248046875,192.759091941705,190.1284425094743,191.27564505606543,45377800
2023-07-25,191.4833221435547,192.29428036369316,190.79104993758423,191.19652904765346,37283200
2023-07-26,192.35362243652344,193.4810415222525,191.18665140498055,191.53277997466063,47471900
2023-07-27,191.0877685546875,195.02384400043766,190.42516398874895,193.85687284889337,47460200
2023-07-28,193.6689453125,194.4601200346163,191.99759267326004,192.5217427199515,48291400
2023-07-31,194.28207397460938,194.32164100543085,193.10520379928346,193.89637842130432,38824100
2023-08-01,193.4513702392578,194.55900578654655,193.12501010327395,194.074422779809,35175100
2023-08-02,190.45480346679688,193.026102358892,189.73286353794578,192.88764791924382,50389300
2023-08-03,189.06033325195312,190.24708758113138,188.58563453836183,189.45592808861255,61235200
2023-08-04,179.981689453125,185.31220853119976,179.91245468139763,183.47273360328953,115956800
2023-08-07,176.87631225585938,181.10907923772604,175.3928654606145,180.12011470756278,97576100
2023-08-08,177.8158416748047,178.2806562533865,175.6203390114105,177.7070549630004,67823000
2023-08-09,176.22361755371094,178.93337110075507,175.05663139218126,178.87403563482027,60378500
2023-08-10,176.00601196289062,178.75533204520585,175.64009992954092,177.4993429142372,54686900
2023-08-11,176.06544494628906,176.88739582771854,174.83748251539495,175.60001780962375,52036700
2023-08-14,177.71926879882812,177.94703359876078,175.59011444303226,176.24371615843643,43675600
2023-08-15,175.72874450683594,177.73905244130324,175.3326305229056,177.1448814654077,43622600
2023-08-16,174.8572998046875,176.80817714322055,174.78797154296882,175.41186545531423,46964900
2023-08-17,172.3122100830078,175.78815784652573,171.79724982185638,175.42175166053434,66062900
2023-08-18,172.79747009277344,173.40155375891743,170.29201204567954,170.62871045348956,61172200
2023-08-21,174.13436889648438,174.42156439236868,172.05474771785234,173.37184868637627,46311900
2023-08-22,175.51087951660156,175.95651153189084,174.54038966607246,175.34253031574917,42038900
2023-08-23,179.36314392089844,179.78898080878903,176.60021337314086,176.78837280424742,52722800
2023-08-24,174.66912841796875,179.3433458832632,174.30270712253693,178.91750900229638,54945800
2023-08-25,176.87750244140625,177.41225784961358,174.1145717959043,175.6594375427037,51449600
2023-08-28,178.4421844482422,178.83829845949455,176.81809282485807,178.34314839003864,43820700
2023-08-29,182.33404541015625,183.10647826164347,177.7588638881504,177.95692088146865,53003900
2023-08-30,185.8297882080078,186.0278602958339,182.94802670379437,183.14608368084174,60813900
2023-08-31,186.0476531982422,187.28552817850573,185.6614368088311,186.01794540757814,60794500
2023-09-01,187.6222381591797,188.07776768138748,186.45367634199346,187.65194594928982,45766500
2023-09-05,187.85992431640625,188.1372071331358,185.7902007519677,186.453699999912,45280000
2023-09-06,181.1358184814453,187.01820425840646,179.7097837342084,186.5725570668082,81755800
2023-09-07,175.83767700195312,176.4813811102254,171.8566665123906,173.48075801343515,112488800
2023-09-08,176.45162963867188,178.4916601339316,176.06541328054925,176.61999391983318,65551300
2023-09-11,177.6201934814453,178.55107781991234,175.6197834207467,178.3233130703228,58953100
2023-09-12,174.58990478515625,178.38275585399316,173.12426491742679,177.7489644157226,90370200
2023-09-13,172.5201873779297,175.58021106580875,172.29240747476095,174.7978655233742,84267900
2023-09-14,174.03533935546875,174.39184798430878,171.89628758242847,172.31221179761187,60895800
2023-09-15,173.31239318847656,174.78794559113751,172.1339489112559,174.76813536061914,109259500
2023-09-18,176.2436981201172,177.64002479353724,174.46115503817452,174.76814563074643,67257600
2023-09-19,177.33302307128906,177.88758863735939,175.41183870970377,175.79805509398693,51826900
2023-09-20,173.7877655029297,177.95692035427507,173.69862701203755,177.52118590379774,58436200
2023-09-21,172.2428741455078,174.5898954535224,172.17356100214752,172.856870429388,63149100
2023-09-22,173.09454345703125,175.36233909077248,172.36173107244514,172.97571228348323,56725400
2023-09-25,174.37203979492188,175.2534062611611,172.46075278406465,172.51027081019092,46172700
2023-09-26,170.2919921875,173.50055447022797,169.99489916963813,173.1242507509963,64588900
2023-09-27,168.77685546875,171.36153958960574,167.41025147102962,170.9456153197968,66921800
2023-09-28,169.03431701660156,170.36131544966938,165.99408862675534,167.69740591218968,56294400
2023-09-29,169.54928588867188,171.39124466953126,168.68771453081845,170.35142654777866,51861100
2023-10-02,172.06463623046875,172.6093042881744,169.2719827950215,169.55917827580257,52164500
2023-10-03,170.7277069091797,171.94578673866616,169.16304627124387,170.58906551933305,49594600
2023-10-04,171.9755096435547,172.5201776911012,169.31160010164683,169.43043127173715,53020300
2023-10-05,173.21340942382812,173.7481648763392,171.00502912591972,172.10426293848624,48527900
2023-10-06,175.76837158203125,176.26352163595584,171.5001654241457,172.1141617663429,57266700
2023-10-09,177.25379943847656,177.31321501974588,174.09474007424367,175.09493761742715,42390800
2023-10-10,176.65963745117188,177.97673842144718,176.2239029815132,176.37245706568626,43698000
2023-10-11,178.0559539794922,178.10547200469523,175.87729686757618,176.4714678376734,47551100
2023-10-12,178.95712280273438,180.57130155585352,177.30330847610173,178.3233313959954,56743100
2023-10-13,177.1151885986328,180.16529977566205,176.41206884050376,179.6602521369707,51427100
2023-10-16,176.98643493652344,177.3429435766639,174.79786506856496,175.03554253225204,52517000
2023-10-17,175.43165588378906,176.6893412361662,173.1044597256959,174.93650583601004,57549400
2023-10-18,174.13436889648438,175.85749653944856,173.4114540423014,173.87689630601963,54764400
2023-10-19,173.75807189941406,176.11497599372035,173.49068662646167,174.33243269200634,59302900
2023-10-20,171.20309448242188,173.7184502104905,170.96541700693638,173.60951658974062,64244000
2023-10-23,171.32188415527344,172.32208162288967,168.2816561832755,169.25216097327896,55980100
2023-10-24,171.7576446533203,171.98540943587548,169.78694209599936,171.3714282347356,43816600
2023-10-25,169.44033813476562,171.38131769667615,168.99469104064445,170.21277093543313,57157000
2023-10-26,165.2711944580078,169.71764765287952,164.06302704400315,168.71743481214864,70625300
2023-10-27,166.58828735351562,167.321114882013,165.2117707914918,165.29099661436564,58499100
2023-10-30,168.63818359375,169.5096524459554,167.23195938000526,167.38051344932887,51131000
2023-10-31,169.11355590820312,169.24228464861295,166.27138428536674,167.70733154956028,44846000
2023-11-01,172.28250122070312,172.53997379429074,168.46983997695696,169.34130885799144,56934900
2023-11-02,175.84759521484375,176.05554977286621,173.75806140886317,173.8174769968696,77334800
2023-11-03,174.93649291992188,175.10485722122255,171.66851493448934,172.5498813500308,79829200
2023-11-06,177.49147033691406,177.6895273209714,174.50077512285628,174.66912431484397,63841300
2023-11-07,180.05636596679688,180.67034717470034,177.23400472320088,177.44195927584823,70530000
2023-11-08,181.11595153808594,181.67051707486866,179.82855862153886,180.58119623069618,49340300
2023-11-09,180.64065551757812,182.33406032637882,180.0464693782347,181.18532362684607,53763500
2023-11-10,184.8351287841797,185.00371491529177,181.98922784820692,182.425536381392,66133400
2023-11-13,183.24856567382812,184.46823531200093,182.66352248721634,184.26000678217753,43627500
2023-11-14,185.8664093017578,186.53078271340215,184.7359804157126,186.1242211071054,60108400
2023-11-15,186.43162536621094,187.9091220632552,186.20356048367708,186.2729800870119,53790500
2023-11-16,188.11732482910156,189.356830641734,187.06621119021287,187.9785007833142,54412900
2023-11-17,188.09751892089844,188.78172866103995,186.98692637498098,188.65281519385715,50922700
2023-11-20,189.8427276611328,190.29887250675844,188.2859160609316,188.2958266614519,46505100
2023-11-21,189.03952026367188,189.91213724546566,188.14708208188244,189.80306012274144,38134500
2023-11-22,189.7039031982422,191.31029805901488,189.22793715258507,189.88239992204348,39617700
2023-11-24,188.3751678466797,189.29735306155973,187.66121116968733,189.26760612757576,24048300
2023-11-27,188.1966552734375,189.0692722786972,187.31412766791345,188.3255687303111,40552600
2023-11-28,188.80152893066406,189.47582799498892,187.8099242301234,188.1867388581487,38415400
2023-11-29,187.7801971435547,190.47736342450784,187.38356127369806,189.2973512852548,43014200
2023-11-30,188.35533142089844,188.7222354910008,186.61011239504938,188.24625428611483,48794400
2023-12-01,189.63450622558594,189.95181189166442,187.64137090627887,188.73214223180454,45704800
2023-12-04,187.83966064453125,188.45446581331387,185.87628768397204,188.38504622543272,43389500
2023-12-05,191.79617309570312,192.76794143388682,188.58336852388663,188.61313058416235,66628400
2023-12-06,190.7054443359375,193.12494736273675,190.4972006683192,192.81755229252437,41089700
2023-12-07,192.6390380859375,193.3629052381858,191.96473906125271,192.0044117201268,47477700
2023-12-08,194.06695556640625,194.3446036620394,192.04407357743747,192.56962283922067,53406400
2023-12-11,191.55819702148438,191.8656072016425,189.81297812056516,191.48879255742054,60943700
2023-12-12,193.0753631591797,193.08527375940776,190.11045957675134,191.45904261144975,52696900
2023-12-13,196.29806518554688,196.33772271445184,193.21417408717826,193.45214952198077,70404200
2023-12-14,196.4468231201172,197.9441408874326,194.51319682969313,196.35758232148717,66831600
2023-12-15,195.91136169433594,196.73438033852585,195.34613971264017,195.87168903034603,128538400
2023-12-18,194.24546813964844,194.9792611555933,192.75806090539803,194.44378607807738,55751900
2023-12-19,195.28663635253906,195.29654695271066,194.24544836840317,194.51318587990949,40714100
2023-12-20,193.19435119628906,196.0204155959587,193.19435119628906,195.24696511767544,52242800
2023-12-21,193.0456085205078,195.42546903656068,191.87552215973167,194.45370060278358,46482500
2023-12-22,191.9746856689453,193.76948784569112,191.349969834571,193.54140785907617,37149600
2023-12-26,191.4292755126953,192.26221976472212,191.21112128516174,191.98457168071317,28919300
2023-12-27,191.52845764160156,191.8755253676685,189.48575421105227,190.87400998463178,48087700
2023-12-28,191.95484924316406,193.0257841884141,191.5482876644632,192.51014548202977,34049900
2023-12-29,190.9136505126953,192.76794644853246,190.1203637314106,192.27214410156537,42672100
