Price,Close,High,Low,Open,Volume
Ticker,AAPL,AAPL,AAPL,AAPL,AAPL
Date,,,,,
2010-01-04,6.424603462219238,6.439313251466206,6.37567076711224,6.4071918013288425,493729600
2010-01-05,6.435712814331055,6.472037185269431,6.4017897068824965,6.442317391160505,601904800
2010-01-06,6.333343505859375,6.461229308639555,6.326738929835494,6.435712029359036,552160000
2010-01-07,6.321635723114014,6.364264863379803,6.275705096078485,6.356759662485861,477131200
2010-01-08,6.363664627075195,6.364265444013322,6.2760066783192086,6.313230874902059,447610800
2010-01-11,6.307526111602783,6.394283814812503,6.25769238747781,6.388279655083776,462229600
2010-01-12,6.23577880859375,6.297320660021102,6.196752962752996,6.2799081915167845,594459600
2010-01-13,6.3237385749816895,6.332144401838027,6.127107478718295,6.240283528305532,605892000
2010-01-14,6.287113189697266,6.318034217494398,6.2748050606744465,6.307527336740062,432894000
2010-01-15,6.182042121887207,6.352256457862323,6.18024087381016,6.332142521001956,594067600
2010-01-19,6.455525875091553,6.460028995749092,6.221369613076615,6.2540910874193125,730007600
2010-01-20,6.356161117553711,6.470837407246043,6.289215912529167,6.451624489324957,612152800
2010-01-21,6.246285915374756,6.403591739915323,6.2204688225918865,6.366667349187989,608154400
2010-01-22,5.936478137969971,6.229174164262463,5.918766665167428,6.207559986925345,881767600
2010-01-25,6.096184253692627,6.145116553483881,6.009726355450677,6.079373006834796,1065699600
2010-01-26,6.182342052459717,6.415598457416765,6.081474569542195,6.182642260459086,1867110000
2010-01-27,6.240581512451172,6.3216352714437996,5.989913031056739,6.209660487789186,1722568400
2010-01-28,5.982707977294922,6.169133131659286,5.964996507442676,6.152022077789267,1173502400
2010-01-29,5.765665054321289,6.070069261988136,5.711328589216638,6.036446755520669,1245952400
2010-02-01,5.845818996429443,5.883944627003341,5.742850013554315,5.7749714815773885,749876400
2010-02-02,5.879739761352539,5.893549330635148,5.805290174496533,5.881241202303739,698342400
2010-02-03,5.980906963348389,6.010026738813997,5.8365101204670395,5.859025319869741,615328000
2010-02-04,5.765364646911621,5.955091341649576,5.750954659229583,5.905858018692982,757652000
2010-02-05,5.867731094360352,5.883942326910442,5.729338408158305,5.782774632348042,850306800
2010-02-08,5.827505111694336,5.940380931985343,5.823902615146617,5.874636973236708,478270800
2010-02-09,5.889647483825684,5.928973538768982,5.846418323139816,5.896551868660504,632886800
2010-02-10,5.8575239181518555,5.901954299019707,5.831706833123664,5.8806391313211535,370361600
2010-02-11,5.964095115661621,5.996517175895119,5.8257024467678935,5.8503190997127295,550345600
2010-02-12,6.015431880950928,6.053257296478956,5.868933548000937,5.947285850898843,655468800
2010-02-16,6.10609245300293,6.114798085924142,6.049654540203527,6.06226287790162,543737600
2010-02-17,6.080576419830322,6.133411442489012,6.029841651448157,6.129808945268133,436396800
2010-02-18,6.091983318328857,6.120802894301225,6.03164269437247,6.052956667245405,422825200
2010-02-19,6.054156303405762,6.100087327665818,6.037345055528109,6.059860656451437,415469600
2010-02-22,6.016631603240967,6.079073672552898,5.97970721709501,6.074270744768748,390563600
2010-02-23,5.915765285491943,6.043951337237001,5.875238394829668,6.00402446195689,575094800
2010-02-24,6.023838043212891,6.047253472561512,5.939180564440741,5.950888679926919,460566400
2010-02-25,6.064062595367432,6.089879680365529,5.910659922863521,5.925369713266399,665126000
2010-02-26,6.142714023590088,6.159225059048908,6.064061549414467,6.075469050026048,507460800
2010-03-01,6.273905277252197,6.289215086984138,6.167633626019473,6.176639467181527,550093600
2010-03-02,6.269701957702637,6.329141547627947,6.236379265372259,6.3021232242704155,566546400
2010-03-03,6.284111022949219,6.300322258176908,6.242383705888224,6.272403710241767,372052800
2010-03-04,6.325538635253906,6.331843004211796,6.263096564201659,6.282610487978367,366041200
2010-03-05,6.572904109954834,6.595419310014387,6.443217054618399,6.4525235029785435,899620400
2010-03-08,6.576808452606201,6.607128266897949,6.551891582246093,6.604727003018539,429889600
2010-03-09,6.695086479187012,6.754526066805222,6.541083364705562,6.553691701350062,920259200
2010-03-10,6.749722480773926,6.768935794260127,6.700489968212656,6.719402672863855,596218000
2010-03-11,6.76953649520874,6.76953649520874,6.704093139701463,6.721805415914415,405700400
2010-03-12,6.802561283111572,6.83648360221988,6.7770439907265825,6.825676108630584,416323600
2010-03-15,6.719703674316406,6.769536207996319,6.611930985313382,6.765934512915946,493502800
2010-03-16,6.738016128540039,6.753926756170086,6.679777363528419,6.72991091108904,446908000
2010-03-17,6.728108882904053,6.798055354266688,6.702592000360965,6.751524309104,450956800
2010-03-18,6.744016647338867,6.754523523784902,6.6827754337576115,6.727504810836584,342109600
2010-03-19,6.671971797943115,6.76173200885215,6.64135097491963,6.748223046207236,559445600
2010-03-22,6.747020721435547,6.784546321925031,6.60892824314106,6.618534899474179,456419600
2010-03-23,6.855391979217529,6.8680007137634655,6.727505790836102,6.773737015881131,602431200
2010-03-24,6.885715007781982,6.910631876871496,6.82987710818094,6.833780213917094,597780400
2010-03-25,6.804060935974121,6.933748435359457,6.7920526115059054,6.9322469939890325,542284400
2010-03-26,6.931646347045898,6.963166991644838,6.861098653737633,6.873106976417425,640875200
2010-03-29,6.976373195648193,7.020803174251508,6.953258384046451,6.994686282904715,540744400
2010-03-30,7.080242156982422,7.129175651916819,7.032209686707793,7.102757352372924,527310000
2010-03-31,7.054727554321289,7.1030606516648005,7.038517120538815,7.0694381502238794,430659600
2010-04-01,7.0838446617126465,7.166699650975813,6.987180106760603,7.1270738048544615,603145200
2010-04-05,7.159497261047363,7.1600976770977685,7.047822280542541,7.054127049883586,684507600
2010-04-06,7.191019058227539,7.212032819406583,7.114767819305136,7.150791982486073,447017200
2010-04-07,7.222837448120117,7.2624640920867,7.164597913043139,7.191316017212546,628502000
2010-04-08,7.203327178955078,7.251059054832,7.14598864580775,7.218036972088584,572989200
2010-04-09,7.2585649490356445,7.26156783150885,7.218638476173143,7.247758259601239,334182800
2010-04-12,7.2735724449157715,7.296987864555244,7.259162462600155,7.270870172419892,333026400
2010-04-13,7.277774810791016,7.288882906695057,7.23814815965264,7.260664158624475,306210800
2010-04-14,7.375643253326416,7.379245750128945,7.327011149739634,7.363335123396282,404076400
2010-04-15,7.472606182098389,7.475908069017943,7.370237266487585,7.378342481016261,376784800
2010-04-16,7.426976203918457,7.539251594496206,7.341418925349536,7.4620993385619245,750545600
2010-04-19,7.4170708656311035,7.441687124498033,7.257963803101238,7.415870033412051,566924400
2010-04-20,7.342619895935059,7.482513624377203,7.29368719194415,7.461199256132154,738326400
2010-04-21,7.781811237335205,7.812732250278791,7.677040684106241,7.769202505512695,982391200
2010-04-22,7.999460697174072,8.007866522531856,7.691153845173367,7.7523954854421575,793424800
2010-04-23,8.130349159240723,8.170876048134094,8.015372268783086,8.045091666655404,796955600
2010-04-26,8.090418815612793,8.179277961066294,8.0510919762475,8.161866702153267,479068800
2010-04-27,7.866470813751221,8.040587462168693,7.820840796664969,8.023476005355455,709343600
2010-04-28,7.853260040283203,7.925307540036235,7.697455728840908,7.902793147276534,758402400
2010-04-29,8.064604759216309,8.10543145116114,7.865571229084787,7.895891039990527,558840800
2010-04-30,7.837952613830566,8.122542623329249,7.83525114226157,8.084717211621626,542463600
2010-05-03,7.995857238769531,8.041788663851936,7.891687062532433,7.920507031720931,454342000
2010-05-04,7.765603065490723,7.903996156396691,7.707664921954021,7.891988637275043,723819600
2010-05-05,7.684850215911865,7.749393746748989,7.466903972835605,7.595991034509853,883103200
2010-05-06,7.392453670501709,7.7526944727324425,5.9815076559469755,7.620005735826906,1285860800
2010-05-07,7.080543041229248,7.402058990107624,6.760829141944542,7.316201908399266,1676018400
2010-05-10,7.624807357788086,7.644621084542122,7.460897808212847,7.512532779342341,984306400
2010-05-11,7.7007622718811035,7.80192959125107,7.5200410121008865,7.560267292405668,848906800
2010-05-12,7.867973804473877,7.899194643964884,7.766206068446397,7.782415701931586,654379600
2010-05-13,7.755996227264404,7.955329516623222,7.697156264695831,7.9018932977049365,599712400
2010-05-14,7.619704723358154,7.699558448334178,7.49001807348995,7.659931793847004,759362800
2010-05-17,7.631715774536133,7.690555762133896,7.436284704981098,7.646125763733247,762834800
2010-05-18,7.575878620147705,7.761703029023908,7.5128357194460085,7.714571558768629,782678400
2010-05-19,7.455194473266602,7.592686526107991,7.350424690503312,7.490017798461672,1025726800
2010-05-20,7.137582302093506,7.3204045555247745,7.091050465358694,7.261263983454771,1282915200
2010-05-21,7.274474143981934,7.339917883151994,6.9451527897472465,6.989282162244605,1223891200
2010-05-24,7.407765865325928,7.532049626168712,7.392756260462535,7.423376688072653,754238800
2010-05-25,7.361532688140869,7.4077631197391876,7.119570636613475,7.185314188601005,1048006400
2010-05-26,7.32820987701416,7.568971894086684,7.317402388528755,7.507430453757877,850654000
2010-05-27,7.60559606552124,7.621807299095625,7.478311067653705,7.523040861562477,666282400
2010-05-28,7.711569309234619,7.787220147124922,7.605597854081115,7.78692033983705,815614800
2010-06-01,7.830146789550781,7.9835494837317365,7.774009091050574,7.795923876165506,876472800
2010-06-02,7.923811435699463,7.949327919839273,7.815137714943544,7.941522509827984,688548000
2010-06-03,7.8988938331604,7.971842385130132,7.817538654181004,7.96073428648677,650106800
2010-06-04,7.6839518547058105,7.8622706768479755,7.644025375254819,7.751496680905754,758304400
2010-06-07,7.53324556350708,7.779710265693366,7.521537053243424,7.753893184935369,886942000
2010-06-08,7.484916687011719,7.619106889055522,7.374442521763253,7.602295237080811,1000770400
2010-06-09,7.3008928298950195,7.562069044875102,7.279579259048632,7.549159696864337,854630000
2010-06-10,7.520339012145996,7.534447586371845,7.270871363009236,7.350124675475873,776356000
2010-06-11,7.61039924621582,7.620906125113736,7.426075547426695,7.451892633089798,545759200
2010-06-14,7.633513927459717,7.779711609592133,7.625408712635255,7.683948067572565,602960400
2010-06-15,7.795923233032227,7.800726561058264,7.670138886032611,7.674341798055394,585074000
2010-06-16,8.022876739501953,8.03788633995598,7.824143024112093,7.838252401253267,783678000
2010-06-17,8.161567687988281,8.192488708029906,8.090419601663795,8.12344167667986,872855200
2010-06-18,8.227612495422363,8.255532242343993,8.148059373469323,8.172976238540528,784621600
2010-06-21,8.110535621643066,8.375913135018962,8.06730646241086,8.336286472524746,776490400
2010-06-22,8.221009254455566,8.284651756151225,8.150462368601495,8.17027529776199,717262000
2010-06-23,8.13454818725586,8.245322913254999,8.042386353569901,8.242921249730717,768457200
2010-06-24,8.075411796569824,8.201495965220374,8.048393073324483,8.135450998910912,714277200
2010-06-25,8.006366729736328,8.113539021052391,7.979648608731912,8.107235051548079,549942400
2010-06-28,8.054399490356445,8.097929266967423,7.940923225808239,8.013271378706731,584948000
2010-06-29,7.690255165100098,7.937020619115582,7.634117451201918,7.928914599367784,1133344800
2010-06-30,7.550960540771484,7.744289720581136,7.505330519155688,7.706464306857743,739452000
2010-07-01,7.45939826965332,7.649125733596777,7.301492856403686,7.634115332326106,1022896000
2010-07-02,7.413169860839844,7.5329500899982555,7.3008936319300695,7.519740131650078,693842800
2010-07-06,7.463903903961182,7.589087078693296,7.389753703126661,7.535051222067853,615235600
2010-07-07,7.765305519104004,7.768308402098113,7.497527075492891,7.519740874384979,654556000
2010-07-08,7.74788761138916,7.892284795913547,7.6518234947082515,7.8796760649600515,738144400
2010-07-09,7.793824672698975,7.802229697811556,7.6599342659842655,7.711869064455299,433322400
2010-07-12,7.723875045776367,7.860766690326467,7.650926504212937,7.7611000369806495,562878400
2010-07-13,7.559067726135254,7.697160262426507,7.397859564145983,7.694759398958427,1190924000
2010-07-14,7.586983680725098,7.6791455478485675,7.475008883961259,7.4864175914641615,812047600
2010-07-15,7.548558712005615,7.7142695484676045,7.42397517620144,7.451894124204759,824866000
2010-07-16,7.502026557922363,7.65422841037704,7.457296767252481,7.600492379484642,1039858400
2010-07-19,7.372343063354492,7.501430171007416,7.192823388238156,7.501430171007416,1024478000
2010-07-20,7.561766624450684,7.592087235103089,7.205128297562942,7.291886415416383,1074950800
2010-07-21,7.6323137283325195,7.959833053364771,7.625109537682044,7.95803180529627,1185671200
2010-07-22,7.775812149047852,7.805231740858314,7.664436949391987,7.735585065771758,645318800
2010-07-23,7.803431034088135,7.816640191241044,7.693557268096736,7.717873724770866,533388800
2010-07-26,7.783614158630371,7.808230410144892,7.736482710545302,7.805228330493926,420551600
2010-07-27,7.927714824676514,7.9493290075800935,7.814238560779139,7.831350022718086,584771600
2010-07-28,7.834047794342041,7.985049600902114,7.812734230436859,7.915402953572113,519985200
2010-07-29,7.748488903045654,7.884780089409124,7.688149116433858,7.826541357382159,643806800
2010-07-30,7.7226738929748535,7.79622284749665,7.652126216771636,7.681847209009785,448210000
2010-08-02,7.8607659339904785,7.88298052272356,7.7938215590017235,7.818437811557132,428055600
2010-08-03,7.863167762756348,7.903094222204895,7.78781756280885,7.83554942984369,417653600
2010-08-04,7.894688606262207,7.933714038010413,7.814535084600204,7.890485694801208,420375200
2010-08-05,7.856265068054199,7.90069505762272,7.821741543277519,7.857165291388172,289097200
2010-08-06,7.807933330535889,7.849961658707767,7.734082946947369,7.798626479555028,444897600
2010-08-09,7.857763767242432,7.869772086221156,7.792320032055247,7.849657751120079,303128000
2010-08-10,7.787520408630371,7.818742052825758,7.7316825004432,7.800729565789958,451920000
2010-08-11,7.5107340812683105,7.6758453204449575,7.499326975736543,7.667139686848682,620054400
2010-08-12,7.5587663650512695,7.5980924204122795,7.388551993956016,7.405663453406792,534920400
2010-08-13,7.478006839752197,7.561462217651316,7.477706231088961,7.554557837874112,354869200
2010-08-16,7.4341816902160645,7.505329790694453,7.403560471240525,7.432380442041032,318430000
2010-08-17,7.564167022705078,7.64402073475365,7.481010622370202,7.507428922167148,422640400
2010-08-18,7.597191333770752,7.645223823722821,7.552461533426361,7.575877763069545,339696000
2010-08-19,7.501426696777344,7.609499182570941,7.465402534846145,7.5902858686750605,426706000
2010-08-20,7.4942216873168945,7.622707517214122,7.475008373463955,7.486716887404877,384230000
2010-08-23,7.378944396972656,7.565069371544745,7.362434157395221,7.558765403588008,414041600
2010-08-24,7.202723503112793,7.2948845239084825,7.164297693045284,7.284978865516822,602565600
2010-08-25,7.291584014892578,7.324606890551135,7.120770094278337,7.145986761339661,596867600
2010-08-26,7.21323299407959,7.377443169706289,7.21323299407959,7.368436929326074,466505200
2010-08-27,7.253457546234131,7.283177728352001,7.07153556187287,7.257360649854681,548391200
2010-08-30,7.279877185821533,7.377442780737651,7.225240132019112,7.227641795993877,383289200
2010-08-31,7.297889709472656,7.341719275651929,7.21533451390289,7.260364110453266,420786800
2010-09-01,7.514936923980713,7.5488592346105445,7.393355457172668,7.429079016283849,697037600
2010-09-02,7.5701727867126465,7.570172786712647,7.462100294420422,7.542854255186009,415427600
2010-09-03,7.768303871154785,7.768603678305012,7.640117877094633,7.657829746036519,520788800
2010-09-07,7.739486217498779,7.79112039377088,7.692654567930495,7.704362279916678,342557600
2010-09-08,7.892889022827148,7.937018400037891,7.7782111605994055,7.798625306286032,526551200
2010-09-09,7.897394180297852,8.000963175144076,7.892891459347603,7.956533977005103,438575200
2010-09-10,7.907595634460449,7.940317895189949,7.84725504818187,7.900991060571416,387542400
2010-09-13,8.016572952270508,8.053797952361464,7.978147921489884,7.979948368336242,388780000
2010-09-14,8.04719352722168,8.080515422114129,7.970942277123896,7.991656234110542,408150400
2010-09-15,8.112032890319824,8.116837018931196,8.040585004619333,8.050492267343838,429368800
2010-09-16,8.302660942077637,8.305663021597335,8.090419130586913,8.112634519032675,652103200
2010-09-17,8.266640663146973,8.344392547542968,8.21590670284532,8.33628652901573,634477200
2010-09-20,8.50259780883789,8.519108850004018,8.281049088039298,8.287953472054634,658677600
2010-09-21,8.518804550170898,8.626276575609664,8.489384977016957,8.52150682213553,668074400
2010-09-22,8.638287544250488,8.645191927394334,8.477979679775503,8.48698591971758,585289600
2010-09-23,8.67341423034668,8.788691743954134,8.5857558638748,8.595662331057172,786116800
2010-09-24,8.77547836303711,8.811803127387982,8.722343555246288,8.768874589176438,649488000
2010-09-27,8.740657806396484,8.847829282270029,8.736155086134527,8.82531487933656,482834800
2010-09-28,8.611566543579102,8.758965013865058,8.25552879519772,8.758965013865058,1035042400
2010-09-29,8.62687873840332,8.70012787902719,8.585751449402842,8.622675826869756,469644000
2010-09-30,8.518204689025879,8.705830215839507,8.443154317975784,8.675810227744114,673391600
2010-10-01,8.481284141540527,8.603165407741388,8.446160199235672,8.590256861937684,448142800
2010-10-04,8.3648042678833,8.492688857710252,8.338685773125247,8.453663424025816,435302000
2010-10-05,8.674015998840332,8.689325411549426,8.46027181121127,8.465676359356872,501967200
2010-10-06,8.681516647338867,8.765573290857617,8.563537699524945,8.69352496830542,670868800
2010-10-07,8.682415008544922,8.72024040636155,8.61306898029665,8.716037495312666,408399600
2010-10-08,8.828015327453613,8.840923872223096,8.705834263792797,8.757167834022153,658403200
2010-10-11,8.866738319396973,8.923176611867778,8.843924118648173,8.848127029910506,427753200
2010-10-12,8.96220588684082,8.9910258595694,8.780583624347246,8.868242771482752,558544000
2010-10-13,9.010237693786621,9.064873951384754,9.00003062088146,9.012038941946356,630092400
2010-10-14,9.075383186340332,9.080185713964651,9.018043844253866,9.056770285504228,435296400
2010-10-15,9.448531150817871,9.456336559641626,9.153433469474109,9.229384097430906,922194000
2010-10-18,9.546399116516113,9.576418321942146,9.43502392039678,9.56050849578079,1093010800
2010-10-19,9.290925025939941,9.41941084987622,9.006634849511935,9.108102753719557,1232784000
2010-10-20,9.322147369384766,9.433822364210355,9.212274424565047,9.276216738074089,721624400
2010-10-21,9.291826248168945,9.448530827222616,9.21017126959492,9.37708292137623,551460000
2010-10-22,9.230286598205566,9.307438070625157,9.195163455318069,9.278318287707634,372778000
2010-10-25,9.271414756774902,9.354269789529292,9.259406432481317,9.278920360270286,392462000
2010-10-26,9.247697830200195,9.298431788641443,9.175648699217863,9.212274081625898,392929600
2010-10-27,9.241090774536133,9.303231820683136,9.174145599213587,9.235687031039998,399002800
2010-10-28,9.163336753845215,9.24619172971829,9.033049731199144,9.244690289400465,551051200
2010-10-29,9.035454750061035,9.182553482857799,9.032152060816166,9.133020358797195,430511200
2010-11-01,9.131518363952637,9.17414710133406,9.072078779009704,9.072679195052029,423889200
2010-11-02,9.287022590637207,9.311939456869263,9.216175898853184,9.216175898853184,433930000
2010-11-03,9.39029312133789,9.392694785776886,9.262107087589232,9.347363770302659,508348400
2010-11-04,9.554506301879883,9.611844855820033,9.45724046499248,9.469849207232228,642488000
2010-11-05,9.520277976989746,9.593527126630585,9.508870874474981,9.546095865302679,361253200
2010-11-08,9.565010070800781,9.599532794205393,9.50917217497875,9.522381329213207,281758400
2010-11-09,9.488759994506836,9.64546540976681,9.441328719905115,9.637959806763618,383544000
2010-11-10,9.547295570373535,9.56951015839713,9.41280480548892,9.505567063605053,384227200
2010-11-11,9.505873680114746,9.558408900887216,9.433824529910144,9.45633973904461,361284000
2010-11-12,9.247095108032227,9.50136527497549,9.115007594529208,9.486355676414844,795846800
2010-11-15,9.217374801635742,9.322445187607338,9.194259188462242,9.260003532296734,403606000
2010-11-16,9.053765296936035,9.234185884939164,8.985619287551597,9.177748387648235,657650000
2010-11-17,9.021045684814453,9.125815486254169,8.938790284189109,9.042059446223979,479449600
2010-11-18,9.259103775024414,9.296328767252053,9.14682918393518,9.162138590261245,494491200
2010-11-19,9.208067893981934,9.25820141848782,9.163338112499618,9.245292877632075,384843200
2010-11-22,9.407102584838867,9.407102584838867,9.182252014579362,9.206567658934254,393075200
2010-11-23,9.268108367919922,9.358770378529892,9.202965238685023,9.31974334015126,519447600
2010-11-24,9.450331687927246,9.468344168472886,9.358771050835912,9.366275048627978,413725200
2010-11-26,9.456336975097656,9.537391543965915,9.394495721101217,9.418511563067376,237585600
2010-11-29,9.512474060058594,9.530785547172659,9.34766346141992,9.471345961390547,445785200
2010-11-30,9.3407564163208,9.437121160959542,9.332350594004543,9.412504109890506,501858000
2010-12-01,9.498364448547363,9.538891328537813,9.456336127655296,9.464441343328678,461750800
2010-12-02,9.550901412963867,9.57641789676786,9.453035184280811,9.532288512412679,462837200
2010-12-03,9.529586791992188,9.565910765491322,9.496564706402546,9.516678245984274,342092800
2010-12-06,9.610939979553223,9.676383721011534,9.559004395805248,9.565608971876426,448481600
2010-12-07,9.552701950073242,9.726217393839272,9.550000478425595,9.720514643304742,391454000
2010-12-08,9.636758804321289,9.637059413215503,9.519680858697981,9.595330890580113,321935600
2010-12-09,9.599231719970703,9.681486310157661,9.577016327144944,9.670379816180073,294151200
2010-12-10,9.623252868652344,9.637962668503166,9.564412867625084,9.595934325376257,262511200
2010-12-13,9.656570434570312,9.758339758335849,9.63645769819905,9.737625804257194,439815600
2010-12-14,9.615140914916992,9.682686504955015,9.576414488044097,9.65837006047639,351008000
2010-12-15,9.617244720458984,9.696497234818008,9.582120782066683,9.606436429849541,417312000
2010-12-16,9.643963813781738,9.684791311423757,9.609441086691142,9.639160484456356,322030800
2010-12-17,9.624752044677734,9.660175799576454,9.613344136645065,9.655372469878488,386929200
2010-12-20,9.672784805297852,9.704006451778314,9.553305172377716,9.654472509616438,385610400
2010-12-21,9.732522964477539,9.73822651710497,9.6679802322502,9.69649879701105,256354000
2010-12-22,9.76133918762207,9.778150834782599,9.713006904470738,9.737323350444774,265921600
2010-12-23,9.714509010314941,9.761040048741982,9.701600466887477,9.756537329470289,223157200
2010-12-27,9.746932983398438,9.769748799105246,9.652069628225643,9.691996904900675,249816000
2010-12-28,9.770648002624512,9.806371557595956,9.758339873573448,9.783856355000072,175924000
2010-12-29,9.765239715576172,9.800063031025305,9.759535364554418,9.793157848380366,163139200
2010-12-30,9.71630859375,9.771845061205916,9.697996309359658,9.77094483815521,157494400
2010-12-31,9.683287620544434,9.710905953838909,9.645762022826354,9.694995331274002,193508000
2011-01-03,9.893731117248535,9.914445073712534,9.751736304388865,9.77575214888209,445138400
2011-01-04,9.945366859436035,9.981690837008616,9.851103119521719,9.979889588413167,309080800
2011-01-05,10.026717185974121,10.036924258026973,9.89162679176862,9.893128232588143,255519600
2011-01-06,10.018614768981934,10.064244791064837,9.993697900698969,10.048334164623364,300428800
2011-01-07,10.090361595153809,10.097265979140396,9.963676209376015,10.026418486195487,311931200
2011-01-10,10.280385971069336,10.303801389545463,10.1218801815896,10.171713098041788,448560000
2011-01-11,10.256070137023926,10.355735968057338,10.190926215533295,10.353335106125824,444108000
2011-01-12,10.339529037475586,10.33982964635659,10.266881089609374,10.304406697442811,302590400
2011-01-13,10.37735366821289,10.40617364067416,10.322417599767652,10.361743651419992,296780400
2011-01-14,10.46141242980957,10.46141242980957,10.340131561046737,10.383660534136817,308840000
2011-01-18,10.226353645324707,10.349736359014297,9.78655883379426,9.8922296717921,1880998000
2011-01-19,10.172012329101562,10.465008034001452,10.11317318211877,10.457502435456494,1135612800
2011-01-20,9.98709487915039,10.15580782781168,9.910243206711598,10.099670114023334,764789200
2011-01-21,9.8081693649292,10.053133432700337,9.805467092656489,10.01981075215915,754401200
2011-01-24,10.130285263061523,10.130285263061523,9.808168970083022,9.812672489815132,574683200
2011-01-25,10.248863220214844,10.25006485348378,10.04382642726715,10.09666221805356,546868000
2011-01-26,10.322420120239258,10.374955338764106,10.251873216151743,10.295701998391216,506875600
2011-01-27,10.303201675415039,10.347631653416915,10.291794574161692,10.320313128918476,285026000
2011-01-28,10.089761734008789,10.338929626578524,10.012611064397559,10.332025241663658,592057200
2011-01-31,10.186424255371094,10.208039230674693,10.035723852343919,10.080753447646138,377246800
2011-02-01,10.357840538024902,10.376452633827734,10.236259094389805,10.245865751126008,426633200
2011-02-02,10.33652400970459,10.364442147576202,10.31340839757418,10.340427114000018,258955200
2011-02-03,10.310110092163086,10.334126739195847,10.163311944482132,10.320917583327828,393797600
2011-02-04,10.401970863342285,10.407975024349824,10.31221066033866,10.316112964181745,321840400
2011-02-07,10.563480377197266,10.604606879112577,10.436194559198224,10.44369936020655,485021600
2011-02-08,10.663143157958984,10.672749813502332,10.571582527993577,10.61751314737501,381040800
2011-02-09,10.752005577087402,10.777223053655021,10.653239932880311,10.662845788996714,482745200
2011-02-10,10.643332481384277,10.807242869731875,10.44700042535088,10.728890572959827,928550000
2011-02-11,10.712678909301758,10.741197470394582,10.613312053067691,10.64963682474973,367572800
2011-02-14,10.782625198364258,10.791630637704893,10.708475818484475,10.7108774827416,310416400
2011-02-15,10.804238319396973,10.806340176228382,10.733691442795855,10.782923952009357,284174800
2011-02-16,10.901205062866211,10.95433987901373,10.822251555051333,10.831256994140723,481157600
2011-02-17,10.756209373474121,10.815349162609161,10.702773137028961,10.724688727610632,530583200
2011-02-18,10.52385139465332,10.79223093962523,10.492629761959982,10.768514907910317,816057200
2011-02-22,10.165109634399414,10.368946445800079,10.138392326364285,10.271380855444665,872555600
2011-02-23,10.28549575805664,10.346135393580804,10.165114305687254,10.169918437243401,671854400
2011-02-24,10.293298721313477,10.361444751393691,10.157908487806857,10.327522441607732,499900800
2011-02-25,10.451804161071777,10.459909377281244,10.35093666523348,10.364745433349816,380018800
2011-02-28,10.603405952453613,10.658642629935178,10.540663672974256,10.544266169543528,403074000
2011-03-01,10.486327171325684,10.678756119932675,10.43739446225017,10.671251319592502,456136800
2011-03-02,10.57068157196045,10.637626750778264,10.459006605413263,10.50583824986814,602590800
2011-03-03,10.794031143188477,10.800935525861956,10.684757844206096,10.722883856551773,500788400
2011-03-04,10.807241439819336,10.815947071281354,10.739695840130468,10.80934249507366,453266800
2011-03-07,10.667948722839355,10.857375578395068,10.546367277940922,10.84926956087789,546123200
2011-03-08,10.679956436157227,10.729189751712118,10.574585421132987,10.654439154285054,356316800
2011-03-09,10.581191062927246,10.649937506642786,10.525054159430754,10.64783564939839,453306000
2011-03-10,10.40707015991211,10.500133017948068,10.353934557034128,10.48061910106101,507539200
2011-03-11,10.566779136657715,10.576686401690514,10.356939752152016,10.366845413937783,471080400
2011-03-14,10.613911628723145,10.701570765379657,10.546366829774085,10.602503724215145,435957200
2011-03-15,10.369847297668457,10.442195416261399,10.209840052802686,10.269880045117251,721081200
2011-03-16,9.906936645507812,10.296898408564537,9.794361454624383,10.266878411103853,1162011200
2011-03-17,10.04593276977539,10.195132561075452,9.926452372542974,10.11167632767769,659422400
2011-03-18,9.926751136779785,10.152802560725858,9.906637600657374,10.120680704045729,753214000
2011-03-21,10.185824394226074,10.1990327448965,10.064542764397702,10.086458349697136,409402000
2011-03-22,10.242864608764648,10.285494155271097,10.181023348770289,10.283692906827163,325922800
2011-03-23,10.182523727416992,10.213443953375833,10.0852579248415,10.185225198989151,372996400
2011-03-24,10.356040954589844,10.386961985118178,10.172618231977905,10.26237844122658,404712000
2011-03-25,10.553271293640137,10.568881308830642,10.417579675434828,10.449101116266803,448910000
2011-03-28,10.520248413085938,10.636727519925815,10.520248413085938,10.601603582902085,309355200
2011-03-29,10.535861015319824,10.535861015319824,10.388763070823014,10.43679475822552,352900800
2011-03-30,10.465910911560059,10.533457307481308,10.430187363723139,10.526251514206331,329406000
2011-03-31,10.462307929992676,10.501033552919289,10.38875898665879,10.397764423491628,274019200
2011-04-01,10.343730926513672,10.554772769313349,10.305905515167266,10.540363585043615,418661600
2011-04-04,10.24256420135498,10.344933144527864,10.158808157678825,10.336227511704124,460084800
2011-04-05,10.173514366149902,10.27438183267996,10.08675627248616,10.11647645878345,482731200
2011-04-06,10.14799976348877,10.323917660746435,10.120981842443747,10.24346431367067,402539200
2011-04-07,10.149200439453125,10.219746514081198,10.087658199994163,10.149800053832264,373447200
2011-04-08,10.058540344238281,10.211342626587596,10.025218454823456,10.2044382426016,377535200
2011-04-11,9.93065357208252,10.076850456084268,9.90723815019756,10.028518171534122,398946800
2011-04-12,9.97868537902832,10.018611837072447,9.912640426475516,9.921346056896123,425639200
2011-04-13,10.090665817260742,10.090965624591014,9.982292681982402,10.057343114287303,346220000
2011-04-14,9.979286193847656,10.086758256429272,9.968479507124034,10.050734096895638,301800800
2011-04-15,9.830388069152832,10.015912645750166,9.810575138428227,10.005705571510143,453605600
2011-04-18,9.962176322937012,9.973584229118265,9.611241520883102,9.789561098861283,609898800
2011-04-19,10.142593383789062,10.146195077300874,9.957969115419147,9.999697616589275,419378400
2011-04-20,10.279187202453613,10.37945427300642,10.251869475956182,10.31220928195755,700666400
2011-04-21,10.528055191040039,10.661044553607422,10.462611438353852,10.657141448083971,753810400
2011-04-25,10.597400665283203,10.619616058432799,10.516045495508505,10.517247129194185,266546000
2011-04-26,10.519647598266602,10.656839038474999,10.48752574506522,10.61571174745414,338800000
2011-04-27,10.511540412902832,10.57758535984891,10.419979794431503,10.57428267160876,356213200
2011-04-28,10.40947437286377,10.499533563378304,10.372549190902054,10.392662725422198,360959200
2011-04-29,10.510940551757812,10.625616778723344,10.407070207421308,10.410372895583889,1006345200
2011-05-02,10.395363807678223,10.521148145112821,10.371948386955369,10.49923336347224,442713600
2011-05-03,10.453004837036133,10.503738796125752,10.375552761742167,10.446700868664367,313348000
2011-05-04,10.494132041931152,10.561977453615814,10.413377284115814,10.45480519072494,389250400
2011-05-05,10.40947437286377,10.53555852218167,10.388459813561806,10.459006687159722,335969200
2011-05-06,10.40677547454834,10.507042570858998,10.39326651142852,10.497736520962368,280134400
2011-05-09,10.434989929199219,10.483022401743701,10.402868077911148,10.4427945346281,204747200
2011-05-10,10.49052619934082,10.497731189778726,10.40677018955847,10.473714554985705,282091600
2011-05-11,10.423883438110352,10.507039854377275,10.364144048227862,10.477620271044783,336000000
2011-05-12,10.404068946838379,10.420580785704127,10.274983530169223,10.39056079086563,322000000
2011-05-13,10.221848487854004,10.394463681659012,10.217345768594429,10.376752611813714,326116000
2011-05-16,10.005702018737793,10.243461912752558,9.984687461587722,10.182821508223414,449775200
2011-05-17,10.090962409973145,10.090962409973145,9.9285534640823,9.96667948518553,452334400
2011-05-18,10.202937126159668,10.238360873755882,10.086759418723052,10.100868795990328,334776400
2011-05-19,10.222752571105957,10.27919008963782,10.166914667139485,10.26928362332885,261170000
2011-05-20,10.063345909118652,10.235361543914056,10.057341747090648,10.193633018631301,337968400
2011-05-23,10.038727760314941,10.086159833588306,9.889228150086964,9.9057391930684,383600000
2011-05-24,9.97238540649414,10.083760614174937,9.946868117284678,10.071752289458999,321927200
2011-05-25,10.110175132751465,10.163611364525087,9.992196173686313,10.009607439124704,294224000
2011-05-26,10.056740760803223,10.113478886315919,10.039629300805286,10.085860544176459,222560800
2011-05-27,10.129085540771484,10.135690116434231,10.036023470394047,10.050733260831166,203599200
2011-05-31,10.441895484924316,10.441895484924316,10.236857831708408,10.23986071330474,417754400
2011-06-01,10.372247695922852,10.57098055860139,10.346431414233056,10.473115968707418,554682800
2011-06-02,10.38996410369873,10.44640242403277,10.335928249752605,10.401972427519537,338783200
2011-06-03,10.310110092163086,10.366848218342385,10.267181538027625,10.302305483501172,313250000
2011-06-06,10.14799976348877,10.418481186027591,10.141095379618584,10.377954304460058,461941200
2011-06-07,9.967878341674805,10.153402884487987,9.963675429517796,10.151902245243676,529785200
2011-06-08,9.973883628845215,10.050735285152625,9.926152553727741,9.960074860392607,333723600
2011-06-09,9.95136833190918,10.01681207660912,9.929152938569361,10.004203339848683,275088800
2011-06-10,9.783556938171387,9.956472771124439,9.771848423120357,9.923150077563148,433955200
2011-06-13,9.804570198059082,9.85590457081064,9.758639570064048,9.822581878957218,329473200
2011-06-14,9.979886054992676,10.004202501610019,9.885922957257511,9.906636907959435,334569200
2011-06-15,9.809076309204102,9.915647386577714,9.752937791335288,9.899136340718824,399196000
2011-06-16,9.76133918762207,9.867009993475019,9.556302344413101,9.813574575390254,510591200
2011-06-17,9.614243507385254,9.884125360297105,9.587225581854417,9.876319950230236,615020000
2011-06-20,9.46593952178955,9.537387402194451,9.321242513492736,9.527180333101388,640645600
2011-06-21,9.765545845031738,9.780555448415754,9.462342878488453,9.506772875687718,493382400
2011-06-22,9.684791564941406,9.873618846681616,9.677886378043555,9.761342624009234,390583200
2011-06-23,9.943562507629395,9.957371274261268,9.549999031021263,9.574614484229492,559759200
2011-06-24,9.797061920166016,10.001198506541954,9.759236521920808,9.947763097275915,439807200
2011-06-27,9.967878341674805,10.023716230137252,9.824082311608732,9.83428938399004,339813600
2011-06-28,10.064541816711426,10.107770963979407,10.009905567887206,10.016209534622151,294299600
2011-06-29,10.027921676635742,10.097868156867467,9.963077531448883,10.087961690805493,352545200
2011-06-30,10.076852798461914,10.09066317100574,9.991896722179431,10.047733818739692,322954800
2011-07-01,10.304704666137695,10.311908856888536,10.032721815369591,10.085257015664142,435313200
2011-07-05,10.48992919921875,10.50193752052543,10.281890243133832,10.296899843143597,355054000
2011-07-06,10.559873580932617,10.6301214450774,10.408272161686986,10.475517144474658,444626000
2011-07-07,10.723186492919922,10.7472023358422,10.627121517983511,10.64723585860255,399663600
2011-07-08,10.798537254333496,10.807243689231187,10.573086202871227,10.607309121447075,489633200
2011-07-11,10.627120971679688,10.800338205879914,10.591697224419107,10.697368851741674,442674400
2011-07-12,10.61961555480957,10.73759449363745,10.465611655825922,10.613010177157511,451609200
2011-07-13,10.747802734375,10.807242321848348,10.698568616808505,10.75710798099182,391638800
2011-07-14,10.740296363830566,10.855573835740978,10.697367820485436,10.837561354993946,430533600
2011-07-15,10.954938888549805,10.957340552431575,10.782323705976632,10.842363699773957,484467200
2011-07-18,11.221521377563477,11.247037861624916,10.965749707806593,10.97025242814127,572653200
2011-07-19,11.313082695007324,11.367118544840917,11.207111249413304,11.347605420929076,819145600
2011-07-20,11.614786148071289,11.896075147344884,11.587768218605781,11.891572426308574,941340400
2011-07-21,11.626489639282227,11.709644447779551,11.524721133568898,11.61628256750568,526534400
2011-07-22,11.806910514831543,11.859445712493965,11.640298681827534,11.657410137047597,516728800
2011-07-25,11.963013648986816,12.008043238974285,11.69643459640386,11.718348574676115,589806000
2011-07-26,12.110414505004883,12.1431367776466,11.998439721713403,12.00804557651658,476582400
2011-07-27,11.785595893859863,12.087298114125382,11.772386742119698,12.025756677771202,659324400
2011-07-28,11.762483596801758,11.917687566219183,11.651709621418592,11.756480236850066,594034000
2011-07-29,11.722253799438477,11.86244813405347,11.527723819216735,11.636997129695686,632584400
2011-08-01,11.910481452941895,11.993035855605692,11.778992740519213,11.941401677632603,612836000
2011-08-02,11.675122261047363,11.945003247216073,11.658311414275635,11.937498447851382,639539600
2011-08-03,11.784996032714844,11.814415615897724,11.474888775638162,11.737263360218261,732508000
2011-08-04,11.328691482543945,11.747471678133913,11.328091066463823,11.690133946541282,871407600
2011-08-05,11.216115951538086,11.512715896445123,10.884394470123622,11.420853835502736,1204590800
2011-08-08,10.603405952453613,11.040498448417972,10.597701598740457,10.85797596369306,1143833600
2011-08-09,11.227825164794922,11.24583764908976,10.657142045887317,10.846269122864673,1082583600
2011-08-10,10.918015480041504,11.247035444878136,10.882291929057493,11.141965045574295,878656800
2011-08-11,11.218518257141113,11.271053463213107,10.948937040851213,11.123053700929145,741969200
2011-08-12,11.31728458404541,11.39683691042276,11.234428766732027,11.349705449713198,528976000
2011-08-15,11.510009765625,11.556841404559487,11.350302341498104,11.396533564528001,460544000
2011-08-16,11.422052383422852,11.508811297015676,11.289363647756328,11.45327401687242,498750000
2011-08-17,11.420853614807129,11.543335291531966,11.347604454560463,11.476991317180554,442061200
2011-08-18,10.98886489868164,11.18699902933103,10.84837072065605,11.132661766471502,851435200
2011-08-19,10.688061714172363,11.017383112920408,10.687161490884206,10.872385438510946,775888400
2011-08-22,10.700369834899902,10.953740605092438,10.659842952867157,10.942632507056048,535315200
2011-08-23,11.2155179977417,11.216718830131137,10.717183778857837,10.816250046115139,656835200
2011-08-24,11.29296875,11.37642418633917,11.125455857950517,11.211613567658683,626267600
2011-08-25,11.219115257263184,11.271050031424947,10.957339529942226,10.959741193599884,871346000
2011-08-26,11.515115737915039,11.521719512409922,11.131457923272487,11.14256521865985,641477200
2011-08-29,11.706942558288574,11.752873978829875,11.647803589755398,11.653206531820537,405269200
2011-08-30,11.707542419433594,11.763079691165917,11.594066212221167,11.655307034542764,417922400
2011-08-31,11.552643775939941,11.770289430324635,11.463483977396693,11.724959211235017,522586400
2011-09-01,11.438565254211426,11.627992119121059,11.429259205753779,11.582362100143868,343725200
2011-09-02,11.229023933410645,11.347603294209563,11.162379357015066,11.24973708410751,438939200
2011-09-06,11.3998384475708,11.417549517730915,11.00177064242466,11.028488754511045,509698000
2011-09-07,11.525623321533203,11.575756859059933,11.467683573766063,11.574556026965032,350576800
2011-09-08,11.531929016113281,11.666119217130717,11.476992141980217,11.479693613786504,416158400
2011-09-09,11.33199405670166,11.587764891246984,11.258143681220341,11.525623831644523,564813200
2011-09-12,11.405843734741211,11.434061687230876,11.16448128052064,11.197504164893576,467832400
2011-09-13,11.54633903503418,11.594070114025955,11.415150112720559,11.471888235421108,440560400
2011-09-14,11.686834335327148,11.774192893934071,11.580563066027024,11.618388487413428,534724400
2011-09-15,11.796706199645996,11.817720764596068,11.704844934878174,11.750775567262085,417818800
2011-09-16,12.023054122924805,12.023054122924805,11.858844762936906,11.87415496946478,698513200
2011-09-19,12.357181549072266,12.40521403918357,11.863952109735768,11.917987158066559,823860800
2011-09-20,12.411819458007812,12.694309261992299,12.343974032081295,12.465855311624574,775754000
2011-09-21,12.372489929199219,12.656179684348565,12.368287017066637,12.59764032493717,605976000
2011-09-22,12.0626859664917,12.302847649739851,11.908983419096499,12.03897072774455,968480800
2011-09-23,12.137134552001953,12.21038371568425,12.003544770456571,12.01645331627578,546277200
2011-09-26,12.10321044921875,12.127526899368677,11.74687192686444,12.003843593174889,812876400
2011-09-27,11.985831260681152,12.285731457473007,11.949807099876404,12.270121442044296,632497600
2011-09-28,11.918286323547363,12.120321108296723,11.903275121084118,12.013749266393697,429637600
2011-09-29,11.724955558776855,12.074389649947415,11.594067277368305,12.065684018873629,651086800
2011-09-30,11.44726848602295,11.674521516435897,11.443065574331026,11.621385105142583,547640800
2011-10-03,11.245537757873535,11.486900270290707,11.202610001897115,11.418755032894591,669099200
2011-10-04,11.182497024536133,11.46168418996349,10.634330572365776,11.244638908909574,1233677200
2011-10-05,11.355110168457031,11.402240828258128,10.816248342133335,11.04320081824055,786469600
2011-10-06,11.328691482543945,11.551140429675678,11.161479211536218,11.207409839230136,812582400
2011-10-07,11.101438522338867,11.339798080086545,11.062112473950842,11.280958911109396,535458000
2011-10-10,11.672119140625,11.672119140625,11.353905896118016,11.380324198384416,442514800
2011-10-11,12.016751289367676,12.103510203372908,11.752875257661753,11.78499631287052,605687600
2011-10-12,12.073792457580566,12.285733748016384,12.012251004393804,12.228396009520212,622286000
2011-10-13,12.261114120483398,12.261114120483398,12.093601277406014,12.157543571839636,426185200
2011-10-14,12.668489456176758,12.668489456176758,12.46645305967101,12.513285512263355,573367200
2011-10-17,12.608148574829102,12.80958374934086,12.48656632956797,12.660683776420935,686044800
2011-10-18,12.675691604614258,12.752843853311656,12.488066025380352,12.661281621523349,881602400
2011-10-19,11.966620445251465,12.260817132172342,11.942003384102714,12.048575242333879,1104059600
2011-10-20,11.867252349853516,12.018554001534664,11.83423106738784,12.008047120528726,549270400
2011-10-21,11.794004440307617,11.982231301544475,11.730361929789119,11.95101046245283,621244400
2011-10-24,12.181262016296387,12.2031759988766,11.869953921294053,11.893369344755593,502138000
2011-10-25,11.941100120544434,12.204677138896194,11.92939321072579,12.159046323530088,430427200
2011-10-26,12.0260591506958,12.084598516183021,11.802408569357123,12.060881680161538,456304800
2011-10-27,12.148839950561523,12.27822760475602,12.064784108771066,12.23499764933029,494664800
2011-10-28,12.15664291381836,12.19867122707119,12.083393773995157,12.098103563390136,322842800
2011-10-31,12.151540756225586,12.288132584873303,12.03956518093253,12.08069327441352,385501200
2011-11-01,11.903278350830078,11.993038568147501,11.804512692188908,11.9302970796726,531790000
2011-11-02,11.930294036865234,12.021255063376156,11.861246993501805,12.010748183429046,327350800
2011-11-03,12.100210189819336,12.110116655704996,11.868754969349673,11.980129361993303,441386400
2011-11-04,12.015251159667969,12.111315323788283,11.982829494257068,12.068987194261968,302229200
2011-11-07,11.999938011169434,12.008044027295439,11.891866346805967,12.005342556335723,270275600
2011-11-08,12.19507122039795,12.248207639952934,12.054877680182631,12.074390800974463,400442000
2011-11-09,11.866349220275879,12.034762288858856,11.834828584977904,11.917083166192143,558684000
2011-11-10,11.564348220825195,11.924289201399015,11.472186367444815,11.918885457314634,744752400
2011-11-11,11.54633903503418,11.668820720896687,11.415450721601903,11.606078436806076,653786000
2011-11-14,11.385433197021484,11.565254262528034,11.353611936344382,11.513318655999718,432905200
2011-11-15,11.672720909118652,11.69283364231283,11.39113222329487,11.43165910011292,430810800
2011-11-16,11.550840377807617,11.74206848634652,11.537330615479199,11.685330370412087,349210400
2011-11-17,11.32989501953125,11.545139025087506,11.272556472626377,11.527126538383662,479900400
2011-11-18,11.255744934082031,11.407346424757476,11.253943685393129,11.375225358907768,371938000
2011-11-21,11.077726364135742,11.157879924066673,10.984663454885109,11.119453286648067,447980400
2011-11-22,11.302878379821777,11.345507134924155,11.135666049829764,11.138067714997442,409021200
2011-11-23,11.017081260681152,11.282759328005042,11.013778571875617,11.242832064891914,428271200
2011-11-25,10.91441535949707,11.14196747070129,10.906909756753485,11.060012669666026,254760800
2011-11-28,11.291165351867676,11.309177833431454,11.117349313706844,11.177989731724427,346413200
2011-11-29,11.203509330749512,11.372522877080005,11.113449309171,11.282762662777792,375855200
2011-11-30,11.473689079284668,11.476090743756012,11.356610341177639,11.44637134835862,405938400
2011-12-01,11.645705223083496,11.6778262844233,11.430160636650925,11.483896679222733,387181200
2011-12-02,11.698837280273438,11.816816211153968,11.665214788016451,11.702739583215694,379055600
2011-12-05,11.798205375671387,11.900274503805981,11.719553275771492,11.812615361278226,357210000
2011-12-06,11.736364364624023,11.846839319960733,11.68923370646109,11.783196017182732,283598000
2011-12-07,11.680524826049805,11.736062099313877,11.61057756990161,11.705741494473584,304746400
2011-12-08,11.727660179138184,11.87295768175027,11.714751632653348,11.751376216383036,376356400
2011-12-09,11.816515922546387,11.829124658093201,11.738764057399703,11.79340110981243,296993200
2011-12-12,11.76308536529541,11.824926633384168,11.691337630280206,11.758282035482878,301067200
2011-12-13,11.672119140625,11.869952592337192,11.62078477842887,11.797903478688639,338928800
2011-12-14,11.413348197937012,11.629193378377355,11.337997980950268,11.608779230843025,406887600
2011-12-15,11.375824928283691,11.519921606173584,11.356912219270049,11.50761347519425,256200000
2011-12-16,11.438264846801758,11.532227961214916,11.39473588253281,11.418451917373732,421478400
2011-12-19,11.47398853302002,11.553241849348275,11.422052944867621,11.481793941766082,235530400
2011-12-20,11.886467933654785,11.890971456105119,11.625593098913008,11.640602702750678,337215200
2011-12-21,11.901473045349121,11.926990322471644,11.768183109009986,11.908677235142415,262948000
2011-12-22,11.964516639709473,11.981928704515909,11.890967680361813,11.91798479836611,202358800
2011-12-23,12.108013153076172,12.115818561624119,11.992735677854071,11.998739838275569,269399200
2011-12-27,12.204081535339355,12.28093321206411,12.098710487561755,12.101112954184725,265076000
2011-12-28,12.087298393249512,12.25571067289649,12.048272154739482,12.214883988003798,228662000
2011-12-29,12.161748886108398,12.177660312693028,12.023357391617788,12.110114707602213,215978000
2011-12-30,12.158148765563965,12.196574597197312,12.112818549079089,12.11341816360004,179662000
2012-01-03,12.345173835754395,12.383299859664218,12.278229440499182,12.290237763246163,302220800
2012-01-04,12.411516189575195,12.44874198521609,12.286632855854885,12.308247032345378,260022000
2012-01-05,12.549309730529785,12.564919747504229,12.388401422244165,12.456848056012088,271269600
2012-01-06,12.680498123168945,12.691005004338242,12.585034366039993,12.601545408341359,318292800
2012-01-09,12.660384178161621,12.841105414322808,12.648976272376549,12.77356060781236,394024400
2012-01-10,12.70571231842041,12.78856812262401,12.653476928390274,12.785865849830179,258196400
2012-01-11,12.684999465942383,12.69400570666264,12.58773447103428,12.688901769442714,215084800
2012-01-12,12.650177955627441,12.695508171334989,12.570924629141226,12.676896072793966,212587200
2012-01-13,12.60274600982666,12.62195932631961,12.568223284188916,12.599444923489962,226021600
2012-01-17,12.749543190002441,12.788269624899316,12.697307794623635,12.734532788564975,242897200
2012-01-18,12.881935119628906,12.892741809552511,12.797578647999151,12.817391580878894,276791200
2012-01-19,12.841104507446289,12.949776606282215,12.803879513873877,12.913152830384918,261738400
2012-01-20,12.617456436157227,12.833601447782275,12.600945392281302,12.833301640508907,413974400
2012-01-23,12.830899238586426,12.862120877656666,12.677496523153627,12.688603820857162,306062400
2012-01-24,12.620759010314941,12.761553795316427,12.594941916845126,12.761553795316427,547638000
2012-01-25,13.408782958984375,13.642638969264416,13.320824022632747,13.642339162088401,958314000
2012-01-26,13.347844123840332,13.47272665155926,13.303114331468771,13.459818909184541,323985200
2012-01-27,13.427395820617676,13.463419977433858,13.322025622863833,13.33913627568747,299709200
2012-01-30,13.59941291809082,13.626131032699178,13.370660004173336,13.380265859779456,379341200
2012-01-31,13.703583717346191,13.756418734320393,13.601214769726115,13.676865599977809,391683600
2012-02-01,13.694879531860352,13.778936196942203,13.675667816632599,13.76152492869774,270046000
2012-02-02,13.662753105163574,13.724293737692074,13.628530196684913,13.686168526241566,186796400
2012-02-03,13.79964828491211,13.80925494284781,13.675965770484602,13.728201171386315,286599600
2012-02-06,13.92843246459961,13.95875307469523,13.755217642543197,13.760620585437774,249412800
2012-02-07,14.074331283569336,14.101950422456785,13.946744874289534,13.966859213204142,316223600
2012-02-08,14.309989929199219,14.313291015236317,14.100448723333898,14.124465366770389,407890000
2012-02-09,14.80501937866211,14.912491438725072,14.426465504420882,14.432469664473032,884214800
2012-02-10,14.812524795532227,14.938608955390498,14.666326297848823,14.738676028682136,631302000
2012-02-13,15.08811092376709,15.125035309105186,14.92269910454571,14.995948260784129,517216000
2012-02-14,15.294048309326172,15.29704958806587,15.07009872558961,15.149951658382443,460398400
2012-02-15,14.940107345581055,15.79928081949409,14.91669032481588,15.438139889090142,1506120000
2012-02-16,15.07640552520752,15.156859690807595,14.608691737866552,14.754890273335551,944552000
2012-02-17,15.073698997497559,15.24331290568641,15.019061944572364,15.103418386272883,535805200
2012-02-21,15.455863952636719,15.455863952636719,15.133747411794303,15.216603260440428,605595200
2012-02-22,15.401522636413574,15.475071612023667,15.282342032600441,15.402723468734706,483302400
2012-02-23,15.502083778381348,15.545313725881583,15.295245698463665,15.462757736910005,568027600
2012-02-24,15.682808876037598,15.697518669360802,15.569634050917335,15.600554276969797,415072000
2012-02-27,15.783385276794434,15.865639917077644,15.498794321877128,15.649794634525678,547582000
2012-02-28,16.073070526123047,16.073070526123047,15.786078063569002,15.849420755212613,600387200
2012-02-29,16.28411102294922,16.43931657230856,16.08177641960652,16.257694319231575,952011200
2012-03-01,16.345050811767578,16.45732780622954,16.173936253658663,16.456125370938793,683270000
2012-03-02,16.366363525390625,16.414994810992003,16.286509008091535,16.33814477822187,431712400
2012-03-05,16.005525588989258,16.43541225989742,15.790579848664475,16.373571811353703,809124400
2012-03-06,15.918466567993164,16.021435118592557,15.496984105202564,15.720334074101778,810238800
2012-03-07,15.931375503540039,16.144217784885868,15.709526179728647,16.114798199758937,798520800
2012-03-08,16.270599365234375,16.300618557422354,15.974300126468913,16.05145156667773,516457200
2012-03-09,16.36606788635254,16.443219349172615,16.304225831255934,16.33724791428875,418919200
2012-03-12,16.57110023498535,16.57110023498535,16.420997865395027,16.48043823701514,407282400
2012-03-13,17.054431915283203,17.056833580103632,16.683682524055556,16.737420175224504,690855200
2012-03-14,17.69926643371582,17.853569407251854,17.273580115416284,17.35313487051615,1418844000
2012-03-15,17.57857894897461,18.01236953102628,17.368138330984735,18.000361209854063,1159718000
2012-03-16,17.578876495361328,17.687849190301637,17.351624256957408,17.553359216963944,825487600
2012-03-19,18.045089721679688,18.065202454885302,17.6833475051858,17.963134943201844,901236000
2012-03-20,18.19098663330078,18.219203777182578,17.75629511881443,17.99735610289281,816662000
2012-03-21,18.08711814880371,18.30176246685422,18.054397479798453,18.094323141038,644042000
2012-03-22,17.992259979248047,18.147164143285814,17.87788270390243,17.94542751838934,623870800
2012-03-23,17.89348793029785,18.066103114800033,17.84395401299453,18.026777070731764,430488800
2012-03-26,18.22160530090332,18.226710038711808,17.869771187583595,18.00576018433409,595742000
2012-03-27,18.446762084960938,18.500797929198036,18.19399252531623,18.197595021815186,607129600
2012-03-28,18.5410213470459,18.655998198603566,18.321573720877613,18.563835550457537,655460400
2012-03-29,18.308063507080078,18.509198833344723,18.22911161881813,18.395722628668263,608238400
2012-03-30,17.998565673828125,18.32908638722143,17.950232568735075,18.27535033775038,731038000
2012-04-02,18.571346282958984,18.575548394068278,18.02347821095864,18.067007977737916,598351600
2012-04-03,18.892248153686523,18.979007824344485,18.687811811742897,18.831606967638905,834559600
2012-04-04,18.741867065429688,18.78839812952695,18.522419301227465,18.743067898114415,572980800
2012-04-05,19.02315330505371,19.05257289862851,18.714545776573058,18.822017876610836,641298000
2012-04-09,19.099693298339844,19.20806636525864,18.77157442292512,18.79649048057624,597536800
2012-04-10,18.865848541259766,19.332961171112757,18.79259936042572,19.210779267282824,889725200
2012-04-11,18.798601150512695,19.11891557095164,18.71274243736863,19.09880283111648,696614800
2012-04-12,18.69562530517578,18.952598545591886,18.627479291038995,18.762570487302487,614336800
2012-04-13,18.169076919555664,18.753569617695042,18.117442733789836,18.735856940419353,859644800
2012-04-16,17.415571212768555,18.320676418820945,17.359133703865886,18.314072643490846,1050786800
2012-04-17,18.30326271057129,18.312268149046027,17.168803520583246,17.379845337956155,1025528000
2012-04-18,18.26243019104004,18.61997019329305,18.093415944873893,18.42393803708714,954531200
2012-04-19,17.63501739501953,18.15406548180724,17.547358249038076,18.018674459057916,834719200
2012-04-20,17.200927734375,17.85056354357917,17.124076074665716,17.753297735897043,1030985200
2012-04-23,17.162504196166992,17.31170562403588,16.70980158520198,17.129783515960504,966529200
2012-04-24,16.81966781616211,17.04211671736104,16.6611612102339,16.889614270994265,1076149200
2012-04-25,18.312273025512695,18.55243468234535,18.192192998720085,18.481587177953173,905777600
2012-04-26,18.24322509765625,18.453066110443466,18.07601282528237,18.44045657103428,536068400
2012-04-27,18.10212516784668,18.19759049972227,18.02707558097241,18.164268617822827,406722400
2012-04-30,17.531143188476562,17.964034257673447,17.50172360942637,17.94602177971002,506144800
2012-05-01,17.475610733032227,17.914804266342305,17.44859281150437,17.55876635467271,610999200
2012-05-02,17.5911865234375,17.633815261100136,17.377443220701593,17.41887112627166,427389200
2012-05-03,17.466306686401367,17.753900418739203,17.42067666100268,17.726882492875085,390549600
2012-05-04,16.968868255615234,17.362431712007805,16.966466591694182,17.32400669251791,529992400
2012-05-07,17.09585952758789,17.19462598751097,16.8481930579431,16.85629907737968,460118400
2012-05-08,17.05683135986328,17.156497230442703,16.77314155367947,17.09885888550261,497252000
2012-05-09,17.086849212646484,17.230947468480107,16.83678272933393,16.92234001660416,480704000
2012-05-10,17.127073287963867,17.287981562587856,17.06463323312841,17.248955325880498,333200000
2012-05-11,17.012706756591797,17.24566346955518,16.941859236954542,16.961372365750766,399546000
2012-05-14,16.757831573486328,17.036718067826833,16.73921947402844,16.88841928345651,352626400
2012-05-15,16.606231689453125,16.907934026910763,16.563602939356617,16.85479919537522,476336000
2012-05-16,16.39338493347168,16.717902999924416,16.242083292928445,16.632645522698034,560896000
2012-05-17,15.914267539978027,16.436017182929273,15.91426753997803,16.37027281278703,717220000
2012-05-18,15.922069549560547,16.313231413464898,15.675905365686647,16.02954162478347,732292400
2012-05-21,16.84969139099121,16.857497602073835,16.032243692347404,16.045754257308026,631106000
2012-05-22,16.720304489135742,17.22794383710969,16.58851597109964,17.097955765610184,694870400
2012-05-23,17.128278732299805,17.195523729990526,16.608029822692806,16.736214246800913,584897600
2012-05-24,16.970977783203125,17.306603253260967,16.848194663800285,17.287689740522072,496230000
2012-05-25,16.88001251220703,16.986884980155047,16.765335436188643,16.949059565569122,328507200
2012-05-29,17.179609298706055,17.231544882138135,16.97067094271311,17.13848280657172,380508800
2012-05-30,17.386754989624023,17.411371252863027,17.008200982381315,17.087454319667614,529429600
2012-05-31,17.343523025512695,17.456697851462494,17.155296989743483,17.433882039983814,491674400
2012-06-01,16.840988159179688,17.19102358790048,16.826879580966335,17.08625296543862,520987600
2012-06-04,16.94005012512207,17.036414896343036,16.466034082477567,16.85629489247717,556995600
2012-06-05,16.896223068237305,17.00549720149646,16.761133446059183,16.84939221298187,388214400
2012-06-06,17.15530014038086,17.22704707081433,16.976379318735653,17.044525355205778,401455600
2012-06-07,17.163101196289062,17.331212888251752,17.126476617184228,17.330313466570882,379766800
2012-06-08,17.421266555786133,17.42907276321773,17.081439211441122,17.159491666277802,347516400
2012-06-11,17.14659309387207,17.66684046309721,17.130381056134766,17.64342503477904,591264800
2012-06-12,17.296390533447266,17.310199301745786,17.012400940530718,17.24535757121457,435380400
2012-06-13,17.176307678222656,17.36603431946395,17.122871457259386,17.24715516110195,293580000
2012-06-14,17.15739631652832,17.216536897537956,17.029211896839982,17.148690684483146,345573200
2012-06-15,17.235445022583008,17.250154811994484,17.09795218006106,17.141481933991418,335255200
2012-06-18,17.585180282592773,17.648522965546807,17.122571397200304,17.14028406928201,440412000
2012-06-19,17.634117126464844,17.71186820078196,17.504730270835218,17.51373571013824,361404400
2012-06-20,17.583984375,17.689354592876253,17.435684005973123,17.658132956266204,358943200
2012-06-21,17.341716766357422,17.658428562348956,17.33481158216891,17.574973150751827,326351200
2012-06-22,17.47469711303711,17.477398582593345,17.274163099924973,17.382835925402908,284471600
2012-06-25,17.134580612182617,17.40566242700064,17.122572292049977,17.330611227795153,304382400
2012-06-26,17.172399520874023,17.246248256874583,17.031304217577052,17.15138416697069,276536400
2012-06-27,17.246559143066406,17.31380415031431,17.169107862634892,17.26156874557111,202997200
2012-06-28,17.08295440673828,17.231554645954184,16.97968600223307,17.16160814605116,282836400
2012-06-29,17.531749725341797,17.531749725341797,17.239052881804486,17.351628097550435,421500800
2012-07-02,17.787513732910156,17.816032284930166,17.51973466196132,17.553657758554042,400092000
2012-07-03,17.994359970092773,18.012072647508685,17.831952610429987,17.858369318049643,241712800
2012-07-05,18.310461044311523,18.442549311226397,18.001553935071218,18.02887165100027,484383200
2012-07-06,18.18858528137207,18.26543692537125,18.05949985075574,18.22491004820402,418930400
2012-07-09,18.429046630859375,18.429346438043943,18.135450425077178,18.17117397420313,379405600
2012-07-10,18.258529663085938,18.608563299229772,18.17147016311396,18.551524592911345,511957600
2012-07-11,18.145061492919922,18.242025893623474,17.928616685502885,18.195794652573746,469322000
2012-07-12,17.979042053222656,18.11623347266167,17.7923167251582,18.01926911502098,428041600
2012-07-13,18.161273956298828,18.22791775026061,18.012074136488465,18.100634324394083,311427200
2012-07-16,18.219511032104492,18.36090462025804,18.162772109245797,18.16577499148695,301260400
2012-07-17,18.220415115356445,18.35730680799621,18.106637443291817,18.33599163122251,293624800
2012-07-18,18.199996948242188,18.26243861854272,18.11894157747206,18.209903412945167,252700000
2012-07-19,18.441957473754883,18.472877697451825,18.192189210272428,18.35069583870869,436861600
2012-07-20,18.14115333557129,18.44555700502021,18.12314085722456,18.403228081717106,397471200
2012-07-23,18.127042770385742,18.18918461691099,17.64311875193423,17.843952670630777,487975600
2012-07-24,18.039691925048828,18.302667790376407,17.967342178515405,18.233620733537823,565132400
2012-07-25,17.260669708251953,17.435686615357547,17.11146989519862,17.24536029813551,877312800
2012-07-26,17.257965087890625,17.42367511318695,17.122274262796008,17.40446179897966,406632800
2012-07-27,17.56657600402832,17.58669034895954,17.159203603879778,17.261872376453145,403936400
2012-07-30,17.862869262695312,17.995257391289098,17.64642288908582,17.73948657301538,379142400
2012-07-31,18.335092544555664,18.363312911704043,18.09373160986911,18.109041022771045,462327600
2012-08-01,18.21649932861328,18.504392708241973,18.10212211653274,18.489682921151253,384501600
2012-08-02,18.245929718017578,18.33298766049974,18.01957842626496,18.09733112025876,332158400
2012-08-03,18.483386993408203,18.55183282485943,18.359103266852895,18.42124513013055,344920800
2012-08-06,18.689022064208984,18.758668719534633,18.470175634677855,18.531115055246623,302103200
2012-08-07,18.63979148864746,18.762572970623122,18.553632982955964,18.695627779635885,290446800
2012-08-08,18.608272552490234,18.728953796867348,18.5254167249105,18.59416237179114,244706000
2012-08-09,18.714399337768555,18.744549045427622,18.626062706991544,18.627569789841687,221642400
2012-08-10,18.743637084960938,18.74544526167314,18.653191216346027,18.653492310776286,194938800
2012-08-13,18.993873596191406,18.993873596191406,18.790367577642122,18.79458934011442,278832400
2012-08-14,19.044830322265625,19.25346305971474,19.000210369186792,19.05025807420806,340169200
2012-08-15,19.01889419555664,19.114466706201995,18.926036364779677,19.033064953280075,257342400
2012-08-16,19.18501853942871,19.19768060651667,19.00894753736835,19.03035422377914,254534000
2012-08-17,19.53987693786621,19.542288914123542,19.259491943540752,19.295368882770326,442761200
2012-08-20,20.053611755371094,20.053611755371094,19.59383895593321,19.597155825016884,613384800
2012-08-21,19.779552459716797,20.346957552121225,19.606798358023944,20.224552225359734,812719600
2012-08-22,20.165773391723633,20.169692451212725,19.539879947714482,19.73012017645525,565322800
2012-08-23,19.977636337280273,20.196818590871114,19.933014786862188,20.082554059893955,420128800
2012-08-24,19.995420455932617,20.184153500731277,19.764178358481338,19.88356791740483,437340400
2012-08-27,20.371082305908203,20.527554808280247,20.306562758238414,20.501023074445232,427008400
2012-08-28,20.344547271728516,20.383741067106765,20.220031053751924,20.34997341134008,267416800
2012-08-29,20.304452896118164,20.43107841188018,20.27822386553994,20.35811855536753,202806800
2012-08-30,20.015024185180664,20.246569066185167,19.98427229420118,20.219134044958953,302699600
2012-08-31,20.056325912475586,20.157625675990076,19.81543425689173,20.11692479189243,338321200
2012-09-04,20.349679946899414,20.354804994038698,20.034020194631676,20.072008016547212,367892000
2012-09-05,20.20677375793457,20.391285110096145,20.18777904249179,20.367769146796846,336375200
2012-09-06,20.388870239257812,20.449771825670375,20.223955814946958,20.29540858832445,391196400
2012-09-07,20.51459312438965,20.57609690167258,20.373796844460625,20.442534939543762,329666400
2012-09-10,19.980955123901367,20.600515742079107,19.961659316463418,20.514893816834785,487998000
2012-09-11,19.916133880615234,20.202849862536645,19.792823627571657,20.052407296294003,503983200
2012-09-12,20.19350242614746,20.196819295380948,19.77774896903673,20.104864731339937,712233200
2012-09-13,20.59116554260254,20.667141155808807,20.34364180584617,20.422029394396457,598360000
2012-09-14,20.841407775878906,21.013257038561388,20.739201501660823,20.801611782470676,600474000
2012-09-17,21.097673416137695,21.09827560503187,20.941803100391144,21.084708643474936,398031200
2012-09-18,21.161884307861328,21.17454637238475,20.996366135318244,21.100681645780984,373503200
2012-09-19,21.167617797851562,21.224598710844987,21.091341079344748,21.11214396713121,326874800
2012-09-20,21.065114974975586,21.106118570516614,20.911957706010757,21.078983033107797,336568400
2012-09-21,21.107009887695312,21.257151296213873,21.085001019804956,21.176955547950275,571589200
2012-09-24,20.826631546020508,20.957177722380543,20.591771442557423,20.708146858684785,639766400
2012-09-25,20.306564331054688,20.886631675602807,20.290282688056774,20.75035664229869,518789600
2012-09-26,20.054519653320312,20.280937865598656,19.934526260784125,20.161849366608244,576503200
2012-09-27,20.541120529174805,20.56674736800336,19.908896303654167,20.027683689591367,594090000
2012-09-28,20.112398147583008,20.53478523362461,20.10184535373891,20.46363357662571,535110800
2012-10-01,19.879945755004883,20.40333302167418,19.79281517702199,20.234799098326288,543594800
2012-10-02,19.937841415405273,20.08979268453852,19.61645285604368,19.952915460478234,627992400
2012-10-03,20.243555068969727,20.255917655475773,19.977641919520178,20.044874553298047,424281200
2012-10-04,20.103361129760742,20.327971180462526,20.065676014299047,20.237523683092512,370725600
2012-10-05,19.674942016601562,20.079239424688446,19.635447117746292,20.055121275153073,594006000
2012-10-08,19.240201950073242,19.52330171087161,19.178094347736383,19.502799906486285,637994000
2012-10-09,19.170246124267578,19.310137495494907,18.799413713755524,19.25466366417317,838597200
2012-10-10,19.322797775268555,19.445504210704584,19.204915290816878,19.28752303622812,510356000
2012-10-11,18.93659019470215,19.512437314369173,18.93659019470215,19.491333332159478,546081200
2012-10-12,18.985130310058594,19.156074654689338,18.852173776471417,18.98060745322727,460014800
2012-10-15,19.13738441467285,19.14853940043966,18.808458856449338,19.064725654899036,432502000
2012-10-16,19.590524673461914,19.605901422943163,19.024024290871914,19.15577646676741,549771600
2012-10-17,19.434350967407227,19.68096984811612,19.41596005516466,19.562786258674315,389037600
2012-10-18,19.073469161987305,19.357472079967298,18.99387556704156,19.283005141431385,476624400
2012-10-19,18.386070251464844,19.047236576839484,18.37943651332033,19.025530405983613,744086000
2012-10-22,19.115371704101562,19.156072580785263,18.4138040686281,18.46385175238312,546730800
2012-10-23,18.49219512939453,19.11145623446007,18.442149046374777,19.02402291613632,707145600
2012-10-24,18.596811294555664,18.88985990849701,18.41018909822444,18.735799384884015,558527200
2012-10-25,18.37702751159668,18.75268553665089,18.256733023557963,18.692386135263547,656325600
2012-10-26,18.209999084472656,18.511489599385655,17.81806270319024,18.373707503414927,1018432800
2012-10-31,17.94830894470215,18.14849812369342,17.71857386457206,17.935043076610448,510003200
2012-11-01,17.985088348388672,18.179849750011122,17.913635581194562,18.03573822777721,361298000
2012-11-02,17.389949798583984,17.997452183835044,17.32814492432514,17.96549430590644,599373600
2012-11-05,17.625713348388672,17.72068208066045,17.41406649085708,17.59254948519987,529135600
2012-11-06,17.572343826293945,17.810219646724608,17.489133902415457,17.794844512470544,374917200
2012-11-07,16.89999008178711,17.400931767796436,16.831843806074627,17.379731387179703,793648800
2012-11-08,16.28667640686035,17.028095797281242,16.212171827754094,16.979635956414075,1056146000
2012-11-09,16.568647384643555,16.805489214901737,16.164622324798508,16.367543881182215,929913600
2012-11-12,16.440534591674805,16.793980903583467,16.31393567266302,16.783379908103733,515802000
2012-11-13,16.442655563354492,16.672228424435378,16.24457998494297,16.32181165201516,532949200
2012-11-14,16.260326385498047,16.58045731137014,16.23912601542036,16.5213980977708,477170400
2012-11-15,15.919301986694336,16.33968148730604,15.828443001450717,16.280017317888678,789910800
2012-11-16,15.981695175170898,16.051960349844272,15.317507226547992,15.906584014831417,1266893600
2012-11-19,17.134103775024414,17.187710466213304,16.35119246200291,16.37632979794421,823317600
2012-11-20,16.98811912536621,17.322485610490386,16.796405106326795,17.321274114276388,642754000
2012-11-21,17.012048721313477,17.183773883179843,16.857585360813225,17.089280401563602,373002000
2012-11-23,17.308853149414062,17.323997659155495,17.039302550312254,17.177712338102932,272826400
2012-11-26,17.854923248291016,17.86915711344602,17.375787084903386,17.442115279041037,630579600
2012-11-27,17.71106719970703,17.881884964466103,17.569325349795548,17.855534512264164,533330000
2012-11-28,17.65533447265625,17.741954015723376,17.33187149082512,17.48360773475862,520864400
2012-11-29,17.849773406982422,17.9978751583431,17.725296637113985,17.875821380551574,514698800
2012-11-30,17.72620391845703,17.820698991291838,17.647458294008807,17.77193668046609,391319600
2012-12-03,17.753767013549805,18.008176367084886,17.732869108143298,17.979707014680866,364280000
2012-12-04,17.44060516357422,17.620810805385556,17.327939233097258,17.620810805385556,557068400
2012-12-05,16.318180084228516,17.240712738972274,16.317573527297633,17.23041582851361,1044638000
2012-12-06,16.574106216430664,16.757944756842495,15.707601484451445,16.01985866232033,1177212400
2012-12-07,16.150386810302734,16.815179467817593,16.05195478245613,16.760663765467054,787040800
2012-12-10,16.046497344970703,16.309687869020305,15.796934123491948,15.90051456290226,630484400
2012-12-11,16.396923065185547,16.644365903050012,16.275170125359608,16.347858278652794,592345600
2012-12-12,16.324535369873047,16.59711550676087,16.24185278765818,16.59014900021524,487144000
2012-12-13,16.042570114135742,16.283350567818083,15.924754114876245,16.08678892257293,625259600
2012-12-14,15.439865112304688,15.692456453668687,15.312358753950123,15.590087432814924,1009579200
2012-12-17,15.713655471801758,15.749091334506259,15.180610035157864,15.413817413689568,757607200
2012-12-18,16.170076370239258,16.200362158571032,15.756661772636923,15.900524119667715,625685200
2012-12-19,15.940201759338379,16.164021273253542,15.915669361379562,16.096481561433908,449369200
2012-12-20,15.801480293273926,16.05800844392994,15.715163245916422,16.05195096538869,481689600
2012-12-21,15.728793144226074,15.73909004964299,15.453485984267395,15.521025661079952,596268400
2012-12-24,15.754236221313477,15.877805582005253,15.710017424745702,15.759688762217346,175753200
2012-12-26,15.537078857421875,15.732731398872254,15.480140168388747,15.718798387471441,302436400
2012-12-27,15.599472999572754,15.635513795719078,15.284490481021878,15.553436147408824,455120400
2012-12-28,15.433805465698242,15.581908859824917,15.38928419179871,15.455007458732759,354278400
2012-12-31,16.117679595947266,16.215506703824303,15.41593698094027,15.462274690079692,659492400
2013-01-02,16.628313064575195,16.80912523764561,16.404192731860814,16.77338690758647,560518000
2013-01-03,16.41843032836914,16.647700785248464,16.38511498320463,16.593487529731696,352965200
2013-01-04,15.961094856262207,16.3133296486231,15.925659001283984,16.263053371450923,594333600
2013-01-07,15.867206573486328,16.030753689677994,15.603711840753448,15.809661319186633,484156400
2013-01-08,15.909913063049316,16.109200162897203,15.786950230948024,16.028031527381923,458707200
2013-01-09,15.661258697509766,15.900826003119082,15.627639273921446,15.824805830435539,407604400
2013-01-10,15.855401039123535,16.013193197774747,15.613409066925495,16.008044742140054,601146000
2013-01-11,15.7581787109375,15.910217457497458,15.719410828158805,15.779379088089552,350506800
2013-01-14,15.196361541748047,15.370509711812195,15.098231944833035,15.224526812913755,734207600
2013-01-15,14.71692180633545,15.11276895385155,14.639992593803218,15.09187104535685,876772400
2013-01-16,15.32780647277832,15.429268100007846,14.916211420575344,14.98102406250697,690804800
2013-01-17,15.224526405334473,15.468941364351837,15.204841610014297,15.455614903493748,453678400
2013-01-18,15.143353462219238,15.210589062233758,15.034320442555586,15.098528111391623,472922800
2013-01-22,15.287824630737305,15.382015635788271,15.04129079926961,15.281464679646678,461546400
2013-01-23,15.567672729492188,15.597353577528652,15.287823578373438,15.410181459104473,861509600
2013-01-24,13.644163131713867,14.10542934265375,13.636590068157734,13.931886169850518,1460852400
2013-01-25,13.32252025604248,13.817707654570897,13.174720938630939,13.68020686471538,1208026400
2013-01-28,13.623873710632324,13.726242729006836,13.200768707165025,13.26043369105306,785517600
2013-01-29,13.879486083984375,13.93794035119419,13.693223055267103,13.88645258911381,571158000
2013-01-30,13.83587646484375,14.010631125340577,13.765308843957646,13.841024918526717,417155200
2013-01-31,13.795294761657715,13.910081199937624,13.77984939769279,13.840422592280962,319334400
2013-02-01,13.73865795135498,13.916138099600106,13.579047776295901,13.904932164206103,539484400
2013-02-04,13.396417617797852,13.808922342863955,13.386725648811655,13.747440127721383,477117200
2013-02-05,13.866469383239746,13.924014647753346,13.393390599913207,13.448815341567167,573347600
2013-02-06,13.8516263961792,14.128748435707168,13.7071575134768,13.824973482969282,593706400
2013-02-07,14.2634916305542,14.317714972363586,13.833959270312711,14.112089595926001,704580800
2013-02-08,14.469420433044434,14.586094389775825,14.264401929169097,14.43956660740097,633158400
2013-02-11,14.620218276977539,14.772840531621714,14.416725733580298,14.51572984486913,517490400
2013-02-12,14.253742218017578,14.694850025754501,14.248867990733526,14.607419794030536,609053200
2013-02-13,14.226625442504883,14.428596700634715,14.111170065648638,14.232718224771414,475207600
2013-02-14,14.213834762573242,14.367673890503974,14.135544525638814,14.150775671438659,355275200
2013-02-15,14.017952919006348,14.322585524289924,14.010641580296072,14.282677393768545,391745200
2013-02-19,14.012777328491211,14.096247658751002,13.825734547348501,14.046592687600278,435783600
2013-02-20,13.673416137695312,13.94271065172038,13.671891721687812,13.94271065172038,476302400
2013-02-21,13.588425636291504,13.683167214521717,13.489724968343545,13.586597800952326,447182400
2013-02-22,13.733124732971191,13.757190008463242,13.60487448285788,13.685602646902858,330654800
2013-02-25,13.489112854003906,13.864419327431515,13.482105747038164,13.825731376736053,372579200
2013-02-26,13.67707347869873,13.755363719974714,13.332534269060282,13.520187136761038,501499600
2013-02-27,13.543036460876465,13.782782257092089,13.423621131724023,13.660623954575192,587350400
2013-02-28,13.446468353271484,13.643564650951367,13.446468353271484,13.52719571694697,322515200
2013-03-01,13.11350154876709,13.348373042679938,13.098574637353082,13.342888724600742,552448400
2013-03-04,12.796075820922852,13.044350642049402,12.764089114994677,13.032165075323293,582755600
2013-03-05,13.1339111328125,13.257287139573044,12.817398788651857,12.839637039532525,638433600
2013-03-06,12.966975212097168,13.25911810254272,12.92950499740924,13.236574801853521,460250000
2013-03-07,13.116854667663574,13.160417667064584,12.826844653388916,12.93163809909383,468473600
2013-03-08,13.15158462524414,13.26460293906428,13.056843852833174,13.093095516587669,391482000
2013-03-11,13.338932037353516,13.373660908339499,12.951134852629886,13.09157068557419,474236000
2013-03-12,13.051359176635742,13.369700247629352,13.025161017133053,13.269781023689907,465911600
2013-03-13,13.048922538757324,13.236271192158242,12.95783825561703,13.0519697445288,405549200
2013-03-14,13.17534351348877,13.24053385742933,13.112892888519907,13.185395386212422,303875600
2013-03-15,13.515315055847168,13.532679085346015,13.320044968655269,13.340760436434602,643960800
2013-03-18,13.882699012756348,13.93570378798921,13.440372699217802,13.447988271742817,606197200
2013-03-19,13.845232009887695,14.042633345533376,13.662755962520032,13.997850973052369,526775200
2013-03-20,13.771812438964844,13.94088433689686,13.695959316727182,13.934487320839926,308660800
2013-03-21,13.79161548614502,13.95154741733082,13.711498217760774,13.715153888429054,383255600
2013-03-22,14.071267127990723,14.077054052427112,13.803191147970935,13.847971888795113,395105200
2013-03-25,14.122142791748047,14.316194324957937,14.067309356058502,14.155956526835025,501135600
2013-03-26,14.047810554504395,14.190986909194569,14.02922797029587,14.178801341367407,294294000
2013-03-27,13.771812438964844,13.915598878209966,13.730687369817547,13.905241959537932,331237200
2013-03-28,13.484851837158203,13.763894863813652,13.453170170736945,13.70296864480784,442839600
2013-04-01,13.065980911254883,13.516532117411225,13.030339345232095,13.461697875164731,389732000
2013-04-02,13.092789649963379,13.347157304972988,12.989518985088308,13.026075692527169,529519200
2013-04-03,13.159807205200195,13.320957678874741,13.108628633873561,13.140919575101918,363216000
2013-04-04,13.029729843139648,13.251502308838798,12.954485991381933,13.213728673445754,358447600
2013-04-05,12.892037391662598,12.945348035277712,12.784806012533084,12.931638863572916,383695200
2013-04-08,12.983732223510742,13.023029466780848,12.870409675746174,12.942302098751592,300829200
2013-04-09,13.007186889648438,13.053490421325046,12.878327354619952,12.98830007262747,306614000
2013-04-10,13.272522926330566,13.314258094553587,12.977638656221984,13.041307035780859,375928000
2013-04-11,13.231095314025879,13.342590033856297,13.135744441986292,13.212511911688809,328364400
2013-04-12,13.093095779418945,13.225610194299364,13.071466799122355,13.225610194299364,238613200
2013-04-15,12.789981842041016,13.034906016151934,12.7808426678507,13.007793539448489,317520000
2013-04-16,12.984644889831543,12.99591532051689,12.81191811679405,12.84238122460607,305771200
2013-04-17,12.270586967468262,12.812833419038824,12.127714826369234,12.802779917525223,945056000
2013-04-18,11.943107604980469,12.361672128261716,11.872737165937469,12.337301804323014,666299200
2013-04-19,11.896801948547363,12.173103587441615,11.731385718775746,11.818815944376205,609274400
2013-04-22,12.144768714904785,12.252305099887934,11.919342282540208,11.961075806713794,429920400
2013-04-23,12.372031211853027,12.440573009615761,12.14903934763631,12.306839225663838,664238400
2013-04-24,12.351617813110352,12.649852672941114,11.95681436135933,11.988496837883668,969651200
2013-04-25,12.440573692321777,12.60994905771401,12.398534286877117,12.527393849889664,384837600
2013-04-26,12.709256172180176,12.757083306266106,12.436610189841863,12.484133091456526,764097600
2013-04-29,13.102843284606934,13.20946457535456,12.794554889714972,12.808263248416136,640326400
2013-04-30,13.488508224487305,13.563752902546856,13.162247300421093,13.254550963816717,691538400
2013-05-01,13.382186889648438,13.553999302140157,13.232917774147825,13.539681668887154,506909200
2013-05-02,13.57197380065918,13.665494361339356,13.42300809993046,13.458040382813829,421828400
2013-05-03,13.707845687866211,13.806851424176857,13.682560219889215,13.748360680082857,361300800
2013-05-06,14.034717559814453,14.080106783376426,13.839751655186344,13.882399531685628,496641600
2013-05-07,13.972264289855957,14.188248232768453,13.821166474192339,14.164487184490493,483753200
2013-05-08,14.130056381225586,14.176665757200675,13.885437282727818,13.98383286578389,472598000
2013-05-09,14.006786346435547,14.197828280250736,13.970295558556263,14.100008010489605,398487600
2013-05-10,13.89026165008545,14.096943446001724,13.813906446979365,14.043586186384372,334852000
2013-05-13,13.944539070129395,14.041440619298196,13.845185913404302,13.84549215963879,316948800
2013-05-14,13.610902786254883,13.958642009519515,13.55846509391597,13.917244736390856,447118000
2013-05-15,13.15062427520752,13.523203067559383,12.951610104009726,13.466780072214691,741613600
2013-05-16,13.326334953308105,13.426609297309104,12.84551038879203,12.978595656972713,603204000
2013-05-17,13.285858154296875,13.495299460744263,13.216862679778908,13.46340809181415,427904400
2013-05-20,13.582386016845703,13.670394128732935,13.188955471876046,13.24445890834319,451578400
2013-05-21,13.482110977172852,13.660580436484073,13.314681119109755,13.435807211308813,456022000
2013-05-22,13.533935546875,13.748590381744318,13.437954387119742,13.616730924693158,443038400
2013-05-23,13.558159828186035,13.681432918048538,13.363438033415783,13.368344522824042,353021200
2013-05-24,13.65046215057373,13.666101177331187,13.50357779753015,13.51860351306496,276166800
2013-05-28,13.536698341369629,13.833227431320923,13.518606884050401,13.79612414019895,386145200
2013-05-29,13.644331932067871,13.722527901279214,13.47414171646938,13.492541057050964,330576400
2013-05-30,13.847640037536621,13.937181856678485,13.630838979605217,13.665796907606575,353519600
2013-05-31,13.790909767150879,14.016909659784417,13.783856277748178,13.875849697812699,384302800
2013-06-03,13.821266174316406,13.871556058832718,13.568587672721904,13.821572420519498,372352400
2013-06-04,13.778029441833496,13.935033860350464,13.71915319430973,13.89792893586586,292728800
2013-06-05,13.649234771728516,13.821264875367229,13.606303807362416,13.665793354982274,290589600
2013-06-06,13.445318222045898,13.707196463491432,13.310086740272848,13.660279368661579,416934000
2013-06-07,13.548043251037598,13.59189378043407,13.270832277172737,13.385212786757357,404535600
2013-06-10,13.458502769470215,13.770977126627136,13.394413779816075,13.63758559136843,450153200
2013-06-11,13.41894245147705,13.57717348080229,13.287697117524576,13.361906960959553,286112400
2013-06-12,13.253045082092285,13.53086932561331,13.23188625497512,13.477205823525438,265227200
2013-06-13,13.368653297424316,13.404837844813857,13.147559899108973,13.262553719263988,285832400
2013-06-14,13.187421798706055,13.378770791117793,13.139890592060624,13.351478853248615,271866000
2013-06-17,13.247218132019043,13.360678247513261,13.196928251292777,13.23004623725692,259414400
2013-06-18,13.240163803100586,13.336144946782229,13.192327173170531,13.233724445726914,195025600
2013-06-19,12.971237182617188,13.23679441676555,12.971237182617188,13.228821370106646,310940000
2013-06-20,12.782341957092285,13.062617855323932,12.731131691127743,12.857777610305963,357310800
2013-06-21,12.679919242858887,12.879241302351533,12.514329301683551,12.832936712990552,481118400
2013-06-24,12.343830108642578,12.531499212543789,12.206144631531211,12.492861431774719,480746000
2013-06-25,12.346595764160156,12.50482600354027,12.230069060291509,12.440737012426752,314162800
2013-06-26,12.206762313842773,12.412829992020251,12.13285953245473,12.385538049329554,367724000
2013-06-27,12.075207710266113,12.308567304457537,12.067848794546862,12.242945461157115,337246000
2013-06-28,12.159538269042969,12.274224204667963,11.924644958514397,12.001000985696477,578516400
2013-07-01,12.548675537109375,12.642204285383865,12.30335674037498,12.348434713088045,391053600
2013-07-02,12.832937240600586,12.929225471894002,12.556341228587737,12.5713669452177,469865200
2013-07-03,12.903775215148926,12.97062533352333,12.801048429865457,12.905615149200706,240928800
2013-07-05,12.800126075744629,12.980129244551318,12.736650407866135,12.891201568975779,274024800
2013-07-08,12.727449417114258,12.90990582373238,12.59252422152445,12.88261470218669,298138400
2013-07-09,12.951302528381348,12.986566692141936,12.584244393604392,12.682985034742051,352584400
2013-07-10,12.901626586914062,13.026433383899795,12.825578445563865,12.866975728241291,281405600
2013-07-11,13.102787017822266,13.132225955400475,12.91511870380149,12.969701762880984,326292400
2013-07-12,13.078869819641113,13.17945040845782,12.983809032092905,13.113827742168144,279563200
2013-07-15,13.107385635375977,13.23065872237464,13.026431018540439,13.032871195159176,241917200
2013-07-16,13.192023277282715,13.207661485450565,13.007113625473325,13.079175648188356,216538000
2013-07-17,13.19539737701416,13.253968199688336,13.131308390042967,13.17669260968418,198990400
2013-07-18,13.239863395690918,13.33523045146593,13.204599218815206,13.289539980897782,218878800
2013-07-19,13.031035423278809,13.307938541116526,13.012636082549243,13.280953660220094,268721600
2013-07-22,13.072739601135254,13.178226703320908,13.046981341686745,13.169334097617542,207796400
2013-07-23,12.848273277282715,13.092671722360324,12.839686917911779,13.063233594785984,369395600
2013-07-24,13.5081787109375,13.633290938785041,13.34718818203121,13.459727937848992,591936800
2013-07-25,13.446541786193848,13.535470283161807,13.364053467017044,13.514005207431689,229493600
2013-07-26,13.52289867401123,13.524431542872517,13.318977166207713,13.348415290370163,200152400
2013-07-29,13.731416702270508,13.798879294699045,13.498670430856045,13.517068947500178,248057600
2013-07-30,13.900997161865234,14.0184434178676,13.775577039580007,13.797962494133396,309422400
2013-07-31,13.876768112182617,14.024265774879273,13.781707330204156,13.952204572925371,322957600
2013-08-01,14.004032135009766,14.007712003570795,13.899158337541458,13.975515200762667,206250800
2013-08-02,14.18372631072998,14.193233045940293,14.003417689428456,14.044814976706022,274783600
2013-08-05,14.39561939239502,14.433030561519887,14.171766507764083,14.249654583564238,318855600
2013-08-06,14.26683235168457,14.47044685508415,14.17238401908803,14.351773946683613,334857600
2013-08-07,14.25854778289795,14.320491405733252,14.160113365751727,14.222363234818793,298858000
2013-08-08,14.230154037475586,14.325534247821865,14.135698632224527,14.31812591609653,255777200
2013-08-09,14.027657508850098,14.213170701614466,14.002964727809378,14.15699169867123,266865200
2013-08-12,14.42615795135498,14.465975663650992,14.09495087733191,14.10205093888937,364434000
2013-08-13,15.111722946166992,15.268837576778338,14.447455845153804,14.53666407778415,881941200
2013-08-14,15.38736629486084,15.56485299505895,15.229943408941251,15.368228933924241,756372400
2013-08-15,15.369162559509277,15.507758080811913,15.096603786272187,15.323171213209324,490294000
2013-08-16,15.50559139251709,15.524420489283797,15.398482153038884,15.438299873517177,362306000
2013-08-19,15.672576904296875,15.857780161262275,15.557132930845988,15.567627238071296,510518400
2013-08-20,15.466693878173828,15.759934471181152,15.458977280751535,15.733388782590852,358688400
2013-08-21,15.506509780883789,15.654363117483753,15.47070286456884,15.544476223020412,335879600
2013-08-22,15.525032997131348,15.606214704253007,15.378104426809973,15.587385612372579,244207600
2013-08-23,15.465158462524414,15.537078966096436,15.413610049883514,15.53460952183241,222731600
2013-08-26,15.525343894958496,15.748515300207904,15.449101069315043,15.456817667516924,330965600
2013-08-27,15.081472396850586,15.511147342544351,15.010786634127811,15.371933695393635,424188800
2013-08-28,15.15277099609375,15.304021891084965,15.001521749595684,15.001521749595684,307608000
2013-08-29,15.17746639251709,15.325629669298461,15.159872024005468,15.175923402830321,239657600
2013-08-30,15.039185523986816,15.216054068348726,15.016960531069543,15.186730661286534,272297200
2013-09-03,15.08116340637207,15.452188224312152,15.043196949054636,15.220683666676061,331928800
2013-09-04,15.39322566986084,15.50280594695875,15.318835773446954,15.42008126979167,345032800
2013-09-05,15.287663459777832,15.454657495626124,15.237349790928306,15.441383826297583,236367600
2013-09-06,15.37872314453125,15.414528422924588,15.123450632111108,15.385514937670317,359525600
2013-09-09,15.624112129211426,15.678129943679444,15.541079191682755,15.58799694734603,340687200
2013-09-10,15.268218994140625,15.6636299622283,15.109561377625168,15.625045321397073,743195600
2013-09-11,14.436962127685547,14.621547242603237,14.347445633291766,14.415353674801423,898696400
2013-09-12,14.590677261352539,14.674326746781373,14.384482095774546,14.461343086613073,404051200
2013-09-13,14.350225448608398,14.564135645873927,14.344053488014984,14.487276273355928,298835600
2013-09-16,13.894004821777344,14.248669967621785,13.804489973258907,14.229842522732573,543706800
2013-09-17,14.054512977600098,14.19002077349838,13.81313070095867,13.827329173557201,399380800
2013-09-18,14.343437194824219,14.394985601131191,14.219350108545205,14.297135944810021,456862000
2013-09-19,14.578646659851074,14.687608819208174,14.48450116496645,14.529259426770205,404541200
2013-09-20,14.427698135375977,14.771558978725194,14.384174618128798,14.7545827958371,699302800
2013-09-23,15.14474868774414,15.338286761682689,14.896574596118263,15.313284061858784,762106800
2013-09-24,15.097211837768555,15.293835879767894,15.057702398115667,15.275624973945495,364344400
2013-09-25,14.863547325134277,15.113880948116819,14.860461345375667,15.100300658986788,316957200
2013-09-26,15.008316040039062,15.080544787357963,14.936703829328568,15.001525894878581,237221600
2013-09-27,14.901204109191895,14.960469092030648,14.838543230143083,14.932996951088592,228040400
2013-09-30,14.716001510620117,14.867559046671875,14.643771124598778,14.731434705661467,260156400
2013-10-01,15.062026977539062,15.098450447056072,14.766316870777349,14.76847804609017,353883600
2013-10-02,15.11141300201416,15.180555770090338,14.932075029140513,14.990105301696545,289184000
2013-10-03,14.921576499938965,15.197530988094078,14.839161723891301,15.140733798552409,322753200
2013-10-04,14.9098539352417,14.958314714976446,14.7731113533797,14.935473181350407,258868400
2013-10-07,15.055545806884766,15.206795116007672,14.981464142550442,15.01881406731118,312292400
2013-10-08,14.845328330993652,15.144740738188375,14.832981121698344,15.123132297675301,290917200
2013-10-09,15.019732475280762,15.056772467425265,14.76322529571439,14.959541045614456,301725200
2013-10-10,15.11387825012207,15.198454192030434,15.033623008803158,15.165736548154491,278602800
2013-10-11,15.2117338180542,15.24352666971826,14.97559861889858,15.03208590787093,267738800
2013-10-14,15.311431884765625,15.358967843523024,15.10493004866967,15.119746708307328,261898000
2013-10-15,15.392924308776855,15.495404572385018,15.295384580992673,15.35680910729811,320073600
2013-10-16,15.46793270111084,15.51176450270561,15.409902422433978,15.458054926273281,251101200
2013-10-17,15.572575569152832,15.581218623842775,15.423795677511254,15.433055269003416,253593200
2013-10-18,15.708081245422363,15.71950201111887,15.609923325007705,15.618566378493094,290542000
2013-10-21,16.092998504638672,16.183748096477387,15.78926349471527,15.796980094885969,398106800
2013-10-22,16.046995162963867,16.311837084179945,15.681525939141167,16.248867953008496,534063600
2013-10-23,16.204116821289062,16.22603354377891,16.02014658336922,16.02014658336922,313723200
2013-10-24,16.418643951416016,16.435930054068063,16.126639706978846,16.20535032526298,384764800
2013-10-25,16.234989166259766,16.459393714810254,16.20875173507617,16.400436973867166,337792000
2013-10-28,16.35598373413086,16.390555940847904,16.15009842927145,16.330054579093076,550440800
2013-10-29,15.948535919189453,16.645212463492093,15.882480773997369,16.553228159859128,635807200
2013-10-30,16.20226287841797,16.283134664334376,15.959027687175642,16.038974668332397,354163600
2013-10-31,16.134357452392578,16.282212506906667,16.090217383270044,16.20535313348386,275696400
2013-11-01,16.051939010620117,16.19917584654342,15.922604812948945,16.175099600533073,274890000
2013-11-04,16.259366989135742,16.26152816393503,16.014280535333498,16.084966282258538,244627600
2013-11-05,16.21923828125,16.32542267717388,16.143613653255528,16.19238432615398,265213200
2013-11-06,16.173290252685547,16.29561791303835,16.088840641442868,16.273573233344816,223375600
2013-11-07,15.911556243896484,16.243765136742983,15.908142179168873,16.131684658227766,262620400
2013-11-08,16.162113189697266,16.179810284160975,15.914663935289697,15.97644873187049,279316800
2013-11-11,16.115234375,16.196578346885218,15.971173733201892,16.144418916749597,227452400
2013-11-12,16.145034790039062,16.26643056706847,16.05158161383874,16.072382701389227,204276800
2013-11-13,16.164283752441406,16.21458109678598,16.05033789949227,16.082628084887084,197220800
2013-11-14,16.3980655670166,16.432837941650273,16.20277584599212,16.23196036584941,282419200
2013-11-15,16.299654006958008,16.426947732751554,16.28413070539647,16.34901949874289,317920400
2013-11-18,16.10219383239746,16.36796203122163,16.08884432079153,16.299657499971513,244944000
2013-11-19,16.130765914916992,16.249677935832796,16.081710457358685,16.114620807928812,208938800
2013-11-20,15.989484786987305,16.1577638409215,15.968683699847894,16.12081600315925,193916800
2013-11-21,16.18012046813965,16.18229426098216,15.948196171825733,16.070212109203137,262026800
2013-11-22,16.138521194458008,16.211793454487886,16.099091134636545,16.12982767874548,223725600
2013-11-25,16.260848999023438,16.326979742763786,16.175779224743707,16.17639936109651,229311600
2013-11-26,16.560766220092773,16.645837644213245,16.26892079539695,16.27264492938858,401382800
2013-11-27,16.950721740722656,16.951963671248,16.560763846356537,16.65111304848645,363448400
2013-11-29,17.264612197875977,17.334778780238516,17.008159366600076,17.060008718644802,318127600
2013-12-02,17.114337921142578,17.521059265310882,17.101608551703098,17.324529209014923,472544800
2013-12-03,17.582849502563477,17.58471322741562,17.314599140837817,17.333848234973512,450968000
2013-12-04,17.5418701171875,17.67195945811731,17.4120908444074,17.557393422094517,377809600
2013-12-05,17.63190269470215,17.856687117552216,17.585642861018968,17.77937902458671,447580000
2013-12-06,17.38724708557129,17.596198136166528,17.37327744178303,17.56639180777036,344352400
2013-12-09,17.58626937866211,17.68406852918326,17.414576173294144,17.414576173294144,320493600
2013-12-10,17.55894660949707,17.63128866414685,17.423889536556274,17.49778359017812,278269600
2013-12-11,17.428852081298828,17.727220478789818,17.377004387454377,17.60396095602558,359718800
2013-12-12,17.403392791748047,17.55242112273046,17.3875594228196,17.45307000748753,262290000
2013-12-13,17.21369743347168,17.476049915647238,17.190102407329096,17.475118053054675,332822000
2013-12-16,17.309009552001953,17.468595137094667,17.23170310767988,17.232013175781212,282592800
2013-12-17,17.231082916259766,17.369243969085698,17.181095622568353,17.25654166530073,229902400
2013-12-18,17.100061416625977,17.12117423711368,16.728422384632687,17.066841016212,565863200
2013-12-19,16.904151916503906,17.076155166687492,16.881487096611107,17.060631862580653,320308800
2013-12-20,17.045726776123047,17.126140533283113,16.915327388442595,16.934266414243822,436413600
2013-12-23,17.699899673461914,17.719458836022046,17.47232128921807,17.63500921679943,501306400
2013-12-24,17.624765396118164,17.75547485589803,17.57384624350647,17.69369005454934,167554800
2013-12-26,17.507726669311523,17.681593741064912,17.491581561855128,17.638126144066923,204008000
2013-12-27,17.38942527770996,17.523550473190266,17.371108044004053,17.505233239484358,225884400
2013-12-30,17.21648597717285,17.389421049324394,17.148181465377476,17.307767029725344,253629600
2013-12-31,17.418298721313477,17.426370441093376,17.200344047955127,17.20562349655398,223084400
2014-01-02,17.173330307006836,17.294416031303555,17.138867982714352,17.252502124766533,234684800
2014-01-03,16.79610252380371,17.191026411336843,16.779025567612894,17.164947533099234,392467600
2014-01-06,16.887691497802734,16.976797092756694,16.566970053340242,16.68650376889563,412610800
2014-01-07,16.76692008972168,16.950720823168314,16.701099433559715,16.899803332503723,317209200
2014-01-08,16.87310028076172,16.93829913345473,16.725003825251203,16.72872795798304,258529600
2014-01-09,16.657634735107422,16.978666352263563,16.621308677483636,16.976802627196502,279148800
2014-01-10,16.546485900878906,16.790519496230083,16.489668811167316,16.7604030892835,304976000
2014-01-13,16.63310432434082,16.843295657149636,16.45147573281678,16.452407595152902,378492800
2014-01-14,16.96407699584961,16.974632578799252,16.693030982270226,16.710418013814362,332561600
2014-01-15,17.304672241210938,17.392847694168967,17.12770119878342,17.185450167823667,391638800
2014-01-16,17.208105087280273,17.288828906901596,17.128311471890473,17.228286042185605,229278000
2014-01-17,16.786483764648438,17.140425749793746,16.762577011430857,17.12210851419972,426739600
2014-01-21,17.047283172607422,17.07832978231624,16.77872104478659,16.796418142918515,328526800
2014-01-22,17.1230411529541,17.302494357126353,17.00816503665911,17.10441219022876,379985200
2014-01-23,17.268028259277344,17.277963703900586,16.915018197628665,17.074292063478918,403239200
2014-01-24,16.954130172729492,17.250633082076163,16.913146483019105,17.200335746490335,429354800
2014-01-27,17.091676712036133,17.22518175634849,16.944202021959807,17.078327202475812,554878800
2014-01-28,15.725586891174316,15.98948967628995,15.588044323863048,15.795753481340933,1065523200
2014-01-29,15.547060012817383,15.752595347382627,15.480929292095958,15.64641278605177,502810000
2014-01-30,15.516946792602539,15.725587824928015,15.421321449081576,15.602638349072224,678501600
2014-01-31,15.542407989501953,15.571282467043922,15.323523067521933,15.374130505735922,464797200
2014-02-03,15.571279525756836,15.763775453636182,15.502044796112482,15.604811652151227,401464000
2014-02-04,15.796686172485352,15.81748892737851,15.609469669039505,15.705406748217191,376681200
2014-02-05,15.914668083190918,15.998185855454372,15.717826199959495,15.727451578029129,328344800
2014-02-06,16.007431030273438,16.038353223653672,15.86063317987853,15.930909527343339,257765200
2014-02-07,16.231369018554688,16.332877782916878,16.15953307334029,16.284466167304622,370280400
2014-02-10,16.522159576416016,16.615860272152347,16.17890450697625,16.19951819298596,345559200
2014-02-11,16.739852905273438,16.795759047411227,16.538083041170577,16.57275332295641,282256800
2014-02-12,16.738601684570312,16.852292184420925,16.6548976003395,16.770773237001702,308100800
2014-02-13,17.0044002532959,17.017517747004042,16.684881525895634,16.699248384149477,307398000
2014-02-14,16.990657806396484,17.052814117718132,16.903831129177107,16.94318361546915,272924400
2014-02-18,17.053125381469727,17.215537783318222,17.04125558316482,17.05343730562417,260251600
2014-02-19,16.783893585205078,17.08123571041305,16.689569052806753,17.01439553325854,313768000
2014-02-20,16.589616775512695,16.772332556508037,16.522464693502542,16.647085866910576,305858000
2014-02-21,16.40534782409668,16.696443186181302,16.38504606060667,16.640847279754386,278784800
2014-02-24,16.477182388305664,16.551206838440716,16.316956767904276,16.339757259339134,288909600
2014-02-25,16.305707931518555,16.540269860762834,16.272600606356306,16.534336630432215,231952000
2014-02-26,16.158597946166992,16.397533481701597,16.103939501227988,16.354119317076734,276217200
2014-02-27,16.48093032836914,16.51559894798858,16.117997386837292,16.152042158124473,301882000
2014-02-28,16.43626594543457,16.639595454110584,16.30758305515573,16.524967499064804,371968800
2014-03-03,16.48373794555664,16.57400244404136,16.329132010474165,16.34818440175355,238781200
2014-03-04,16.592432022094727,16.63615978594997,16.48405255504416,16.58493750204889,259140000
2014-03-05,16.627408981323242,16.70205557839367,16.526524066183548,16.582433535035786,200062800
2014-03-06,16.57712745666504,16.692379261643072,16.49435913288859,16.640843386363,185488800
2014-03-07,16.567441940307617,16.61554163358904,16.430327122460966,16.58774369391173,220729600
2014-03-10,16.582429885864258,16.65770198253515,16.501846741110217,16.502472257137597,178584000
2014-03-11,16.743911743164062,16.826680058409973,16.6345948486063,16.723923578682165,279224400
2014-03-12,16.76015281677246,16.783265225690677,16.616167313176867,16.69456368346752,199326400
2014-03-13,16.574003219604492,16.855415492268758,16.527464807630352,16.78607826255761,257742800
2014-03-14,16.387853622436523,16.5815001299098,16.335068385477975,16.515909322904456,237199200
2014-03-17,16.451885223388672,16.552768518034636,16.424087271912562,16.481869980408444,199544800
2014-03-18,16.597431182861328,16.615234214388586,16.403784641489427,16.425647691637252,209647200
2014-03-19,16.593059539794922,16.748601291302702,16.522471260793697,16.624293660601623,224756000
2014-03-20,16.51308822631836,16.63708549850115,16.470923449071,16.550255548362255,208398400
2014-03-21,16.643339157104492,16.67082517477366,16.43907390939657,16.613979926797718,374046400
2014-03-24,16.840736389160156,16.88165182591879,16.71174158827731,16.81668653930138,355700800
2014-03-25,17.02189064025879,17.04562856795385,16.853229753249376,16.912887330651806,282293200
2014-03-26,16.859163284301758,17.147135966664028,16.830429568519456,17.06967703482943,299768000
2014-03-27,16.78670310974121,16.912887267394204,16.7136177820714,16.866660776792504,222031600
2014-03-28,16.767963409423828,16.83292870412363,16.686444449882035,16.813564385789228,200564000
2014-03-31,16.764211654663086,16.89133155016298,16.738910777142813,16.84198249547962,168669200
2014-04-01,16.917572021484375,16.924444361226517,16.765152867047988,16.796073391756742,200760000
2014-04-02,16.9456787109375,16.974726017199472,16.874154681696254,16.940369329070506,180420800
2014-04-03,16.828245162963867,16.94412081909781,16.79232717909313,16.90945219991937,162344000
2014-04-04,16.610546112060547,16.86603533800292,16.57181747698948,16.86010210710673,275251200
2014-04-07,16.349750518798828,16.581815452011003,16.300403109407572,16.49186285106988,289850400
2014-04-08,16.348812103271484,16.43251786644579,16.20076489489925,16.403470555459432,243888400
2014-04-09,16.563695907592773,16.569005289710915,16.304458611799905,16.323822927542757,206169600
2014-04-10,16.35005760192871,16.623661722324844,16.340374611208283,16.574936512689288,239652000
2014-04-11,16.229183197021484,16.329754516902366,16.152036205753998,16.210129141210707,271717600
2014-04-14,16.293834686279297,16.30882538749867,16.154221166599754,16.30070535483639,205674000
2014-04-15,16.177648544311523,16.292586727585004,15.970570991931426,16.249798083964254,266490000
2014-04-16,16.210447311401367,16.2754126025896,16.058340090353177,16.180462560986708,214765600
2014-04-17,16.395658493041992,16.483737854234676,16.216378861543838,16.24136615096635,284334400
2014-04-21,16.59024429321289,16.620539296953954,16.365050097636306,16.40815233839553,182548800
2014-04-22,16.606801986694336,16.61086200524981,16.444387900125133,16.500919571802857,202563200
2014-04-23,16.389724731445312,16.58899418802072,16.380353664194025,16.524340829768686,394940000
2014-04-24,17.733386993408203,17.803037815964043,17.513503836972408,17.74713000344359,759911600
2014-04-25,17.863637924194336,17.865197545416194,17.61439544054466,17.632196807046977,390275200
2014-04-28,18.555450439453125,18.607298233981908,17.882681811209252,17.890491590638,669485600
2014-04-29,18.500476837158203,18.614479257060204,18.412399146352946,18.544516516582487,337377600
2014-04-30,18.430517196655273,18.72223800381445,18.421459719968055,18.5101629419336,456640800
2014-05-01,18.473926544189453,18.57762043745374,18.314011261518385,18.490166610863966,244048000
2014-05-02,18.508283615112305,18.55888370522423,18.418644642225384,18.500789097068036,191514400
2014-05-05,18.770017623901367,18.771268656160235,18.427700168972287,18.432073777749284,287067200
2014-05-06,18.56544303894043,18.877775795592285,18.56544303894043,18.796256854363772,374564400
2014-05-07,18.500476837158203,18.655394691368144,18.35680326288914,18.591678773079803,282864400
2014-05-08,18.467500686645508,18.66913948958253,18.41756232407737,18.475666075231484,230297200
2014-05-09,18.390554428100586,18.412853255421886,18.22691787039358,18.359145857197067,291597600
2014-05-12,18.6195125579834,18.645580406952167,18.44896699824468,18.451795026901866,213208800
2014-05-13,18.648717880249023,18.673215717083604,18.552611885091597,18.593440494909505,159737200
2014-05-14,18.65218162536621,18.763051789485804,18.585283462704986,18.606954958369382,166404000
2014-05-15,18.493572235107422,18.737925059838325,18.469074387093013,18.678251287776664,230846000
2014-05-16,18.766508102416992,18.767135435218,18.386158237997105,18.487604996834243,276256400
2014-05-19,18.98887062072754,19.07492757425717,18.760848628333584,18.777181082412486,317755200
2014-05-20,18.992639541625977,19.045717920383503,18.86763596753529,18.986357828554087,234836000
2014-05-21,19.04289436340332,19.05514244767095,18.90941171509685,18.965002787241172,196859600
2014-05-22,19.073043823242188,19.154077090450485,18.97348243619156,19.05200134058584,200760000
2014-05-23,19.288496017456055,19.307341152117147,19.047912335707913,19.07241017208755,232209600
2014-05-27,19.649682998657227,19.65690570749628,19.335604192508402,19.343455911058236,348866000
2014-05-28,19.59881591796875,19.781609624602297,19.59159152663415,19.661945054785328,315481600
2014-05-29,19.955917358398438,20.002715701868254,19.716903625266234,19.71941631051777,376474000
2014-05-30,19.88117027282715,20.231995194070326,19.752397651689705,20.03758075824253,564020800
2014-06-02,19.744544982910156,19.938645743081665,19.551386899134855,19.91132154647272,369350800
2014-06-03,20.023757934570312,20.061448212876023,19.731979492133426,19.738574871496937,292709200
2014-06-04,20.252408981323242,20.348832026842405,19.978846644769956,20.02061962077429,335482000
2014-06-05,20.33186912536621,20.395313589419587,20.182996717302725,20.295750532820172,303805600
2014-06-06,20.275962829589844,20.454675472769054,20.24141592315758,20.411959823166995,349938400
2014-06-09,20.600404739379883,20.639978690933813,20.171688328678886,20.380549825715807,301660000
2014-06-10,20.72132682800293,20.897211440192567,20.57182541084973,20.82685793078871,251108000
2014-06-11,20.635581970214844,20.83345172452789,20.5498386895725,20.694942057828836,182724000
2014-06-12,20.29041290283203,20.692747851327965,20.204669609199797,20.67515905331107,218996000
2014-06-13,20.068357467651367,20.323389988097407,19.980415161381696,20.27062359791962,218100000
2014-06-16,20.270633697509766,20.391554638547905,20.10574242010911,20.118934862906514,142244000
2014-06-17,20.244237899780273,20.38054685285865,20.18267880131138,20.294803583225598,118904000
2014-06-18,20.266233444213867,20.290417627778744,20.08375339635543,20.286019588570316,134056000
2014-06-19,20.195873260498047,20.292609962891984,20.081547761785224,20.290410944012137,142112000
2014-06-20,19.987009048461914,20.347570937362566,19.98481002987992,20.19367150645735,403592000
2014-06-23,19.96942710876465,20.14311273444397,19.918859728180426,20.07715557322286,174776000
2014-06-24,19.848508834838867,20.16949692875605,19.828722690267774,19.951840951671485,156144000
2014-06-25,19.8660945892334,19.940844471514325,19.70999776679948,19.833116009314065,147476000
2014-06-26,19.98481559753418,20.01779417601292,19.74297548429039,19.868292740621456,130516000
2014-06-27,20.222251892089844,20.226648251497615,19.956226020531776,19.967219435090545,256116000
2014-06-30,20.43111801147461,20.60700262038807,20.246439004379482,20.248638023264885,197929200
2014-07-01,20.56083869934082,20.68175961932864,20.475095384207826,20.56083869934082,152892000
2014-07-02,20.55203628540039,20.67955084947595,20.466291333334798,20.637779560106257,113860000
2014-07-03,20.672956466674805,20.68834624294374,20.490476492800425,20.59380856661748,91567200
2014-07-07,21.09947395324707,21.103870312986214,20.68834470721038,20.697139104048347,225872000
2014-07-08,20.963163375854492,21.28195397200731,20.648770816812576,21.165429471604057,260888000
2014-07-09,20.971961975097656,21.095080201118424,20.83345397082429,20.982955392718093,145744000
2014-07-10,20.895008087158203,21.007134546105473,20.56082772878662,20.61359410791453,158744000
2014-07-11,20.934589385986328,21.081891805398428,20.85544146685381,20.96536894594228,136072000
2014-07-14,21.205001831054688,21.30173851193499,21.0291189390609,21.075288261110252,171240000
2014-07-15,20.956571578979492,21.292949348983065,20.892813448852806,21.281957609046724,181911600
2014-07-16,20.837852478027344,21.347915909262326,20.829058078497063,21.319335368809057,213585200
2014-07-17,20.466299057006836,20.947781994643947,20.351975206708165,20.892818250251047,229192000
2014-07-18,20.760900497436523,20.82905498698025,20.45090425010548,20.582818546120365,199952000
2014-07-21,20.65317153930664,20.886217215695012,20.604803188955866,20.88401819685364,156316000
2014-07-22,20.824661254882812,20.862036194036243,20.692748619578843,20.81586685554786,220788000
2014-07-23,21.367700576782227,21.519399333570387,20.923592691469764,20.97855642240923,371672000
2014-07-24,21.3325252532959,21.396283389251746,21.19841360134742,21.334724272428204,182916000
2014-07-25,21.473228454589844,21.510603386370946,21.246778167803388,21.292947497184716,173876000
2014-07-28,21.770030975341797,21.818399320642637,21.44684568851839,21.506205772158683,221272000
2014-07-29,21.62932777404785,21.862375144379964,21.60074723651581,21.838190967483612,172572000
2014-07-30,21.578758239746094,21.699677425356242,21.473227152303313,21.642516360461148,132040000
2014-07-31,21.018131256103516,21.42486254661911,20.95877116224103,21.361106092135714,227372000
2014-08-01,21.134654998779297,21.242385128202148,20.8444465420469,20.864234359080523,194044000
2014-08-04,21.015932083129883,21.233589672870938,20.923593414527016,21.187420338569503,159832000
2014-08-05,20.912601470947266,21.03571969455345,20.745511255081734,20.96536618429849,223732000
2014-08-06,20.877422332763672,20.991747826820923,20.82245860452534,20.831253002326658,154232000
2014-08-07,20.87521743774414,21.20001035434394,20.79125591917659,20.974643599970115,186844000
2014-08-08,20.932661056518555,20.950337341626526,20.61007643896305,20.826606717277382,167460000
2014-08-11,21.208843231201172,21.22872947013042,20.954752152747115,21.049760062579395,146340000
2014-08-12,21.204431533813477,21.405493827512615,21.1248899250062,21.219897864098023,135180000
2014-08-13,21.485031127929688,21.485031127929688,21.21989360887581,21.244198078121126,127664000
2014-08-14,21.542478561401367,21.557944888837834,21.387815287036716,21.50491772129899,112464000
2014-08-15,21.64853858947754,21.69493758037571,21.401075618983715,21.630862301791502,195804000
2014-08-18,21.909250259399414,21.955649234046835,21.648531007307025,21.76121350900662,190288000
2014-08-19,22.211957931518555,22.245100551860176,21.944610382649216,21.964496629135667,277596000
2014-08-20,22.220788955688477,22.335681425593094,22.083800288834023,22.19206625963811,210796000
2014-08-21,22.222999572753906,22.302541164167593,22.119153512535853,22.220789615852635,133912000
2014-08-22,22.386497497558594,22.41964010310372,22.13682634909745,22.158920857559888,176736000
2014-08-25,22.435108184814453,22.574305116162982,22.377661109750253,22.490345303148437,161080000
2014-08-26,22.2914981842041,22.426276929176623,22.28486999768145,22.40860064131383,132608000
2014-08-27,22.56546974182129,22.6626876214345,22.249513318781638,22.32021677149035,209476000
2014-08-28,22.591989517211914,22.709091980449177,22.439534476399196,22.446162663268673,273840000
2014-08-29,22.6472225189209,22.735602261013458,22.580937290925636,22.726764118233866,178380000
2014-09-02,22.823984146118164,22.921200354414868,22.69583359233668,22.770955284461564,214256000
2014-09-03,21.86064910888672,22.80188867652142,21.781107499550885,22.779794159640037,501684000
2014-09-04,21.67947006225586,22.114737244177114,21.606556643823563,21.84076154286896,342872000
2014-09-05,21.86726951599121,21.960067465301822,21.721442722186264,21.829708682084963,233828000
2014-09-08,21.73249626159668,21.942396678413356,21.664002760768724,21.94018840695036,185426800
2014-09-09,21.650747299194336,22.775376261844137,21.241992830980386,21.891582088104315,759385200
2014-09-10,22.315797805786133,22.340102274886316,21.599925160052866,21.655162283334516,403478400
2014-09-11,22.410808563232422,22.413018520440446,22.010892279455256,22.185441813413586,249412400
2014-09-12,22.461626052856445,22.578728491969123,22.333475514101565,22.362198213186623,250504400
2014-09-15,22.45499038696289,22.768738467380953,22.41301132770288,22.71570962562689,245266000
2014-09-16,22.284866333007812,22.37324607208443,21.849597508760695,22.05066145730259,267632400
2014-09-17,22.443958282470703,22.492567242212267,22.225217963633675,22.375463072969424,243706000
2014-09-18,22.490346908569336,22.614077523044692,22.43952801436513,22.521279562188177,149197600
2014-09-19,22.306962966918945,22.614081282985733,22.205326847315153,22.600824910860208,283609600
2014-09-22,22.329055786132812,22.567680580485927,22.223001445778102,22.492558896543287,211153600
2014-09-23,22.678152084350586,22.74443730330996,22.21416060874439,22.227416978255008,253608800
2014-09-24,22.48151206970215,22.72455510628797,22.359989708557517,22.572101772683318,240687200
2014-09-25,21.624223709106445,22.25171644866024,21.591081107070234,22.207527436413802,400368000
2014-09-26,22.260562896728516,22.260562896728516,21.741334223374782,21.770056923485082,249482000
2014-09-29,22.11915397644043,22.192067384382725,21.792149462025534,21.796569375920775,199065200
2014-09-30,22.260562896728516,22.435112425945086,22.211953953693094,22.27381926820967,221056400
2014-10-01,21.91366958618164,22.247302251900198,21.80761357759387,22.225206056071404,205965200
2014-10-02,22.07276153564453,22.14346500759097,21.661797078173446,21.933562863650423,191031200
2014-10-03,22.010889053344727,22.14124785255321,21.882738525317166,21.971118257946628,173878400
2014-10-06,22.010889053344727,22.23846572701594,21.9666983441784,22.08380077348858,148204800
2014-10-07,21.818662643432617,22.121362671262993,21.8142444154927,21.96890767893704,168376800
2014-10-08,22.2716007232666,22.340094191928923,21.721437960731613,21.820865758086153,229618800
2014-10-09,22.320215225219727,22.620705299840616,22.22962722288574,22.435109381476448,309506000
2014-10-10,22.256149291992188,22.543381409879654,22.161141343330826,22.24731114726744,265326400
2014-10-13,22.052865982055664,22.488134732354432,22.052865982055664,22.388708596349435,214333600
2014-10-14,21.818662643432617,22.209740715686532,21.778891849160765,22.181018019819195,254754400
2014-10-15,21.55131721496582,21.90704444014828,21.029878612302213,21.646325138816476,403734400
2014-10-16,21.26850700378418,21.591091670982497,21.08070108129453,21.111633742142068,288618000
2014-10-17,21.580036163330078,21.873898026230997,21.390020348650012,21.54247532886386,272718800
2014-10-20,22.041826248168945,22.086015280736312,21.701565303148907,21.72365981943259,310069200
2014-10-21,22.64059829711914,22.762118988781488,22.375459024421563,22.762118988781488,378495600
2014-10-22,22.75548553466797,23.002948461430506,22.669315754555793,22.722342922539454,273052400
2014-10-23,23.16204071044922,23.21064966915635,22.896901395420482,22.996329270695234,284298800
2014-10-24,23.24819564819336,23.30785098662276,23.095740681747422,23.239357508110697,188215600
2014-10-27,23.223896026611328,23.305647575144146,23.13330633615308,23.16644894694764,136750800
2014-10-28,23.58403968811035,23.58403968811035,23.276921443516073,23.28796954151855,192243600
2014-10-29,23.716615676879883,23.723245549127476,23.50008704982585,23.564162329257154,210751600
2014-10-30,23.63707160949707,23.718821476815226,23.398446821518196,23.63265169544007,162619200
2014-10-31,23.862442016601562,23.871280160373622,23.68789246993644,23.864651973970467,178557200
2014-11-03,24.17176628112793,24.370620268630454,23.864648000425305,23.911046983225347,209130400
2014-11-04,23.995012283325195,24.19165635871029,23.800578165445458,24.162933653955317,166297600
2014-11-05,24.052453994750977,24.149671874781884,23.891160847036357,24.105481163084523,149743600
2014-11-06,24.12124252319336,24.141214994066274,23.921527972540424,24.09905220567778,139874000
2014-11-07,24.19003677368164,24.25882727175688,24.08795994998479,24.132340588805036,134766000
2014-11-10,24.150089263916016,24.261042534418603,24.114583404709162,24.192250355458462,108782000
2014-11-11,24.3431453704834,24.354241374054688,24.054667900766756,24.12123884315716,109769200
2014-11-12,24.687101364135742,24.72704460709709,24.269917698882473,24.27213554520466,187769600
2014-11-13,25.035499572753906,25.175300104675955,24.764773282005002,24.809155612544952,238091600
2014-11-14,25.33729362487793,25.33951316474367,24.678230804821258,25.108730116079904,176254400
2014-11-17,25.29513168334961,26.02520456655172,25.142017287720588,25.357265257577378,186986800
2014-11-18,25.623550415039062,25.672370128475126,25.272937648555214,25.284033653613474,176896000
2014-11-19,25.44603157043457,25.683471584820357,25.252973895614858,25.616900614990957,167476800
2014-11-20,25.809951782226562,25.932001068993983,25.485968403640808,25.49928394865989,173582000
2014-11-21,25.845457077026367,26.08955395218496,25.747817649757856,26.07624010047114,228717200
2014-11-24,26.324779510498047,26.35584629924817,25.87874846072287,25.92978603094964,189803200
2014-11-25,26.096210479736328,26.573309910680937,26.06292415794714,26.422413385847587,275361600
2014-11-26,26.406885147094727,26.429075468279603,26.14725483390439,26.17166469511165,163073200
2014-11-28,26.39134979248047,26.49564615661601,26.196072610341545,26.46679721750703,99257600
2014-12-01,25.5347957611084,26.462365539131394,24.69154989271905,26.36472608049322,335256000
2014-12-02,25.437150955200195,25.68568693720901,25.01996718937638,25.186397126334537,237395600
2014-12-03,25.72563934326172,25.81883973479691,25.54367594849676,25.685696076459,172253600
2014-12-04,25.62799072265625,26.007450775329467,25.583610083389495,25.690124294834852,168178000
2014-12-05,25.51926040649414,25.758919954026098,25.439373890650156,25.738947478558554,153275600
2014-12-08,24.94230079650879,25.44159061884232,24.769213928981895,25.31954131840007,230659600
2014-12-09,25.323976516723633,25.363919764108555,24.265481307529555,24.451883692996734,240832000
2014-12-10,24.842437744140625,25.48596708159891,24.751456938462066,25.388329350262488,178261200
2014-12-11,24.769216537475586,25.25297301733569,24.7070812642441,24.91123663312139,165606800
2014-12-12,24.349807739257812,24.824687645445074,24.31652141642899,24.511798581071933,224112400
2014-12-15,24.016944885253906,24.764768820231932,23.599759518405044,24.565052601316253,268872400
2014-12-16,23.688522338867188,24.445224427162238,23.579788612010965,23.604198466021288,243162800
2014-12-17,24.278804779052734,24.374223003001948,23.704065736973114,23.77063840202157,213647200
2014-12-18,24.997772216796875,24.997772216796875,24.556178673640154,24.824685385459695,236024800
2014-12-19,24.804718017578125,25.128701431352987,24.778090310673253,24.91123392423632,353719200
2014-12-22,25.0621337890625,25.184181412231197,24.84688410034899,24.889046899214186,180670000
2014-12-23,24.973365783691406,25.14867217850585,24.955612851631336,25.126481859937154,104113600
2014-12-24,24.85575294494629,25.01108685152512,24.85575294494629,24.98223960973551,57918400
2014-12-26,25.29513168334961,25.41274190499687,24.85575758387444,24.875728364299256,134884000
2014-12-29,25.27737808227539,25.468216174004688,25.230776212943674,25.250748684516232,110395600
2014-12-30,24.968931198120117,25.279600793035073,24.87795036770974,25.2174672126547,119526000
2014-12-31,24.494043350219727,25.10428633707592,24.456319644627992,25.035495851230692,165613600
2015-01-02,24.261045455932617,24.729268449277928,23.821669706907244,24.71817244368647,212818400
2015-01-05,23.577571868896484,24.110147948537623,23.391171172179064,24.03026145194082,257142000
2015-01-06,23.579790115356445,23.839420368550986,23.218081360876567,23.64192367752137,263188400
2015-01-07,23.910438537597656,24.010295840363796,23.677435907125776,23.788389218205115,160423600
2015-01-08,24.82913589477539,24.886832100053905,24.12125311209241,24.23886506327916,237458000
2015-01-09,24.85575294494629,25.13091659074848,24.456320480868424,25.002210386433102,214798000
2015-01-12,24.24329376220703,24.99333738994218,24.14343647883557,24.98668046345246,198603200
2015-01-13,24.458534240722656,25.031053406274303,24.167837272955705,24.727040897509543,268367600
2015-01-14,24.36534309387207,24.51845748240021,24.076863863464137,24.196693619494532,195826400
2015-01-15,23.704055786132812,24.423032478972715,23.668551621221116,24.40971862875739,240056000
2015-01-16,23.51987648010254,23.87270880076629,23.34457008962357,23.75065951213766,314053200
2015-01-20,24.12568473815918,24.181161385664875,23.633051837426528,23.930405855410857,199599600
2015-01-21,24.309871673583984,24.644949461502033,24.02582976879324,24.176726342926706,194303600
2015-01-22,24.94230079650879,24.95783418992754,24.34759107374211,24.467420834263706,215185600
2015-01-23,25.07100486755371,25.24187218046509,24.749239327247817,24.92010833317196,185859200
2015-01-26,25.097631454467773,25.377234192519005,25.03106050265451,25.23965151661796,222460000
2015-01-27,24.218881607055664,24.960050391214992,24.194471750232253,24.94673484648506,382274800
2015-01-28,25.58804702758789,26.211605664482956,25.58804702758789,26.102870222038018,585908400
2015-01-29,26.384687423706055,26.449040522197077,25.643518714371965,25.812168155485935,337745600
2015-01-30,25.998573303222656,26.62878711906101,25.92978111858312,26.27373696274273,334982000
2015-02-02,26.324779510498047,26.44460927839695,25.758918692823972,26.19607496839598,250956400
2015-02-03,26.329212188720703,26.426849918332245,26.09842917625348,26.295925868006783,207662800
2015-02-04,26.53115463256836,26.741966934890257,26.253771360839387,26.295934159906395,280598800
2015-02-05,26.720518112182617,26.785125203713097,26.566797732344764,26.738339410088408,168984800
2015-02-06,26.49551010131836,26.789582792466167,26.38857380467608,26.738342094145022,174826400
2015-02-09,26.6715030670166,26.698235861064884,26.384113633136508,26.410848126879227,155559200
2015-02-10,27.18390464782715,27.21286744437979,26.76953099407376,26.771757594043475,248034000
2015-02-11,27.82105827331543,27.82996977096396,27.2908369109358,27.350987395445394,294247200
2015-02-12,28.173057556152344,28.400296519331267,27.974781388106848,28.08394427058599,297898000
2015-02-13,28.311180114746094,28.355735902773322,27.992601301237766,28.355735902773322,217088800
2015-02-17,28.478271484375,28.712193658661604,28.275538706700655,28.402524592820477,252609600
2015-02-18,28.676549911499023,28.689916311182564,28.393615320435757,28.43371621918115,179566800
2015-02-19,28.61639976501465,28.74561397020135,28.58966696373112,28.62308296533553,149449600
2015-02-20,28.850313186645508,28.850313186645508,28.52727947176931,28.654263638576644,195793600
2015-02-23,29.630054473876953,29.630054473876953,28.885962192416436,28.966163979599486,283896400
2015-02-24,29.44514274597168,29.763723273660514,29.222360396316702,29.616686107034898,276912400
2015-02-25,28.692136764526367,29.318158010503875,28.549556199464845,29.30924481303132,298846800
2015-02-26,29.055278778076172,29.15553017329183,28.20647841951973,28.692142396043774,365150000
2015-02-27,28.618623733520508,29.088694653566876,28.569611341903233,28.96170707545237,248059200
2015-03-02,28.758974075317383,29.024085627977033,28.582977506411293,28.79462006881881,192386800
2015-03-03,28.819124221801758,28.854770212776685,28.53618969244507,28.73001264375324,151265200
2015-03-04,28.636445999145508,28.863684981508023,28.58743700235103,28.761206989043135,126665200
2015-03-05,28.161924362182617,28.683234369036235,28.017115460380552,28.645361768475727,226068400
2015-03-06,28.204242706298828,28.821349014026374,28.12849752976883,28.605249881452455,291368400
2015-03-09,28.32454490661621,28.865907728675296,27.861157258728984,28.50722634668983,354114000
2015-03-10,27.738630294799805,28.34237024672098,27.5804550335683,28.161917090893873,275426400
2015-03-11,27.232913970947266,27.796553044141444,27.20395287735549,27.7920981450098,275756000
2015-03-12,27.725263595581055,27.825516675855415,27.09701741803413,27.248509488491273,193450800
2015-03-13,27.533672332763672,27.93690957884645,27.308663362514302,27.71412720852023,207309200
2015-03-16,27.836654663085938,27.836654663085938,27.3732686550269,27.598277610489713,143497200
2015-03-17,28.30227279663086,28.36465158895827,27.992605434937918,28.048301028043767,204092400
2015-03-18,28.620849609375,28.774569979250792,28.153007000698736,28.293359273393268,261083600
2015-03-19,28.404752731323242,28.79462188645905,28.382474833825835,28.68323069927739,183238000
2015-03-20,28.04830551147461,28.605259831865816,27.883447005443692,28.571843830416558,274780400
2015-03-23,28.34014892578125,28.482729525935184,28.186428525739263,28.320099325616553,150838800
2015-03-24,28.224292755126953,28.52504684845745,28.195329965629863,28.344595412275684,131369200
2015-03-25,27.48689079284668,28.253262761877014,27.48689079284668,28.190883964341012,206620800
2015-03-26,27.678482055664062,27.821062641035965,27.31311909318673,27.348765089377032,190291600
2015-03-27,27.457923889160156,27.7809576079784,27.382178708077856,27.751996515157707,158184800
2015-03-30,28.153003692626953,28.15968689058504,27.625008957912392,27.636148754305395,188398800
2015-03-31,27.720806121826172,28.179737189841585,27.70521142630218,28.090623915549788,168362400
2015-04-01,27.680707931518555,27.874529194518605,27.424507880342258,27.807693807361485,162485600
2015-04-02,27.919084548950195,27.972551838021896,27.66734110069705,27.85447746229525,128880400
2015-04-06,28.371335983276367,28.406981980219054,27.698533938082665,27.729723335560173,148776000
2015-04-07,28.07280158996582,28.54287073770371,28.066118392085766,28.43593617223431,140049200
2015-04-08,27.981470108032227,28.15969671433038,27.841117802866478,28.037165710038536,149316800
2015-04-09,28.195341110229492,28.199797710234062,27.772055893319394,28.037165803965053,129936000
2015-04-10,28.315637588500977,28.340143784052685,27.905718862353325,28.059437534811437,160752000
2015-04-13,28.25994110107422,28.6431287193776,28.206473812338743,28.598569529324855,145460400
2015-04-14,28.13741111755371,28.357965165260012,28.05052613816352,28.2933580806401,102098400
2015-04-15,28.244346618652344,28.32232010275282,28.0728049536313,28.161918235329477,115881600
2015-04-16,28.108448028564453,28.315635677165186,28.095081631781955,28.13295422246197,113476000
2015-04-17,27.79210090637207,28.101768267469506,27.727493814530177,27.97032748384589,207828000
2015-04-20,28.427032470703125,28.54287856501247,27.885671197935867,27.97478449339407,188217200
2015-04-21,28.2733154296875,28.560703232292234,28.21984642947258,28.538427031744938,129740400
2015-04-22,28.654266357421875,28.709961948008925,28.14186794383772,28.29113171868433,150618000
2015-04-23,28.88818359375,29.05527033703108,28.54732690940768,28.582972897160882,183083600
2015-04-24,29.024084091186523,29.102059272918567,28.790161945379253,29.07086988010352,178103600
2015-04-27,29.552082061767578,29.659020054313498,29.217908483687783,29.47633686658962,387816800
2015-04-28,29.08646583557129,29.97313872098423,28.865913463725736,29.95531912275343,475696000
2015-04-29,28.658721923828125,29.315929189196144,28.582976739212466,28.997352054224365,253544400
2015-04-30,27.881208419799805,28.658718261094478,27.754222562054288,28.658718261094478,332781600
2015-05-01,28.727785110473633,28.99067006724177,27.91463084297233,28.09285571406123,234050400
2015-05-04,28.67208480834961,29.088690071472158,28.574060040556066,28.850311349848,203953200
2015-05-05,28.026020050048828,28.61639191231994,28.021563451261255,28.549556528061796,197085600
2015-05-06,27.850027084350586,28.23766796751676,27.482435800455796,28.195338769461948,288564000
2015-05-07,28.02228355407715,28.205728097991734,27.744878277488812,27.91266298375682,175763600
2015-05-08,28.550247192382812,28.550247192382812,28.212440161176175,28.339956473953013,222201600
2015-05-11,28.259416580200195,28.536820128929442,28.10505411598105,28.498789341360546,168143200
2015-05-12,28.15874481201172,28.38469362395213,27.92384557199335,28.098341370043993,192640000
2015-05-13,28.190065383911133,28.45404669644201,28.158745711813754,28.221385056008515,138776800
2015-05-14,28.84778594970703,28.84778594970703,28.447341247172464,28.50326948802633,180814000
2015-05-15,28.807518005371094,28.968591605131238,28.682239297466264,28.874632574202614,152832000
2015-05-18,29.125186920166016,29.243754500049338,28.715791848392346,28.720267062799756,203531600
2015-05-19,29.09834861755371,29.279555583127085,29.002150262176887,29.237049571234245,178532800
2015-05-20,29.096107482910156,29.30192299967313,28.93503387612367,29.082685251276104,145819600
2015-05-21,29.393646240234375,29.44733858055364,29.044654562131463,29.09834690245073,158921600
2015-05-22,29.650911331176758,29.74710966968219,29.395878718136796,29.440624036653855,182384000
2015-05-26,28.99766731262207,29.733684723786734,28.885810853723097,29.664334265443486,282790400
2015-05-27,29.539051055908203,29.588268169064435,29.09386455088787,29.15873979263667,183332800
2015-05-28,29.48089599609375,29.518926792759615,29.328772809430298,29.498793443981654,122933200
2015-05-29,29.145322799682617,29.40706654107393,29.060310786489495,29.35784941907672,203538000
2015-06-01,29.20348358154297,29.393640932277773,29.09386643353744,29.14531945022551,128451200
2015-06-02,29.073732376098633,29.230330736254825,28.9305562448718,29.05135971882422,134670400
2015-06-03,29.109527587890625,29.292973843057794,29.060310466435467,29.23033449094917,123934000
2015-06-04,28.939504623413086,29.21243466979933,28.838834488110578,28.988721740865582,153800400
2015-06-05,28.780668258666992,29.013331627012427,28.715793008286923,28.970825622396134,142507200
2015-06-08,28.590518951416016,28.905955066130172,28.37351709209542,28.836601176310815,210699200
2015-06-09,28.50550079345703,28.653152144770022,28.102818548301414,28.34442721267711,224301600
2015-06-10,28.83212661743164,28.935032664710334,28.601700840995957,28.61736067951155,156349200
2015-06-11,28.767242431640625,29.122945141183692,28.742633874865362,28.899232229986072,141563600
2015-06-12,28.449573516845703,28.709081340547552,28.436151286928105,28.677761666210326,147544800
2015-06-15,28.393646240234375,28.465234313531752,28.122953784741334,28.210201695735194,175955600
2015-06-16,28.545778274536133,28.601706524175427,28.27061224211586,28.418261933630337,125976400
2015-06-17,28.47865867614746,28.60841088751629,28.35337826590972,28.57261770373002,131672400
2015-06-18,28.60841178894043,28.704608426913925,28.460762127629003,28.462999735059377,141628800
2015-06-19,28.32206153869629,28.59499163400827,28.277319627606737,28.570383070870665,218867600
2015-06-22,28.548019409179688,28.64868958824908,28.429451778383974,28.52117323159021,136157200
2015-06-23,28.41824722290039,28.548001104527078,28.38468994912882,28.5189190442151,121075600
2015-06-24,28.659862518310547,29.037937901930512,28.43838720386298,28.458520547542694,221123600
2015-06-25,28.52339744567871,28.90370872890344,28.52339744567871,28.827647154976148,127752400
2015-06-26,28.35561752319336,28.633021114156875,28.30192689099271,28.561433035624535,176267200
2015-06-29,27.858978271484375,28.292982016698804,27.847793646101373,28.067031419708393,196645600
2015-06-30,28.06031608581543,28.21467857133513,27.932799769410494,28.09163576305212,177482800
2015-07-01,28.32206153869629,28.398124835701932,28.185596491040297,28.38917611212512,120955200
2015-07-02,28.28626823425293,28.342196476280925,28.136379248454087,28.284030626669352,108844000
2015-07-06,28.187829971313477,28.23928469764741,27.930559753232323,27.950694805030558,112241600
2015-07-07,28.118484497070312,28.221392261205658,27.68895428602531,28.163226409548443,187787200
2015-07-08,27.420495986938477,27.883581721345053,27.41378487158096,27.847788537173503,243046400
2015-07-09,26.861215591430664,27.75382984228821,26.67105991287828,27.70685032453723,314380000
2015-07-10,27.579334259033203,27.706850581768144,27.116248486280572,27.27955970294542,245418000
2015-07-13,28.111766815185547,28.134137766199725,27.811990609854252,27.970826580887323,165762000
2015-07-14,28.100587844848633,28.270610189308815,27.973071513202147,28.1967844955149,127072400
2015-07-15,28.371278762817383,28.445104452484802,28.093875158157545,28.12519483738715,134596800
2015-07-16,28.749353408813477,28.762779054831267,28.489847243356696,28.577095167732168,144889600
2015-07-17,28.99766731262207,28.997667312622074,28.704603936480872,28.876863838989998,184658800
2015-07-20,29.545774459838867,29.74711477335517,29.23928536063807,29.29968882012861,235600800
2015-07-21,29.250471115112305,29.735927855154994,29.154276175589175,29.72026972216732,307025600
2015-07-22,28.01333236694336,28.07597171201857,27.290738877867724,27.290738877867724,461802400
2015-07-23,27.999906539916992,28.43167078539024,27.977533885155665,28.232566446930687,203998000
2015-07-24,27.852262496948242,28.12966607925639,27.718035067237487,28.035707049138296,168649200
2015-07-27,27.465238571166992,27.653158339783495,27.31982651671652,27.536826648069855,177822000
2015-07-28,27.60170555114746,27.720274858641236,27.416025083702415,27.60170555114746,134472400
2015-07-29,27.514450073242188,27.628544134208862,27.35337650641724,27.55024495777841,148046800
2015-07-30,27.375751495361328,27.420493398050073,27.22810014425895,27.364565166292053,134513200
2015-07-31,27.136377334594727,27.436151822122643,27.049129434087703,27.42720310068678,171540000
2015-08-03,26.496562957763672,27.42049684821354,26.290745741833785,27.18112405444208,279904000
2015-08-04,25.64645004272461,26.331011059255985,25.33548920797381,26.268371712226212,496554400
2015-08-05,25.816476821899414,26.272851480963478,25.07822334554398,25.268379026788715,397250400
2015-08-06,25.872652053833008,26.180526675744893,25.645680481913917,26.061422408109753,211612000
2015-08-07,25.960302352905273,26.12435280663916,25.731082979442437,25.74906144017061,154681600
2015-08-10,26.904142379760742,26.96481752220185,26.187267346347056,26.187267346347056,219806400
2015-08-11,25.504106521606445,26.558070078780897,25.468151319049372,26.474920993929892,388331200
2015-08-12,25.897377014160156,25.937827689726046,24.636666292630203,25.288370859182763,404870000
2015-08-13,25.877145767211914,26.158052686711567,25.740063053334502,26.077151356734085,194143200
2015-08-14,26.059175491333008,26.13782909370305,25.620961339185683,25.6906257134963,171718000
2015-08-17,26.32884979248047,26.438964846684726,25.955804506474045,26.07715652549348,163538800
2015-08-18,26.18052864074707,26.39177122306131,26.070413592624128,26.16479791958665,138242800
2015-08-19,25.845693588256836,26.185028034120116,25.77153372345742,26.090643686841073,193146000
2015-08-20,25.315330505371094,25.697363208610664,25.08610951181161,25.636688071797668,274006400
2015-08-21,23.76698112487793,25.146796240733956,23.74226117047983,24.81644931788693,513102000
2015-08-24,23.173702239990234,24.450143592679783,20.674753193310664,21.31971621993792,648825200
2015-08-25,23.313032150268555,24.96926036037767,23.259098488910645,24.96926036037767,414406400
2015-08-26,24.650156021118164,24.69510046334799,23.60742918779692,24.065867985006985,387098400
2015-08-27,25.37601089477539,25.44792300842983,24.724306400364522,25.220951417704274,338464400
2015-08-28,25.45915985107422,25.463653608053637,25.0658901063542,25.207466597226198,212657600
2015-08-31,25.340057373046875,25.73782090298381,25.169265448863946,25.176006942071666,224917200
2015-09-01,24.207435607910156,25.1422929691237,24.126534275797855,24.753518742408296,307383600
2015-09-02,25.24566650390625,25.24566650390625,24.524297721583192,24.77149718879779,247555200
2015-09-03,24.802961349487305,25.344549072277275,24.728801501184112,25.279378452361136,212935600
2015-09-04,24.555757522583008,24.82093371239402,24.38496735692281,24.48834089335494,199985200
2015-09-08,25.238929748535156,25.295111144441982,24.791726317182476,25.113083970350317,219374400
2015-09-09,24.75351905822754,25.62320581775102,24.668122254064002,25.5647784106621,340043200
2015-09-10,25.297351837158203,25.45690675136854,24.69733510741237,24.780482452912036,251571200
2015-09-11,25.665904998779297,25.665904998779297,25.115328084105002,25.122069576318335,199662000
2015-09-14,25.91309928894043,26.268166023756923,25.811973490255067,26.198501660863435,233453600
2015-09-15,26.131088256835938,26.1872696477268,25.713098571446302,26.05243465249272,173364800
2015-09-16,26.160301208496094,26.189514911775085,25.94231715808873,26.124344298749804,148694000
2015-09-17,25.600738525390625,26.178283216885045,25.55579409368311,25.99176228223071,256450400
2015-09-18,25.4951171875,25.686135308277102,25.14005206268317,25.21645793937788,297141200
2015-09-21,25.89063262939453,25.92658954344671,25.542309025744235,25.544555046982474,200888000
2015-09-22,25.48387908935547,25.65916475349993,25.28611949738123,25.479383617981522,201384800
2015-09-23,25.690624237060547,25.78051479796886,25.461404935538205,25.535563062356704,143026800
2015-09-24,25.84344482421875,25.955807627802308,25.252417094596538,25.45017501167629,200878000
2015-09-25,25.778268814086914,26.223226177832004,25.62320762884666,26.167044787761764,224607600
2015-09-28,25.268142700195312,25.74680752927548,25.268142700195312,25.585004850566698,208436000
2015-09-29,24.508575439453125,25.50860547189766,24.238905382681796,25.355791982521797,293461600
2015-09-30,24.7872314453125,25.065890676414476,24.434412363463366,24.758016023461767,265892000
2015-10-01,24.625431060791016,24.6344202903149,24.115303001061907,24.510820527511754,255716400
2015-10-02,24.805206298828125,24.94678449665644,24.169234277235294,24.2726078274395,232079200
2015-10-05,24.895097732543945,25.02768670699786,24.51081722343039,24.692844381821025,208258800
2015-10-06,25.01420783996582,25.110839923703434,24.668130184592044,24.861394352067276,192787200
2015-10-07,24.895097732543945,25.117575561079164,24.58722480682349,25.110834068475068,187062400
2015-10-08,24.607450485229492,24.762511680769144,24.31755428746931,24.762511680769144,247918400
2015-10-09,25.196239471435547,25.232194682423852,24.605209938657474,24.719820495566317,211064400
2015-10-12,25.07937240600586,25.337807145516006,25.043417207593652,25.33331338865947,121868800
2015-10-13,25.12206268310547,25.27038061466173,24.87261725253777,24.904078683913927,132197200
2015-10-14,24.76700210571289,25.061392020980943,24.620930158576584,25.009706105768306,177849600
2015-10-15,25.13780403137207,25.19173769161226,24.829929363232353,24.92880916910616,150694000
2015-10-16,24.953533172607422,25.169269563120288,24.838922625781066,25.119829652155175,156930400
2015-10-19,25.108585357666016,25.113079114080715,24.74452936536228,24.899590536726432,119036800
2015-10-20,25.567026138305664,25.656916704968797,24.90408642388996,25.020942960388066,195871200
2015-10-21,25.564777374267578,25.973777779908374,25.55129267627694,25.618711022670823,167180800
2015-10-22,25.9558048248291,25.9558048248291,25.64118866586654,25.69287630432216,166616400
2015-10-23,26.760316848754883,26.794026021568058,26.142321633752424,26.225468983569204,237467600
2015-10-26,25.906362533569336,26.546830042872955,25.825461194023617,26.535594793476033,265335200
2015-10-27,25.742311477661133,26.189514825406913,25.616464008483966,25.933327845128844,279537600
2015-10-28,26.803016662597656,26.809759869563173,26.0816478240831,26.27715967760422,342205600
2015-10-29,27.0861759185791,27.122132837050888,26.578295589546713,26.67492766478933,204909200
2015-10-30,26.854705810546875,27.241234068084648,26.843468846157037,27.189546432219462,197461200
2015-11-02,27.232240676879883,27.272691342172127,26.879421651921895,27.146845589938383,128813200
2015-11-03,27.544612884521484,27.751359996222238,27.124375453862754,27.144601646594364,182076000
2015-11-04,27.416521072387695,27.825521564067103,27.33112596824193,27.670460363453877,179544400
2015-11-05,27.290132522583008,27.68960036820362,27.123124252036362,27.500021969809346,158210800
2015-11-06,27.32172966003418,27.490995294085657,27.222428325588147,27.33301472438124,132169200
2015-11-09,27.211145401000977,27.49099745585183,27.09378864311488,27.299163399880353,135485600
2015-11-10,26.353532791137695,26.646927276347803,26.193294847382997,26.382873272774255,236511600
2015-11-11,26.204570770263672,26.500220787941668,26.001451714590043,26.263249991204642,180872000
2015-11-12,26.116558074951172,26.36481398342589,26.10076001864439,26.238429532971633,130102400
2015-11-13,25.35373306274414,26.082704449365423,25.33793500653174,25.9991994540376,183249600
2015-11-16,25.769001007080078,25.78254170723503,25.051314627262517,25.13707526467575,152426800
2015-11-17,25.65841293334961,25.965348077167487,25.5749079368292,25.93600759959758,110467600
2015-11-18,26.470888137817383,26.51602495087476,26.066907290075378,26.12558652453721,186698800
2015-11-19,26.80716323852539,27.026080407511675,26.351275207640914,26.54987960454499,173183200
2015-11-20,26.924524307250977,27.064449480562576,26.822963880771375,26.90195417568265,137148400
2015-11-23,26.5747013092041,27.021563286288874,26.482168614034364,26.917745528146632,129930000
2015-11-24,26.829729080200195,26.935802479511832,26.432520324379073,26.47991449222617,171212800
2015-11-25,26.637895584106445,26.90872161960704,26.613069821139085,26.904206905326248,85553200
2015-11-27,26.588247299194336,26.72366119438065,26.540853124622807,26.696578070971547,52185600
2015-11-30,26.698827743530273,26.9493409669156,26.574698949291164,26.628863458659726,156721200
2015-12-01,26.48217010498047,26.81393100148749,26.373841070524477,26.80039030264523,139409600
2015-12-02,26.24294090270996,26.65594942015389,26.197804093726983,26.48216908966575,133546400
2015-12-03,25.99919891357422,26.358042928452033,25.778026131198292,26.303878411401044,166278000
2015-12-04,26.863584518432617,26.91323604701471,25.978889876716135,26.019513698114295,231108000
2015-12-07,26.694318771362305,27.050905455271643,26.588245364718215,26.852301063632314,128336800
2015-12-08,26.68303108215332,26.766534346399656,26.373838619734773,26.522791458735053,137238000
2015-12-09,26.093992233276367,26.561165340666943,25.972120763279804,26.54988027568499,185445600
2015-12-10,26.21811866760254,26.391899021464493,26.06916580043713,26.18877991000337,116850800
2015-12-11,25.543312072753906,26.04208125585139,25.468834782309646,25.996944443262823,187544800
2015-12-14,25.385337829589844,25.43047465342069,24.77823773446605,25.317630871984115,257274800
2015-12-15,24.936208724975586,25.457547965062044,24.904612616104743,25.263456598079,213292400
2015-12-16,25.1280460357666,25.274743258712757,24.554801287035072,25.06711116689984,224954000
2015-12-17,24.595426559448242,25.333423988396433,24.595426559448242,25.281515101448075,179091200
2015-12-18,23.929645538330078,24.717294437424858,23.879994012440843,24.57962664544879,385813200
2015-12-21,24.223037719726562,24.23206542557872,23.825827271525725,24.211752656946654,190362400
2015-12-22,24.200469970703125,24.31105635713073,24.024432284612054,24.23883643021858,131157600
2015-12-23,24.511920928955078,24.566085449963985,24.193700709077202,24.209498766115598,130629600
2015-12-24,24.381023406982422,24.599940584932966,24.362967991472047,24.599940584932966,54281600
2015-12-28,24.107934951782227,24.304283666277566,23.963495111874863,24.28171354228184,106816800
2015-12-29,24.5412654876709,24.696990459478478,24.116973482717725,24.139541894985328,123724800
2015-12-30,24.220783233642578,24.53223137409268,24.18918712034441,24.50514997518513,100855200
2015-12-31,23.75586700439453,24.155333126354996,23.656563952261514,24.150820133921222,163649200
2016-01-04,23.776180267333984,23.780694982047198,23.020127407631637,23.157796934778954,270597600
2016-01-05,23.180360794067383,23.88901934137532,23.112655583387454,23.866450937815344,223164000
2016-01-06,22.726730346679688,23.103629776733978,22.539411032061107,22.695134234726723,273829600
2016-01-07,21.767562866210938,22.598093094569325,21.763049872962274,22.27084684547288,324377600
2016-01-08,21.882658004760742,22.36788643447157,21.837521197193666,22.24150199579669,283192000
2016-01-11,22.236989974975586,22.35660407918737,21.96842128840713,22.336293029880032,198957600
2016-01-12,22.559720993041992,22.724473616163657,22.306950387742376,22.692877505733563,196616800
2016-01-13,21.979711532592773,22.837324957215987,21.959400478498694,22.640976158342607,249758400
2016-01-14,22.460416793823242,22.67707828543944,21.607318412322584,22.108344883199806,252680400
2016-01-15,21.921024322509766,22.05192347421547,21.521558240345804,21.711134897139864,319335600
2016-01-19,21.81495475769043,22.26407240430035,21.553156429023584,22.209907885970967,212350800
2016-01-20,21.844289779663086,22.160252572658198,21.08372240846484,21.462877415687235,289337600
2016-01-21,21.733705520629883,22.090290438750067,21.42677040290853,21.90522676969974,208646000
2016-01-22,22.88922691345215,22.898254620499884,22.200881039188072,22.25955855220977,263202000
2016-01-25,22.442363739013672,22.914049749437755,22.390454860586807,22.911792392499496,207178000
2016-01-26,22.56649398803711,22.767355737261482,22.13317437545368,22.552953288224842,300308000
2016-01-27,21.083724975585938,21.80818161437232,21.065669563077257,21.675026821303355,533478800
2016-01-28,21.234935760498047,21.331981453056176,20.851267704445334,21.16723054453172,222715200
2016-01-29,21.96842384338379,21.96842384338379,21.293618595455786,21.3929216619094,257666000
2016-02-01,21.763044357299805,21.826236577921428,21.53058652207361,21.772072063368448,163774000
2016-02-02,21.322959899902344,21.6750319173024,21.27782135801816,21.535105020250406,149428800
2016-02-03,21.7449951171875,21.855581534663806,21.23268513585658,21.440317268792324,183857200
2016-02-04,21.919715881347656,22.085362531753155,21.599770613033634,21.75180135564528,185886800
2016-02-05,21.33428192138672,21.992327574806925,21.25940221938707,21.9015623586106,185672400
2016-02-08,21.558921813964844,21.7154900054156,21.11190464381831,21.132325904406695,216085600
2016-02-09,21.554386138916016,21.769953735090578,21.31385979721628,21.395548315378917,177324800
2016-02-10,21.391008377075195,21.862986081295205,21.35243372569629,21.765413784088206,169374400
2016-02-11,21.261661529541016,21.49311282416304,21.009788978382712,21.282084517279102,200298800
2016-02-12,21.32747459411621,21.44320028674965,21.10510163468998,21.372858067307014,161405600
2016-02-16,21.928789138793945,21.976440480596768,21.468157770164417,21.56119084762643,196231600
2016-02-17,22.26462173461914,22.285042998016483,21.817604502985187,21.935598064308735,179452800
2016-02-18,21.84256362915039,22.43934194909031,21.803987248668836,22.427995649324743,156084000
2016-02-19,21.79264259338379,21.956019614625014,21.738184163370807,21.783565899847915,141496800
2016-02-22,21.983251571655273,21.98779078476927,21.765416084652546,21.853911697147325,137123200
2016-02-23,21.486305236816406,21.89701554433702,21.454537684367395,21.874324682759408,127770400
2016-02-24,21.80626106262207,21.86979619868357,21.175445452864874,21.325208328897794,145022800
2016-02-25,21.956016540527344,21.956016540527344,21.613378765130957,21.794909148027568,110330800
2016-02-26,21.990062713623047,22.241933669567196,21.915181270157163,22.055865729902195,115964400
2016-02-29,21.940135955810547,22.289580868475824,21.931059262224167,21.97871060515094,140865200
2016-03-01,22.811473846435547,22.865932267395028,22.105777054961564,22.15796760131581,201628400
2016-03-02,22.86139678955078,22.89316434882669,22.6095241901474,22.806938363820958,132678400
2016-03-03,23.031583786010742,23.07923513092717,22.79332533022624,22.822825018414285,147822800
2016-03-04,23.374223709106445,23.542138234427345,23.00208787936688,23.229000055120398,184220400
2016-03-07,23.115541458129883,23.333376915463656,22.90905056963086,23.233535014984803,143315600
2016-03-08,22.92493438720703,23.090581019517717,22.78198035500638,22.868206349336596,126247600
2016-03-09,22.945354461669922,23.049733830326787,22.752477772488778,22.9884665877486,108806800
2016-03-10,22.95670509338379,23.19950105946724,22.725255428909005,23.01116526366232,134054400
2016-03-11,23.20404052734375,23.208578009315495,23.03158678197353,23.19950131416942,109632800
2016-03-14,23.263032913208008,23.351530244630737,23.09511840653368,23.124618094075363,100304400
2016-03-15,23.730470657348633,23.866617587309353,23.564824042908292,23.589784515374674,160270800
2016-03-16,24.045881271362305,24.123030572857438,23.732741390417143,23.737280602977062,153214000
2016-03-17,24.00729751586914,24.15932818612431,23.816690478294106,23.943760682543,137682800
2016-03-18,24.034534454345703,24.166143916515754,23.86888955471988,24.129837141626506,176820800
2016-03-21,24.032270431518555,24.4270971501143,23.857547078961193,24.03680791350588,142010800
2016-03-22,24.216066360473633,24.345406224392555,23.87342850892608,23.882505203208407,129777600
2016-03-23,24.08218002319336,24.29547794651407,24.029991210807587,24.161600641418318,102814000
2016-03-24,23.977802276611328,24.109411716055693,23.80081110759402,23.932420547038383,104532000
2016-03-28,23.86888885498047,24.095800997779172,23.839389168447187,24.052687136662694,77645600
2016-03-29,24.43389892578125,24.4588593992906,23.798544251146826,23.80081385724828,124760400
2016-03-30,24.860492706298828,25.055637278930124,24.642657266636444,24.65400356575308,182404400
2016-03-31,24.731155395507812,24.937646288426613,24.70619491985384,24.896802031102144,103553600
2016-04-01,24.958070755004883,24.96034036159266,24.55189773592193,24.683507218771673,103496000
2016-04-04,25.214475631713867,25.457271533119805,25.02159894296161,25.055636107518012,149424800
2016-04-05,24.917219161987305,25.125979626582534,24.82872357432712,24.849146565203664,106314800
2016-04-06,25.17817497253418,25.182714185551262,24.778809055954554,25.012530052663656,105616400
2016-04-07,24.629045486450195,25.05563971418443,24.533742796935478,24.948990724450283,127207600
2016-04-08,24.65627098083496,24.90814183306138,24.54508279921921,24.71299900897286,94326800
2016-04-11,24.737960815429688,25.098752019339337,24.69484868591762,24.72661624711693,117630000
2016-04-12,25.060178756713867,25.07379293192292,24.656275400956712,24.810574003198916,108929200
2016-04-13,25.423233032226562,25.49130562655913,25.141862500340867,25.141862500340867,133029200
2016-04-14,25.436851501464844,25.502656232276333,25.262129908842983,25.327934639654472,101895600
2016-04-15,24.92630386352539,25.482239770830734,24.899075508544033,25.439125900506742,187756000
2016-04-18,24.388513565063477,24.722072901893114,24.265980821835427,24.708458729712873,243286000
2016-04-19,24.259172439575195,24.506505787378323,24.104872148702885,24.479275713270788,129539600
2016-04-20,24.309091567993164,24.52692696655508,24.066295701045853,24.197905128677593,122444000
2016-04-21,24.045881271362305,24.263716731775002,23.94376976319231,24.263716731775002,126210000
2016-04-22,23.980079650878906,24.161610090382123,23.739553290059334,23.828048903236443,134732400
2016-04-25,23.843929290771484,23.973269147854865,23.714589433688104,23.825775903166228,112126400
2016-04-26,23.678279876708984,23.893847433990892,23.57843971901414,23.57843971901414,224064800
2016-04-27,22.196544647216797,22.398496305875128,21.71095282401562,21.783564636890503,458408400
2016-04-28,21.518083572387695,22.21016471892966,21.386474085603044,22.148899188848606,328970800
2016-04-29,21.2707462310791,21.493120918362905,20.991645232764412,21.32747427331245,274126000
2016-05-02,21.248050689697266,21.347892576065583,20.966680146807196,21.322932104473505,192640400
2016-05-03,21.59749984741211,21.72457010531819,21.257131601275884,21.375125164874042,227325200
2016-05-04,21.372852325439453,21.760871828165406,21.28889422099388,21.602032311473938,164102000
2016-05-05,21.286102294921875,21.47558646786894,21.15825839112268,21.45960597989404,143562000
2016-05-06,21.16739273071289,21.33404616096664,20.968776579167923,21.31578398818377,174799600
2016-05-09,21.18337059020996,21.407097419269714,21.13771080956534,21.23131205357991,131745600
2016-05-10,21.327199935913086,21.361444343917956,21.02813570560598,21.30665433615593,134747200
2016-05-11,21.119449615478516,21.361440367984223,21.10803423435395,21.34089477205115,114876400
2016-05-12,20.624048233032227,21.18108531605425,20.425433865235846,21.16738825392826,305258800
2016-05-13,20.66514778137207,20.9276859205945,20.546435807517753,20.546435807517753,177571200
2016-05-16,21.432205200195312,21.548635438329256,20.923111384404475,21.092048181677733,245039200
2016-05-17,21.343172073364258,21.61940717079302,21.233592100731528,21.585164517934206,187667600
2016-05-18,21.587448120117188,21.73583934875711,21.43449178460419,21.49613204871639,168249600
2016-05-19,21.505260467529297,21.605710227777053,21.36143609950914,21.605710227777053,121768400
2016-05-20,21.73812484741211,21.78606631199504,21.578318223726427,21.605714092806352,128104000
2016-05-23,22.014360427856445,22.187864118616265,21.840856737096626,21.886516519792693,152074400
2016-05-24,22.349956512451172,22.393331136760352,22.10796397429735,22.19471670640158,140560800
2016-05-25,22.74261474609375,22.770008870229137,22.39789083620361,22.525734726815106,152675200
2016-05-26,22.9229736328125,22.99602755472697,22.518892766486445,22.7563184481442,225324800
2016-05-27,22.909265518188477,22.936661380930502,22.65814287248419,22.701519219723522,145364800
2016-05-31,22.797405242919922,22.920684029496943,22.559979625261487,22.73804840306971,169228800
2016-06-01,22.47779655456543,22.724354158290147,22.448119001831813,22.605640463870408,116693200
2016-06-02,22.308855056762695,22.336249179188147,22.0600140803638,22.281459192594973,160766400
2016-06-03,22.354515075683594,22.434417509430652,22.247216775333648,22.32483752650395,114019600
2016-06-06,22.516605377197266,23.26084327311567,22.270049522734844,22.37049755909265,93170000
2016-06-07,22.607925415039062,22.79969303368807,22.591944925296875,22.65815030901244,89638000
2016-06-08,22.58738136291504,22.72892235553178,22.528024507636122,22.605643536910737,83392400
2016-06-09,22.74946403503418,22.827083044993525,22.477794016691593,22.486925972288414,106405600
2016-06-10,22.5622615814209,22.680973511654198,22.482359153211725,22.493772790531718,126851600
2016-06-13,22.222108840942383,22.62847310681115,22.16731883836454,22.530306742081844,152082000
2016-06-14,22.249502182006836,22.48236271452239,22.08741387575203,22.2175412056604,127727600
2016-06-15,22.176450729370117,22.466384714868173,22.151338282067364,22.33169052099497,117780800
2016-06-16,22.270051956176758,22.315710001170025,21.932176501301175,22.018927483485488,125307200
2016-06-17,21.76323699951172,22.064584588371037,21.756388467769415,22.05773605662873,244032800
2016-06-20,21.710729598999023,22.046321602416025,21.694749110347864,21.916194268615826,137647600
2016-06-21,21.89564323425293,21.996091248650586,21.614841298562972,21.67419813098581,142185600
2016-06-22,21.81346321105957,22.119375925721634,21.767803427103743,21.97326810054831,116876400
2016-06-23,21.939023971557617,21.982400331420813,21.744974677118222,21.9024978856802,128960800
2016-06-24,21.3226261138916,21.610276585140287,21.151405885581564,21.210762719083537,301245600
2016-06-27,21.01215362548828,21.24273076409591,20.888874811036956,21.231315381709695,181958400
2016-06-28,21.365999221801758,21.381981447395376,21.03497416698813,21.208477807191752,161779600
2016-06-29,21.55093002319336,21.585174433525307,21.375142862969465,21.452763642504745,146124000
2016-06-30,21.824878692626953,21.863688205957693,21.528097909709587,21.560058890304642,143345600
2016-07-01,21.891080856323242,22.023491608865225,21.763236952761357,21.79976303588937,104106000
2016-07-05,21.685617446899414,21.779218697223506,21.56462206808449,21.77693527260172,110820800
2016-07-06,21.808897018432617,21.83857631433318,21.54407723048606,21.59658380643784,123796400
2016-07-07,21.902498245239258,22.030342160522967,21.829444330542465,21.847706502909627,100558400
2016-07-08,22.071430206298828,22.11937166390841,21.927605833470086,22.028053855333923,115648400
2016-07-11,22.139925003051758,22.292881372397673,22.082851574930793,22.087416682813636,95179600
2016-07-12,22.24036979675293,22.304291748213068,22.17188273807816,22.183296376986014,96670000
2016-07-13,22.114809036254883,22.297442932134132,22.10795876290648,22.238087830388203,103568800
2016-07-14,22.55313491821289,22.598792961690325,22.21754289925134,22.233523388642713,155676000
2016-07-15,22.550844192504883,22.66955785390008,22.486922255634614,22.582805160940016,120548000
2016-07-18,22.790559768676758,22.85904683146646,22.509757760185277,22.53258678111518,145975600
2016-07-19,22.79969024658203,22.829367797691717,22.67869313419053,22.72891802202426,95119600
2016-07-20,22.820234298706055,22.93438112997714,22.77000941426799,22.829366254216833,105104000
2016-07-21,22.699235916137695,23.057656848971828,22.630747129790407,22.790553717353347,130808000
2016-07-22,22.523454666137695,22.669562477855106,22.4435504870095,22.660430521904956,113254800
2016-07-25,22.222108840942383,22.564549405103758,22.126225900995465,22.42985695257015,161531600
2016-07-26,22.069156646728516,22.365939221817925,22.012083208576176,22.10340105796854,224959200
2016-07-27,23.502836227416992,23.8224477626889,23.45717818312504,23.80418384827502,369379200
2016-07-28,23.82016944885254,23.845281901124114,23.473163709248343,23.4754471344757,159479200
2016-07-29,23.790483474731445,23.86810422932414,23.669488106616438,23.785918367634228,110934800
2016-08-01,24.210542678833008,24.233371695861376,23.836141225992264,23.836141225992264,152671600
2016-08-02,23.852128982543945,24.215115166642523,23.742547228966462,24.21055005854228,135266400
2016-08-03,24.15118980407715,24.162603443592992,23.918329263648154,23.927461220306412,120810400
2016-08-04,24.30038070678711,24.33021902422302,24.16495687896439,24.233816689881397,109634800
2016-08-05,24.669921875,24.70894161277249,24.37153173057824,24.392188620748076,162213600
2016-08-08,24.874208450317383,24.874208450317383,24.596476894637274,24.679106222145144,112148800
2016-08-09,24.975196838378906,25.005036904650794,24.7915736089733,24.84207056619256,105260800
2016-08-10,24.789283752441406,24.995861467280687,24.734196945543605,24.952250129931834,96034000
2016-08-11,24.773218154907227,25.002748573556907,24.754855301132505,24.90864026134504,109938000
2016-08-12,24.830596923828125,24.890275313788013,24.738784420315493,24.738784420315493,74641600
2016-08-15,25.128986358642578,25.14275762083864,24.807643481704662,24.821414743900725,103472800
2016-08-16,25.106035232543945,25.301137479011352,25.067015483721676,25.163417834168943,135177600
2016-08-17,25.06930923461914,25.103739143023226,24.86732137261004,25.041764957660295,101424000
2016-08-18,25.03717613220215,25.156531168157976,25.0234031175772,25.071606041997583,87938800
2016-08-19,25.101444244384766,25.177189695340626,24.87191384840552,24.966020400144476,101472400
2016-08-22,24.906341552734375,25.041763633805925,24.754850664236244,24.98667683397833,103280800
2016-08-23,24.984384536743164,25.092264108588793,24.910934876300317,24.924706140390214,85030800
2016-08-24,24.796165466308594,24.961427612066576,24.715830187447835,24.92011207562708,94700400
2016-08-25,24.690584182739258,24.761738043840097,24.48630227407473,24.649268642156663,100344800
2016-08-26,24.54598045349121,24.777804886415755,24.401375187116802,24.653860016920405,111065200
2016-08-29,24.518434524536133,24.660743987094957,24.396783706286747,24.472529150125045,99881200
2016-08-30,24.330228805541992,24.44499403575681,24.21546357532717,24.28432341392744,99455600
2016-08-31,24.353172302246094,24.461051858086435,24.247588540472805,24.25218012860691,118649600
2016-09-01,24.497783660888672,24.513850721004815,24.243004742491117,24.362359796042714,106806000
2016-09-02,24.727310180664062,24.78928261668749,24.5184366810136,24.720422797836626,107210000
2016-09-06,24.72042465209961,24.858144300131595,24.676815064655678,24.766331785169626,107521600
2016-09-07,24.871912002563477,24.963724504377,24.57581760358322,24.75026118191113,169457200
2016-09-08,24.22004508972168,24.621723257418985,24.155776863078565,24.61713342030641,212008000
2016-09-09,23.671476364135742,24.265961182592154,23.671476364135742,24.018067858652525,186228000
2016-09-12,24.201688766479492,24.26595700580643,23.533754383807,23.561298665452053,181171200
2016-09-13,24.777803421020508,24.970609847724237,24.61483706398946,24.67681124624979,248704800
2016-09-14,25.65460777282715,25.94381651908081,24.926996946063138,24.956837013856628,443554800
2016-09-15,26.52682876586914,26.563554471137767,26.049405104445068,26.134331984495258,359934400
2016-09-16,26.377634048461914,26.655365631804546,26.175647919988556,26.42354118073634,319547600
2016-09-19,26.070064544677734,26.66684326402679,25.99431908864002,26.439608647091717,188092000
2016-09-20,26.06777572631836,26.194018186832047,25.82447398552311,25.948420650978765,138057200
2016-09-21,26.06317710876465,26.164169291980812,25.808398229672562,26.132035176705948,144012800
2016-09-22,26.30876922607422,26.382218867688326,26.166459779306688,26.24679505120062,124296000
2016-09-23,25.870376586914062,26.347800339091776,25.60412217781618,26.262873442897806,209924800
2016-09-26,25.90938949584961,26.026450483737882,25.60411541154331,25.624772305841187,119477600
2016-09-27,25.95758628845215,25.978244930443143,25.785438526963397,25.93692939763874,98429600
2016-09-28,26.154985427856445,26.31336194636011,26.035630403844344,26.095308791439287,118564400
2016-09-29,25.748722076416016,26.120561979886286,25.661501148965108,25.973662654085757,143548000
2016-09-30,25.948410034179688,26.021859685377926,25.661497060565043,25.81298620002111,145516400
2016-10-03,25.826757431030273,25.948410002684593,25.771670630492913,25.87036876334367,86807200
2016-10-04,25.93693733215332,26.237621620494203,25.85201044674781,25.950708596908438,118947200
2016-10-05,25.948410034179688,26.08842370539786,25.865778957684444,26.028745316556225,85812400
2016-10-06,26.141216278076172,26.244504254294586,25.96677268933728,26.097604943096968,115117200
2016-10-07,26.18023681640625,26.295002016199266,26.053996147340715,26.23761941630276,97433600
2016-10-10,26.63700294494629,26.79767352040043,26.33172710040549,26.400585167952435,144944000
2016-10-11,26.694379806518555,27.242957190615698,26.671425371091516,27.01572088836642,256164000
2016-10-12,26.933095932006836,27.079996997108335,26.797673838399614,26.935391726305692,150347200
2016-10-13,26.850467681884766,26.956051458572166,26.56125887980657,26.806856344339394,140769600
2016-10-14,26.999656677246094,27.123603286657524,26.88489149273674,27.05703926950077,142608800
2016-10-17,26.981300354003906,27.047862631763685,26.8045609579191,26.930803383693963,94499600
2016-10-18,26.962932586669922,27.132784568518556,26.95834099865422,27.125898937672734,98214000
2016-10-19,26.882598876953125,27.029498180829002,26.12055808140532,26.91243719608553,80138400
2016-10-20,26.86882781982422,26.942277477110643,26.701271610004238,26.82292244071194,96503200
2016-10-21,26.763242721557617,26.834398332189238,26.689793067908557,26.811443892591885,92770800
2016-10-24,27.00425148010254,27.024908375208078,26.855056372243375,26.87800906164218,94154800
2016-10-25,27.141965866088867,27.167214346523632,26.92620676098368,27.073106055598103,192516000
2016-10-26,26.531417846679688,26.5566663305372,26.008088819774823,26.23761921762278,264536800
2016-10-27,26.276641845703125,26.59339317792539,26.189419170017576,26.48551360611097,138248000
2016-10-28,26.10219955444336,26.444199388758573,26.04022536059289,26.136629467562717,151446800
2016-10-31,26.06087875366211,26.219255271367068,25.982837516250328,26.086127234779646,105677600
2016-11-01,25.5903377532959,26.11366666133483,25.36998883155201,26.04251281454039,175303200
2016-11-02,25.613296508789062,25.78774010320985,25.53066717582972,25.56968692356735,113326800
2016-11-03,25.338748931884766,25.714803657146014,25.274150746948454,25.604064414446203,107730400
2016-11-04,25.11034393310547,25.435644172849955,24.94192750160085,25.038824771247484,123348000
2016-11-07,25.47256088256836,25.495631411829535,25.253386454165774,25.39642655185477,130240000
2016-11-08,25.62252426147461,25.774792947021243,25.30876008535018,25.449492624354615,97016800
2016-11-09,25.580995559692383,25.68250801260255,24.92809087985941,25.35028671956474,236705600
2016-11-10,24.868106842041016,25.629444981428254,24.415917712910513,25.629444981428254,228538000
2016-11-11,25.01576042175293,25.11727287797562,24.58202842182032,24.71353239457752,136575600
2016-11-14,24.388233184814453,24.8727214349155,24.012178379675365,24.849650901133337,204702000
2016-11-15,24.711227416992188,24.842731403605516,24.49205469269297,24.58664441491077,129058000
2016-11-16,25.37566566467285,25.431037055440214,24.593562811814266,24.61663334454959,235362000
2016-11-17,25.366439819335938,25.45872372034074,25.108047008725304,25.334140718009607,110528000
2016-11-18,25.39181137084961,25.502552375456155,25.299529253874137,25.31337121938675,113715600
2016-11-21,25.777101516723633,25.83708455257024,25.380281998753023,25.405660113983856,117058400
2016-11-22,25.793249130249023,25.93628748517422,25.70096524180675,25.827854048267202,103862000
2016-11-23,25.661752700805664,25.726350913643856,25.454114330847702,25.691744225289312,109705600
2016-11-25,25.790943145751953,25.809400276616874,25.597146792008044,25.638674456369674,45903600
2016-11-28,25.74018669128418,25.947825011279967,25.69865902728502,25.707887592636933,108776000
2016-11-29,25.714805603027344,25.846309563789816,25.394120474849235,25.557923530523986,114115200
2016-11-30,25.49793815612793,25.88552904632667,25.44026095080174,25.747104105577538,144649200
2016-12-01,25.26031494140625,25.594843875667053,25.154189067141502,25.463339883624965,148347600
2016-12-02,25.354904174804688,25.39873766147787,25.112659166697906,25.186485931807862,106112000
2016-12-05,25.172639846801758,25.38489154176124,24.97423011798396,25.3779705586904,137298000
2016-12-06,25.366439819335938,25.461031301912335,25.191102343612727,25.262621530811167,104782000
2016-12-07,25.6156005859375,25.652514842858533,25.184176209226976,25.207246739718297,119994800
2016-12-08,25.86707878112793,25.93859796658698,25.516400317872215,25.576385116091817,108273200
2016-12-09,26.289276123046875,26.46230778272512,25.910913701363974,25.910913701363974,137610400
2016-12-12,26.13931655883789,26.531520947030724,25.95244117090472,26.137008977212552,105497600
2016-12-13,26.57535743713379,26.743773940092016,26.2431360743451,26.263899029434825,174935200
2016-12-14,26.57535743713379,26.80837214726334,26.526908781755292,26.54075075181511,136127200
2016-12-15,26.720705032348633,26.930650978624335,26.58458762467741,26.61919255193671,186098000
2016-12-16,26.75530242919922,26.877577823507508,26.68147567639976,26.870656840458906,177404400
2016-12-19,26.90987777709961,27.08060181836808,26.70454705931449,26.716083204876266,111117600
2016-12-20,26.981401443481445,27.108292025113396,26.91911082351511,26.932952792358964,85700000
2016-12-21,27.006776809692383,27.08521873221407,26.942178614773816,26.946793777364455,95132800
2016-12-22,26.829133987426758,26.879890219099067,26.679172873895556,26.842975956003226,104343600
2016-12-23,26.882198333740234,26.882198333740234,26.667639001656163,26.667639001656163,56998000
2016-12-27,27.052921295166016,27.177504290227766,26.875274488067834,26.88219547220978,73187600
2016-12-28,26.937572479248047,27.228264434800998,26.808374294388575,27.11290998127924,83623600
2016-12-29,26.930646896362305,27.018315632412065,26.85451254759413,26.86604693487572,60158000
2016-12-30,26.720705032348633,27.039082684318878,26.630728701135972,26.912193843973217,122345200
2017-01-03,26.79683494567871,26.838362611667527,26.476149765052995,26.71608719519183,115127600
2017-01-04,26.76683807373047,26.879886669405845,26.704547463193364,26.727617994497155,84472400
2017-01-05,26.90296173095703,26.96063894901325,26.71839392910952,26.74377204586778,88774400
2017-01-06,27.202878952026367,27.26055615944547,26.87065767403836,26.94217684798407,127007600
2017-01-09,27.452045440673828,27.553557897454613,27.209802205404447,27.212108026572132,134247600
2017-01-10,27.479734420776367,27.542025042957096,27.292860794065135,27.40129248747833,97848400
2017-01-11,27.627389907836914,27.66891757894022,27.362074329130742,27.394373433303407,110354400
2017-01-12,27.512035369873047,27.52357151854024,27.272097910982577,27.43128760971019,108344800
2017-01-13,27.463581085205078,27.597392637575958,27.410517276448072,27.47973063392785,104447600
2017-01-17,27.68505859375,27.740428218090287,27.274397172903022,27.302081104988854,137759200
2017-01-18,27.682754516601562,27.800416523365154,27.61815632000001,27.685062097957,94852000
2017-01-19,27.63430404663086,27.7058232224131,27.53971433932229,27.546635322763315,102389200
2017-01-20,27.68505859375,27.788876859409115,27.622767986388258,27.788876859409115,130391600
2017-01-23,27.70352554321289,27.871942057003157,27.632004586242513,27.68506840849994,88200800
2017-01-24,27.678146362304688,27.708137884936924,27.569712900233185,27.58124904902899,92844000
2017-01-25,28.11879539489746,28.169551626034522,27.749661568676462,27.78196066846024,129510400
2017-01-26,28.13263702392578,28.247991446021366,28.054195101613008,28.07034465029964,105350400
2017-01-27,28.134939193725586,28.227223071459317,28.054191460771783,28.178774431687035,82251600
2017-01-30,28.06111717224121,28.06111717224121,27.837331063249348,27.89962167911948,121510000
2017-01-31,27.996519088745117,28.00574765412798,27.828102610972287,27.95037802199968,196804000
2017-02-01,29.703763961791992,30.105198621684547,29.302331062068244,29.306944464520072,447940000
2017-02-02,29.65300941467285,29.851419174554426,29.479977770136752,29.526120598114392,134841600
2017-02-03,29.779903411865234,29.80528153012559,29.567651659295976,29.602256584042724,98029200
2017-02-06,30.059057235717773,30.107507647547603,29.738372046032513,29.79143762097423,107383600
2017-02-07,30.345138549804688,30.474334958690797,30.095972538236566,30.11673549244938,152735200
2017-02-08,30.46279525756836,30.504324681488203,30.27361582957578,30.303609106832457,92016400
2017-02-09,30.682912826538086,30.689863815382644,30.381690346075366,30.504495863128692,113399600
2017-02-10,30.613401412963867,30.80340454879212,30.597183616461372,30.692185184375496,80262000
2017-02-13,30.884510040283203,31.007319138529734,30.759388659029526,30.835853100307133,92141600
2017-02-14,31.28536605834961,31.301583858074522,30.87523993009798,30.926216218834362,132904800
2017-02-15,31.398897171020508,31.574998340286122,31.19267622459111,31.401216524679324,142492400
2017-02-16,31.361831665039062,31.489268856048277,31.243657747818663,31.435976746957113,90338400
2017-02-17,31.447547912597656,31.47303604576397,31.303889454168786,31.303889454168786,88792800
2017-02-21,31.674640655517578,31.686226820341766,31.50780978173241,31.56573707025223,98028800
2017-02-22,31.769634246826172,31.771950064966656,31.537925151170114,31.612070223267942,83347600
2017-02-23,31.635251998901367,31.855374998421865,31.581959880946172,31.832206203294128,83152800
2017-02-24,31.665369033813477,31.665369033813477,31.345609318375697,31.491587194658262,87106400
2017-02-27,31.72792625427246,31.846100161365428,31.57731674929561,31.776586722299044,81029600
2017-02-28,31.741836547851562,31.8461049543438,31.674638916920376,31.762689522029827,93931600
2017-03-01,32.39060592651367,32.474021324347866,31.883166086588407,31.950360154143986,145658400
2017-03-02,32.19828796386719,32.504142041150295,32.15194332996442,32.43926379640542,104844000
2017-03-03,32.38829803466797,32.39988419690233,32.11256363725176,32.15658893238212,84432400
2017-03-06,32.286346435546875,32.38598319104028,32.11488395747979,32.2932974259766,87000000
2017-03-07,32.328067779541016,32.43465202898481,32.1589175220644,32.221479994495496,69785200
2017-03-08,32.20756530761719,32.39293329708325,32.16585936617749,32.1959791453505,74828800
2017-03-09,32.133426666259766,32.15891481691348,31.755743115520236,32.14733218665386,88623600
2017-03-10,32.2400016784668,32.290977959592624,32.1241471369263,32.26548981902971,78451200
2017-03-13,32.253902435302734,32.30719453242354,32.165855391277034,32.17280638065802,69686800
2017-03-14,32.20525360107422,32.35817894147752,32.17049510983651,32.27708286645774,61236400
2017-03-15,32.54586410522461,32.61305819344029,32.214518229649315,32.302568825435856,102767200
2017-03-16,32.59917068481445,32.67563515158659,32.49953388183181,32.60612167855719,76928000
2017-03-17,32.43696212768555,32.67098707433795,32.41378980062658,32.67098707433795,175540000
2017-03-20,32.77757263183594,32.78683944067793,32.49256787763799,32.53195800251727,86168000
2017-03-21,32.40220642089844,33.08806705492065,32.376718273184075,32.92818717703974,158119600
2017-03-22,32.76829147338867,32.81000093841409,32.3836536247733,32.404510125085665,103440800
2017-03-23,32.652435302734375,32.80536410742225,32.58060607084741,32.731215522507235,81385200
2017-03-24,32.58757781982422,32.842459323352124,32.520383715585794,32.786847849236565,89582400
2017-03-27,32.64317321777344,32.72195344893828,32.1195084839844,32.29792544858684,94300400
2017-03-28,33.31977462768555,33.375382557814326,32.58293773307159,32.65013536277833,133499200
2017-03-29,33.393924713134766,33.4796595109218,33.17843688041903,33.29197211183216,116760000
2017-03-30,33.349876403808594,33.48195223775088,33.25024322572492,33.41012300971866,84829200
2017-03-31,33.287330627441406,33.42867332187341,33.13671758894155,33.301232607942865,78646800
2017-04-03,33.29660415649414,33.3939215752472,33.1459946231956,33.29892351077941,79942800
2017-04-04,33.54452896118164,33.57233292308607,33.17379296965375,33.192330122790196,79565600
2017-04-05,33.370750427246094,33.704412145488256,33.322089953502115,33.41709154686844,110871600
2017-04-06,33.287330627441406,33.48660059769635,33.23867016008599,33.433304958307005,84596000
2017-04-07,33.21318817138672,33.40782300567171,33.19697036966346,33.30355459699054,66688800
2017-04-10,33.173789978027344,33.338304987526925,33.111227533783826,33.27342672520036,75733600
2017-04-11,32.81696319580078,33.21550315774776,32.45317818697687,33.12050157174401,121517600
2017-04-12,32.85635757446289,32.93745365411478,32.67330536938388,32.810016452433096,81400000
2017-04-13,32.68257141113281,32.990744958668515,32.68257141113281,32.88184139165964,71291600
2017-04-17,32.86329650878906,32.874882668945915,32.640854254816404,32.782196923290776,66328400
2017-04-18,32.71732711791992,32.91196193065789,32.69647414561241,32.765987588904714,58790000
2017-04-19,32.596839904785156,32.90269766467193,32.543547792902174,32.874893699446176,69313600
2017-04-20,33.004638671875,33.11585802935843,32.70805136151945,32.721953339254924,93278400
2017-04-21,32.96525573730469,33.06025378439057,32.867938336357916,33.0046458613355,69283600
2017-04-24,33.282691955566406,33.3545212043376,33.17610422359627,33.250252825940706,68537200
2017-04-25,33.488914489746094,33.574645721640984,33.33598564182538,33.34525598536003,75486000
2017-04-26,33.291969299316406,33.50514483072256,33.22245938211992,33.475021509536695,80164800
2017-04-27,33.31745910644531,33.40319390125838,33.20623969779198,33.34758242913109,56985200
2017-04-28,33.28501510620117,33.43562816204325,33.19696804102041,33.38696768908486,83441600
2017-05-01,33.963924407958984,34.10758293593288,33.58855675197522,33.62099588847258,134411600
2017-05-02,34.17940902709961,34.31380073314205,34.02416435001619,34.186360017446596,181408800
2017-05-03,34.07514572143555,34.174782490612145,33.428678773488514,33.73453300120081,182788000
2017-05-04,33.952335357666016,34.093678055158506,33.78550451683552,33.95001953939907,93487600
2017-05-05,34.51539993286133,34.52003157068391,34.00563692426587,34.00563692426587,109310800
2017-05-08,35.453792572021484,35.613672346611715,34.531591748366154,34.531591748366154,195009600
2017-05-09,35.68088150024414,35.88710243423031,35.555756620621146,35.65307400721688,156521600
2017-05-10,35.51173400878906,35.66929802915871,35.24526996841705,35.59746877665496,103222800
2017-05-11,35.81886291503906,35.846785196888355,35.437291531583206,35.469864568578416,109020400
2017-05-12,36.319095611572266,36.39354674523576,35.98638201214726,35.99336169498463,130108000
2017-05-15,36.22602844238281,36.44706002325457,36.074797242363935,36.29815420085935,104038800
2017-05-16,36.172508239746094,36.309780042834795,35.99800910186227,36.28186131683548,80194000
2017-05-17,34.957984924316406,35.96310140293854,34.8323471395852,35.7374156255681,203070800
2017-05-18,35.49080276489258,35.67693592190662,35.162747025246915,35.19532006145977,134272800
2017-05-19,35.61178207397461,35.82583391523636,35.51173760966273,35.68623674060161,107843200
2017-05-22,35.828155517578125,35.96542728713907,35.576876394375454,35.83048089411209,91865600
2017-05-23,35.78395462036133,36.03988454031888,35.669947247258676,36.03988454031888,79675600
2017-05-24,35.67693328857422,35.870046114080495,35.52104780176192,35.793266059347076,76712000
2017-05-25,35.800235748291016,35.91191773319801,35.60479759999392,35.76766272357484,76942400
2017-05-26,35.739749908447266,35.886330318989245,35.66994954389423,35.83048931730801,87710400
2017-05-30,35.75370407104492,35.93052855869252,35.674598659481006,35.69553770074319,80507600
2017-05-31,35.541988372802734,35.87004765249888,35.453577877355755,35.82351525223291,97804800
2017-06-01,35.639705657958984,35.674607619021614,35.41634872801346,35.63738028063256,65616400
2017-06-02,36.16785430908203,36.16785430908203,35.57223114698154,35.73277092352461,111082800
2017-06-05,35.814205169677734,35.93519224555093,35.70485563113581,35.909598893927644,101326800
2017-06-06,35.93518829345703,36.251613537729305,35.77930282351177,35.807221549414194,106499600
2017-06-07,36.14924240112305,36.29116851698473,35.94217022062264,36.06781159542178,84278400
2017-06-08,36.06082534790039,36.1887885264461,35.92355001151078,36.12131709685279,85003200
2017-06-09,34.662506103515625,36.10736045843157,33.9738181935922,36.10736045843157,259530800
2017-06-12,33.8342170715332,33.99010253275628,33.15715960473019,33.90867173669913,289229200
2017-06-13,34.106441497802734,34.30653400914587,33.771402543907755,34.2390625629672,136661600
2017-06-14,33.77372360229492,34.318160000424676,33.46660344938461,34.318160000424676,126124800
2017-06-15,33.5713005065918,33.615507515769394,33.087359432946215,33.34561825744221,128661600
2017-06-16,33.10133361816406,33.62017687624808,33.08504532319612,33.452657371811036,201444400
2017-06-19,34.048274993896484,34.14134334198759,33.42473303756118,33.42473303756118,130165600
2017-06-20,33.73882293701172,34.171580909790116,33.72253819808349,34.171580909790116,99600400
2017-06-21,33.93891906738281,33.98545501263646,33.64576178333343,33.857488263577295,85063200
2017-06-22,33.88307571411133,34.132025936942306,33.76441404464621,33.91564874000118,76425200
2017-06-23,34.03431701660156,34.2390638405538,33.76209874395304,33.766753049095946,141757600
2017-06-26,33.92728805541992,34.49964325030576,33.82491465791016,34.24138437938582,102769600
2017-06-27,33.441009521484375,34.00638850216209,33.4154161758538,33.73882106144362,99047600
2017-06-28,33.92960739135742,33.994753441774456,33.30839098547059,33.61783650004825,88329600
2017-06-29,33.429378509521484,33.766746336520576,33.10364821816349,33.669027249113185,125997600
2017-06-30,33.50849151611328,33.72719768816281,33.45265050935776,33.60853599258162,92096400
2017-07-03,33.38750076293945,33.80629939195588,33.29443597879978,33.70858030355104,57111200
2017-07-05,33.524776458740234,33.68764162501166,33.20602580830942,33.431711663783524,86278400
2017-07-06,33.20835494995117,33.387508428254876,33.133903815585256,33.27582995160863,96515200
2017-07-07,33.54570388793945,33.67832490252916,33.24789238697917,33.24789238697917,76806800
2017-07-10,33.750457763671875,33.95752992219642,33.3572524901357,33.529426242805386,84362400
2017-07-11,33.85980987548828,33.93426453945927,33.59224597100433,33.6736767657546,79127200
2017-07-12,33.908668518066406,34.01103834766178,33.69461670132308,33.938912616499664,99538000
2017-07-13,34.3809928894043,34.548512386823504,33.838881675560884,33.85284104197999,100797600
2017-07-14,34.67647933959961,34.74395435147098,34.27862315311234,34.4275289945793,80528400
2017-07-17,34.797454833984375,35.10922578080581,34.56711823978075,34.62528462016657,95174000
2017-07-18,34.91844940185547,34.93008339047115,34.59039009394567,34.71370256284313,71475200
2017-07-19,35.13716125488281,35.230226078377214,34.88820734923234,35.011519837950374,83692000
2017-07-20,34.978939056396484,35.30467296695641,34.94404064285544,35.24883195509608,68974800
2017-07-21,34.96265411376953,35.002206832288344,34.63924913275606,34.897508042068594,105010400
2017-07-24,35.386104583740234,35.46753895077405,34.87656643332777,35.034780862086244,85972800
2017-07-25,35.53733444213867,35.79326439582778,35.318628275219126,35.318628275219126,75415600
2017-07-26,35.704856872558594,35.81420641490249,35.61178852242239,35.67926352004546,63124000
2017-07-27,35.030120849609375,35.828165445859824,34.271632516750024,35.77232444183195,129905200
2017-07-28,34.78349304199219,34.95333786680516,34.711367303380946,34.874232447050495,68854800
2017-07-31,34.60434341430664,34.97660968379857,34.46474622589286,34.87656165941748,79383600
2017-08-01,34.911460876464844,34.95101358758447,34.5298895777999,34.6904293495286,141474400
2017-08-02,36.56106185913086,37.16831904468561,36.333050629937745,37.05896595972482,279747200
2017-08-03,36.19578552246094,36.57735692678034,36.067818745056115,36.540129582408944,108389200
2017-08-04,36.386558532714844,36.62154941694103,36.223693387697,36.31210741650407,82239600
2017-08-07,36.949607849121094,36.97520119637969,36.45170381624877,36.54244322013037,87481200
2017-08-08,37.245094299316406,37.65225893123959,36.823970305186876,36.90075034751565,144823600
2017-08-09,37.473106384277344,37.52196770334755,37.0194093508851,37.0543077572253,104526000
2017-08-10,36.279510498046875,37.372659064910955,36.11834033556793,37.34929972734159,163217200
2017-08-11,36.7840461730957,37.038650173535515,36.4547022567992,36.57849893001648,105028400
2017-08-14,37.33763885498047,37.42172751474677,37.08070029343457,37.213842156454525,88490800
2017-08-15,37.746402740478516,37.88654813163117,37.40537551681535,37.5268377071231,117862000
2017-08-16,37.594566345214844,37.958949276727324,37.40770229814465,37.82581100442942,110686400
2017-08-17,36.872806549072266,37.538508584497926,36.86813396788796,37.49412797358486,111762400
2017-08-18,36.788719177246094,37.25587751600477,36.606527710261034,36.87280782078807,109712400
2017-08-21,36.72098922729492,36.87982137954748,36.230471459906205,36.788725630076534,105474000
2017-08-22,37.3212776184082,37.37266531835174,36.91017958299497,36.95922921030965,86418400
2017-08-23,37.36799621582031,37.482451297101036,37.1110612563196,37.155441870778155,77596400
2017-08-24,37.202152252197266,37.54551388813947,37.033974978913946,37.47310135770041,79275600
2017-08-25,37.3399658203125,37.50347052456554,37.20215496702317,37.29091262696897,101920400
2017-08-28,37.71603775024414,37.83983445437757,37.3563237477863,37.405376953261865,103864000
2017-08-29,38.05238723754883,38.101436872228,37.372670929623744,37.39603027460902,118067600
2017-08-30,38.1551513671875,38.28128252604773,37.982301532175356,38.26026126026012,109078400
2017-08-31,38.30698013305664,38.42844228753387,38.18551797857941,38.22289149751624,107140400
2017-09-01,38.31866455078125,38.52654987493805,38.220561724518696,38.49384893285053,66364400
2017-09-05,37.858524322509766,38.36539085465881,37.50348287341561,38.248601232574615,117874000
2017-09-06,37.81881332397461,38.07107931566371,37.49413834251233,38.005677417537214,86606800
2017-09-07,37.66697692871094,37.895887089131044,37.45675709434637,37.86084807398001,87714000
2017-09-08,37.05266571044922,37.64128266590205,37.02930636727006,37.57354627329907,114446000
2017-09-11,37.72303771972656,37.851506982063555,37.346975095868515,37.48945853879946,126323200
2017-09-12,37.57355499267578,38.29765202964035,37.08537525850779,37.982318644221806,286856000
2017-09-13,37.29091262817383,37.363325163899525,36.8844871581796,37.34230033010291,179629600
2017-09-14,36.970909118652344,37.23251663703886,36.92652850803996,37.13675189028781,95042800
2017-09-15,37.34465408325195,37.59925462708089,36.90552392388701,37.015306463728244,196458400
2017-09-18,37.0620231628418,37.48947366409142,36.90552547617722,37.39837788934228,113077600
2017-09-19,37.07602310180664,37.318947450546545,37.00828670625804,37.25821458129381,83242400
2017-09-20,36.4547004699707,36.96623582608519,35.931481879131866,36.88214718763136,211805600
2017-09-21,35.82872009277344,36.391646926177565,35.67922951918649,36.391646926177565,150046800
2017-09-22,35.47834777832031,35.56710902293192,35.16768698631575,35.39659362521635,186581600
2017-09-25,35.165340423583984,35.464321439215524,34.84066555985278,35.03453667476204,177549200
2017-09-26,35.77031707763672,35.95250856102982,35.431627964361624,35.45264923610646,146640000
2017-09-27,36.0249137878418,36.139368862313745,35.863743592979226,35.92447645720873,102016800
2017-09-28,35.80301284790039,36.036592004561605,35.66753650934068,35.94549627602914,88022000
2017-09-29,35.99922561645508,36.00156368953137,35.50403884674758,35.78667125052367,105199200
2017-10-02,35.926822662353516,36.076313234753755,35.6722221438203,36.03193260848649,74795200
2017-10-03,36.083316802978516,36.22580026933067,35.95017850131544,35.97353428476607,64921200
2017-10-04,35.84973907470703,35.93850032226484,35.6114908272669,35.884778097544356,80655200
2017-10-05,36.29587173461914,36.30755140744281,35.98287646210498,36.013239334483636,85135200
2017-10-06,36.27485656738281,36.31923719310094,36.10200664725335,36.197774990736015,69630400
2017-10-09,36.40097427368164,36.60885957686108,36.31922370877985,36.39396718423677,65051600
2017-10-10,36.41498947143555,36.90550713111069,36.228128995497514,36.4523629922772,62468000
2017-10-11,36.56681823730469,36.66725556539255,36.379954196342354,36.43134189671038,67622400
2017-10-12,36.43836212158203,36.75836454584407,36.375294727644174,36.52011628276579,64500400
2017-10-13,36.66960525512695,36.73734166481572,36.53412887161315,36.60887237319606,65576800
2017-10-16,37.34465408325195,37.37268245456912,36.823769755362946,36.88216457169821,96486000
2017-10-17,37.482444763183594,37.57587499323616,37.19280534740493,37.32127458682832,75989200
2017-10-18,37.31660079956055,37.53850382599673,37.27923084722866,37.4707638818842,65496800
2017-10-19,36.433677673339844,36.69061618412299,36.209443667688426,36.61353463088805,170336800
2017-10-20,36.496742248535156,36.847110974121094,36.42900586314126,36.58083088524118,95896400
2017-10-23,36.47807312011719,36.83311459827446,36.32157544141009,36.64625047481607,87937200
2017-10-24,36.69529342651367,36.77003691651304,36.48507000986055,36.50609128228515,71028800
2017-10-25,36.53413391113281,36.80041413224961,36.26785369001601,36.65092354432679,84828400
2017-10-26,36.767704010009766,36.865806849735726,36.62054796835289,36.72565789919243,68002000
2017-10-27,38.0850830078125,38.21355225950639,37.06901222930234,37.20682307923981,177816800
2017-10-30,38.94231414794922,39.25764740970441,38.241576734390826,38.28128476012962,178803200
2017-10-31,39.48420715332031,39.626690538432634,38.99369321090133,39.21792713768315,144187200
2017-11-01,38.98202896118164,39.69444616850467,38.6830478978027,39.678093915223045,134551200
2017-11-02,39.266998291015625,39.35809403375087,38.6059687469068,38.9142949925557,165573600
2017-11-03,40.29241180419922,40.703509911112626,39.97007136924219,40.6427806024966,237594400
2017-11-06,40.70117950439453,40.874029412064594,40.11022435683608,40.2620494257461,140105200
2017-11-07,40.83197784423828,40.93475325863006,40.54934901879649,40.62175799780826,97446000
2017-11-08,41.1660041809082,41.1660041809082,40.71986700268964,40.79694857516741,97638000
2017-11-09,41.08191680908203,41.13330452568372,40.44190842494766,40.902059800976104,117930400
2017-11-10,40.945945739746094,41.11238472002674,40.852179617610815,41.04909062026387,100582000
2017-11-13,40.7818603515625,40.90610209469133,40.648239848415145,40.671683171512576,67928400
2017-11-14,40.16532516479492,40.66698136401759,40.12781729008067,40.56383649702732,99130000
2017-11-15,39.63554763793945,39.92622835868323,39.47145512499881,39.84418031373866,116632400
2017-11-16,40.10907745361328,40.28957744125859,39.92154160778363,40.12782781894237,94550000
2017-11-17,39.88636779785156,40.17704847340767,39.766815466354466,40.09500044121785,87598000
2017-11-20,39.846519470214844,39.98248284728732,39.74806397170337,39.91918874933416,65049600
2017-11-21,40.58728790283203,40.718561913549664,40.034059159844496,40.034059159844496,100525200
2017-11-22,41.01393127441406,41.02330645631819,40.56619032833748,40.63885961317691,102355600
2017-11-24,41.01627731323242,41.14051905041967,40.9412615444672,41.04675291641188,56106800
2017-11-27,40.80998229980469,41.04205828063427,40.634168138343924,41.035026000331705,82867200
2017-11-28,40.57087707519531,40.992828195521916,40.28722865795972,40.859211294604684,105715200
2017-11-29,39.729305267333984,40.5357066749356,39.18545540122101,40.46772678302688,166665600
2017-11-30,40.284889221191406,40.35286912803943,39.485519917188086,39.95201123691932,166108800
2017-12-01,40.09735107421875,40.242689638583734,39.499582200892725,39.839488869427655,159037200
2017-12-04,39.80431365966797,40.465372827351985,39.76446289219651,40.43255433784919,130169600
2017-12-05,39.766822814941406,40.207531500009885,39.47614208566985,39.63085942110222,109400800
2017-12-06,39.619136810302734,39.8980958722697,39.02137147974328,39.265165560710635,114240000
2017-12-07,39.69180679321289,39.95435479627094,39.59569419318333,39.6238233143829,102693200
2017-12-08,39.70351791381836,40.08562176887001,39.57459041296198,39.966069447786815,93420800
2017-12-11,40.47710418701172,40.52867662244406,39.56755786423912,39.6636704554492,141095200
2017-12-12,40.24972152709961,40.41147112880748,40.19346328438264,40.35520930914222,77636800
2017-12-13,40.38334655761719,40.68105599740082,40.32005245048068,40.437261905278596,95273600
2017-12-14,40.37160873413086,40.58493071492811,40.237988292220294,40.41380240403066,81906000
2017-12-15,40.7818603515625,40.82874342080847,40.427889065264196,40.70215877614947,160677200
2017-12-18,41.356170654296875,41.53901706038205,40.99047784212652,40.99516722039598,117684400
2017-12-19,40.915470123291016,41.11472760393039,40.80998234169593,41.03033666326467,109745600
2017-12-20,40.87094497680664,41.1217713909212,40.613082703465246,40.9928402542505,93902400
2017-12-21,41.02564239501953,41.262407727061124,40.81232395613017,40.82873141591496,83799600
2017-12-22,41.02564239501953,41.12175498373052,40.90609006705201,40.948283743882484,65397600
2017-12-26,39.98481369018555,40.19578916493492,39.776177538627756,40.03872900894207,132742000
2017-12-27,39.991851806640625,40.034045476972366,39.783219201567775,39.87464239756717,85992800
2017-12-28,40.10438537597656,40.2848889284281,39.96373260682888,40.085631434960305,65920800
2017-12-29,39.670711517333984,39.98952138106239,39.668368615913096,39.97311391721872,103999600
2018-01-02,40.3809928894043,40.3903716472095,39.677736285832275,39.88871541307271,102223600
2018-01-03,40.373958587646484,40.91781205077507,40.31066807189711,40.44428495987144,118071600
2018-01-04,40.56149673461914,40.66464160959015,40.33879952381251,40.44663020077451,89738400
2018-01-05,41.023292541503906,41.11002635825425,40.56617656857374,40.65759976315977,94640000
2018-01-08,40.87094497680664,41.16631156331192,40.77248587102227,40.87094497680664,82271200
2018-01-09,40.866241455078125,41.03736622619869,40.65057652697938,40.91781389190044,86336000
2018-01-10,40.85685729980469,40.859203777408105,40.55445857561226,40.59196644779122,95839600
2018-01-11,41.08894348144531,41.13817302307532,40.90375412891968,40.927193872166164,74670800
2018-01-12,41.51323318481445,41.57652727570246,41.17566946934212,41.29991117337738,101672400
2018-01-16,41.30226516723633,42.05240490649083,41.29054350724283,41.7031194695957,118263600
2018-01-17,41.98441696166992,42.019578357968626,41.0397092936689,41.29287850091504,137547200
2018-01-18,42.02191925048828,42.21883379119358,41.785157513847274,42.04770546552424,124773600
2018-01-19,41.83439254760742,42.09694053382906,41.58825202205062,41.86955394685209,129700400
2018-01-22,41.49213790893555,41.67498433220892,41.398371796417685,41.5624642817979,108434400
2018-01-23,41.501522064208984,42.06412959182509,41.4499531950358,41.56247326977955,130756400
2018-01-24,40.840457916259766,41.56246850219612,40.601349655027036,41.55074684270415,204420400
2018-01-25,40.11140823364258,41.0115757292618,39.97544487592702,40.90843086637774,166116000
2018-01-26,40.205177307128906,40.32004383599083,39.86527067622671,40.32004383599083,156572000
2018-01-29,39.37300109863281,39.88872197739946,39.164368414983855,39.88872197739946,202561600
2018-01-30,39.14092254638672,39.23468867207913,38.60879066186384,38.80335877077658,184192800
2018-01-31,39.248748779296875,39.485514121767004,39.030740952174725,39.11747478744508,129915600
2018-02-01,39.33080291748047,39.52771393582206,39.09169463695222,39.18780724481486,188923200
2018-02-02,37.624229431152344,39.10106905879282,37.53046331194743,38.91353324343483,346375200
2018-02-05,36.68421936035156,38.416575096607,36.56935279783622,37.296052906008704,290954000
2018-02-06,38.217308044433594,38.37905763685267,36.100505937010205,36.29507402811228,272975200
2018-02-07,37.39918899536133,38.30404607461317,37.28901540532446,38.23137678935655,206434400
2018-02-08,36.370094299316406,37.741446423109565,36.34196517331413,37.575007414715365,217562000
2018-02-09,36.8149528503418,37.16330635492814,35.3626915731979,36.97030099389213,282690400
2018-02-12,38.29780578613281,38.57554611224318,37.07385489575755,37.3068770612048,243278000
2018-02-13,38.681461334228516,38.777965783274304,38.048303078509086,38.11891617760433,130196800
2018-02-14,39.39466094970703,39.43467421626047,38.33783088391865,38.37548810497715,162579600
2018-02-15,40.717464447021484,40.74099975851867,39.77831824404765,39.964262648464526,204588800
2018-02-16,40.58564758300781,41.14819642230458,40.43030304966786,40.569173225750966,160704400
2018-02-20,40.44913864135742,41.01638886881012,40.347925665247075,40.49621285724324,135722000
2018-02-21,40.26554870605469,40.98343861528876,40.25142320820084,40.67980685478488,149886400
2018-02-22,40.60211944580078,40.943411905444705,40.41617508774313,40.437357940269045,123967600
2018-02-23,41.30824661254883,41.34355136962207,40.84691076811192,40.87751061859656,135249600
2018-02-26,42.125,42.223856918735805,41.47536728050816,41.50831958675342,152648800
2018-02-27,41.98847198486328,42.48040400449576,41.934336836057554,42.15558952013026,155712400
2018-02-28,41.9249267578125,42.51336331613137,41.90845240177607,42.19325368474463,151128400
2018-03-01,41.19056701660156,42.315657645503855,40.639791153890215,42.02379176340598,195208000
2018-03-02,41.47537612915039,41.49655898949907,40.59036498712254,40.67274756607778,153816000
2018-03-05,41.618953704833984,41.83549798498244,41.07759120869651,41.240000316691024,113605600
2018-03-06,41.5836296081543,41.95552190228312,41.456528906087364,41.87549540129537,95154000
2018-03-07,41.19761657714844,41.390625476018485,41.018733171379544,41.17643372479385,126814000
2018-03-08,41.647193908691406,41.6895596245667,41.20704443328036,41.303545316618205,95096400
2018-03-09,42.36273193359375,42.367440432604226,41.75311240267017,41.88727768797565,128740800
2018-03-12,42.772274017333984,42.9299745735784,42.416859652502374,42.43568646057892,128828400
2018-03-13,42.36036682128906,43.191238867493816,42.188544369842795,42.97704712067932,126774000
2018-03-14,42.00025939941406,42.48983917558695,41.8519721984558,42.44276495685608,117473600
2018-03-15,42.049686431884766,42.423934914099554,41.91317227385684,42.014381665417666,90975200
2018-03-16,41.90139389038086,42.16030383619884,41.807241880648185,42.04967746947042,157618800
2018-03-19,41.261173248291016,41.77193576305772,40.87515899977217,41.73663100526373,133787200
2018-03-20,41.247047424316406,41.61423123659747,41.17643432390894,41.247047424316406,78597600
2018-03-21,40.31260681152344,41.21173587274439,40.310250767056516,41.19996642500337,148219600
2018-03-22,39.74300003051758,40.64448152862968,39.68415638439098,40.01367936608748,165963200
2018-03-23,38.82269287109375,39.99485754775119,38.82269287109375,39.63473464352793,164115200
2018-03-26,40.66568374633789,40.74335782034103,39.1757616174395,39.55942348830978,150164800
2018-03-27,39.62296676635742,41.22586751967293,39.288735202377374,40.87986650516944,163690400
2018-03-28,39.18516540527344,40.01839356438432,38.88153372827884,39.366404866791264,166674000
2018-03-29,39.49115753173828,40.42559515689415,39.284026695472384,39.49821848374443,153594000
2018-04-02,39.23223876953125,39.76418769347283,38.71206288607714,39.222825365285466,150347200
2018-04-03,39.63473129272461,39.71946629782122,38.8085676866813,39.45820033140096,121112000
2018-04-04,40.392642974853516,40.486791396247085,38.782681264911915,38.80857261952495,138422000
2018-04-05,40.6727294921875,41.009313428823425,40.5032595016405,40.62094679554641,107732800
2018-04-06,39.632381439208984,40.597415269493986,39.59001213811566,40.24200087033369,140021200
2018-04-09,40.025447845458984,40.74098498477688,39.97837364800259,39.9854345980445,116070800
2018-04-10,40.77866744995117,40.95519847787303,40.37382267192772,40.71982377397721,113634400
2018-04-11,40.58800506591797,40.936358540960995,40.413826532630395,40.53857480933227,89726400
2018-04-12,40.988121032714844,41.19054327475486,40.72920760980425,40.81629862925437,91557200
2018-04-13,41.12700653076172,41.388272503790546,40.91987930647764,41.138775980120656,100497200
2018-04-16,41.38356018066406,41.47064762555562,41.15053805463268,41.19761225210025,86313600
2018-04-17,41.95317840576172,42.117939940479125,41.522442370444146,41.541272773202145,106421600
2018-04-18,41.85901641845703,42.08968610363311,41.63305882226284,41.85195546804667,83018000
2018-04-19,40.6727294921875,41.28234881265261,40.63977719355509,40.898687085229376,139235200
2018-04-20,39.00628662109375,40.30084717404898,38.938025962498145,40.15491604282429,261964400
2018-04-23,38.89331817626953,39.288745963129934,38.622635106221324,39.26756310130521,146062000
2018-04-24,38.35194396972656,39.149863846375375,37.94709930631747,38.99451572381636,134768000
2018-04-25,38.5190544128418,38.935668488153105,38.22719218802867,38.27661884605533,113528400
2018-04-26,38.653221130371094,39.008635520485086,38.453151262893755,38.62968223130373,111852000
2018-04-27,38.20602035522461,38.67912217617682,37.8082365654064,38.60144809962658,142623200
2018-04-30,38.89800262451172,39.368751794516115,38.093021974787945,38.161282615696024,169709600
2018-05-01,39.80184555053711,39.82538085517712,38.900360418451456,39.16868731376048,214277600
2018-05-02,41.56011199951172,41.83785241821162,40.90812308278015,41.24470717576727,266157600
2018-05-03,41.63542938232422,41.7790080889956,41.05876210165591,41.3977022348823,136272800
2018-05-04,43.268917083740234,43.36777399374625,41.93669586462417,41.955526265320316,224805200
2018-05-07,43.58197784423828,44.17276701480724,43.48547336073916,43.58668275206797,169805600
2018-05-08,43.791446685791016,43.83145993830345,43.231253967553805,43.54195017510666,113611200
2018-05-09,44.09979248046875,44.109205885749084,43.59609089696965,43.90913959763727,92844800
2018-05-10,44.7305908203125,44.80826487522912,44.168045627005746,44.18923207218784,111957200
2018-05-11,44.56047439575195,44.90780963637365,44.29111274030875,44.773130611342786,104848800
2018-05-14,44.45651626586914,44.78258701532389,44.387995980670254,44.659719201627865,83115200
2018-05-15,44.052467346191406,44.20132633119791,43.73584996716356,44.132802453339124,94780800
2018-05-16,44.463584899902344,44.529747236177116,43.94849140859922,43.96503289401302,76732400
2018-05-17,44.18242263793945,44.63608416033303,44.03356365522016,44.42106643093434,69176000
2018-05-18,44.02174377441406,44.37616713616014,43.97921470158735,44.22967330036031,73190800
2018-05-21,44.33364486694336,44.72114765770483,44.16352133876697,44.42106815586849,73603200
2018-05-22,44.222591400146484,44.6289972010794,44.13280298203438,44.510856063724056,60962800
2018-05-23,44.506134033203125,44.53921341088453,43.891798612969254,44.031207909623966,80233600
2018-05-24,44.45651626586914,44.61955164059652,43.998131601838544,44.60301375329279,92936000
2018-05-25,44.558109283447266,44.81092942832429,44.33836490556683,44.475409049812235,69844000
2018-05-29,44.39744567871094,44.59828708921251,44.15407518196593,44.32656386830522,90056400
2018-05-30,44.30291748046875,44.42105859375,44.1327939889133,44.354899858742954,74762000
2018-05-31,44.15406799316406,44.47541203441879,43.981582940289385,44.23676823234885,109931200
2018-06-01,44.950340270996094,44.95506332051401,44.36199612169782,44.41870516434459,93770000
2018-06-04,45.32603073120117,45.701718695470696,45.212616244991445,45.28113652061899,105064800
2018-06-05,45.67573547363281,45.82459449146876,45.45126798691881,45.6190300233198,86264000
2018-06-06,45.83403015136719,45.857659818677284,45.34728928997988,45.75133352654392,83734400
2018-06-07,45.7111701965332,45.886016771398246,45.44653159867628,45.87184041185582,85388800
2018-06-08,45.29530715942383,45.36619255636937,44.839284141914064,45.170077853818505,106627200
2018-06-11,45.18425750732422,45.35910768515719,44.94325218766686,45.21261383139903,73234000
2018-06-12,45.4323616027832,45.51033519656956,45.165361442731324,45.22207049422554,67644400
2018-06-13,45.05902099609375,45.574118137506474,44.99758891360887,45.46542672423859,86553600
2018-06-14,45.082664489746094,45.264602874000786,44.94562032027727,45.25987621839653,86440400
2018-06-15,44.619544982910156,44.931439323743355,44.48250082757874,44.900721473557255,246876800
2018-06-18,44.595916748046875,44.70933122765769,44.2320400347811,44.39271385249596,73939600
2018-06-19,43.875247955322266,44.026468438616405,43.34597446110241,43.74529200748025,134314000
2018-06-20,44.06663513183594,44.232031968895384,43.88469680838022,44.031194240101996,82514800
2018-06-21,43.82090377807617,44.503759275692275,43.69803600948574,44.24384738163188,102847600
2018-06-22,43.69331741333008,43.98394359909991,43.641335024931394,43.97685541935294,108801600
2018-06-25,43.043540954589844,43.69331720103491,42.703293906863045,43.334167138947585,126652400
2018-06-26,43.5775260925293,44.07372017377777,43.13095286155782,43.2372827399542,98276800
2018-06-27,43.51374435424805,44.25094389386628,43.48302650497016,43.76656451210169,101141200
2018-06-28,43.830360412597656,43.998122408091795,43.42868128083608,43.499566681824895,69460800
2018-06-29,43.73821258544922,44.22968015589288,43.21839229539313,44.017023942655314,90950800
2018-07-02,44.22731399536133,44.255670319694616,43.338893949514286,43.433409021656324,70925200
2018-07-03,43.4570426940918,44.409260129675765,43.36725426118208,44.37145409419989,55819200
2018-07-05,43.80672073364258,44.04536807559281,43.54208580949544,43.77364136812418,66416800
2018-07-06,44.41397476196289,44.52266257780522,43.75947192082518,43.81145430418665,69940800
2018-07-09,45.03068161010742,45.05430767711103,44.72824055155952,44.775496290948546,79026400
2018-07-10,44.97633743286133,45.19607824218539,44.9361662689595,45.06139920542782,63756400
2018-07-11,44.39270782470703,44.84164263268709,44.32891061123423,44.53920165787048,75326000
2018-07-12,45.13700485229492,45.22679327478882,44.73059903152891,44.78258142293258,72164400
2018-07-13,45.20789337158203,45.32839604792387,45.10629010670486,45.14882279595492,50055600
2018-07-16,45.108638763427734,45.51976751220315,44.99285917954404,45.252771059535796,60172400
2018-07-17,45.23624801635742,45.33548615498201,44.70461281312302,44.83456880610116,62138000
2018-07-18,44.988136291503906,45.31893358512692,44.87708335215528,45.314206930900376,65573600
2018-07-19,45.33784103393555,45.496149714901144,44.8203823095987,44.8203823095987,81147200
2018-07-20,45.23388671875,45.46780390190556,44.93380717079654,45.314221840129036,82704800
2018-07-23,45.27404022216797,45.35674044845101,44.78966090832627,45.05429586382263,63957600
2018-07-24,45.60246276855469,45.75840987958294,45.377995408645596,45.47250684269781,74791600
2018-07-25,46.03251266479492,46.03960084432473,45.46779458945807,45.61665357034644,66839600
2018-07-26,45.88837432861328,46.30186823880807,45.74660354582276,45.98288578021978,76304000
2018-07-27,45.125179290771484,46.119929065766975,44.917253379961814,46.072673340827535,96096000
2018-07-30,44.87236404418945,45.413448823361634,44.673887814697736,45.34256342557714,84118000
2018-07-31,44.96213150024414,45.399254946758994,44.73766416502558,44.96449662933236,157492000
2018-08-01,47.61088562011719,47.67231772297984,46.62086216113057,47.05089769731495,271742800
2018-08-02,49.002586364746094,49.23650714117272,47.33916054852433,47.3935044683634,249616000
2018-08-03,49.14434814453125,49.32155983804991,48.55127736944488,48.91751559045967,133789600
2018-08-06,49.399532318115234,49.44206139303171,48.926967812566545,49.14670857706378,101701600
2018-08-07,48.9364128112793,49.50112719689982,48.85371258860714,49.45859812607234,102349600
2018-08-08,48.9694938659668,49.10181134249521,48.32444436520038,48.68595590120866,90102000
2018-08-09,49.35464096069336,49.56729355830663,48.95768487833233,49.508222991705026,93970400
2018-08-10,49.2076301574707,49.579896047747305,49.00371461649687,49.16732173423497,98444800
2018-08-13,49.52536392211914,50.018555141776424,49.2479445394418,49.629693321011686,103563600
2018-08-14,49.734012603759766,49.926071859007045,49.38071605083155,49.83122894368318,82992000
2018-08-15,49.85020065307617,49.968756111957894,49.397317931821874,49.60834650391032,115230400
2018-08-16,50.58051300048828,50.69669505828396,50.14185626620628,50.20824704723987,114001600
2018-08-17,51.590599060058594,51.67832895060167,50.54256913331326,50.60895990745815,141708000
2018-08-20,51.087921142578125,51.96997044895426,51.00493087218621,51.7138938355704,121150800
2018-08-21,50.98833465576172,51.49812534467867,50.74885391021264,51.405652223325475,104639200
2018-08-22,50.990692138671875,51.30130679230938,50.703786400671596,50.76543754098263,76072400
2018-08-23,51.095035552978516,51.464928024494725,50.88400697022757,50.89585962229423,75532800
2018-08-24,51.25389862060547,51.42935839026841,51.004931424758055,51.35822800690538,73905600
2018-08-27,51.675960540771484,51.86565002261064,51.294211770104596,51.48864086592092,82100400
2018-08-28,52.09326934814453,52.29244165624201,51.90832311662178,51.92966223148389,91107200
2018-08-29,52.87099838256836,52.9919272820666,52.02451417621045,52.19997396289268,109019200
2018-08-30,53.35707473754883,54.122942063554966,52.733471805257224,52.93501755221845,195175200
2018-08-31,53.973567962646484,54.26758323195385,53.58707594738155,53.70800123220705,173360400
2018-09-04,54.14665985107422,54.34108896006323,53.736458896649175,54.1585161228723,109560400
2018-09-05,53.793357849121094,54.45726920533211,53.3736740899167,54.296035502637366,133332000
2018-09-06,52.89945602416992,53.90717759275835,52.472655577397845,53.6416108603079,137160000
2018-09-07,52.47263717651367,53.43767655299589,52.33274262908176,52.60304888090987,150479200
2018-09-10,51.7684326171875,52.60306414955983,51.32740611850492,52.38966213005324,158066000
2018-09-11,53.07728576660156,53.18398496680129,51.34874497486776,51.69255511685615,142996000
2018-09-12,52.418121337890625,53.34996566824342,52.126472253925435,53.33573958961606,197114800
2018-09-13,53.684288024902344,54.14428382079878,52.773782896668074,52.999037562836996,166825600
2018-09-14,53.07491683959961,53.786249725249085,52.76193225128744,53.52779964512272,127997200
2018-09-17,51.66173553466797,52.863886183544494,51.51709770879258,52.67419669776966,148780400
2018-09-18,51.74708557128906,52.60305608904145,51.48151889557614,51.640382768873216,126286800
2018-09-19,51.77791213989258,52.07430079960809,51.049983473004616,51.808737718271196,108495200
2018-09-20,52.17151641845703,52.70501599848145,51.962857647168185,52.2213113045239,106435200
2018-09-21,51.60956573486328,52.48687544958484,51.52183223077317,52.34935067644082,384986800
2018-09-24,52.35171127319336,52.46315367979017,51.36533273062861,51.41038437814966,110773600
2018-09-25,52.683692932128906,52.833074017808435,52.09328524789584,52.10514152133538,98217600
2018-09-26,52.26398849487305,53.05356829176948,52.10749441951869,52.40151326248517,95938800
2018-09-27,53.33810806274414,53.69140468460075,53.0037807512583,53.07017514656896,120724800
2018-09-28,53.525428771972656,53.549137696873096,53.117597636213965,53.300170468249014,91717600
2018-10-01,53.885833740234375,54.397994265747464,53.67006552324894,54.04944087627544,94403200
2018-10-02,54.364803314208984,54.535523503313634,53.73646068627263,53.883468330991406,99152800
2018-10-03,55.026336669921875,55.358290533206585,54.483350600232036,54.547371566017574,114619200
2018-10-04,54.05892562866211,55.09272949311696,53.76016352256026,54.7204635729824,128168000
2018-10-05,53.181602478027344,54.158501851959784,52.301923060010964,54.051802669944955,134322000
2018-10-08,53.058319091796875,53.30254308452448,52.21183125092516,52.688426583123054,118655600
2018-10-09,53.793357849121094,53.888204396023134,52.697906463089694,53.02749052526942,107564000
2018-10-10,51.30132293701172,53.670062521507774,51.227819124762505,53.45903393039437,167962400
2018-10-11,50.84844207763672,52.04585308870412,50.34339821862812,50.865041580650036,212497600
2018-10-12,52.664710998535156,52.84728743527982,51.415135332389916,52.26399293127614,161351600
2018-10-15,51.53842544555664,52.59831145957878,51.51708633285087,52.43944759050496,123164000
2018-10-16,52.674198150634766,52.87337410610634,51.3961702249872,51.91070057240104,116736000
2018-10-17,52.446563720703125,52.790373822884185,52.0079070819727,52.709756980336294,91541600
2018-10-18,51.220699310302734,52.1027521766626,50.50462335577934,51.6569825122801,130325200
2018-10-19,52.00079345703125,52.463159011161046,51.55502378534438,51.704404817457615,132314800
2018-10-22,52.31852722167969,52.96109945803747,51.91306954225045,52.114611669502295,115168400
2018-10-23,52.81172180175781,52.93502051095604,50.907721129484436,51.175657665426925,155071200
2018-10-24,51.000179290771484,53.16737263089009,50.86976758066083,52.78088434932119,163702000
2018-10-25,52.11697769165039,52.49161335606598,51.393788707114766,51.62141676806011,119423200
2018-10-26,51.28709411621094,52.20945547540686,50.426380295404556,51.192247574812846,189033600
2018-10-29,50.324424743652344,52.09090043654111,48.86619036324804,51.972344972346896,183742000
2018-10-30,50.57575988769531,51.02152595640416,49.620203170895984,50.06596923960483,146640000
2018-10-31,51.894100189208984,52.27110571342019,51.362970384025495,51.424621543624724,153435600
2018-11-01,52.6907844543457,52.72397983560384,51.40801361782539,51.93914333598085,233292800
2018-11-02,49.195777893066406,50.658751990668875,48.70969973184057,49.68659928624311,365314800
2018-11-05,47.799198150634766,48.46310957047042,46.98827909154503,48.441770452132154,264654800
2018-11-06,48.31608581542969,48.54134043148345,47.82289474285595,47.877429233094766,127531600
2018-11-07,49.781429290771484,49.80751163268982,48.40144582952159,48.837728987042006,133697600
2018-11-08,49.607749938964844,49.995586840212916,49.19373605281653,49.962275628498666,101450400
2018-11-09,48.65123748779297,49.017660819557825,48.12301424738208,48.908211250477976,137463200
2018-11-12,46.200469970703125,47.55196113045554,46.11005227310484,47.34971216392766,204542000
2018-11-13,45.73886489868164,46.91665841008263,45.5532733698863,45.59610413918867,187531600
2018-11-14,44.446876525878906,46.27424098307071,44.239867729703725,46.13623632917074,243204000
2018-11-15,45.543758392333984,45.67700322291198,44.47065462981965,44.82518390668914,185915200
2018-11-16,46.04819107055664,46.3908227451404,45.07978424233005,45.32723843472403,147713200
2018-11-19,44.22319793701172,45.37481805625231,44.01619284637753,45.20826202754382,167701200
2018-11-20,42.11030578613281,43.17864971687647,41.76053630707205,42.4410397716322,271300800
2018-11-21,42.06272506713867,42.89313089673163,42.00800028423962,42.76464220391683,124496800
2018-11-23,40.99437713623047,42.01989398446868,40.94917192107717,41.624915640839525,94496000
2018-11-26,41.54877471923828,41.62729477489528,40.51136383731913,41.458360655982794,179994000
2018-11-27,41.45835494995117,41.584461910593994,40.65888242042653,40.808781023641245,165549600
2018-11-28,43.05254364013672,43.135819841711424,41.62253256342079,42.05082210079535,184250000
2018-11-29,42.72180938720703,43.49510862501545,42.281622214964095,43.4617974184589,167080000
2018-11-30,42.49101257324219,42.90740450537757,42.1222075643638,42.89788494233646,158126000
2018-12-03,43.97575378417969,44.00430521540804,43.1167964651105,43.89009585984467,163210000
2018-12-04,42.041324615478516,43.39757238670006,41.94139095135176,43.054940606464974,165377200
2018-12-06,41.572574615478516,41.58685033070264,40.5494393335014,40.86827574233966,172393600
2018-12-07,40.0902099609375,41.5178392085096,40.045001120527225,41.27990100058092,169126400
2018-12-10,40.35432434082031,40.47091174724844,38.86245065612961,39.259807055498264,248104000
2018-12-11,40.12352752685547,40.875409623836234,39.73568702462761,40.84448012074256,189126800
2018-12-12,40.2353630065918,40.906347041677016,40.216327509267764,40.544679853820156,142510800
2018-12-13,40.67554473876953,41.061007188033315,40.34243262770178,40.56609517255429,127594400
2018-12-14,39.374019622802734,40.230598753946886,39.32643270010572,40.21156325873819,162814800
2018-12-17,39.007598876953125,40.05690747360841,38.71969198522412,39.36688434207388,177151600
2018-12-18,39.51441192626953,39.86179978211614,39.11467372768916,39.35023393206599,135366000
2018-12-19,38.281890869140625,39.84276545172871,37.85360122619874,39.49775566153807,196189200
2018-12-20,37.31586456298828,38.572178514659555,36.951819249188674,38.16530241830391,259092000
2018-12-21,35.864444732666016,37.63232847502574,35.60271473880039,37.32300790895644,382978400
2018-12-24,34.936466217041016,36.059534807486344,34.87935974221118,35.25054275198316,148676800
2018-12-26,37.396759033203125,37.41103474909961,34.91030473324795,35.28624765133883,234330000
2018-12-27,37.154056549072266,37.30158073396154,35.7073951737711,37.08029627195242,212468400
2018-12-28,37.173091888427734,37.71797251566736,36.773357369983444,37.475274483383565,169165600
2018-12-31,37.532371520996094,37.91783022825547,37.23256707699555,37.720341094228516,140014000
2019-01-02,37.57521057128906,37.79649504684399,36.69721778790467,36.85425791498883,148158800
2019-01-03,33.83244323730469,34.67236504107236,33.78723438504044,34.258351143686504,365248800
2019-01-04,35.27671813964844,35.34572225455704,34.215515743213864,34.38920962205962,234428400
2019-01-07,35.19820022583008,35.41234680881426,34.7151859148074,35.381413677453956,219111200
2019-01-08,35.86919403076172,36.12378972115468,35.33859270778415,35.58604690991342,164101200
2019-01-09,36.478309631347656,36.76859456375998,35.60269868355585,35.997673387913416,180396400
2019-01-10,36.59490966796875,36.635358741524236,35.89537051561475,36.28558916534723,143122800
2019-01-11,36.23561477661133,36.57110858307444,36.05002323062101,36.37600110449598,108092800
2019-01-14,35.69074630737305,35.99292897602427,35.50515471702674,35.89299532204168,129756800
2019-01-15,36.42120361328125,36.497341952681495,35.70262920119996,35.75497589794655,114843600
2019-01-16,36.86614990234375,37.08981241923674,36.4045491556751,36.42358464973506,122278800
2019-01-17,37.085052490234375,37.5133420282532,36.46641164302394,36.69007415902539,119284800
2019-01-18,37.31349182128906,37.56570587807967,37.113620858538155,37.47528814804119,135004000
2019-01-22,36.47593688964844,37.29206339899699,36.314136980893885,37.2159250418447,121576000
2019-01-23,36.623451232910156,36.91373615846914,36.095228081853584,36.67817600819282,92522400
2019-01-24,36.333168029785156,36.75669780079705,36.10474935564246,36.66866181499719,101766000
2019-01-25,37.537132263183594,37.625171873385156,36.71862783649916,36.99463341228096,134142000
2019-01-28,37.18974304199219,37.196880897858094,36.56158631124964,37.06839223097384,104768400
2019-01-29,36.804283142089844,37.625172928252375,36.66866024088639,37.177847900505746,166348800
2019-01-30,39.319297790527344,39.53344077404036,38.12484669885647,38.84342126658753,244439200
2019-01-31,39.6024284362793,40.21154955274257,39.15510352796798,39.523908406800295,162958400
2019-02-01,39.6214714050293,40.20679736343197,39.48108510304344,39.726164797432745,130672400
2019-02-04,40.746925354003906,40.844480907959166,39.80231021008978,39.83324334442914,125982000
2019-02-05,41.444087982177734,41.65823461315933,41.00866412354689,41.13001133964811,144406400
2019-02-06,41.45835494995117,41.774813204413945,41.127620983815476,41.55590685659918,112958400
2019-02-07,40.673160552978516,41.38697522430309,40.53039616645393,41.020548326526274,126966800
2019-02-08,40.72096252441406,40.780702213471805,40.245433286874764,40.381641528112624,95280000
2019-02-11,40.486778259277344,40.91212817826302,40.44376743552907,40.87389390411717,83973600
2019-02-12,40.83565139770508,40.861937000103666,40.55128996618045,40.64687563227546,89134000
2019-02-13,40.66599655151367,41.21560238179154,40.60386859186247,40.955138230742534,89960800
2019-02-14,40.81415557861328,40.924074562670334,40.474834588255234,40.553691413976786,87342800
2019-02-15,40.72334289550781,41.0292097524213,40.563240997453136,40.92167906223181,98507200
2019-02-19,40.84520721435547,40.9670784800836,40.501109762882585,40.55368096648683,75891200
2019-02-20,41.108062744140625,41.416321493088006,40.859547313325095,40.90733832161036,104457600
2019-02-21,40.876285552978516,41.18932095016681,40.69467820512689,41.053116350833434,68998800
2019-02-22,41.33268737792969,41.33985584736165,40.95274391315378,41.000534924773696,75652800
2019-02-25,41.63376998901367,42.02566208018677,41.56686185000022,41.61704477737037,87493600
2019-02-26,41.657676696777344,41.889466961350905,41.38048368917295,41.50952344791541,68280800
2019-02-27,41.78671646118164,41.817782266227354,41.27534486960349,41.39004769767015,111341600
2019-02-28,41.375694274902344,41.796263888245086,41.320734799056915,41.655279141145016,112861600
2019-03-01,41.810604095458984,41.85361491133981,41.31356956114267,41.64572200880833,103544800
2019-03-04,42.020896911621094,42.47491707019806,41.57165330268141,41.982662637196206,109744800
2019-03-05,41.94442367553711,42.05673456522143,41.70785323096829,42.04239762546951,78949600
2019-03-06,41.70307922363281,41.93486948700485,41.56448272054905,41.73892157519718,83241600
2019-03-07,41.22037887573242,41.683959372280896,41.10567971197652,41.547751152766466,99185600
2019-03-08,41.318363189697266,41.35659746928028,40.503512881414565,40.69946082961131,95997600
2019-03-11,42.74971389770508,42.802285108230926,41.90141335177229,41.93486742699595,128044000
2019-03-12,43.23002624511719,43.650592312120786,42.862027746045676,43.01257291804957,129870400
2019-03-13,43.42118835449219,43.80113182441466,43.232408933638794,43.55022445223586,124130000
2019-03-14,43.90387725830078,43.99229444933617,43.62429604022909,43.944499796357,94318000
2019-03-15,44.474998474121094,44.76414014704579,43.90627916575114,44.17152350675048,156171600
2019-03-18,44.92902374267578,45.0174373105252,44.39614312213301,44.39853504313718,104879200
2019-03-19,44.572975158691406,45.16081528556105,44.42721017595446,45.007881832051886,126585600
2019-03-20,44.96247482299805,45.28029036657512,44.14284449562121,44.50128258512939,124140800
2019-03-21,46.61845397949219,46.914764093298665,45.356752279123555,45.40693521269051,204136800
2019-03-22,45.65306091308594,47.23974655431228,45.58854104236857,46.67819214407311,169630800
2019-03-25,45.1010627746582,45.87528656769035,44.58969134305273,45.762975695897644,175381200
2019-03-26,44.63510513305664,46.09036675118269,44.1070083158494,45.79883677256588,199202000
2019-03-27,45.03655242919922,45.34480758857709,44.57775210214657,45.103460582338926,119393600
2019-03-28,45.09629440307617,45.29701887269252,44.81193291467582,45.151253893185654,83121600
2019-03-29,45.39020538330078,45.421271181808265,45.05327273343193,45.361531505429554,94256000
2019-04-01,45.6984748840332,45.8036136763182,45.01505267996334,45.79405693019096,111448000
2019-04-02,46.362762451171875,46.467904849994866,45.653054905336646,45.662611647856934,91062800
2019-04-03,46.68059158325195,46.95539267732806,46.15487943528214,46.1787767679066,93087200
2019-04-04,46.76183319091797,46.92432337273218,46.152487716673136,46.5467681520088,76457200
2019-04-05,47.07486343383789,47.098760762089405,46.819175877184065,46.943435420895284,74106400
2019-04-08,47.81564712524414,47.84670928317847,46.917159895575644,46.93627703303892,103526800
2019-04-09,47.67226028442383,48.47277338177323,47.60774041497689,47.868208167106985,143072800
2019-04-10,47.939903259277344,47.96858078870837,47.356843325868965,47.47632270087163,86781200
2019-04-11,47.54084014892578,48.03070629058641,47.41897250530564,47.99486393841018,83603200
2019-04-12,47.5217170715332,47.82519565149678,46.8860896796702,47.60057388268376,111042800
2019-04-15,47.60774230957031,47.75589918776008,47.316212394506586,47.452420608068394,70146400
2019-04-16,47.612518310546875,48.119109559406894,47.4476362333786,47.66270123907555,102785600
2019-04-17,48.53968811035156,48.5994277929976,47.459593627169305,47.68182349642656,115627200
2019-04-18,48.71412658691406,48.78342301391168,48.393922765494615,48.537295815006495,96783200
2019-04-22,48.874210357666016,48.97218427517907,48.35089035256207,48.46798139882544,77758000
2019-04-23,49.57915115356445,49.643671024935706,48.72367855106363,48.85032637317209,93292000
2019-04-24,49.502685546875,49.81810913726031,49.476399943824525,49.55047655799757,70162400
2019-04-25,49.05345153808594,49.646068212671416,49.01521726328142,49.42383832703479,74172800
2019-04-26,48.81926727294922,48.98653764786853,48.29833536680541,48.9626403173569,74596400
2019-04-29,48.89335250854492,49.21833657117823,48.71413343678879,48.84316956411581,88818800
2019-04-30,47.95184326171875,48.60419951041868,47.57906826246165,48.52295442518993,186139600
2019-05-01,50.30558776855469,51.45019836505876,49.9973289961733,50.15265434268361,259309200
2019-05-02,49.97821807861328,50.814573652985054,49.73448279364687,50.14310018952764,127985200
2019-05-03,50.599510192871094,50.62101560310211,50.236291908679384,50.39400554281509,83569600
2019-05-06,49.81810760498047,49.90413288084334,48.62809432739427,48.81687009169931,129772400
2019-05-07,48.47517013549805,49.56482140635094,47.99008418506328,49.19682655113943,155054800
2019-05-08,48.4847297668457,49.067789710466904,48.209928658014654,48.2457710126548,105358000
2019-05-09,47.963802337646484,48.19320070411305,46.993630360726264,47.88733378467676,139634400
2019-05-10,47.29933166503906,47.699932750025205,46.241468231244326,47.35690393324207,164834800
2019-05-13,44.550315856933594,45.45225932989758,43.861864488539425,45.02767625266252,229722400
2019-05-14,45.25556182861328,45.50503431641319,44.4759552713781,44.71583421206585,146118800
2019-05-15,45.79768371582031,45.996783661906406,44.62227845271077,44.682248183691094,106178800
2019-05-16,45.59619140625,46.16950195223836,45.29874018957039,45.55541242384641,132125600
2019-05-17,45.337120056152344,45.79288858202996,44.79978990816282,44.84056888908769,131516400
2019-05-20,43.91943359375,44.2216833962281,43.24537436800454,44.022583439754115,154449200
2019-05-21,44.761417388916016,45.097246483732384,44.30564514850796,44.43038323812373,113459200
2019-05-22,43.84507369995117,44.547920918961154,43.78990256693896,44.29604729221338,118994400
2019-05-23,43.096656799316406,43.30774780477371,42.6528792389541,43.130239708838886,146118800
2019-05-24,42.93113708496094,43.69155293690162,42.84717798618397,43.22618717622051,94858800
2019-05-28,42.753623962402344,43.31973842722147,42.67686460222569,42.919141022494294,111792800
2019-05-29,42.54972839355469,43.022290207561106,42.2186942784962,42.319442996065696,113924800
2019-05-30,42.77042007446289,42.99350575437615,42.379416191299306,42.68646097283773,84873600
2019-05-31,41.99560546875,42.696051495723665,41.97641471537596,42.2738622420187,108174400
2019-06-03,41.571022033691406,42.67926159185684,40.84418912083457,42.12274434101084,161584400
2019-06-04,43.09185028076172,43.13742786251342,41.86367134635014,42.08435951986085,123872000
2019-06-05,43.787506103515625,44.375212515342355,43.451677005554046,44.20489683406443,119093600
2019-06-06,44.43037033081055,44.49034005605348,43.693940347901695,43.91702962914144,90105200
2019-06-07,45.61296844482422,46.03755509546022,44.562301419202335,44.739809451247815,122737600
2019-06-10,46.19588851928711,46.8651491776644,45.965603117324754,46.01118070335726,104883600
2019-06-11,46.73081970214844,47.016276250741356,46.440568209735225,46.742814382224076,107731600
2019-06-12,46.582088470458984,47.00907265899637,46.39018460071747,46.524516211457964,73012800
2019-06-13,46.57249450683594,47.20577475889717,46.440564018697366,46.70442865523664,86698400
2019-06-14,46.2342643737793,46.4381592596896,45.6489592231439,45.94880787324303,75046000
2019-06-17,46.510128021240234,46.76680024667599,46.09753594726315,46.27264655043855,58676400
2019-06-18,47.603981018066406,48.04535744582771,46.826775495326416,47.02827295231363,106204000
2019-06-19,47.464839935302734,47.94699889900657,47.330508327991225,47.899020187599504,84496800
2019-06-20,47.84625244140625,48.122111743648226,47.50322367209102,48.06453948341199,86056000
2019-06-21,47.68313980102539,48.17969100957761,47.53201488359428,47.68793840514165,191202400
2019-06-24,47.63515090942383,48.014159998785644,47.53679968504116,47.62555370397793,72881600
2019-06-25,46.91312789916992,47.798278147988164,46.84595842588504,47.59917818072037,84281200
2019-06-26,47.92782211303711,48.213278691889236,47.340119329657185,47.44086806449979,104270000
2019-06-27,47.91341018676758,48.35238898902289,47.87263121522622,48.04534064635259,83598800
2019-06-28,47.47685241699219,47.85586168561358,47.26815885310605,47.65915914381407,124442400
2019-07-01,48.34760665893555,49.05285140942517,48.13171339190629,48.73620941522062,109012000
2019-07-02,48.63066101074219,48.726614791836525,48.302028003617494,48.3140226837871,67740800
2019-07-03,49.03365707397461,49.040853149657444,48.621064986934755,48.76259268904688,45448000
2019-07-05,48.9904670715332,49.19436560209205,48.67142769302639,48.77937612700552,69062000
2019-07-08,47.980587005615234,48.31161745661008,47.59438176256944,48.17008975928739,101354400
2019-07-09,48.27324295043945,48.33800763387798,47.69033517765571,47.78388782510712,82312000
2019-07-10,48.7505989074707,48.87053838474361,48.350001492610694,48.419568439175904,71588400
2019-07-11,48.39556884765625,49.02884900735638,48.38597530201816,48.76977935198884,80767200
2019-07-12,48.767391204833984,48.9353057375673,48.50352289606572,48.563492633489204,70380800
2019-07-15,49.225563049316406,49.38388038130091,48.93530789686365,48.95689612482575,67789600
2019-07-16,49.05525207519531,49.44145738464282,48.815373091942526,49.07684030522499,67467200
2019-07-17,48.77937316894531,49.19676009004377,48.76018241874081,48.947287657907985,56430000
2019-07-18,49.3335075378418,49.38628120159084,48.86334316814913,48.93530758783078,74162400
2019-07-19,48.59707260131836,49.53500011636719,48.54190147109845,49.364684461868244,83717200
2019-07-22,49.70771789550781,49.71011536738977,48.841754712007756,48.851348259797994,89111600
2019-07-23,50.0963134765625,50.11310675812358,49.72450041329824,50.00516197466283,73420800
2019-07-24,50.055538177490234,50.170679044292804,49.6957197660028,49.81565923649861,59966400
2019-07-25,49.65974426269531,50.19227585678172,49.59017731323345,50.108316755089824,55638400
2019-07-26,49.832462310791016,50.30981915459161,49.68853345381084,49.77009143131026,70475600
2019-07-29,50.29782485961914,50.52811030050435,50.000377254626756,50.00517585929973,86693600
2019-07-30,50.081932067871094,50.41296622439202,49.72930968208036,50.077133463501355,135742800
2019-07-31,51.10380935668945,53.102001428275486,50.68642233067423,51.914601370393356,277125600
2019-08-01,49.99797439575195,52.30081408403645,49.592581991324444,51.310112718391856,216071600
2019-08-02,48.94010543823242,49.51821093815145,48.36679488202588,49.302321342693496,163448400
2019-08-05,46.37818145751953,47.6519377158007,46.1958748276841,47.49362043790258,209572000
2019-08-06,47.25614929199219,47.51282150446329,46.546106047444944,47.090632244363086,143299200
2019-08-07,47.745506286621094,47.87024436990751,46.49334149076343,46.87474815629385,133457600
2019-08-08,48.7985725402832,48.82256189914169,47.829463202753935,48.02376456461598,108038000
2019-08-09,48.39645767211914,48.82265398058782,47.98711110477218,48.47110209877175,98478800
2019-08-12,48.273651123046875,48.65169375794879,47.953399498178506,48.06657126313836,89927600
2019-08-13,50.317955017089844,51.08125991414435,48.273643814503934,48.40367264885095,188874000
2019-08-14,48.820247650146484,49.70876470572773,48.781720309041134,48.9189725839154,146189600
2019-08-15,48.57705307006836,49.39573890059406,48.078615214878496,48.99121282174691,108909600
2019-08-16,49.723209381103516,49.88213190063552,49.08270614117341,49.18865448752808,110481600
2019-08-19,50.65025329589844,51.22333184974015,50.57319861770534,50.71526404718342,97654400
2019-08-20,50.65265655517578,51.372621001381795,50.64302655811778,50.77786856194401,107537200
2019-08-21,51.20166015625,51.44485708837532,50.95123980751882,51.28593824887725,86141600
2019-08-22,51.158329010009766,51.63509296401018,50.74657581734815,51.33410496983848,89014800
2019-08-23,48.79376220703125,51.05960055305975,48.39886613281487,50.42872726224644,187272000
2019-08-26,49.72080612182617,49.889358650391884,49.37647397317021,49.56910700903226,104174400
2019-08-27,49.15976333618164,50.21683292459266,49.00806422575764,50.050686979684386,103493200
2019-08-28,49.48963928222656,49.53539003561432,48.957494677651994,49.1453108526982,63755200
2019-08-29,50.32758331298828,50.4022313982712,49.76172826714803,50.204781572848944,83962000
2019-08-30,50.262577056884766,50.674326482082,49.891757874550635,50.604498899890494,84573600
2019-09-03,49.53057861328125,49.83878999443562,49.174209892728285,49.70635455546238,80092000
2019-09-04,50.37093734741211,50.44076493705066,49.92066053786811,50.178304319411076,76752400
2019-09-05,51.35575866699219,51.52190457407823,50.929558775880444,51.04754735425846,95654800
2019-09-06,51.3509521484375,51.63026985489595,51.17035937387427,51.54117859517896,77449200
2019-09-09,51.570072174072266,52.11666733290454,50.82362424500518,51.73140127816905,109237600
2019-09-10,52.17927551269531,52.198539184328496,50.97773384720419,51.49543170348089,127111600
2019-09-11,53.83831024169922,53.867207580398954,52.42727872846515,52.50915023491731,177158400
2019-09-12,53.717926025390625,54.51975844711015,53.66254526569315,54.12967919974324,128906800
2019-09-13,52.67289733886719,53.16410811341554,52.256330996680475,52.97388532366072,159053200
2019-09-16,52.949798583984375,53.00518301207086,52.38635002455924,52.42728394477362,84632400
2019-09-17,53.14243698120117,53.17133432569874,52.761987733815374,52.96425444861962,73274800
2019-09-18,53.640869140625,53.66013281018693,52.839036806684845,53.22911601134843,101360000
2019-09-19,53.205039978027344,53.87925005196079,53.062970872148405,53.45786691866771,88242400
2019-09-20,52.42728805541992,53.59030602388481,52.36468387974276,53.306175141000466,221652400
2019-09-23,52.66566848754883,52.935352518365704,52.40802103554608,52.72104924226958,76662000
2019-09-24,52.41524124145508,53.57344590279538,52.297256322285335,53.221890377729395,124763200
2019-09-25,53.22188949584961,53.335061251581074,52.28521520368025,52.624730470874646,87613600
2019-09-26,52.94740295410156,53.20023361870101,52.69216570811033,52.97389004609141,75334000
2019-09-27,52.68975067138672,53.205041917631995,52.318931443035666,53.10390672868572,101408000
2019-09-30,53.92981719970703,54.07669946621,53.16410194467161,53.19058903122688,103909600
2019-10-01,54.079105377197266,54.95317554852412,53.98519728496812,54.19468739391718,139223200
2019-10-02,52.72346115112305,53.83591148730577,52.475443689226,53.71069946585503,138449200
2019-10-03,53.17133331298828,53.20504381911866,51.80123546710099,52.595840779341145,114426000
2019-10-04,54.66181564331055,54.777397655893,53.91055093237027,54.33193404188315,138478800
2019-10-07,54.67386245727539,55.364929664081245,54.38009790316798,54.48363967592858,122306000
2019-10-08,54.03335952758789,54.91465319570747,54.01650611164179,54.375285098718564,111820000
2019-10-09,54.66664123535156,54.8496406066656,54.33194274458014,54.66664123535156,74770400
2019-10-10,55.4034538269043,55.48773192375291,54.73165032972558,54.88334576021598,113013600
2019-10-11,56.87709426879883,57.22142273038948,55.938009631955445,56.09211532003962,166795600
2019-10-14,56.79521560668945,57.33940411972234,56.506267937152586,56.56164868588965,96427600
2019-10-15,56.662784576416016,57.22382283538705,56.55683623894147,56.92042832966639,87360000
2019-10-16,56.43404006958008,56.64353019818746,56.15231576645595,56.19324969007197,73903200
2019-10-17,56.65314865112305,56.862635062868605,56.22935899225592,56.607397900473124,67585200
2019-10-18,56.92525100708008,57.20697529291118,56.414772935422135,56.48701077967433,97433600
2019-10-21,57.91248321533203,58.02806522366355,57.144365118829434,57.192522451883065,87247200
2019-10-22,57.7800407409668,58.319408649702886,57.69816924838937,58.068988359813744,82293600
2019-10-23,58.555397033691406,58.5698475413598,58.083449993262974,58.29534668236837,75828800
2019-10-24,58.65171432495117,58.94547884804368,58.225514373551526,58.87564758849574,69275200
2019-10-25,59.374088287353516,59.410205372219664,58.48316467701797,58.55058568488102,73477200
2019-10-28,59.968841552734375,60.01699889123348,59.40779955750476,59.57635207933633,96572800
2019-10-29,58.581886291503906,60.137393666231965,58.408520608918174,59.94957747544215,142839600
2019-10-30,58.57466506958008,59.06587949018438,58.0810477421058,58.9358506306605,124522000
2019-10-31,59.89899444580078,59.99771935182168,57.12990596156792,59.532995830677365,139162000
2019-11-01,61.59899139404297,61.62547480632661,59.99532672153504,60.08682455950664,151125200
2019-11-04,62.003517150878906,62.08779524580024,61.49304276793399,61.96257955677247,103272000
2019-11-05,61.91442108154297,62.16965825317563,61.71938149469798,61.895153739341644,79897600
2019-11-06,61.940914154052734,62.00111174823086,61.49063732533464,61.8277423830643,75864400
2019-11-07,62.655784606933594,62.877980053840346,62.33698532804996,62.48913986435351,94940400
2019-11-08,62.8272590637207,62.89971008902826,62.0326784243177,62.47706191046912,69986400
2019-11-11,63.324790954589844,63.389996893014086,62.37805556445394,62.38288317716648,81821200
2019-11-12,63.26681137084961,63.46727150358225,63.01564288775295,63.167790050044296,87388800
2019-11-13,63.87301254272461,63.947881064133014,63.0518689279745,63.06635913402775,102734400
2019-11-14,63.43104934692383,63.97203671811119,63.30063011622682,63.69912554126751,89182800
2019-11-15,64.1845703125,64.18939792465517,63.52040880635377,63.68221857315436,100206400
2019-11-18,64.50819396972656,64.5878901034768,63.815052084735555,64.19422230583804,86703200
2019-11-19,64.31256866455078,64.72555427926248,64.09520820261831,64.7014014789589,76167200
2019-11-20,63.563899993896484,64.26186975176671,62.89007567501487,64.13145784777876,106234400
2019-11-21,63.27890396118164,63.76193057545326,63.07844378883424,63.68464454827351,121395200
2019-11-22,63.22333526611328,63.56145232586072,62.99631223234019,63.41896039962427,65325200
2019-11-25,64.33189392089844,64.34880162010587,63.40206627969878,63.44795439446141,84020400
2019-11-26,63.82955551147461,64.52269754003164,63.39724461779706,64.46956431639305,105207600
2019-11-27,64.68693542480469,64.7207508319352,64.07590693802577,64.14111288983129,65235600
2019-11-29,64.54444122314453,64.72557623125438,64.21839673446632,64.38745902352979,46617600
2019-12-02,63.79814910888672,64.78593754242002,63.626676743316004,64.54925187400944,94487200
2019-12-03,62.66062545776367,62.67994327780828,61.89744258399069,62.38529677192378,114430400
2019-12-04,63.21367645263672,63.59285402856833,62.957672994206355,63.05186670062485,67181600
2019-12-05,64.14108276367188,64.21595864852094,63.45277592891601,63.708779372596254,74424400
2019-12-06,65.38003540039062,65.45007629112943,64.55647451537922,64.59995249227791,106075600
2019-12-09,64.4647445678711,65.40181014483069,63.979300391333084,65.20860241915706,128042400
2019-12-10,64.84149169921875,65.22549695147708,64.20872067904382,64.87047211517775,90420400
2019-12-11,65.39454650878906,65.47425001658583,64.84631403047881,64.92118255574232,78756800
2019-12-12,65.5611801147461,65.8268461449163,64.56131916352236,64.67241318690301,137310400
2019-12-13,66.45237731933594,66.48860283714761,65.43319098596562,65.56119272916709,133587600
2019-12-16,67.58990478515625,67.81451774298293,66.8943527115529,66.89918032393605,128186000
2019-12-17,67.72274017333984,68.0511946985015,67.33389995738182,67.51986990125756,114158400
2019-12-18,67.5609130859375,68.08258258181048,67.41117605266273,67.57540329106736,116028400
2019-12-19,67.62853240966797,67.90868864256628,67.37011885354875,67.50294818267172,98369200
2019-12-20,67.48847198486328,68.26372755491401,67.27593911783867,68.16229610408891,275978000
2019-12-23,68.58976745605469,68.65014577247727,67.71307312233479,67.75171612929323,98572000
2019-12-24,68.65496826171875,68.80471266640946,68.32893127368419,68.75640706871576,48478800
2019-12-26,70.01709747314453,70.03400516719351,68.75881567901364,68.78779608572705,93121200
2019-12-27,69.99054718017578,70.99766082354941,69.58480662948736,70.30934648588836,146266000
2019-12-30,70.40595245361328,70.6885262491251,68.88442165735184,69.90843566014871,144114400
2019-12-31,70.92037963867188,70.92762474291384,69.92292852242264,70.02194986066347,100805600
2020-01-02,72.53851318359375,72.59889150198023,71.29230380764884,71.54588979671196,135480400
2020-01-03,71.83329010009766,72.59405542623057,71.60868452797844,71.76566667933918,146322800
2020-01-06,72.40567016601562,72.4443131708714,70.70300468370534,70.95418053006813,118387200
2020-01-07,72.0651626586914,72.67135607636844,71.84538465436648,72.41535254834196,108872000
2020-01-08,73.22440338134766,73.5262949460089,71.76807876823776,71.76807876823776,132079200
2020-01-09,74.77973937988281,74.9729470074444,73.95135080537464,74.20251924712501,170108400
2020-01-10,74.94880676269531,75.51395427727236,74.446462424671,75.01402005997716,140644800
2020-01-13,76.55004119873047,76.57661149006776,75.1468497409281,75.26519625077637,121532000
2020-01-14,75.51637268066406,76.69737618985954,75.39320591637785,76.48726080979424,161954400
2020-01-15,75.19275665283203,76.19745295500711,74.76044574351113,75.31593080536074,121923600
2020-01-16,76.13463592529297,76.24573732895618,75.37387064834499,75.73614052978684,108829200
2020-01-17,76.97753143310547,76.97994155406593,76.07668423312775,76.38340344954888,137816400
2020-01-21,76.45586395263672,77.04756709065205,76.31819960849738,76.6056010131108,110843200
2020-01-22,76.72879028320312,77.28185051946997,76.63459654377124,76.9413158290966,101832400
2020-01-23,77.09829711914062,77.17799326899588,76.23367533614605,76.78191527056143,104472000
2020-01-24,76.8760986328125,78.08849275649891,76.68530106036428,77.34463502870749,146537600
2020-01-27,74.61553955078125,75.29660147871274,73.63257861706,74.88361578521364,161940000
2020-01-28,76.72634887695312,76.89782122944564,75.39802593452413,75.49704725649863,162234000
2020-01-29,78.33243560791016,79.18014978763938,77.6175581870776,78.35900590785037,216229200
2020-01-30,78.21890258789062,78.27203580279424,76.9823558087521,77.4146666313588,126743200
2020-01-31,74.75076293945312,77.93148808362285,74.45611650102718,77.50883992680524,199588400
2020-02-03,74.54547119140625,75.71197679824171,72.99012546869326,73.49246972211677,173788400
2020-02-04,77.0064926147461,77.1972901245958,75.74579329608108,76.15153374175752,136616400
2020-02-05,77.63443756103516,78.4338458330259,77.03065443292134,78.13436438960977,118826800
2020-02-06,78.54254913330078,78.54496662516472,77.34706255457273,77.9049577653929,105425600
2020-02-07,77.47492218017578,78.2907522912515,76.98348700831134,78.04140355652011,117684000
2020-02-10,77.8428955078125,77.8428955078125,75.97883426440146,76.05871954270658,109348800
2020-02-11,77.37325286865234,78.41180589004748,77.15537652396827,78.33918290445037,94323200
2020-02-12,79.210693359375,79.215532428976,77.82353527181141,77.82353527181141,113730400
2020-02-13,78.6466293334961,78.97344754144679,78.27866056338509,78.48201230906955,94747600
2020-02-14,78.66600036621094,78.91534913157656,78.15761730819476,78.61515688888446,80113600
2020-02-18,77.2255630493164,77.40712785272389,76.1628001871837,76.34436499059119,152531200
2020-02-19,78.34400177001953,78.57398681158733,77.46765015965101,77.46765015965101,93984000
2020-02-20,77.5402603149414,78.5933374878828,77.03430069498019,78.10432568668762,100566000
2020-02-21,75.7851791381836,77.57662522575713,75.16786149171838,77.13360277443071,129554000
2020-02-24,72.1853256225586,73.63784411599852,70.01865663591204,71.96261025745015,222195200
2020-02-25,69.74028015136719,73.23843325634256,69.26821587876495,72.85593981243385,230673600
2020-02-26,70.84661102294922,72.11272604677254,69.35778056176747,69.36504286107494,198054800
2020-02-27,66.21549987792969,69.2367421970805,66.0799320227012,68.05051976988415,320605600
2020-02-28,66.1767578125,67.3992989911438,62.0637108077199,62.27917132496963,426510000
2020-03-02,72.33785247802734,72.97454103190371,67.23225006740749,68.33616370279057,341397200
2020-03-03,70.04045867919922,73.59428625555064,69.18830958377835,73.51440097180128,319475600
2020-03-04,73.28924560546875,73.44902354050599,70.9627984910642,71.76410400685508,219178400
2020-03-05,70.91194915771484,72.51697572999595,70.54639634186374,71.54136786626883,187572800
2020-03-06,69.97025299072266,70.403589845972,68.08198145661343,68.26838538116881,226176800
2020-03-09,64.43614196777344,67.3218077915113,63.6687248096994,63.8502896142898,286744800
2020-03-10,69.07695007324219,69.34324665860709,65.21082898559138,67.09184552066098,285290000
2020-03-11,66.67787170410156,68.0795543718944,65.81362127140751,67.15236648355659,255598800
2020-03-12,60.09311294555664,65.36333551368728,60.037434101460896,61.95960092945028,418474000
2020-03-13,67.29277038574219,67.76484191547881,61.235766409905956,64.12628289000264,370732000
2020-03-16,58.63576126098633,62.719754836954735,58.10074857584745,58.572816419236986,322423600
2020-03-17,61.21397399902344,62.36388083182577,57.71340264383957,59.91881013868682,324056000
2020-03-18,59.715476989746094,60.52162548447289,57.40355015744986,58.045081603953385,300233600
2020-03-19,59.2579231262207,61.209139394324836,58.73259595357314,59.88976893183757,271857200
2020-03-20,55.49589538574219,60.96462703593952,55.19570687816326,59.83892290297791,401693200
2020-03-23,54.31694412231445,55.316762499666766,51.47000835368413,55.21508661799568,336752800
2020-03-24,59.76630783081055,59.96239727698541,56.72085964919753,57.21955717748085,287531200
2020-03-25,59.43706130981445,62.51882052847167,59.14171556978869,60.703172304024285,303602000
2020-03-26,62.564823150634766,62.62292153490078,59.640418371654654,59.679153090462734,252087200
2020-03-27,59.97450256347656,61.94266302499107,59.80746231049624,61.187354431284916,204216800
2020-03-30,61.68605041503906,61.85793342734731,60.376361777058186,60.700760441559225,167976400
2020-03-31,61.56016540527344,63.54527367451045,61.005789027148815,61.87730177654374,197002000
2020-04-01,58.32105255126953,60.211747296676954,57.890138928877285,59.67431503612997,176218400
2020-04-02,59.294227600097656,59.347486910279144,57.35027386031046,58.18305177157115,165934000
2020-04-03,58.44208908081055,59.4806382957601,57.85139756896397,58.77858908876302,129880000
2020-04-06,63.54043197631836,63.6953634654168,60.371521175046986,60.73948992606154,201820400
2020-04-07,62.80448532104492,65.7748907610296,62.700389921682174,65.55700704789928,202887200
2020-04-08,64.41194915771484,64.72665861508077,63.240251523791564,63.605797071493534,168895200
2020-04-09,64.87673950195312,65.38028340961694,64.0802804727914,65.04862618518483,161834800
2020-04-13,66.1501235961914,66.25906545571533,64.35383885573385,64.95421592166439,131022800
2020-04-14,69.49091339111328,69.78142008992293,67.31213531371759,67.78420685231022,194994800
2020-04-15,68.85663604736328,69.31659875028247,67.93671064152491,68.36520092897909,131154400
2020-04-16,69.40375518798828,69.7693080402414,68.3531010291873,69.57079540604494,157125200
2020-04-17,68.46205139160156,69.46671616167201,67.02405715552152,68.91959837030558,215250000
2020-04-20,67.04098510742188,68.19089550962622,67.02162144605663,67.28791796414524,130015200
2020-04-21,64.96875,67.11847920865577,64.25701512989387,66.88365501834329,180991600
2020-04-22,66.8400650024414,67.2758176226008,65.89592940016834,66.23726476615465,116862400
2020-04-23,66.58103942871094,68.20786075083029,66.54230470819708,66.7843911704893,124814400
2020-04-24,68.50320434570312,68.51288987249583,67.05794791639367,67.10636816246496,126161200
2020-04-27,68.55162048339844,68.88327772422247,67.77210185087893,68.21995585468255,117087600
2020-04-28,67.4404525756836,69.1955796657155,67.34846591334697,69.01401479433288,112004800
2020-04-29,69.6555404663086,70.12518879426327,68.72592933750241,68.92928107931384,137280800
2020-04-30,71.12499237060547,71.30171812959233,69.80562571918327,70.19538133730589,183064000
2020-05-01,69.97992706298828,72.38384357310822,69.20040845206991,69.29724154783354,240616800
2020-05-04,70.9700698852539,71.09837541785019,69.31419932975179,70.00414724151751,133568000
2020-05-05,72.03523254394531,72.86801039665262,71.28476318520556,71.43001651075052,147751200
2020-05-06,72.7784652709961,73.41030748628177,72.3523906692474,72.73730731555251,142333600
2020-05-07,73.53134155273438,73.87753081736858,73.10285116327836,73.40545924879912,115215200
2020-05-08,75.28150939941406,75.33491288731747,73.86389829348582,74.19160117798899,133838400
2020-05-11,76.46609497070312,76.96128289724894,74.57998648849065,74.78874828363153,145946400
2020-05-12,75.59222412109375,77.60212591001033,75.47085322222706,77.15062231412254,162301200
2020-05-13,74.67949676513672,76.69425770409393,73.6017228189693,75.77183462345045,200622400
2020-05-14,75.13829803466797,75.19898348401253,73.19393386714296,73.91730709017112,158929200
2020-05-15,74.69407653808594,74.74019807230623,72.87351305431154,72.90750046179672,166348400
2020-05-18,76.4539566040039,76.82778105681554,75.32763848421635,76.01945410801251,135178400
2020-05-19,76.01216125488281,77.31810575212776,75.98060363958615,76.47093934712166,101729600
2020-05-20,77.49047088623047,77.56086067764168,76.83263524563915,76.87147482429302,111504800
2020-05-21,76.9127426147461,77.89342158394717,76.67485297832786,77.3521046904153,102688800
2020-05-22,77.40792083740234,77.49045214412094,76.54861296126474,76.65056034866812,81803200
2020-05-26,76.88360595703125,78.70659167112338,76.82777268129091,78.5269651260588,125522000
2020-05-27,77.21858215332031,77.36422869926452,76.00002111496565,76.74038797022739,112945200
2020-05-28,77.25257110595703,78.51240153060692,76.6165888307401,76.89331060647892,133560800
2020-05-29,77.17733001708984,77.95652913635216,76.82049926768882,77.49532118877264,153532400
2020-06-01,78.1264419555664,78.24781284336196,77.00011656103608,77.13119919406478,80791200
2020-06-02,78.48810577392578,78.51238142716903,77.41761391453537,77.8594056167389,87642800
2020-06-03,78.92021179199219,79.182377080961,78.23567814710795,78.80855263967156,104491200
2020-06-04,78.24053192138672,79.04157682827717,77.86670750782196,78.74300918140095,87560400
2020-06-05,80.46890258789062,80.5295880347895,78.46143067131722,78.49055850056602,137250400
2020-06-08,80.94467163085938,80.97865903574063,79.45424095843477,80.16547259371143,95654400
2020-06-09,83.5007553100586,83.89399586857483,80.5927130816821,80.62427070317408,147712400
2020-06-10,85.64901733398438,86.11750723835495,84.01051015507953,84.44987222819896,166651600
2020-06-11,81.53697204589844,85.21693875406713,81.43502463468259,84.79214058891952,201662400
2020-06-12,82.24091339111328,84.42558944538845,81.12915928074322,83.67794801073093,200146000
2020-06-15,83.25799560546875,83.91097154593938,80.73105294291301,80.8936931849323,138808800
2020-06-16,85.46454620361328,85.73642329479243,83.67796976608146,85.3140474437867,165428800
2020-06-17,85.34557342529297,86.27041892651324,85.22420254683476,86.20973348728414,114406400
2020-06-18,85.37957000732422,85.7970861704287,84.77028576142695,85.30189085886494,96820400
2020-06-19,84.89164733886719,86.5520000635857,83.78231573429939,86.08594003974744,264476000
2020-06-22,87.11273193359375,87.25594867927818,85.23876529939096,85.28488682520853,135445200
2020-06-23,88.9721450805664,90.3921859871706,87.93806271848383,88.35800866828109,212155600
2020-06-24,87.40159606933594,89.52073426597426,87.0277716909011,88.60074093656063,192623200
2020-06-25,88.56190490722656,88.60074447868466,86.7971749374644,87.55695784935237,137522400
2020-06-26,85.84078216552734,88.67843434218518,85.6927058184488,88.45753841975109,205256800
2020-06-29,87.8191146850586,87.9137875283765,85.27032617462565,85.74852774385108,130646000
2020-06-30,88.55220031738281,88.83864125404429,87.38704271105858,87.40645879441105,140223200
2020-07-01,88.38471221923828,89.17362306010735,88.33616830453525,88.62988380492604,110737200
2020-07-02,88.38471221923828,89.92855390147346,88.27063068613485,89.29257157809708,114041600
2020-07-06,90.74903106689453,91.2175210025209,89.7829159545549,89.8144735764797,118655600
2020-07-07,90.46741485595703,91.9068715196142,90.35575573571194,91.12767264991476,112424400
2020-07-08,92.57443237304688,92.60598999002299,91.35829367263958,91.44568456641123,117092000
2020-07-09,92.97251892089844,93.52111023194134,91.92387279560495,93.4677067512674,125642800
2020-07-10,93.1351547241211,93.19341778265134,91.95543335132274,92.56713990671183,90257200
2020-07-13,92.70552062988281,97.05302710538204,92.491906663148,94.44112299776556,191649200
2020-07-14,94.23965454101562,94.43141523515344,91.15197845498895,92.08652848703908,170989200
2020-07-15,94.88776397705078,96.36606058527201,93.6886189450088,96.11603683855265,153198000
2020-07-16,93.72016906738281,94.57704721895716,93.12059659931413,93.7590086395202,110577600
2020-07-17,93.53083038330078,94.32702308898628,93.05748097078398,94.17167220899177,92186800
2020-07-20,95.50188446044922,95.64024903517041,93.27351698417317,93.61821352696963,90318000
2020-07-21,94.18379974365234,96.36847551090202,93.93377603549384,96.29322616043909,103433200
2020-07-22,94.44840240478516,95.13050624366167,93.79785618394567,93.88523967276372,89001600
2020-07-23,90.14944458007812,94.25906118948085,89.33868791358677,94.18138204100602,197004400
2020-07-24,89.9261245727539,90.27082118599914,86.55686722526087,88.34588050233073,185438800
2020-07-27,92.05738067626953,92.14962372831235,90.7660001713413,90.98931843723298,121214000
2020-07-28,90.54512023925781,91.80495076068121,90.54026066225798,91.62774658169793,103625600
2020-07-29,92.28073120117188,92.4652173549395,90.9917727293096,91.0281825207394,90329200
2020-07-30,93.3973159790039,93.5016931512393,91.0451478823022,91.45295223514525,158130000
2020-07-31,103.17497253417969,103.32547125877302,97.89776098025088,99.897958367961,374336800
2020-08-03,105.77474975585938,108.39635849061004,104.76009070993376,105.05865841225533,308151200
2020-08-04,106.48110961914062,107.57344762416928,105.24069527688243,105.96406844483113,173071600
2020-08-05,106.86708068847656,107.18750165208057,105.73590297725057,106.20197050684659,121776800
2020-08-06,110.5955810546875,111.09077637005811,106.60976509533027,107.19962585470167,202428800
2020-08-07,108.08110046386719,110.57368961748969,107.28347223155788,110.11651110240133,198045600
2020-08-10,109.65203094482422,110.6709532877143,106.99894263573846,109.52800706833382,212403600
2020-08-11,106.39102172851562,109.41374086189697,106.13081790570277,108.91522590001141,187902400
2020-08-12,109.92683410644531,110.18460371438742,107.288335746899,107.482876326809,165598000
2020-08-13,111.87226867675781,112.87660092461535,110.81929757369635,111.30809060988061,210082000
2020-08-14,111.7725601196289,111.86253531933406,109.96087043780608,111.69717509170043,165565200
2020-08-17,111.48074340820312,112.92036888745733,110.85334374924851,112.89604946040544,119561600
2020-08-18,112.4096908569336,112.83525485693279,110.89711451437223,111.23270331319974,105633600
2020-08-19,112.55074310302734,113.96604930230188,112.45590697529136,112.81824198590108,145538000
2020-08-20,115.04820251464844,115.16249715621257,112.5750641732495,112.59208851632775,126907200
2020-08-21,120.9769058227539,121.46083051491364,115.99658841174927,116.008744414782,338054800
2020-08-24,122.42383575439453,125.27147262052793,120.55621925237116,125.18635090264807,345937600
2020-08-25,121.41949462890625,121.76481270817138,119.6953532443396,121.29547815768062,211495600
2020-08-26,123.07067108154297,123.52784957595809,121.66995525546206,122.73751646542577,163022400
2020-08-27,121.59945678710938,124.00693190797273,120.45407621046918,123.67377724193759,155552400
2020-08-28,121.40248107910156,122.99286935955308,121.17875271683349,122.57460040324597,187630000
2020-08-31,125.51949310302734,127.426026441553,122.56243764607389,124.0993334865447,225702700
2020-09-01,130.5192108154297,131.12230568342073,126.96879831837892,129.13795391807744,151948100
2020-09-02,127.81510162353516,134.21558595979664,123.53514962091081,133.83622664521172,200119000
2020-09-03,117.58213806152344,125.32497171958425,117.21250792808853,123.44763328131734,257599600
2020-09-04,117.6599349975586,120.32517948321234,107.86466781430556,116.79421681694939,332607200
2020-09-08,109.74202728271484,115.74369462203643,109.60584737773415,110.84119577898701,231366600
2020-09-09,114.11925506591797,115.88960121264321,112.11545871886855,114.06089437114895,176940500
2020-09-10,110.39374542236328,117.21249954875044,109.43075684011971,117.07631964504925,182274400
2020-09-11,108.94438171386719,112.0862631304283,106.99894632611955,111.444265890273,180860300
2020-09-14,112.21271514892578,112.76716394445175,109.72256019656312,111.59017641083511,140150100
2020-09-15,112.38780975341797,115.58805204226122,110.51046419860256,115.10169316714062,184642000
2020-09-16,109.07085418701172,112.83527508788637,108.98331313922904,112.08628557894545,154679000
2020-09-17,107.32967376708984,109.13892938917895,105.74414649450532,106.72659350722516,178011000
2020-09-18,103.92515563964844,107.85493604325933,103.19561736370885,107.38803570255637,287104900
2020-09-21,107.0767822265625,107.18378178328017,100.28720839881021,101.68792447129736,195713800
2020-09-22,108.75957489013672,109.78093154907663,106.18187865602258,109.60584204815116,183055400
2020-09-23,104.1975326538086,109.05139236274285,103.85707548927341,108.57476272214053,150718700
2020-09-24,105.26751708984375,107.24213295365429,102.13536471776598,102.30072495573343,167743300
2020-09-25,109.21674346923828,109.37238186529035,104.73251422513682,105.4717817638898,149981400
2020-09-28,111.8236312866211,112.17381026918468,109.70310630165157,111.87227014246227,137672400
2020-09-29,110.97737121582031,112.16408812965686,110.4715612207209,111.4248279384537,99382200
2020-09-30,112.65042877197266,114.06087381847615,110.52018216302427,110.68554238257225,142675200
2020-10-01,113.60369873046875,114.50832646966064,112.66989064827823,114.43050727416637,116120400
2020-10-02,109.93655395507812,112.22244654459766,109.15838422824464,109.81010332254509,144712000
2020-10-05,113.32162475585938,113.46753391146844,110.4521101876222,110.80228919258478,106243800
2020-10-06,110.07276153564453,112.95200563980481,109.18758468115253,112.54345848013615,161498200
2020-10-07,111.94036102294922,112.39753955518432,111.01627470298001,111.49291174621311,96849000
2020-10-08,111.8333740234375,113.22436086595617,111.46373648547903,113.0784517020909,83477200
2020-10-09,113.77880859375,113.80798894197643,111.7847340241306,112.13491304534423,100506900
2020-10-12,121.00609588623047,121.76481458334483,116.0257780752071,116.78449677232146,240226800
2020-10-13,117.79613494873047,121.96909558575003,116.38569697728092,121.85236676734615,262330500
2020-10-14,117.8836669921875,119.67346409750246,116.35650041512618,117.69884824411241,150712000
2020-10-15,117.41675567626953,117.8933852834975,114.92660067544894,115.48104948176437,112559200
2020-10-16,115.77285766601562,118.23383968675911,115.56858783907589,117.97120175123152,115393800
2020-10-19,112.81581115722656,117.1346730450766,112.50454176511802,116.68722375774855,120639300
2020-10-20,114.30406188964844,115.73395813213436,112.4753478178989,113.0297966240417,124423700
2020-10-21,113.68152618408203,115.47132328298426,113.27297908868262,113.48697818121386,89946000
2020-10-22,112.59208679199219,114.81961147307034,111.4637305673421,114.24570410467129,101988000
2020-10-23,111.90145874023438,113.37026472424279,111.16219112016253,113.2146263110706,82572600
2020-10-26,111.91117095947266,113.370247465222,109.800367974341,110.8995436916035,111850700
2020-10-27,113.41889190673828,114.08034029540528,111.41509565044463,112.3391745749253,92276800
2020-10-28,108.16619873046875,112.28079761799923,108.06892845060031,111.91116758600046,143937800
2020-10-29,112.17381286621094,113.73988906858685,109.138930754146,109.30429841508608,146129200
2020-10-30,105.89006042480469,108.93466447069503,104.78116272521534,108.03003661879342,190272600
2020-11-02,105.80250549316406,107.66039994190102,104.39206773628062,106.13323338437135,122866900
2020-11-03,107.42696380615234,108.44831311565359,105.76361714103741,106.66824505588045,107624400
2020-11-04,111.81391143798828,112.43645025464208,109.2848465676762,111.02601237155882,138235500
2020-11-05,115.7825927734375,116.35650010587017,113.68152628924997,114.73205582071998,126387100
2020-11-06,115.65105438232422,116.14799095011887,113.1565957663913,115.29052521485966,114457900
2020-11-09,113.34174346923828,118.86656705608227,113.07865981779163,117.41471908421029,154515300
2020-11-10,113.00068664550781,114.57920314699663,111.20779443592696,112.5914421772737,138023400
2020-11-11,116.43057250976562,116.56698735100086,113.45866925822499,114.18946623657861,112295000
2020-11-12,116.1577377319336,117.44394006005354,115.5341249324846,116.55724363092018,103162300
2020-11-13,116.20648193359375,116.60598047220772,114.85207193805832,116.38187353041393,81581900
2020-11-16,117.21984100341797,117.89216918384535,115.12488813037272,115.87516977446028,91183000
2020-11-17,116.33313751220703,117.5803631991879,115.91414693604456,116.48904444010537,74271000
2020-11-18,115.00794982910156,116.75211942679815,114.97871914080206,115.57310124972858,76322100
2020-11-19,115.60234069824219,116.01158523354931,113.8191942363378,114.57922192592288,74113000
2020-11-20,114.33561706542969,115.72900356959502,114.28690172841969,115.60233477250766,73604300
2020-11-23,110.93498229980469,114.60845935593927,110.83754418732941,114.17972274018632,127959300
2020-11-24,112.22117614746094,112.8837656693911,109.70723289360379,110.99344264268959,113874200
2020-11-25,113.05914306640625,113.76070922925952,112.22116208678149,112.59143724720404,76499200
2020-11-27,113.60481262207031,114.48177040505827,113.24429090254516,113.58532797535975,46691300
2020-11-30,116.00184631347656,117.87268484188316,113.8191939296174,113.97510085734369,169410200
2020-12-01,119.57787322998047,120.30867019893745,116.93726107423544,117.91165703284473,127728200
2020-12-02,119.92866516113281,120.21124090192977,117.79473547645512,118.89580031413836,89004200
2020-12-03,119.792236328125,120.61072532946784,119.08092403824773,120.35738030969706,78967600
2020-12-04,119.11991119384766,119.71429334953903,118.40859884170744,119.46094830759233,78260400
2020-12-07,120.58148956298828,121.38049388333657,119.11989575010358,119.17835712372279,86712000
2020-12-08,121.1953353881836,121.77997875975703,119.93836403377955,121.18559678362685,82225500
2020-12-09,118.66193389892578,122.72516309946796,117.90190627108922,121.34152267781417,115089200
2020-12-10,120.08455657958984,120.69843079499793,117.07367661772612,117.41471371847992,81312200
2020-12-11,119.27581787109375,119.61685498411975,117.46344071723955,119.29530252010173,86939800
2020-12-14,118.66193389892578,120.19173519532912,118.42808095975704,119.46093825563229,79184500
2020-12-15,124.60575103759766,124.62524311960807,120.95176623601054,121.15638849281328,157243700
2020-12-16,124.53756713867188,125.08322659319843,123.31957197478047,124.14781463346864,98208600
2020-12-17,125.40473937988281,126.26221246145955,124.76163456870026,125.59961557075925,94359800
2020-12-18,123.41699981689453,125.79452841437983,122.8908250895469,125.65811357033245,192541500
2020-12-21,124.94678497314453,125.02473843111304,120.28917365326492,121.8189749541549,121251600
2020-12-22,128.50332641601562,130.9685466687522,126.33041301688388,128.2402353796709,168904800
2020-12-23,127.60690307617188,129.03925147681866,127.43150406974205,128.77617526932784,88223700
2020-12-24,128.59103393554688,130.04288924480903,127.74331422195132,127.95768251910687,54930100
2020-12-28,133.19020080566406,133.82355230210814,130.09161358052606,130.55933439782117,124486200
2020-12-29,131.41677856445312,135.23640894920797,130.90034989432698,134.5153654533124,121047300
2020-12-30,130.29623413085938,132.50811721089653,129.9844202745973,132.10861128309938,96452100
2020-12-31,129.2926025390625,131.2901172342019,128.34743726674927,130.6470123311244,99116600
2021-01-04,126.0965805053711,130.18904042592823,123.51442981152032,130.10134836082602,143301900
2021-01-05,127.65555572509766,128.3668751820287,125.14161342050599,125.58984191572151,97664900
2021-01-06,123.3585205078125,127.69458676031306,123.1441522185317,124.4498466014008,155088000
2021-01-07,127.56794738769531,128.25977522443756,124.58629742572825,125.07349552064068,109578200
2021-01-08,128.6689910888672,129.23414253685505,126.89558328296363,129.0392514479538,105158200
2021-01-11,125.67759704589844,126.83713071211609,125.20989110987996,125.88222675621482,100384500
2021-01-12,125.50218200683594,126.36939367406505,123.61185177604212,125.20986029323174,91951100
2021-01-13,127.53866577148438,128.08432504103422,125.2001217968136,125.46319795799657,88636800
2021-01-14,125.609375,127.64585879719884,125.46320669883724,127.45098259708287,90221800
2021-01-15,123.88471221923828,126.88585381359638,123.7482973680449,125.48272113383378,111598500
2021-01-19,124.55704498291016,125.41451823804258,123.6898331200979,124.5083222083043,90757300
2021-01-20,128.64950561523438,129.09773432738962,125.25861162121556,125.36579577837638,104319500
2021-01-21,133.3655548095703,136.09386615455463,130.16953762113462,130.37416729095122,120150900
2021-01-22,135.50929260253906,136.2693204823604,131.56298484617028,132.7907187593955,114459400
2021-01-25,139.2606964111328,141.3751342790999,133.04404419681762,139.406864754955,157611700
2021-01-26,139.49453735351562,140.60534821810342,137.75036015705467,139.92327397986588,98390600
2021-01-27,138.42269897460938,140.605351455325,136.8149514568833,139.75761679075893,140843800
2021-01-28,133.57994079589844,138.35448999967483,133.19992695994156,135.9477307492471,142621100
2021-01-29,128.581298828125,133.2389103783543,126.8761058794983,132.3522064767238,177523800
2021-02-01,130.70545959472656,131.91371580928939,127.57764235343213,130.32544580541983,106239800
2021-02-02,131.5337371826172,132.8199323256062,131.16346190037416,132.25478079358965,83305400
2021-02-03,130.5106201171875,132.29376682043633,130.1890676099028,132.2840133435427,89880900
2021-02-04,133.87225341796875,133.88199202454763,131.1439418976162,132.81016544490666,84183100
2021-02-05,133.45753479003906,134.10160078327885,132.57927381040088,134.0332988756867,75693800
2021-02-08,133.6038818359375,133.6526774070411,131.6619312724292,132.745127433531,71297200
2021-02-09,132.72564697265625,134.55050063798447,132.56952194364052,133.32091738610043,76774200
2021-02-10,132.12057495117188,133.68194379137316,131.15447630613667,133.18424984227164,73046600
2021-02-11,131.8668670654297,133.09643505279266,130.53970793560018,132.61826227921486,64280000
2021-02-12,132.10108947753906,132.25722938185646,130.4616651531689,131.10573109073752,60145100
2021-02-16,129.9737548828125,132.72565030112574,129.58340507467835,132.2182178860353,80576300
2021-02-17,127.68046569824219,129.02714615555675,126.34355329024206,128.0805685718384,97918500
2021-02-18,126.57777404785156,126.86076458634167,124.33331138864452,126.08007998005397,96856700
2021-02-19,126.73391723632812,127.55364438019302,125.68976315176585,127.09499266659424,87668800
2021-02-22,122.95736694335938,126.58753801577001,122.56702460688798,124.91882434122574,103916400
2021-02-23,122.82073974609375,123.65021250049017,115.53112373320839,120.77145192783192,158273000
2021-02-24,122.32303619384766,122.52796420280912,119.27838298052396,121.92294077973033,111039900
2021-02-25,118.06832885742188,123.40624037390658,117.62919844492515,121.66922504247013,148199500
2021-02-26,118.33180236816406,121.83510708261103,118.27324619200536,119.62967972466323,164560400
2021-03-01,124.70413208007812,124.84075076896436,119.82487191939815,120.76168897682948,116307900
2021-03-02,122.0986099243164,125.61167577926304,121.99126560430425,125.30916402931615,102260900
2021-03-03,119.11248779296875,122.67434893414126,118.89779917065528,121.79608068156783,112966300
2021-03-04,117.2291030883789,120.61531086428089,115.75557186593713,118.80998607618001,178155000
2021-03-05,118.48793029785156,118.99537743110061,114.73090214987084,118.05856054490097,153766600
2021-03-08,113.55014038085938,118.07809310772461,113.40376109045417,118.00978376489019,154376600
2021-03-09,118.16590881347656,119.11248639429279,115.92145380009946,116.1556561829824,129525800
2021-03-10,117.08270263671875,119.21981302325473,116.56549492703265,118.75140832695578,111943300
2021-03-11,119.01490020751953,120.23471511713066,118.33180683620104,119.58089611241735,103026500
2021-03-12,118.10735321044922,118.24397187961576,116.28251493865656,117.49256919919979,88105100
2021-03-15,120.99589538574219,121.00565599103153,117.51210381348422,118.47820271779908,92403800
2021-03-16,122.53775787353516,124.14791545863108,121.70828501004976,122.66461597660332,115227900
2021-03-17,121.74730682373047,122.8207426159824,119.38573914658367,121.05445274468458,111932600
2021-03-18,117.61943817138672,120.20544741210641,117.41451014863442,119.91268883951182,121229700
2021-03-19,117.09247589111328,118.49770511150997,116.78996416261775,117.00465278741832,185549500
2021-03-22,120.4103775024414,120.87878973760397,117.35596342731434,117.42427276940472,111912300
2021-03-23,119.58090209960938,121.23984748167706,119.19055981995824,120.35182605450146,95467100
2021-03-24,117.1900634765625,119.93221266793454,117.17054971237121,119.85414272084951,88530500
2021-03-25,117.67798614501953,118.7221549060971,116.1263850777415,116.6533460379,98844700
2021-03-26,118.28302764892578,118.54651187519468,116.04832553149886,117.44379427923147,94071200
2021-03-29,118.45867156982422,119.61993781154605,117.81461313280423,118.71239516993987,80819200
2021-03-30,117.00466918945312,117.49259524324971,115.98978210413694,117.2095972386284,85671900
2021-03-31,119.2003173828125,120.5372297916679,118.22446543116469,118.71239140698859,118323800
2021-04-01,120.02979278564453,121.18129841261401,119.53210619432762,120.67385866207343,75089100
2021-04-05,122.8597640991211,123.11348769511308,120.09810124646425,120.87878579790437,88651200
2021-04-06,123.16226959228516,124.06005156938677,122.61579490103361,123.44526754172878,80171300
2021-04-07,124.81149291992188,124.83100668727707,122.11813887007538,122.7914792438273,83466700
2021-04-08,127.21208190917969,127.24135628131242,125.41651759687218,125.83612685765557,88844600
2021-04-09,129.788330078125,129.82735761061758,126.34357333569822,126.66560631746748,106686700
2021-04-12,128.07083129882812,129.64195373047176,127.4755609392533,129.31992075985053,91420000
2021-04-13,131.1837615966797,131.4082182509909,128.74413188709045,129.24182587765023,91266500
2021-04-14,128.84178161621094,131.74006422028316,128.48072101991855,131.68151546308167,87222800
2021-04-15,131.25209045410156,131.7400164409198,130.41285716116144,130.5885182593821,89347100
2021-04-16,130.9203338623047,131.41801312050643,130.06157916706454,131.05695257379082,84922400
2021-04-19,131.58387756347656,132.1986690764981,130.12009959176393,130.2859926417197,94264200
2021-04-20,129.89566040039062,132.25722045509355,128.6270498214987,131.75954129528387,94812300
2021-04-21,130.27626037597656,130.5202234103885,128.12938865121586,129.16378953467097,68847100
2021-04-22,128.75390625,130.91053068046259,128.2367059174283,129.82733444067082,84566500
2021-04-23,131.0764617919922,131.85713156314563,128.96861767310645,128.96861767310645,78657500
2021-04-26,131.46678161621094,131.79856771997257,130.33478973127393,131.57412593099494,66905100
2021-04-27,131.144775390625,132.14014879502187,130.87153796829216,131.74979898431587,66015800
2021-04-28,130.35430908203125,131.7595383135996,129.86638309275443,131.06667685708592,107760100
2021-04-29,130.25674438476562,133.76006501598266,129.2516178339276,133.17454775379707,151101000
2021-04-30,128.28550720214844,130.33478741572688,127.90492552746106,128.59777209122348,109839500
2021-05-03,129.3394012451172,130.83246831624223,128.64655475092198,128.85147530654447,75135100
2021-05-04,124.76268768310547,128.31479612503944,123.64045629537989,128.0220375212291,137564700
2021-05-05,125.00664520263672,127.29988843260809,124.8797796797169,126.08007345167024,84000900
2021-05-06,126.60706329345703,126.61681645444045,124.06008114134522,124.8017308599431,78128300
2021-05-07,127.28153228759766,128.30790544082245,126.56793953638302,127.90713783845663,78973300
2021-05-10,123.99708557128906,126.62658120316634,123.95798429414883,126.49951510362119,88071200
2021-05-11,123.07823181152344,123.43012839060427,120.00884494360865,120.72243020113098,126142800
2021-05-12,120.00883483886719,121.83678024001635,119.50053319383292,120.62467058046893,112172300
2021-05-13,122.15936279296875,123.31282429547134,121.46533194640105,121.77813468651334,105861300
2021-05-14,124.5835952758789,125.0137018854759,123.01958141071674,123.41058674145887,81918000
2021-05-17,123.43012237548828,124.07528223094239,122.35486340753715,123.9677555883667,74244600
2021-05-18,122.04207611083984,124.13394612750437,121.97365073488565,123.71361668726954,63342900
2021-05-19,121.88568115234375,122.11050419640777,120.09683669552412,120.3900925748675,92612000
2021-05-20,124.44673919677734,124.84752169451296,122.2864439727993,122.41352498808429,76857100
2021-05-21,122.60902404785156,125.12122331133726,122.39397075203622,124.94527129274346,79295400
2021-05-24,124.24147033691406,125.06258229000034,123.10756306374581,123.17598843835246,63092900
2021-05-25,124.04595947265625,125.4340286577924,123.47900216167147,124.94526644040783,72009500
2021-05-26,123.99708557128906,124.52494162597304,123.57675616428918,124.10461221897317,56575900
2021-05-27,122.46240997314453,124.76933338548339,122.26691102273217,123.59632476739549,94625600
2021-05-28,121.80744934082031,122.9706879363348,121.7488011621574,122.74585748845195,71311100
2021-06-01,121.4848861694336,122.53082109382872,121.15253650084358,122.2668967957017,67637100
2021-06-02,122.24734497070312,122.42329699238253,121.26006567031901,121.4848886960278,59278900
2021-06-03,120.76154327392578,122.04207853123913,120.36076073695506,121.87590368031279,76229200
2021-06-04,123.05867767333984,123.32260943039987,121.06455727986688,121.27961057589917,75169300
2021-06-07,123.0684585571289,123.47901079400312,122.02252359682196,123.33238286431767,71057600
2021-06-08,123.88955688476562,125.57088194290174,123.37147802234419,123.75270614592999,74403800
2021-06-09,124.27079772949219,124.87685639052275,123.67451625303815,124.34900029049098,56877900
2021-06-10,123.27372741699219,125.30694902913476,123.10755258677628,124.1632572111759,71186400
2021-06-11,124.48583984375,124.57381958141005,123.26395290484824,123.68428231014268,53522400
2021-06-14,127.54541778564453,127.6040659610548,124.21211472861349,124.94524675246014,96906500
2021-06-15,126.72434997558594,127.66276579909551,126.47997256396104,127.01760585265852,62746300
2021-06-16,127.22284698486328,127.94620933630257,125.57086856900956,127.4379002537882,91815000
2021-06-17,128.8259735107422,129.56889029442954,126.73410372753868,126.88073910539828,96721700
2021-06-18,127.52590942382812,128.55228257491908,127.31085611782875,127.7702868246808,108953300
2021-06-21,129.32452392578125,129.43205057912303,126.30402282138007,127.3695047127403,79663300
2021-06-22,130.96670532226562,131.0644622285742,128.65978254011517,129.1583218804352,74783600
2021-06-23,130.6930389404297,131.29910507401638,130.2336082056393,130.76147177632404,60214200
2021-06-24,130.40956115722656,131.6118938058328,129.9403458033597,131.42616459271213,68711000
2021-06-25,130.1162872314453,130.87874343114333,129.82303140488202,130.45842151503766,70783700
2021-06-28,131.74874877929688,132.20817950576375,130.35091714623502,130.40956533844553,62111300
2021-06-29,133.26388549804688,133.42029061372372,131.32842066728736,131.76829700396732,64556100
2021-06-30,133.87969970703125,134.31957597270352,132.81420307964328,133.1074588952949,63261400
2021-07-01,134.18276977539062,134.241417974861,132.70672048251464,133.52784002194588,52485800
2021-07-02,136.81228637695312,136.85138020842703,134.6519830265059,134.79860353905394,78852600
2021-07-06,138.82591247558594,139.9304881404482,136.91977180863466,136.91977180863466,108181800
2021-07-07,141.31857299804688,141.6313683204944,139.45152604310684,140.3117243665474,104911600
2021-07-08,140.01846313476562,140.8200131513889,137.50625661436462,138.39579381995796,105575500
2021-07-09,141.846435546875,142.37428423087343,139.44175508160217,139.53951201949036,99890800
2021-07-12,141.2501220703125,143.02919651124512,140.76136732266437,142.92166987013806,76299700
2021-07-13,142.36448669433594,144.1435611902038,140.3996979177406,140.79069576168808,100827100
2021-07-14,145.79551696777344,146.20608403003186,144.35857699669697,144.7691440589554,127050800
2021-07-15,145.14060974121094,146.626428391954,143.7818721014033,145.88352652438826,106820300
2021-07-16,143.0975799560547,146.3917813888293,142.59905560313865,145.1210312834816,93251400
2021-07-19,139.24620056152344,140.82977581289353,138.4837444801858,140.51696566895572,121434600
2021-07-20,142.863037109375,143.7916832596006,139.74479368631023,140.23354853774924,96350000
2021-07-21,142.12986755371094,142.8434601888897,141.37719601915154,142.25694855475027,74993500
2021-07-22,143.49844360351562,144.86695137615578,142.53070351853833,142.65778456728924,77338200
2021-07-23,145.21881103515625,145.3752161371665,143.6156960285799,144.23153179548808,71447400
2021-07-26,145.63916015625,146.46026463758602,144.37816442398642,144.9353520535012,72434100
2021-07-27,143.46908569335938,145.85421146271116,142.27652280868347,145.76622426436333,104818600
2021-07-28,141.71934509277344,143.66459466880622,139.33421915670488,141.5531702418983,118931200
2021-07-29,142.36448669433594,143.25402394226987,141.3283289838246,141.43585562825191,56699500
2021-07-30,142.57955932617188,143.038990058725,140.8689174245079,141.13284920856503,70440600
2021-08-02,142.24722290039062,143.64505468245218,141.9832910916965,143.06832751008895,62880000
2021-08-03,144.04580688476562,144.710506214658,141.91482832443904,142.53066410966022,64786600
2021-08-04,143.64500427246094,144.46610859400542,142.99007476011403,143.95781444196922,56368300
2021-08-05,143.75254821777344,144.51500445327014,142.88256533800865,143.6743456659774,46397700
2021-08-06,143.0673065185547,144.01691280393376,142.5680349930517,143.27289769844572,54126800
2021-08-09,143.01832580566406,143.61550061721744,142.4603183242228,143.12601355653302,48908700
2021-08-10,142.5386505126953,144.60428668695926,142.2449552630066,143.36098526145494,69023100
2021-08-11,142.7931365966797,143.6350547655628,142.47007341046165,142.97914403158916,48493500
2021-08-12,145.75946044921875,145.91609989817144,142.77358630713317,143.1162332344722,72282600
2021-08-13,145.96502685546875,146.29787442461313,145.15247665694042,145.83775545751928,59375000
2021-08-16,147.94256591796875,148.01110127736936,143.3903421833443,145.4168108670683,103296000
2021-08-17,147.03213500976562,148.49079698288415,145.95525743273268,147.07128740440294,92229700
2021-08-18,143.28262329101562,147.55095017265285,143.0770321954558,146.65029596030178,86326000
2021-08-19,143.61549377441406,144.88816305914702,141.4617537976131,141.9806088621801,86960300
2021-08-20,145.07418823242188,145.3776678425582,143.69383103345265,144.33995758675238,60549600
2021-08-23,146.56222534179688,147.03212874723278,144.78048523349747,145.1916525804989,60131800
2021-08-24,146.47410583496094,147.68803914447207,146.01398679478913,146.30768202395666,48606400
2021-08-25,145.24061584472656,147.15941188820682,144.6923926717211,146.66012547582167,58991300
2021-08-26,144.4378204345703,145.98460117975839,144.40845240898733,145.23080193918472,48597200
2021-08-27,145.4755401611328,145.62238028371488,143.74275202487664,144.379079140009,55802400
2021-08-30,149.9004669189453,150.26269739107465,145.48530035719625,145.86709955044768,90956700
2021-08-31,148.63763427734375,149.5872403166816,148.1089799162903,149.45018454491938,86453100
2021-09-01,149.30332946777344,151.72139660647437,149.13690566906416,149.61660833919711,80313700
2021-09-02,150.4193572998047,151.46686670695442,149.1956397332981,150.63473278654652,71115500
2021-09-03,151.0557098388672,151.37877309131167,149.87114457990415,150.5270554483364,57808700
2021-09-07,153.39544677734375,153.95345421989785,151.1438034675188,151.71161021089787,82278300
2021-09-08,151.8487091064453,153.73812239539555,150.74246333206673,153.67938632559895,74420200
2021-09-09,150.83058166503906,152.82768271854061,150.71309458803586,152.22072341621455,57305700
2021-09-10,145.83779907226562,152.21091623055125,145.5734718351498,151.74101276076019,140893200
2021-09-13,146.4055938720703,148.23627083685082,145.62241152835927,147.46288779538614,102404300
2021-09-14,145.0056610107422,147.8936469962392,143.8211105344737,147.18878434178126,109296300
2021-09-15,145.896484375,146.2978672735614,143.2924101221302,145.43636543039682,83281300
2021-09-16,145.6615447998047,145.837767899535,144.12456328294863,145.31891283926268,68034100
2021-09-17,142.9889678955078,145.69094622198233,142.69527265072225,145.69094622198233,129868800
2021-09-20,139.93458557128906,141.79463072276096,138.29970032094099,140.776504047189,123478900
2021-09-21,140.4142303466797,141.55964304513788,139.77790323683175,140.90371733516503,75834000
2021-09-22,142.78338623046875,143.35117809396385,140.67858283814957,141.41281345310648,76404300
2021-09-23,143.74273681640625,143.9874802867867,142.5777555073223,143.5665137499952,64838200
2021-09-24,143.83087158203125,144.36931031939181,142.4994662214484,142.59736960568088,53477900
2021-09-27,142.31346130371094,142.8910673802959,140.7960633866369,142.41136468969736,74150700
2021-09-28,138.92617797851562,141.70646003414544,138.71080254370366,140.237999308403,108972300
2021-09-29,139.826904296875,141.41283791942243,139.04372185116122,139.47447294320193,74602000
2021-09-30,138.5248260498047,141.34427605273183,138.30945056691672,140.63941355200004,89056700
2021-10-01,139.65065002441406,139.91497721524382,136.18508826736803,138.91641944607758,94639600
2021-10-04,136.21446228027344,139.219920083201,135.36275955212915,138.77936976647533,98322000
2021-10-05,138.14305114746094,139.2492967831214,136.42984628272845,136.55711770997038,80861100
2021-10-06,139.01434326171875,139.16118342378243,135.46066196016233,136.5375396085011,83221100
2021-10-07,140.27719116210938,141.18764483600611,139.71918369704164,140.05203130343006,61732700
2021-10-08,139.89540100097656,141.14848672637,139.5625533728477,141.00164657806616,58773200
2021-10-11,139.80731201171875,141.76526053635698,138.82833774939965,139.27867248276962,64452200
2021-10-12,138.5345916748047,140.23801164416776,138.07447274522886,140.2184279834745,73035900
2021-10-13,137.94723510742188,138.4269228251495,136.27318293183075,138.27029833211344,78762700
2021-10-14,140.73728942871094,140.85477646031666,138.53459804505525,139.12198838921287,69907100
2021-10-15,141.7946319580078,141.85336802507683,140.49259436544995,140.7471372400319,67940300
2021-10-18,143.4686737060547,143.75256965473264,140.1499517260529,140.43384767473086,85589200
2021-10-19,145.63218688964844,146.03356986995644,143.4686624173773,143.91898215404882,76378900
2021-10-20,146.12167358398438,146.60137628639336,145.00564367087514,145.57345046006543,58418800
2021-10-21,146.33700561523438,146.49364501495202,144.76085713321953,145.6810949341165,61421000
2021-10-22,145.5636749267578,147.02233691182352,145.5147232295898,146.54264911827497,58883400
2021-10-25,145.5147247314453,146.2293717159997,144.51616686316274,145.55387712680738,50720600
2021-10-26,146.18040466308594,147.66843438585144,145.87691017558996,146.1901890254086,60893400
2021-10-27,145.72032165527344,146.58180882899126,145.36789033121931,146.2195931401995,56094900
2021-10-28,149.36207580566406,149.94945126434328,146.5719938285733,146.66989720733233,100077900
2021-10-29,146.6503143310547,146.7873700992779,143.3315929295454,144.12455951269104,124953200
2021-11-01,145.8280029296875,146.55243427503285,144.692389276276,145.85737096055496,74588300
2021-11-02,146.86569213867188,148.3831049138377,145.5244875234558,145.5342868243143,69122000
2021-11-03,148.3048095703125,148.77471301203136,146.66992441982393,147.22793195599735,54511500
2021-11-04,147.78591918945312,149.22499720293538,147.47264034437023,148.3928782793543,60394600
2021-11-05,148.3153533935547,149.2173222899692,147.11926062749689,148.9133997765836,65463900
2021-11-08,147.4918212890625,148.5996814029073,147.2173096615232,148.44281334152436,55020900
2021-11-09,147.85452270507812,148.4623675669257,147.11922071035642,147.2564764843142,56787900
2021-11-10,145.02117919921875,147.18787595185904,144.9525587828528,147.08003104634736,65187100
2021-11-11,144.97218322753906,146.50160947604698,144.7859042685968,146.0408338404559,41000000
2021-11-12,147.0506591796875,147.45261306165483,144.58983794450572,145.52121785210946,63804000
2021-11-15,147.06044006347656,148.9036023660625,146.5016032105498,147.42318436184277,59222800
2021-11-16,148.0408477783203,148.52125061689011,146.41337526538132,147.00162302853775,59256200
2021-11-17,150.48204040527344,151.96244333873707,148.03103325464866,148.0408318977374,88807000
2021-11-18,154.77621459960938,155.56053998029552,150.05067998656534,150.6977495476136,137827700
2021-11-19,157.40370178222656,157.86449238063588,153.4624776050976,154.56052415802415,117305600
2021-11-22,157.86444091796875,162.45271819817717,157.84482867598499,158.51149530585838,117467900
2021-11-23,158.24684143066406,158.62919797716998,155.9428885480248,157.96251620186436,96041900
2021-11-24,158.76644897460938,158.96252656383666,156.5115192990928,157.59976712302952,69463600
2021-11-26,153.73699951171875,157.30566600685046,153.2958211322195,156.4429214975391,76959800
2021-11-29,157.0997772216797,158.03115705077292,155.67818094806347,156.24681646555752,88748200
2021-11-30,162.06060791015625,162.27629775232137,156.7860353404558,156.85467072649087,174048100
2021-12-01,161.54098510742188,166.96261178270726,161.30568303306615,164.19786850812946,152052500
2021-12-02,160.55078125,160.98216094033538,154.70758806208025,155.62916922602187,136739200
2021-12-03,158.6684112548828,161.72727865884264,156.58996176944189,160.80569748404918,118023100
2021-12-06,162.08021545410156,164.59004449763117,161.06058805531697,161.0703866988541,107497000
2021-12-07,167.8253631591797,168.21753329951792,165.0410224817036,165.76652602150847,120405400
2021-12-08,171.64895629882812,172.51171571219845,167.35478644015964,168.75677048688644,116998900
2021-12-09,171.13912963867188,173.28621440591945,170.5116723744327,171.48227664120193,108923700
2021-12-10,175.9333038330078,176.1097841405235,171.26659124422937,171.776404959566,115402700
2021-12-13,172.29598999023438,178.5607631577719,172.09009882408355,177.5705467754529,153237000
2021-12-14,170.9136505126953,174.25682821034476,168.83520101609776,171.81561944442183,139380400
2021-12-15,175.78627014160156,175.98234775996642,168.93324742548972,171.67837896188757,131063300
2021-12-16,168.88418579101562,177.59016769208043,167.40378290602789,175.7666178333374,150185800
2021-12-17,167.7861328125,170.07047310742206,166.3645517595425,166.59983885479875,195432700
2021-12-20,166.42340087890625,167.23713712314685,164.17828470413107,164.98220734461725,107499100
2021-12-21,169.5998992919922,169.80577551895627,165.8057299805719,168.19791539703556,91185900
2021-12-22,172.19798278808594,172.41367264545124,168.7763709233024,169.64892899727565,92135300
2021-12-23,172.825439453125,173.38427634319635,171.83523780972868,172.40387334427473,68356600
2021-12-27,176.79605102539062,176.88428369318993,173.599943060433,173.61954034677024,74919600
2021-12-28,175.7764434814453,177.77647393560375,175.03134260309423,176.62940424561387,79144300
2021-12-29,175.8646697998047,177.0901733747063,174.64896486798852,175.81564666485653,62348900
2021-12-30,174.7078094482422,177.03137470215592,174.5999645211849,175.95292543158308,59773000
2021-12-31,174.09017944335938,175.71763716193837,173.78624192698945,174.59997826616072,64062300
2022-01-03,178.44314575195312,179.2961065398854,174.22742479359925,174.34506836720536,104487900
2022-01-04,176.17835998535156,179.35487007896933,175.60972463132234,179.0509476393477,99310400
2022-01-05,171.4920654296875,176.6391804132829,171.21755382734324,176.09015720859438,94537600
2022-01-06,168.6292724609375,171.86460451754675,168.27632687367543,169.3155513917919,96904000
2022-01-07,168.79598999023438,170.72738518026193,167.67833112045182,169.50188137744055,86709100
2022-01-10,168.8155975341797,169.11952007524562,164.8743732254317,165.76654355936012,106765600
2022-01-11,171.64895629882812,171.7469876214078,167.47244497092254,168.9430494474789,76138300
2022-01-12,172.09007263183594,173.7077309891695,171.39399514125267,172.66850659381515,74805200
2022-01-13,168.8155975341797,173.15877570962883,168.42342735235042,172.33524076743157,84505800
2022-01-14,169.67835998535156,170.37443776083572,167.73715121031663,167.98225196839815,80440800
2022-01-18,166.472412109375,169.15870642783565,166.09005558435084,168.1488926576498,90956700
2022-01-19,162.97235107421875,167.72731057448723,162.68804084831785,166.66847376948644,94815000
2022-01-20,161.2860870361328,166.35476859042288,160.9625522612085,163.7076835662155,91420500
2022-01-21,159.22723388671875,163.0704113462842,159.1193889725066,161.19783827212862,122848900
2022-01-24,158.45272827148438,159.11941009139656,151.66834129815217,156.88409244537576,162294600
2022-01-25,156.6487579345703,159.5703540851256,153.94285159644792,155.86443270388338,115798400
2022-01-26,156.56056213378906,161.1684533792907,154.727213256224,160.29589528165266,108275300
2022-01-27,156.09976196289062,160.6292188937634,155.17818077822113,159.26645936487785,121954600
2022-01-28,166.99200439453125,167.01161663852113,159.60957278691356,162.4625484172025,179935700
2022-01-31,171.35479736328125,171.57048717250743,166.18807050369657,166.82534128905002,115541600
2022-02-01,171.1881561279297,171.41364461299403,168.93322639800166,170.5999083862923,86213900
2022-02-02,172.39404296875,172.43326746235797,169.93323706636977,171.32540739423024,84914300
2022-02-03,169.51165771484375,172.78621481447524,168.74694463929947,171.0606961129302,89418100
2022-02-04,169.2270050048828,170.90563668740813,167.54837332235746,168.53002542285074,82465400
2022-02-07,168.51036071777344,170.75833687095522,167.81338131131074,169.6883399458675,77251200
2022-02-08,171.62222290039062,172.1326861402394,168.28459707531294,168.57909567441112,74829200
2022-02-09,173.04562377929688,173.4088302479398,171.6909391445202,172.81984799977465,71285000
2022-02-10,168.96194458007812,172.26029603848204,168.40241070544232,170.94488589786454,90865900
2022-02-11,165.54580688476562,169.9043445353418,164.95680964270105,169.1681054721721,98670700
2022-02-14,165.7814178466797,166.46857134746543,163.50397769684932,164.2991135319602,86185500
2022-02-15,169.61961364746094,169.77668153567035,167.12622458211413,167.8330151002382,62527400
2022-02-16,169.38404846191406,170.1595469185717,166.92991856527323,168.69689508661867,61177400
2022-02-17,165.7814178466797,168.75582262629885,165.37893687521128,167.89196395169796,69589300
2022-02-18,164.23037719726562,167.4109199862711,163.14074291393072,166.70414435001902,82772700
2022-02-22,161.30508422851562,163.6315949695041,159.17488593776793,161.95296324654277,91162800
2022-02-23,157.13304138183594,163.1014723054739,156.81890555489676,162.50266399183914,90009200
2022-02-24,159.75405883789062,159.86204116175165,149.21111050582687,149.7804704881103,141147500
2022-02-25,161.82533264160156,162.090367887761,157.91834703084373,160.83385456915977,91974200
2022-02-28,162.09033203125,162.38483055176715,159.44968642934722,160.06813182455156,95056600
2022-03-01,160.2056121826172,163.5432381527931,158.99818435052663,161.67809026330085,83474400
2022-03-02,163.50396728515625,164.28929194125575,159.96020269374122,161.37378407895594,79724800
2022-03-03,163.17999267578125,165.8108275814803,162.5124765673441,165.37889834481186,76678400
2022-03-04,160.17613220214844,162.5124684222201,159.1257725009118,161.47191984720897,83737200
2022-03-07,156.37718200683594,161.9922331985085,156.12194287523664,160.3626871229987,96418800
2022-03-08,154.55126953125,159.89145798739116,152.94136109775025,155.90595387633803,131148300
2022-03-09,159.96018981933594,160.41175632836593,156.4851483427237,158.51716018630677,91454900
2022-03-10,155.6114959716797,157.4471806159037,153.11809123534883,157.26066431923064,105342000
2022-03-11,151.8909912109375,156.357510261072,151.66521547258807,156.0139261115159,96970100
2022-03-14,147.8564453125,151.29222791354923,147.34599696795414,148.67121841249335,108732100
2022-03-15,152.24436950683594,152.71557314147054,147.6207980554659,148.13124619142744,92964300
2022-03-16,156.6618194580078,157.06430032250074,151.6259555145145,154.16843028106842,102300200
2022-03-17,157.67294311523438,158.04597567713608,154.73781315339022,155.6998279417029,75615400
2022-03-18,160.9713134765625,161.4621395458107,156.82874025380204,157.5649793576743,123511700
2022-03-21,162.34561157226562,163.2978152048177,160.0190861607253,160.50991215775952,95811400
2022-03-22,165.72251892089844,166.31150120856418,161.88425551749586,162.4732378051616,81532000
2022-03-23,167.08700561523438,169.4724129582103,164.57396373096856,164.90773681905242,98062700
2022-03-24,170.87615966796875,170.94486751449384,167.08698259633016,167.92137775453384,90131400
2022-03-25,171.51425170898438,172.06397447426608,169.5803959233043,170.68966756106184,80546200
2022-03-28,172.3780975341797,172.5057021088352,168.84414433562662,169.01102337849983,90371900
2022-03-29,175.6764678955078,175.7255385178658,173.1045291861119,173.44811341555265,100589400
2022-03-30,174.50831604003906,176.31455249572932,173.45794099468702,175.27400355883873,92633200
2022-03-31,171.40626525878906,174.7635134764267,171.20011173735605,174.5769971900877,103049300
2022-04-01,171.11175537109375,171.67130419323556,168.78524495629924,170.83689401317795,78751300
2022-04-04,175.16598510742188,175.21507070313862,171.2393771112145,171.3669966643139,76468400
2022-04-05,171.8479766845703,175.02853418606793,171.21972007698278,174.24320968187874,73401800
2022-04-06,168.67727661132812,170.44425332917226,167.00847109179495,169.19755100896808,89058800
2022-04-07,168.98158264160156,170.17919933632717,166.73360604638012,168.0195678303507,77594700
2022-04-08,166.96922302246094,168.62821767601542,166.09555314310566,168.62821767601542,76575500
2022-04-11,162.7088165283203,165.928633841103,162.46340353204835,165.61451299486157,72246700
2022-04-12,164.58375549316406,166.7531977294746,163.58246639550293,164.93715076417277,79265200
2022-04-13,167.27349853515625,167.90175523000033,163.71011188136575,164.31873134170252,70618900
2022-04-14,162.25723266601562,168.1275216935812,162.01181969599824,167.4894389842446,75329400
2022-04-18,162.04132080078125,163.54324732904448,160.5688426374783,160.91241188828883,69023900
2022-04-19,164.32850646972656,164.74081340994962,160.90255125037683,161.99218535509698,67723800
2022-04-20,164.16168212890625,165.78141713684764,163.05242540339555,165.663608695201,67929800
2022-04-21,163.3665008544922,168.38274246164556,162.86586379792752,165.81081937992397,87227800
2022-04-22,158.82144165039062,164.789886524094,158.53676921276283,163.405768839327,84882400
2022-04-25,159.89149475097656,160.1761672620124,155.55259437743032,158.16377751272768,96046400
2022-04-26,153.9230499267578,159.36139588708184,153.84451596249764,159.27305079434743,95623200
2022-04-27,153.69728088378906,156.85818695569935,152.52911245475866,153.04938688433683,88063200
2022-04-28,160.63751220703125,161.5013706501521,156.0139252856425,156.3280610754388,130216800
2022-04-29,154.75741577148438,163.1505424974972,154.36476100370217,158.87053962186658,131747600
2022-05-02,155.06173706054688,155.32677228255127,150.45778736143095,153.8346722144635,123055300
2022-05-03,156.55386352539062,157.76130632227486,153.4518544553603,155.24826451156082,88966500
2022-05-04,162.97389221191406,163.42544380743908,156.33791416985588,156.74039514151906,108256500
2022-05-05,153.89361572265625,161.06949072780478,152.10700157369598,160.84371492154636,130525300
2022-05-06,154.62107849121094,156.7445658918497,151.57347999950738,153.37254446386834,116124600
2022-05-09,149.4893341064453,153.19560424531912,148.92897809122042,152.3108102727315,131577900
2022-05-10,151.8979034423828,154.09021465537515,150.3446125608553,152.89083834180113,115366700
2022-05-11,144.02330017089844,152.82199025284592,143.34496277337416,150.90495956472975,142689800
2022-05-12,140.14993286132812,143.72839581595062,136.45350338099348,140.35638928215414,182602000
2022-05-13,144.6230010986328,145.59626984264398,140.69062395231782,142.14559929622243,113990900
2022-05-16,143.0795440673828,145.02608166695018,141.7425351609862,143.08938461134267,86643800
2022-05-17,146.71697998046875,147.23801869280874,144.20024629343533,146.34339939395076,78336300
2022-05-18,138.43936157226562,144.86879239266452,137.53490151723796,144.36741964547258,109742900
2022-05-19,135.0279998779297,139.26513365262397,134.29067919785544,137.51522710531395,136095600
2022-05-20,135.26393127441406,138.3213549245238,130.36812621760984,136.73857261689477,137426100
2022-05-23,140.69064331054688,140.83810147349175,135.32294116689727,135.46057378592263,117726300
2022-05-24,137.9871368408203,139.56991949662205,135.00836187381935,138.4295263407137,104132700
2022-05-25,138.14443969726562,139.39295887874255,136.0012859433497,136.08976084581695,92482700
2022-05-26,141.3493194580078,141.89984995235616,134.8215728806199,135.06734649422762,90601500
2022-05-27,147.1102294921875,147.1495466635664,142.80427168601537,142.93207874444667,90978500
2022-05-31,146.32376098632812,148.11299992246586,144.35757226573517,146.54988348979353,103718400
2022-06-01,146.19593811035156,149.17471219422913,145.18333733188115,147.36580755186637,74286600
2022-06-02,148.65370178222656,148.712685042506,144.37723540201858,145.33083811208033,72348100
2022-06-03,142.92225646972656,145.46846714813478,142.01781149904664,144.4165490295479,88570300
2022-06-06,143.66941833496094,146.05834558258064,142.45037585050028,144.54437177114056,71598400
2022-06-07,146.19593811035156,146.48102881439183,141.66387346445043,141.9096470027296,67808200
2022-06-08,145.45864868164062,147.3363475160415,144.96710149969525,146.06816238698744,53950200
2022-06-09,140.22857666015625,145.44880522785593,140.12043568225837,144.5935179486459,69473000
2022-06-10,134.8117218017578,138.38034379484614,134.7428980025847,137.9084627463307,91437900
2022-06-13,129.65045166015625,132.9143161949929,129.21788786619382,130.62370519574654,122207100
2022-06-14,130.5155792236328,131.62648045825296,129.25721986088914,130.8793342743823,84784300
2022-06-15,133.1404571533203,135.01817091312645,129.9257495131237,132.01973022353556,91533000
2022-06-16,127.86124420166016,130.1518557555823,126.85848380018383,129.84709891808183,108123900
2022-06-17,129.33590698242188,130.830214787561,127.61549164782572,127.87110581235486,134520300
2022-06-21,133.57302856445312,134.74291327638406,131.06614989697803,131.1644503344464,81000500
2022-06-22,133.0618133544922,135.4310591073431,131.64615522779903,132.5112679712454,73409200
2022-06-23,135.93243408203125,136.2470164136777,133.33706609243566,134.50695054622625,72433800
2022-06-24,139.26513671875,139.51091028418583,137.40708916408835,137.53488121755194,89116800
2022-06-27,139.26513671875,141.06420101783954,138.58679927801467,140.2875481505987,70207900
2022-06-28,135.1165008544922,140.995401345449,134.99853432316218,139.7272161311599,67083400
2022-06-29,136.876220703125,138.29187895229046,134.35950159386607,135.1361545226192,66242400
2022-06-30,134.40866088867188,136.0307605677301,131.50853555295868,134.9296996947126,98964500
2022-07-01,136.58128356933594,136.68942454210836,133.36657601668242,133.74014164921843,71051600
2022-07-05,139.16683959960938,139.2159973193288,134.61510776869383,135.44091845782265,73353800
2022-07-06,140.50384521484375,141.68355545577728,138.69495517869038,138.96039485817002,74064300
2022-07-07,143.87586975097656,144.07248562850194,140.857762778016,140.8675883216018,66253700
2022-07-08,144.55416870117188,145.0555563580384,142.5486630761882,142.80426217519934,64547800
2022-07-11,142.42086791992188,144.1609490492264,141.34929872199137,143.20734636825597,63141600
2022-07-12,143.39413452148438,145.94034514627222,142.597830542374,143.2958190916168,77588800
2022-07-13,143.03038024902344,143.9741422785196,139.71734260162484,140.5726447543378,71185600
2022-07-14,145.96002197265625,146.43190306892052,140.82826817318988,141.64423829848138,78140700
2022-07-15,147.6312713623047,148.30960883923063,145.69457436327764,147.24786517980246,76259900
2022-07-18,144.58367919921875,149.00760334414767,144.2199241245172,148.19163331287257,81420900
2022-07-19,148.44725036621094,148.67335787183444,144.42639797966964,145.41931789638997,82982400
2022-07-20,150.4527587890625,151.12127077444447,147.8278985688421,148.5652193610668,64823400
2022-07-21,152.72372436523438,152.9400063380094,149.37136878805202,151.88808810670997,65086600
2022-07-22,151.48501586914062,153.637995053217,150.81651886265266,152.76304161776633,66675400
2022-07-25,150.36424255371094,152.4189056629446,149.70557129384864,151.4063199200849,53623900
2022-07-26,149.03712463378906,150.5019257638896,148.25064607355188,149.6859555702162,55138700
2022-07-27,154.1393585205078,154.6702378768067,149.58764182197348,150.00053965418954,78620700
2022-07-28,154.6898956298828,154.97498637932796,151.7995959592648,154.3261405347344,81378700
2022-07-29,159.76268005371094,160.86375608227763,156.80357104125676,158.51416085291524,101786900
2022-08-01,158.779541015625,160.82437877972106,158.17002740354454,158.287993908895,67829400
2022-08-02,157.30494689941406,159.66438272023254,156.9313811867624,157.39343680580816,59907000
2022-08-03,163.3214569091797,163.77367187577843,158.0324049028353,158.12087978749662,82507500
2022-08-04,163.0068359375,164.3635106425103,161.6501612324897,163.2034517641096,55474100
2022-08-05,162.78042602539062,163.27265590146177,160.4669395991908,160.67368275667272,56697000
2022-08-08,162.307861328125,165.2021751674924,161.64827515043405,163.78455083623797,60276900
2022-08-09,162.3571319580078,163.2431549194952,160.71308565619225,161.47112401818703,63135500
2022-08-10,166.61001586914062,166.7084528561764,164.30636805182522,165.07424565037454,70170500
2022-08-11,165.8716583251953,168.3328081399825,165.5763173430876,167.41725259761515,57149200
2022-08-12,169.42555236816406,169.4944567489093,166.76749865896252,167.18098503009688,68039400
2022-08-15,170.4986114501953,170.69550042466776,168.6872088503834,168.85456522976827,54091700
2022-08-16,170.34109497070312,171.01053551269388,168.992389717206,170.09497999617207,56377100
2022-08-17,171.83746337890625,173.41259006684885,169.8882371550574,170.08512611334214,79542000
2022-08-18,171.4436798095703,172.18202470973497,170.42968734841074,171.049901871482,62290100
2022-08-19,168.85458374023438,171.04008614629294,168.64784053029155,170.34111293537597,70346300
2022-08-22,164.96595764160156,167.22036427123675,164.54263206053483,167.0530078857762,69026800
2022-08-23,164.63124084472656,166.08825245369655,164.06025224472492,164.48357785406554,54147100
2022-08-24,164.9265899658203,165.49757859392747,163.66648231126254,164.7198617687192,53841500
2022-08-25,167.38772583007812,167.49601702656614,165.73384030735204,166.15715087983543,51218200
2022-08-26,161.0773162841797,168.3918608006587,161.01825109648692,167.91932427745144,78961000
2022-08-29,158.87213134765625,160.36849946589015,157.33637642429446,158.64569477233294,73314000
2022-08-30,156.44052124023438,160.0337937500244,155.26901159376436,159.61048321715364,77906200
2022-08-31,154.77676391601562,158.08454929439134,154.6980053329991,157.8187409544185,87991100
2022-09-01,155.5052947998047,155.95813794862076,152.2664132669702,154.20580050146393,74229900
2022-09-02,153.388671875,157.86796676025835,152.56172928679763,157.26744570942157,76957800
2022-09-06,152.12855529785156,154.64876971078968,151.301612760168,154.0384095074989,73714800
2022-09-07,153.53634643554688,154.23530443324142,151.22286005633052,152.41406294176315,87449600
2022-09-08,152.05966186523438,153.93012940950055,150.30730966413597,152.23685741248187,84923800
2022-09-09,154.92445373535156,155.36747271934937,152.34517353637017,153.05398588476703,68028800
2022-09-12,160.89027404785156,161.7073775664421,156.82446488060694,157.10995164172124,104956000
2022-09-13,151.4492950439453,158.04517283101427,150.98659772699438,157.41511914732905,122656600
2022-09-14,152.89645385742188,154.6586453659871,151.22287515005883,152.3845305395428,87965400
2022-09-15,150.0021514892578,152.82756164210238,149.0275457934619,152.24671887947383,90481100
2022-09-16,148.3580780029297,148.9979858391176,146.06428503412624,148.8601620780663,162278800
2022-09-19,152.07936096191406,152.15811955641868,146.78297692105565,146.98970508767258,81474200
2022-09-20,154.46176147460938,155.62343203686572,150.70113224453698,151.01615161997927,107689800
2022-09-21,151.3311767578125,156.2731696529989,151.21304637695786,154.89491678247586,101696800
2022-09-22,150.36639404296875,152.06950527712038,148.56483082094806,150.01198791697018,86652500
2022-09-23,148.09228515625,149.11613179254852,146.25135007934554,148.84048424162157,96029900
2022-09-26,148.427001953125,151.38038122778957,147.31455761940225,147.33425102063256,93339400
2022-09-27,149.40162658691406,152.315634453065,147.619756600354,150.3664080888261,84442700
2022-09-28,147.51148986816406,148.2990609102626,142.58918963213347,145.34568076864423,146691400
2022-09-29,140.2658233642578,144.43993818318944,138.49379277972724,143.82957793472042,128138200
2022-09-30,136.05233764648438,140.87619954797051,135.85544869618502,139.0844755504192,124925300
2022-10-03,140.236328125,140.84670355770672,135.5503037948178,136.06222721595856,114311700
2022-10-04,143.82955932617188,143.947689675969,142.01814217319807,142.77618030160758,87830100
2022-10-05,144.1249237060547,145.0897052260287,140.7876052377075,141.83114535247526,79471000
2022-10-06,143.1699676513672,145.2471782292558,142.963239525501,143.54406714610428,68402200
2022-10-07,137.91294860839844,140.87618176543393,137.28289503397258,140.32487174385696,85925600
2022-10-10,138.2378387451172,139.6849958050268,136.41659718830158,138.2378387451172,74899000
2022-10-11,136.8202362060547,139.15341644364526,136.0720520706598,137.72593753469053,77033700
2022-10-12,136.19017028808594,138.17878336551573,136.01297472776957,136.9679019716922,70433700
2022-10-13,140.76791381835938,141.35858069211028,132.2818600306571,132.8922353283637,113224000
2022-10-14,136.22955322265625,142.27413585110418,136.04250345541635,142.0673926816115,88598000
2022-10-17,140.19691467285156,140.6792903298468,138.090171437718,138.8777422312096,85250900
2022-10-18,141.51609802246094,144.420251464502,138.4248948126108,143.22906350371468,99136600
2022-10-19,141.62442016601562,142.69747799085852,139.30109390010128,139.48814370880504,61758300
2022-10-20,141.1616973876953,143.6228470143876,140.43319169039492,140.7974520498777,64522000
2022-10-21,144.98143005371094,145.55241866280005,140.43321458728877,140.64979699148353,86548600
2022-10-24,147.12753295898438,147.89541049964913,143.73114921809554,144.90265893368223,75981900
2022-10-25,149.97262573242188,150.12030373846804,147.03893927663933,147.75759083673032,74732300
2022-10-26,147.0290985107422,149.62807215966112,145.73944336708044,148.61407962000084,88194300
2022-10-27,142.54978942871094,146.73374379544853,141.8902031311427,145.76897734753766,109180200
2022-10-28,153.31976318359375,155.05240689410368,145.52284395380414,145.89692843507157,164762400
2022-10-31,150.9570770263672,151.84309994681692,149.55914577499016,150.77988145527678,97943200
2022-11-01,148.30889892578125,153.03431011919787,146.812530481506,152.6700647115565,80379300
2022-11-02,142.77621459960938,149.80525751264736,142.7466820050657,146.63529551052576,93604600
2022-11-03,136.72177124023438,140.5808515547038,136.59378666921566,139.85234595133585,97918500
2022-11-04,136.45553588867188,140.68586767189302,132.51116441667403,140.11393200286335,140814800
2022-11-07,136.98802185058594,137.21481900121177,133.7832199726521,135.2031961352515,83374600
2022-11-08,137.55995178222656,139.46310374939873,135.5779105819191,138.4572998817349,89908500
2022-11-09,132.99435424804688,136.6231842073022,132.71824941976038,136.57387654941147,74917800
2022-11-10,144.82748413085938,144.82748413085938,137.55998303216782,139.2757903878347,118854000
2022-11-11,147.61810302734375,147.9237894166263,142.3622261036816,143.79207283535823,93979700
2022-11-14,146.21788024902344,148.19006640295856,145.3796951149665,146.89828687958484,73374100
2022-11-15,147.95338439941406,151.45401749484597,146.49397099909157,150.10307492440734,89868300
2022-11-16,146.7207794189453,147.78576172673738,145.241639832554,147.05606249393267,64218300
2022-11-17,148.6239471435547,149.3733724520642,144.11749463891493,144.39359949187033,80389400
2022-11-18,149.18600463867188,150.5763993918672,147.88436969164823,150.19182372040734,74829600
2022-11-21,145.95162963867188,148.27880988198416,145.66566926933072,148.07173876370618,58724100
2022-11-22,148.09146118164062,148.32812895303292,144.88665846281648,146.06998227319062,51804100
2022-11-23,148.96908569335938,149.71851100166924,147.2631338671993,147.3716047055876,58301400
2022-11-25,146.0502471923828,146.80954307968733,145.07400962299127,146.24746279975653,35195900
2022-11-28,142.21432495117188,144.6006680593858,141.38601049309779,143.12152865000314,69246000
2022-11-29,139.20672607421875,142.7961034526806,138.39813776001694,142.28333095673383,83763800
2022-11-30,145.9713592529297,146.6517658940868,138.59538713539368,139.4335572359168,111380900
2022-12-01,146.24746704101562,147.05607061526013,144.57111175984417,146.14886675776248,71250400
2022-12-02,145.75439453125,145.94175459663157,143.62443017730817,143.93013162674256,65447400
2022-12-05,144.59080505371094,148.82113692482218,143.74276456774905,145.71495034472244,68826400
2022-12-06,140.9225616455078,145.2515095410952,139.94632410744387,145.02471235222268,64727200
2022-12-07,138.97998046875,141.37617976468576,138.05305043693357,140.21259699050833,69721100
2022-12-08,140.66615295410156,141.5240640501762,139.13772092261513,140.38019261979954,62128300
2022-12-09,140.18296813964844,143.54554848860332,138.94048147476286,140.36045763658447,76097000
2022-12-12,142.48057556152344,142.4904310742392,139.09826892356506,140.71546075742316,70462700
2022-12-13,143.44696044921875,147.8843792751259,142.2340701831816,147.4209143273598,93886200
2022-12-14,141.2183837890625,144.6204015969479,139.19689014923398,143.32862218685506,82291200
2022-12-15,134.6016845703125,139.827980094081,134.1382196907759,139.14757356682156,98931900
2022-12-16,132.63937377929688,135.73570542541242,131.87022238639204,134.7890645018001,160156900
2022-12-19,130.52908325195312,133.31972734226898,129.49369797509624,133.23098261223785,79592600
2022-12-20,130.46006774902344,131.39685280851097,128.08358072119486,129.5627197772006,77432800
2022-12-21,133.5662841796875,134.9073711645486,130.90383628158227,131.13063344213398,85928000
2022-12-22,130.3910675048828,132.68866590052642,128.48791532003168,132.48159480562174,77852100
2022-12-23,130.02621459960938,130.57842423400893,127.83708708710822,129.09928483618836,63814900
2022-12-27,128.2216796875,129.58249292838534,126.92990018333715,129.55291134024313,69007800
2022-12-28,124.28715515136719,129.20775681904706,124.1195211570346,127.86666981780208,85438400
2022-12-29,127.8075180053711,128.66541412512194,125.95366582047207,126.2100445910704,75703700
2022-12-30,128.12303161621094,128.14275768545937,125.6578071138234,126.62418137813751,77034200
2023-01-03,123.33064270019531,129.07955877586164,122.44315755676651,128.46818597294893,112117500
2023-01-04,124.60269927978516,126.87071595607891,123.34050157319417,125.12532731236189,89113600
2023-01-05,123.28132629394531,125.9930816643783,123.02494756660151,125.3619828345772,80962700
2023-01-06,127.81734466552734,128.47802503978542,123.15312990740499,124.25755655822216,87754700
2023-01-09,128.33998107910156,131.55465346679887,128.08360234953716,128.65553802002677,70790800
2023-01-10,128.91192626953125,129.43455432577363,126.33822308555574,128.44846138243565,63896200
2023-01-11,131.63356018066406,131.65327120715185,128.64569958998982,129.42470644063985,69458900
2023-01-12,131.5546875,132.39285762882386,129.6120828388038,132.01815247276784,71379600
2023-01-13,132.88589477539062,133.0436732754904,129.82901533053348,130.19386494625152,57809700
2023-01-17,134.04946899414062,135.38068535895238,132.26464328240974,132.9549052915621,63646600
2023-01-18,133.32962036132812,136.68233001992917,133.15211582478094,134.91723044564642,69672800
2023-01-19,133.3887939453125,134.35516079708475,131.90965456039046,132.21534095915428,58280400
2023-01-20,135.95262145996094,136.1005444209002,132.35338844252215,133.3986444948596,80223600
2023-01-23,139.14759826660156,141.32687064316994,135.98223278773898,136.19917447397063,81760300
2023-01-24,140.5478057861328,141.169049065949,138.34882305195495,138.35867856319985,66435100
2023-01-25,139.88714599609375,140.44921115138996,136.87955949987148,138.93063463423644,65799300
2023-01-26,141.9579620361328,142.2439224000094,139.92659771489312,141.178940100887,54105100
2023-01-27,143.90054321289062,145.18246711281154,141.09018721144076,141.16907645645273,70555800
2023-01-30,141.0113067626953,143.52584706043817,140.863398823187,142.9440557695909,64015300
2023-01-31,142.28335571289062,142.3326633733732,140.30131415280843,140.71547141700836,65874500
2023-02-01,143.4075164794922,144.571114195543,139.3546881653997,141.967828937729,77663600
2023-02-02,148.7225341796875,149.07751316889315,146.10937904089744,146.82922262442523,118339000
2023-02-03,152.35134887695312,155.1913011660709,145.77411121969988,145.97132678498124,154357300
2023-02-06,149.61985778808594,150.97081516891853,148.68307262827912,150.44818718355526,69858300
2023-02-07,152.49929809570312,153.07123392254363,148.54507002072867,148.54507002072867,83322600
2023-02-08,149.80723571777344,152.43024651571073,149.0676660222592,151.73998447588093,64120100
2023-02-09,148.7718505859375,152.1837390894266,148.32811173185976,151.64138491373802,56007100
2023-02-10,149.1372528076172,149.46316214008027,147.3694580195322,147.60648709847575,57450700
2023-02-13,151.94203186035156,152.34693578344766,149.04836048379,149.07798723256394,62199000
2023-02-14,151.30006408691406,151.863002379357,148.98908756642754,150.23345606140762,61707600
2023-02-15,153.40367126464844,153.5715611952289,150.98405804107867,151.21120146838675,65573800
2023-02-16,151.80377197265625,154.39127521881363,151.44823591009165,151.60624021713144,68167900
2023-02-17,150.65817260742188,151.10258897284194,148.97925796607987,150.46065589718617,59144100
2023-02-21,146.6386260986328,149.4236611977066,146.56950203742764,148.33729678255915,58867200
2023-02-22,147.06329345703125,148.09038924690807,145.33499611487431,147.0237810788301,51011300
2023-02-23,147.54721069335938,148.47555569965527,145.4140093743504,148.22865607328114,48394200
2023-02-24,144.8905792236328,145.36462227322275,143.91285130614398,145.28561258669828,55469600
2023-02-27,146.0855712890625,147.32006943922315,145.6213987790375,145.8781840387877,44998500
2023-02-28,145.5819091796875,147.2311969873109,145.0091001993268,145.2263730908277,50547000
2023-03-01,143.50794982910156,145.40413732845008,143.2116672358624,145.0091039171703,55479000
2023-03-02,144.10052490234375,144.89060684866965,142.11544194013547,142.58950014966683,52238100
2023-03-03,149.15699768066406,149.23600736765022,145.50288630750634,146.20407279147852,70732300
2023-03-06,151.92230224609375,154.3616721188966,151.55689556759242,151.8827898611123,87558000
2023-03-07,149.71994018554688,152.11979733212814,149.25576768015293,151.79388801539042,56182000
2023-03-08,150.9741973876953,151.5667625921133,149.94710144553787,150.91494388116536,47204800
2023-03-09,148.7224578857422,152.62346903568368,148.3669218148619,151.65562670311525,53833600
2023-03-10,146.65838623046875,149.06812912915592,145.77942411442874,148.3471863994858,68572400
2023-03-13,148.60397338867188,151.24086003469367,145.86832084762136,145.97695730432906,84457100
2023-03-14,150.69766235351562,151.49761478500946,148.23855155589501,149.4039106364519,73695900
2023-03-15,151.0926971435547,151.34946732376167,148.06076257128353,149.3150168625453,77167900
2023-03-16,153.91725158691406,154.51968735037045,149.7594547490333,150.27301025301884,76161100
2023-03-17,153.07777404785156,154.7962009363973,152.36670189187112,154.14438228182223,98944600
2023-03-20,155.44801330566406,155.86281797805782,152.23831786199295,153.14692183341302,73641400
2023-03-21,157.30471801757812,157.42322503802845,154.59869218400178,155.36903302560913,73938300
2023-03-22,155.87269592285156,160.12924367096628,155.8529397304782,157.32446713632558,75701800
2023-03-23,156.9590301513672,159.54654859691777,155.72453196517867,156.86027933820688,67622100
2023-03-24,158.26266479492188,158.35154504613158,155.8924343453171,156.88990343786057,59196500
2023-03-27,156.31707763671875,158.7762031421057,155.91215866543004,157.95649464031004,52390300
2023-03-28,155.69493103027344,156.52452540181238,154.0456429884017,156.01096985172836,45992200
2023-03-29,158.7762451171875,159.05277154396305,157.37385679009435,157.39359791374972,51305700
2023-03-30,160.34649658203125,160.45513302219786,159.27001781009866,159.5267880006936,49501700
2023-03-31,162.85501098632812,162.95377687892702,159.90210067407045,160.42552675181378,68749800
2023-04-03,164.1092529296875,164.22775993608965,162.18343872786127,162.23282167038158,56976200
2023-04-04,163.57595825195312,164.77094409936112,163.06240276891677,164.53393008377392,46278300
2023-04-05,161.72914123535156,163.00315186770885,159.79345641920935,162.69699871298138,51511700
2023-04-06,162.6179656982422,162.9142482495303,159.99095018347427,160.41561028699388,45390100
2023-04-10,160.02056884765625,160.02056884765625,158.09475496590747,159.41813321597525,47716900
2023-04-11,158.8058624267578,160.34651387560373,158.5194503856298,160.33664331436313,47644200
2023-04-12,158.1145477294922,160.05023261805474,157.7985089324277,159.22065338009935,50133100
2023-04-13,163.50682067871094,163.74384976611952,159.4181631056541,159.62556544083142,68445600
2023-04-14,163.16116333007812,164.25739832506682,161.78840194622364,162.5488419808256,49386500
2023-04-17,163.18092346191406,163.3389428652635,161.99580807591275,163.04266025137323,41516200
2023-04-18,164.40553283691406,165.33387789076258,163.5956947875371,164.04012619342146,49923000
2023-04-19,165.55116271972656,166.07458878664085,163.48707013576512,163.74385542338587,47720200
2023-04-20,164.5832977294922,165.78816920558748,163.50681889136789,164.03024493447634,52456400
2023-04-21,162.9735107421875,164.38576938158798,162.45008473615934,163.00313749199609,58337300
2023-04-24,163.27967834472656,163.54633418620037,161.85753394961128,162.95376899838274,41949600
2023-04-25,161.739013671875,164.2475072794641,161.69950129216383,163.1414017604714,48714100
2023-04-26,161.72914123535156,163.23029532612622,160.78105501874768,161.0378252295865,45498800
2023-04-27,166.3214874267578,166.46962119212645,163.14141866066578,163.14141866066578,64902300
2023-04-28,167.57569885253906,167.7436038513408,165.79803368662212,166.40046934782268,55275900
2023-05-01,167.48683166503906,168.33616700655767,166.548616072207,167.18067853080987,52472900
2023-05-02,166.44984436035156,168.237410301642,165.46224586153255,167.98062504743248,48425700
2023-05-03,165.37338256835938,168.80035091617836,165.08698560494395,167.39796271242133,65136000
2023-05-04,163.7339630126953,164.96846124572582,162.27232132426357,162.84513031273676,81235400
2023-05-05,171.41748046875,172.13842316096267,168.64231599957478,168.85958887715515,113453200
2023-05-08,171.34835815429688,171.69402369424722,169.9755966946327,170.34100335662225,55962800
2023-05-09,169.6398162841797,171.38785496168964,169.47192632998963,170.9039412906591,45326900
2023-05-10,171.40760803222656,171.87178057282452,169.76819076413835,170.87431142683658,53724500
2023-05-11,171.59524536132812,172.42482451357537,170.03483786854437,171.6940112425966,49514700
2023-05-12,170.66563415527344,172.13918180226995,169.11295243629542,171.70403494878815,45533100
2023-05-15,170.17112731933594,171.29854623618587,169.57774258819362,171.2490949935239,37266700
2023-05-16,170.17112731933594,171.229311478379,169.90410268128184,170.0920083491569,42110300
2023-05-17,170.78427124023438,171.02161304753682,168.5393177403003,169.81509031614996,57951600
2023-05-18,173.11825561523438,173.30616130301183,170.6755118549318,171.09087517456516,65496700
2023-05-19,173.22702026367188,174.44344233699894,173.00944687294344,174.44344233699894,55809500
2023-05-22,172.2776336669922,172.78201528070161,171.5359102025042,172.06006024351018,43570900
2023-05-23,169.666748046875,171.46667068919274,169.38983919273392,171.21942956296672,50747300
2023-05-24,169.94366455078125,170.51726580029353,168.6382391925545,169.20194113871563,45143500
2023-05-25,171.0810089111328,171.98095531956056,169.79535178285977,170.50740757419857,56058300
2023-05-26,173.49403381347656,173.8302932098977,171.19964403606525,171.4073332194312,54835000
2023-05-30,175.3434295654297,177.01478218217846,174.62148962052487,175.00718521743593,55964400
2023-05-31,175.2939910888672,177.37082297149757,174.80939295881248,175.3731100748192,99625300
2023-06-01,178.10263061523438,178.13229834590607,174.97749886766357,175.73900583250884,68901800
2023-06-02,178.95315551757812,179.77399801140302,177.28180279681203,179.03227450268932,61996900
2023-06-05,177.5982666015625,182.90900173212887,176.07525265044882,180.61461168229852,121946500
2023-06-06,177.2323455810547,178.13229186267904,175.47197477965813,177.9839532147194,64848400
2023-06-07,175.8577117919922,179.2103015517758,175.36322943750844,176.4708650826228,61944600
2023-06-08,178.5773468017578,178.84435638126445,175.50166626223591,175.93679801452896,50214900
2023-06-09,178.9630584716797,180.21903277362324,178.636698310342,179.4970927690662,48900000
2023-06-12,181.7617950439453,181.86069753893617,178.97292275194738,179.26961514651788,54274900
2023-06-13,181.28709411621094,182.11782073883157,180.4266997635254,180.78272761470595,54929100
2023-06-14,181.92002868652344,182.35517550952275,180.01133431975106,181.34642742806082,57462900
2023-06-15,183.95729064941406,184.46167222814515,181.75190392659053,181.92992539273135,65433200
2023-06-16,182.8793487548828,184.92651290759443,182.2365277422246,184.66937243020826,101256200
2023-06-20,182.9683380126953,184.0463209118931,182.37496829785866,182.37496829785866,49799100
2023-06-21,181.92994689941406,183.363942649416,180.57505504326872,182.85956101105992,49515700
2023-06-22,184.93637084960938,184.98582209518955,181.64311708726814,181.7123518491607,51245300
2023-06-23,184.61988830566406,185.49018190726844,182.96831937745645,183.50236866585945,53117000
2023-06-26,183.22547912597656,185.97479955864205,183.18591209060443,184.76826151663462,48088700
2023-06-27,185.9846954345703,186.31105559004374,183.62107045135676,183.83864388833905,50730800
2023-06-28,187.16156005859375,187.80438104509085,185.52977442185306,185.8561194768788,51216800
2023-06-29,187.49778747558594,187.9725013298976,186.85496654717443,186.9934209820816,46347300
2023-06-30,191.8294677734375,192.3338342950544,189.14936702429083,189.51529419368583,85213200
2023-07-03,190.3361358642578,191.74046380244184,189.64384856353968,191.64156130508144,31458200
2023-07-05,189.2185821533203,190.8503675642152,188.51641070905347,189.45593906907268,46920300
2023-07-06,189.6933135986328,189.90100282202306,187.11211517011608,187.74505196417672,45094300
2023-07-07,188.57577514648438,190.54382026308585,188.14064336966692,189.2977302172838,46815000
2023-07-10,186.52862548828125,187.89340155065938,184.9759437256739,187.17144648236777,59922200
2023-07-11,186.0044708251953,187.21100889013437,184.54080738706045,187.07255444450544,46638100
2023-07-12,187.67581176757812,189.584506155405,186.39015480100775,187.58679348705417,60750200
2023-07-13,188.4373016357422,189.0801376574393,187.6856939986458,188.39774969290625,41342300
2023-07-14,188.5856475830078,189.07023054213465,187.53734760154848,188.13071726198152,41616200
2023-07-17,191.8492431640625,192.17560328436687,189.69329254549467,189.7822957354681,50520200
2023-07-18,191.5921173095703,192.185502135392,190.296576033276,191.21632100425936,48288200
2023-07-19,192.94700622558594,196.0424552700726,190.52403079875788,190.96907695660155,80507300
2023-07-20,190.99874877929688,194.30188710755215,190.37569621729313,192.93711105379268,59581200
2023-07-21,189.8218536376953,192.81841494586592,189.1196821840786,191.95802063670834,71951700
2023-07-24,190.62290954589844,192.75907651192222,190.12842729026707,191.27562974502808,45377800
2023-07-25,191.4833221435547,192.29428036369316,190.79104993758423,191.19652904765346,37283200
2023-07-26,192.35360717773438,193.48102617402893,191.18663623876353,191.53276478098633,47471900
2023-07-27,191.08775329589844,195.02382842734414,190.4251487828704,193.85685736898512,47460200
2023-07-28,193.66893005371094,194.46010471349214,191.9975775461535,192.52172755154825,48291400
2023-07-31,194.28208923339844,194.32165626732748,193.10521896564188,193.8963936498011,38824100
2023-08-01,193.45135498046875,194.55899044039094,193.12499487022708,194.07440747187567,35175100
2023-08-02,190.45481872558594,193.02611782368746,189.73287873889473,192.88766337294663,50389300
2023-08-03,189.0603790283203,190.2471336448423,188.58568019979225,189.45597396076343,61235200
2023-08-04,179.98167419433594,185.312192820491,179.91243942847825,183.47271804853088,115956800
2023-08-07,176.87635803222656,181.10912610955194,175.39291085305913,180.1201613234403,97576100
2023-08-08,177.81581115722656,178.28062565603474,175.6203088706347,177.70702446409274,67823000
2023-08-09,176.22361755371094,178.93337110075507,175.05663139218126,178.87403563482027,60378500
2023-08-10,176.00604248046875,178.75536303948698,175.64013038367378,177.4993736907431,54686900
2023-08-11,176.06544494628906,176.88739582771854,174.83748251539495,175.60001780962375,52036700
2023-08-14,177.7192840576172,177.9470488771055,175.5901295190144,176.24373129053612,43675600
2023-08-15,175.72872924804688,177.73903700795614,175.33261529851168,177.14486608365337,43622600
2023-08-16,174.85728454589844,176.80816171418965,174.78795629022963,175.4118501481314,46964900
2023-08-17,172.3122100830078,175.78815784652573,171.79724982185638,175.42175166053434,66062900
2023-08-18,172.7974853515625,173.4015690710498,170.29202708322546,170.62872552076746,61172200
2023-08-21,174.13436889648438,174.42156439236868,172.05474771785234,173.37184868637627,46311900
2023-08-22,175.51087951660156,175.95651153189084,174.54038966607246,175.34253031574917,42038900
2023-08-23,179.3631591796875,179.78899610380492,176.6002283968818,176.78838784399545,52722800
2023-08-24,174.66912841796875,179.3433458832632,174.30270712253693,178.91750900229638,54945800
2023-08-25,176.8774871826172,177.41224254469248,174.1145567754665,175.6594223889941,51449600
2023-08-28,178.4421844482422,178.83829845949455,176.81809282485807,178.34314839003864,43820700
2023-08-29,182.3340301513672,183.10646293821267,177.75884901223952,177.9569059889832,53003900
2023-08-30,185.82981872558594,186.0278908459401,182.9480567481202,183.14611375769312,60813900
2023-08-31,186.0476837158203,187.2855588991337,185.66146726305777,186.01797592028328,60794500
2023-09-01,187.6222381591797,188.07776768138748,186.45367634199346,187.65194594928982,45766500
2023-09-05,187.85992431640625,188.1372071331358,185.7902007519677,186.453699999912,45280000
2023-09-06,181.13577270507812,187.01815699545173,179.70973831822653,186.57250991647675,81755800
2023-09-07,175.83766174316406,176.48136579557718,171.85665159906446,173.48074295917408,112488800
2023-09-08,176.45166015625,178.4916910043361,176.06544373133067,176.62002446653017,65551300
2023-09-11,177.62022399902344,178.5511084974291,175.619813594627,178.3233437087065,58953100
2023-09-12,174.58990478515625,178.38275585399316,173.12426491742679,177.7489644157226,90370200
2023-09-13,172.5201873779297,175.58021106580875,172.29240747476095,174.7978655233742,84267900
2023-09-14,174.03533935546875,174.39184798430878,171.89628758242847,172.31221179761187,60895800
2023-09-15,173.31240844726562,174.78796097983732,172.13396406629226,174.76815074757482,109259500
2023-09-18,176.24371337890625,177.64004017321716,174.46117014263496,174.76816076178545,67257600
2023-09-19,177.33303833007812,177.88760394386657,175.4118538031827,175.7980702206982,51826900
2023-09-20,173.78778076171875,177.95693597912128,173.69864226300012,177.52120149038592,58436200
2023-09-21,172.2428741455078,174.5898954535224,172.17356100214752,172.856870429388,63149100
2023-09-22,173.09454345703125,175.36233909077248,172.36173107244514,172.97571228348323,56725400
2023-09-25,174.37203979492188,175.2534062611611,172.46075278406465,172.51027081019092,46172700
2023-09-26,170.29200744628906,173.50057001651604,169.99491440180657,173.12426626356617,64588900
2023-09-27,168.77684020996094,171.3615240971404,167.41023633579258,170.94559986493434,66921800
2023-09-28,169.0343017578125,170.36130007109168,165.9940736424088,167.69739077408406,56294400
2023-09-29,169.54928588867188,171.39124466953126,168.68771453081845,170.35142654777866,51861100
2023-10-02,172.06463623046875,172.6093042881744,169.2719827950215,169.55917827580257,52164500
2023-10-03,170.7277374267578,171.94581747397606,169.1630765091389,170.589096012129,49594600
2023-10-04,171.9755096435547,172.5201776911012,169.31160010164683,169.43043127173715,53020300
2023-10-05,173.21337890625,173.74813426454526,171.00499899742474,172.10423261632292,48527900
2023-10-06,175.76837158203125,176.26352163595584,171.5001654241457,172.1141617663429,57266700
2023-10-09,177.2538299560547,177.31324554755352,174.0947700479303,175.0949677633166,42390800
2023-10-10,176.65966796875,177.9767691665517,176.22393342381912,176.37248753365458,43698000
2023-10-11,178.05593872070312,178.10545674166264,175.8772817954906,176.4714527146694,47551100
2023-10-12,178.95712280273438,180.57130155585352,177.30330847610173,178.3233313959954,56743100
2023-10-13,177.1151885986328,180.16529977566205,176.41206884050376,179.6602521369707,51427100
2023-10-16,176.98641967773438,177.34292828713865,174.79784999846225,175.0355274416581,52517000
2023-10-17,175.431640625,176.6893258679855,173.10444466932296,174.93649062028842,57549400
2023-10-18,174.13436889648438,175.85749653944856,173.4114540423014,173.87689630601963,54764400
2023-10-19,173.758056640625,176.11496052795673,173.4906713911534,174.33241738277906,59302900
2023-10-20,171.20306396484375,173.718419244541,170.96538653172513,173.60948564320893,64244000
2023-10-23,171.32192993164062,172.3221276665047,168.28170114730867,169.25220619662628,55980100
2023-10-24,171.7576446533203,171.98540943587548,169.78694209599936,171.3714282347356,43816600
2023-10-25,169.44033813476562,171.38131769667615,168.99469104064445,170.21277093543313,57157000
2023-10-26,165.2711944580078,169.71764765287952,164.06302704400315,168.71743481214864,70625300
2023-10-27,166.58827209472656,167.32109955610002,165.21175565878588,165.29098147440297,58499100
2023-10-30,168.63818359375,169.5096524459554,167.23195938000526,167.38051344932887,51131000
2023-10-31,169.11354064941406,169.24226937820893,166.27136928302133,167.70731641765212,44846000
2023-11-01,172.28250122070312,172.53997379429074,168.46983997695696,169.34130885799144,56934900
2023-11-02,175.8476104736328,176.05556504970008,173.75807648633753,173.8174920794996,77334800
2023-11-03,174.93650817871094,175.10487249469713,171.66852990822986,172.5498964006483,79829200
2023-11-06,177.49147033691406,177.6895273209714,174.50077512285628,174.66912431484397,63841300
2023-11-07,180.05638122558594,180.67036248552094,177.23401974281032,177.4419743130807,70530000
2023-11-08,181.11598205566406,181.67054768588966,179.82858892219454,180.5812266581694,49340300
2023-11-09,180.64064025878906,182.3340449245472,180.04645416963677,181.18530832204868,53763500
2023-11-10,184.83511352539062,185.00369964258533,181.989212824357,182.42552132152326,66133400
2023-11-13,183.24855041503906,184.4682199516521,182.6635072771428,184.25999143916752,43627500
2023-11-14,185.86639404296875,186.53076740007103,184.7359652497266,186.12420582715117,60108400
2023-11-15,186.43161010742188,187.90910668353808,186.20354524355434,186.2729648412074,53790500
2023-11-16,188.11732482910156,189.356830641734,187.06621119021287,187.9785007833142,54412900
2023-11-17,188.09750366210938,188.78171334674664,186.98691120628507,188.65279989002153,50922700
2023-11-20,189.8427276611328,190.29887250675844,188.2859160609316,188.2958266614519,46505100
2023-11-21,189.03953552246094,189.91215257469014,188.14709726863614,189.8030754431615,38134500
2023-11-22,189.70388793945312,191.31028267101584,189.22792193208022,189.88238464889707,39617700
2023-11-24,188.37515258789062,189.2973377280717,187.66119596873028,189.26759079649733,24048300
2023-11-27,188.1966552734375,189.0692722786972,187.31412766791345,188.3255687303111,40552600
2023-11-28,188.80152893066406,189.47582799498892,187.8099242301234,188.1867388581487,38415400
2023-11-29,187.78016662597656,190.47733246859286,187.3835308205802,189.29732052111245,43014200
2023-11-30,188.3553466796875,188.72225077951296,186.6101275124571,188.24626953606747,48794400
2023-12-01,189.6344757080078,189.95178132302283,187.64134070945283,188.73211185944243,45704800
2023-12-04,187.83969116210938,188.454496430777,185.8763178825686,188.3850768316175,43389500
2023-12-05,191.79617309570312,192.76794143388682,188.58336852388663,188.61313058416235,66628400
2023-12-06,190.70541381835938,193.12491645797843,190.49717018406523,192.81752143695684,41089700
2023-12-07,192.6390380859375,193.3629052381858,191.96473906125271,192.0044117201268,47477700
2023-12-08,194.0669708251953,194.34461894265894,192.04408867717459,192.56963798027982,53406400
2023-12-11,191.55821228027344,191.86562248491865,189.8129932403368,191.4888078106811,60943700
2023-12-12,193.07537841796875,193.08528901898003,190.1104746012234,191.45905774250062,52696900
2023-12-13,196.2980499267578,196.33770745258008,193.21415906810856,193.45213448441257,70404200
2023-12-14,196.44680786132812,197.94412551234106,194.51318172109634,196.3575670696298,66831600
2023-12-15,195.91134643554688,196.734365015635,195.34612449787411,195.87167377464695,128538400
2023-12-18,194.2454376220703,194.97923052273018,192.75803062150393,194.44375552934187,55751900
2023-12-19,195.28665161132812,195.2965622122741,194.24546354583867,194.51320107826476,40714100
2023-12-20,193.19435119628906,196.0204155959587,193.19435119628906,195.24696511767544,52242800
2023-12-21,193.0455780029297,195.42543814276274,191.8754918271264,194.4536698626075,46482500
2023-12-22,191.97470092773438,193.76950324713707,191.34998504370557,193.54142324239356,37149600
2023-12-26,191.42930603027344,192.2622504150879,191.21115176796184,191.9846022868164,28919300
2023-12-27,191.52845764160156,191.8755253676685,189.48575421105227,190.87400998463178,48087700
2023-12-28,191.95484924316406,193.0257841884141,191.5482876644632,192.51014548202977,34049900
2023-12-29,190.9136505126953,192.76794644853246,190.1203637314106,192.27214410156537,42672100
