date,Open,High,Low,Close,Volume,return_1d,rsi_14,vol_ma5,pos,neg,neu,count,pos_lag1,neg_lag1,pos_3d,neg_3d,close_t+1,target_up
2010-01-04,6.407194179053124,6.439315641110835,6.3756731331389895,6.424605846405029,493729600.0,0.0,0.0,0.0,0.0,0.0,0.0,0.0,0.0,0.0,0.0,0.0,6.435712814331055,1
2010-01-05,6.442317391160505,6.472037185269431,6.4017897068824965,6.435712814331055,601904800.0,0.0017288170187499396,0.0,0.0,0.0,0.0,0.0,0.0,0.0,0.0,0.0,0.0,6.333343029022217,0
2010-01-06,6.435711544814556,6.461228822173879,6.326738453495593,6.333343029022217,552160000.0,-0.01590651855702463,0.0,0.0,0.0,0.0,0.0,0.0,0.0,0.0,0.0,0.0,6.321635723114014,0
2010-01-07,6.356759662485861,6.364264863379803,6.275705096078485,6.321635723114014,477131200.0,-0.001848519155611017,0.0,0.0,0.0,0.0,0.0,0.0,0.0,0.0,0.0,0.0,6.363663196563721,1
2010-01-08,6.313229455727773,6.364264013366788,6.276005267512686,6.363663196563721,447610800.0,0.006648196019273911,0.0,514507280.0,0.0,0.0,0.0,0.0,0.0,0.0,0.0,0.0,6.3075270652771,0
2010-01-11,6.388280620967726,6.394284781604259,6.257693333617454,6.3075270652771,462229600.0,-0.008821354863175923,0.0,508207280.0,0.0,0.0,0.0,0.0,0.0,0.0,0.0,0.0,6.235776424407959,0
2010-01-12,6.279905790458578,6.297318252305418,6.196750593488335,6.235776424407959,594459600.0,-0.011375399602187586,0.0,506718240.0,0.0,0.0,0.0,0.0,0.0,0.0,0.0,0.0,6.3237385749816895,1
2010-01-13,6.240283528305532,6.332144401838027,6.127107478718295,6.3237385749816895,605892000.0,0.014106046238192782,0.0,517464640.0,0.0,0.0,0.0,0.0,0.0,0.0,0.0,0.0,6.287112236022949,0
2010-01-14,6.307526379969183,6.31803325912976,6.274804108867116,6.287112236022949,432894000.0,-0.00579188062954461,0.0,508617200.0,0.0,0.0,0.0,0.0,0.0,0.0,0.0,0.0,6.182042598724365,0
2010-01-15,6.332143009416752,6.352256947828559,6.180241350508382,6.182042598724365,594067600.0,-0.016711907367673806,0.0,537908560.0,0.0,0.0,0.0,0.0,0.0,0.0,0.0,0.0,6.455527305603027,1
2010-01-19,6.254092473293869,6.460030427258435,6.221370991700261,6.455527305603027,730007600.0,0.04423856719057451,0.0,591464160.0,0.0,0.0,0.0,0.0,0.0,0.0,0.0,0.0,6.356160640716553,0
2010-01-20,6.451624005326168,6.470836921805907,6.289215440714218,6.356160640716553,612152800.0,-0.015392493933102935,0.0,595002800.0,0.0,0.0,0.0,0.0,0.0,0.0,0.0,0.0,6.24628496170044,0
2010-01-21,6.366666377134003,6.403590762223772,6.220467872859289,6.24628496170044,608154400.0,-0.017286485541643803,0.0,595455280.0,0.0,0.0,0.0,0.0,0.0,0.0,0.0,0.0,5.936478137969971,0
2010-01-22,6.207559986925345,6.229174164262463,5.918766665167428,5.936478137969971,881767600.0,-0.04959857349289587,0.0,685230000.0,0.0,0.0,0.0,0.0,0.0,0.0,0.0,0.0,6.096185684204102,1
2010-01-25,6.079374433401396,6.145117995477656,6.009727765674213,6.096185684204102,1065699600.0,0.02690274309487206,39.61133794961104,779556400.0,0.0,0.0,0.0,0.0,0.0,0.0,0.0,0.0,6.18234395980835,1
2010-01-26,6.182644167900338,6.415600436728625,6.081476445771641,6.18234395980835,1867110000.0,0.014133144898701877,42.62257467967291,1006976880.0,0.0,0.0,0.0,0.0,0.0,0.0,0.0,0.0,6.240583419799805,1
2010-01-27,6.20966238568723,6.321637203565409,5.98991486179197,6.240583419799805,1722568400.0,0.009420287898905588,47.65192404810643,1229060000.0,0.0,0.0,0.0,0.0,0.0,0.0,0.0,0.0,5.98270845413208,0
2010-01-28,6.152022568121193,6.169133623355006,5.964996982868184,5.98270845413208,1173502400.0,-0.04132225279603696,40.97577923938493,1342129600.0,0.0,0.0,0.0,0.0,0.0,0.0,0.0,0.0,5.765663146972656,0
2010-01-29,6.03644475859432,6.070067253939074,5.711326699843136,5.765663146972656,1245952400.0,-0.03627877053068118,34.94149306014674,1414966560.0,0.0,0.0,0.0,0.0,0.0,0.0,0.0,0.0,5.845818519592285,1
2010-02-01,5.774971010519186,5.883944147056317,5.742849545116226,5.845818519592285,749876400.0,0.01390219486924349,38.773523903219,1351801920.0,0.0,0.0,0.0,0.0,0.0,0.0,0.0,0.0,5.879740238189697,1
2010-02-02,5.881241679262661,5.89354980859224,5.805290645295953,5.879740238189697,698342400.0,0.0058027320697218165,41.33504109220866,1118048400.0,0.0,0.0,0.0,0.0,0.0,0.0,0.0,0.0,5.980907440185547,1
2010-02-03,5.859025786989696,6.010027217972776,5.836510585791934,5.980907440185547,615328000.0,0.017206066577355683,41.914243185265896,896600320.0,0.0,0.0,0.0,0.0,0.0,0.0,0.0,0.0,5.765364170074463,0
2010-02-04,5.905857530236009,5.955090849120654,5.750954183584234,5.765364170074463,757652000.0,-0.03603855640079878,38.23138890647402,813430240.0,0.0,0.0,0.0,0.0,0.0,0.0,0.0,0.0,5.86773157119751,1
2010-02-05,5.782775102281272,5.883942805064995,5.729338873749076,5.86773157119751,850306800.0,0.017755582839743544,43.258221902723896,734301120.0,0.0,0.0,0.0,0.0,0.0,0.0,0.0,0.0,5.827503681182861,0
2010-02-08,5.874635531155502,5.940379473765587,5.823901185519468,5.827503681182861,478270800.0,-0.006855782260407395,34.142329075853,679980000.0,0.0,0.0,0.0,0.0,0.0,0.0,0.0,0.0,5.889647006988525,1
2010-02-09,5.896551391264354,5.928973058747912,5.846417849802574,5.889647006988525,632886800.0,0.010663798635825117,38.19233664346142,666888880.0,0.0,0.0,0.0,0.0,0.0,0.0,0.0,0.0,5.857525825500488,0
2010-02-10,5.880641046196647,5.901956220835925,5.831708732065642,5.857525825500488,370361600.0,-0.005453838141729506,39.74353199984304,617895600.0,0.0,0.0,0.0,0.0,0.0,0.0,0.0,0.0,5.9640960693359375,1
2010-02-11,5.850320035193965,5.996518134753807,5.825703378312862,5.9640960693359375,550345600.0,0.018193730085064308,51.54485743112399,576434320.0,0.0,0.0,0.0,0.0,0.0,0.0,0.0,0.0,6.015429973602295,1
2010-02-12,5.947283965157674,6.053255377136795,5.868931687103398,6.015429973602295,655468800.0,0.008607155832094593,47.8760207813661,537466720.0,0.0,0.0,0.0,0.0,0.0,0.0,0.0,0.0,6.106091022491455,1
2010-02-16,6.062261457658367,6.114796653373146,6.049653122914106,6.106091022491455,543737600.0,0.015071416222449674,48.07763680250597,550560080.0,0.0,0.0,0.0,0.0,0.0,0.0,0.0,0.0,6.080574989318848,0
2010-02-17,6.129807503174255,6.133409999547613,6.029840232872504,6.080574989318848,436396800.0,-0.004178783624191107,45.17017577075183,511262080.0,0.0,0.0,0.0,0.0,0.0,0.0,0.0,0.0,6.091981887817383,1
2010-02-18,6.052955245898117,6.120801457022376,6.031641278030102,6.091981887817383,422825200.0,0.0018759572110487177,55.122411326311685,521754800.0,0.0,0.0,0.0,0.0,0.0,0.0,0.0,0.0,6.054156303405762,0
2010-02-19,6.059860656451437,6.100087327665818,6.037345055528109,6.054156303405762,415469600.0,-0.0062090769651275135,64.99946194509744,494779600.0,0.0,0.0,0.0,0.0,0.0,0.0,0.0,0.0,6.01663064956665,0
2010-02-22,6.074269781958263,6.079072708981117,5.979706269273444,6.01663064956665,390563600.0,-0.006198329206994702,59.44410699908301,441798560.0,0.0,0.0,0.0,0.0,0.0,0.0,0.0,0.0,5.915763378143311,0
2010-02-23,6.0040225261519184,6.0439493885588895,5.87523650054763,5.915763378143311,575094800.0,-0.01676474380733406,52.243078722375785,448070000.0,0.0,0.0,0.0,0.0,0.0,0.0,0.0,0.0,6.023838043212891,1
2010-02-24,5.950888679926919,6.047253472561512,5.939180564440741,6.023838043212891,460566400.0,0.01826892966491478,52.537956973310486,452903920.0,0.0,0.0,0.0,0.0,0.0,0.0,0.0,0.0,6.0640645027160645,1
2010-02-25,5.925371576991525,6.08988159583449,5.91066178196193,6.0640645027160645,665126000.0,0.006677878657195491,68.01922347941566,501364080.0,0.0,0.0,0.0,0.0,0.0,0.0,0.0,0.0,6.142715930938721,1
2010-02-26,6.075470936494723,6.159226971524314,6.064063432341047,6.142715930938721,507460800.0,0.012970084369555934,66.91012495517558,519762320.0,0.0,0.0,0.0,0.0,0.0,0.0,0.0,0.0,6.273905277252197,1
2010-03-01,6.176639467181527,6.289215086984138,6.167633626019473,6.273905277252197,550093600.0,0.021356896165867223,74.5526820929278,551668320.0,0.0,0.0,0.0,0.0,0.0,0.0,0.0,0.0,6.269700527191162,0
2010-03-02,6.30212178636162,6.329140103554581,6.236377842463775,6.269700527191162,566546400.0,-0.0006701966120337133,72.29768732581542,549958640.0,0.0,0.0,0.0,0.0,0.0,0.0,0.0,0.0,6.284111499786377,1
2010-03-03,6.2724041861905775,6.300322736244172,6.242384179559122,6.284111499786377,372052800.0,0.0022985105162065533,75.58438452245603,532255920.0,0.0,0.0,0.0,0.0,0.0,0.0,0.0,0.0,6.3255391120910645,1
2010-03-04,6.28261096157948,6.331843481524197,6.263097036331756,6.3255391120910645,366041200.0,0.006592437499890913,73.36697558474069,472438960.0,0.0,0.0,0.0,0.0,0.0,0.0,0.0,0.0,6.572905540466309,1
2010-03-05,6.452524907290664,6.595420745426017,6.443218456905086,6.572905540466309,899620400.0,0.03910598353623507,78.50019095898224,550870880.0,0.0,0.0,0.0,0.0,0.0,0.0,0.0,0.0,6.576807022094727,1
2010-03-08,6.604725566434544,6.6071268297916586,6.551890157154248,6.576807022094727,429889600.0,0.0005935703174795304,76.33499941648503,526830080.0,0.0,0.0,0.0,0.0,0.0,0.0,0.0,0.0,6.695086479187012,1
2010-03-09,6.553691701350062,6.754526066805222,6.541083364705562,6.695086479187012,920259200.0,0.017984328367082414,81.06052536063726,597572640.0,0.0,0.0,0.0,0.0,0.0,0.0,0.0,0.0,6.7497239112854,1
2010-03-10,6.71940409694946,6.7689372288436,6.700491388289971,6.7497239112854,596218000.0,0.00816082544538288,81.78698737235894,642405680.0,0.0,0.0,0.0,0.0,0.0,0.0,0.0,0.0,6.76953649520874,1
2010-03-11,6.721805415914415,6.76953649520874,6.704093139701463,6.76953649520874,405700400.0,0.0029353176787296764,85.28237629539959,650337520.0,0.0,0.0,0.0,0.0,0.0,0.0,0.0,0.0,6.802560329437256,1
2010-03-12,6.825675151715721,6.836482643789877,6.777043040629622,6.802560329437256,416323600.0,0.004878300641689259,89.05239237535682,553678160.0,0.0,0.0,0.0,0.0,0.0,0.0,0.0,0.0,6.719703197479248,0
2010-03-15,6.765934032798199,6.769535727622992,6.611930516123886,6.719703197479248,493502800.0,-0.012180286237147175,91.69186708227268,566400800.0,0.0,0.0,0.0,0.0,0.0,0.0,0.0,0.0,6.7380146980285645,1
2010-03-16,6.72990948229834,6.753925322280713,6.6797759453813,6.7380146980285645,446908000.0,0.0027250460342036487,90.76366350293543,471730560.0,0.0,0.0,0.0,0.0,0.0,0.0,0.0,0.0,6.728108882904053,0
2010-03-17,6.751524309104,6.798055354266688,6.702592000360965,6.728108882904053,450956800.0,-0.0014701385450242022,89.3067377790085,442678320.0,0.0,0.0,0.0,0.0,0.0,0.0,0.0,0.0,6.744019508361816,1
2010-03-18,6.727507664854695,6.754526389265197,6.682778268800121,6.744019508361816,342109600.0,0.0023647990445267997,88.3871125031503,429960160.0,0.0,0.0,0.0,0.0,0.0,0.0,0.0,0.0,6.671971797943115,0
2010-03-19,6.748223046207236,6.76173200885215,6.64135097491963,6.671971797943115,559445600.0,-0.010683200178968955,77.80258380516753,458584560.0,0.0,0.0,0.0,0.0,0.0,0.0,0.0,0.0,6.747020721435547,1
2010-03-22,6.618534899474179,6.784546321925031,6.60892824314106,6.747020721435547,456419600.0,0.011248387398095527,80.25206758032496,451167920.0,0.0,0.0,0.0,0.0,0.0,0.0,0.0,0.0,6.855393886566162,1
2010-03-23,6.773738900511225,6.868002624620177,6.7275076626034656,6.855393886566162,602431200.0,0.01606237324665538,82.23628366687564,482272560.0,0.0,0.0,0.0,0.0,0.0,0.0,0.0,0.0,6.885714054107666,1
2010-03-24,6.833779267435768,6.910630919746184,6.829876162240197,6.885714054107666,597780400.0,0.004422819176140846,81.95040763881781,511637280.0,0.0,0.0,0.0,0.0,0.0,0.0,0.0,0.0,6.804059505462647,0
2010-03-25,6.932245536527236,6.933746977581992,6.792051183519106,6.804059505462647,542284400.0,-0.011858544807899385,66.35412800327873,551672240.0,0.0,0.0,0.0,0.0,0.0,0.0,0.0,0.0,6.931645393371582,1
2010-03-26,6.873106030797111,6.963166033633828,6.861097709769455,6.931645393371582,640875200.0,0.018751436228108043,71.2134107645052,567958160.0,0.0,0.0,0.0,0.0,0.0,0.0,0.0,0.0,6.976373672485352,1
2010-03-29,6.994686760993579,7.020803654125469,6.9532588593037055,6.976373672485352,540744400.0,0.006452765047176401,68.3064832831362,584823120.0,0.0,0.0,0.0,0.0,0.0,0.0,0.0,0.0,7.080244064331055,1
2010-03-30,7.102759265786933,7.129177572447662,7.032211581116944,7.080244064331055,527310000.0,0.014888880200807586,70.06989436496141,569798880.0,0.0,0.0,0.0,0.0,0.0,0.0,0.0,0.0,7.054727554321289,0
2010-03-31,7.06943815022388,7.1030606516648005,7.038517120538815,7.054727554321289,430659600.0,-0.003603902602498321,67.2705113703927,536374720.0,0.0,0.0,0.0,0.0,0.0,0.0,0.0,0.0,7.083844661712647,1
2010-04-01,7.1270738048544615,7.166699650975813,6.987180106760603,7.083844661712647,603145200.0,0.004127318477879838,67.06710783768162,548546880.0,0.0,0.0,0.0,0.0,0.0,0.0,0.0,0.0,7.15949821472168,1
2010-04-05,7.0541279895221605,7.160098630852064,7.047823219341294,7.15949821472168,684507600.0,0.010679730657834785,76.85944423512525,557273360.0,0.0,0.0,0.0,0.0,0.0,0.0,0.0,0.0,7.191019535064697,1
2010-04-06,7.15079245665577,7.212033297637166,7.114768291086068,7.191019535064697,447017200.0,0.0044027275931435295,77.18024607210204,538527920.0,0.0,0.0,0.0,0.0,0.0,0.0,0.0,0.0,7.222839832305908,1
2010-04-07,7.19131839099343,7.262466489352847,7.164600278004648,7.222839832305908,628502000.0,0.004425004978230174,78.9100186705068,558766320.0,0.0,0.0,0.0,0.0,0.0,0.0,0.0,0.0,7.203327178955078,0
2010-04-08,7.218036972088584,7.251059054832,7.14598864580775,7.203327178955078,572989200.0,-0.002701520981201133,76.7939091482927,587232240.0,0.0,0.0,0.0,0.0,0.0,0.0,0.0,0.0,7.25856351852417,1
2010-04-09,7.2477568312195375,7.261566400405569,7.218637053530341,7.25856351852417,334182800.0,0.007668170304754085,85.02478945117747,533439760.0,0.0,0.0,0.0,0.0,0.0,0.0,0.0,0.0,7.273573875427246,1
2010-04-12,7.270871602399903,7.296989299671886,7.259163890277582,7.273573875427246,333026400.0,0.0020679514431152235,83.79853753205187,463143520.0,0.0,0.0,0.0,0.0,0.0,0.0,0.0,0.0,7.277777194976807,1
2010-04-13,7.2606665372048464,7.288885294519839,7.238150530856811,7.277777194976807,306210800.0,0.0005778891672167941,81.20229661629281,434982240.0,0.0,0.0,0.0,0.0,0.0,0.0,0.0,0.0,7.375641345977783,1
2010-04-14,7.363333219230544,7.3792438418487025,7.327009254967312,7.375641345977783,404076400.0,0.013446983657114941,82.8078718931678,390097120.0,0.0,0.0,0.0,0.0,0.0,0.0,0.0,0.0,7.472607612609863,1
2010-04-15,7.37834389348245,7.475909500161511,7.370238677402161,7.472607612609863,376784800.0,0.013146825080500912,94.10383459097704,350856240.0,0.0,0.0,0.0,0.0,0.0,0.0,0.0,0.0,7.426974296569824,0
2010-04-16,7.462097422193192,7.539249658313724,7.341417039973177,7.426974296569824,750545600.0,-0.0061067459186581186,86.83707092724319,434128800.0,0.0,0.0,0.0,0.0,0.0,0.0,0.0,0.0,7.417068958282471,0
2010-04-19,7.41586812637222,7.441685210819167,7.257961936668035,7.417068958282471,566924400.0,-0.0013336976663469446,84.585919843514,480908400.0,0.0,0.0,0.0,0.0,0.0,0.0,0.0,0.0,7.342620849609375,0
2010-04-20,7.461200225207798,7.4825145962212,7.293688139262988,7.342620849609375,738326400.0,-0.010037402792374084,71.7959977092431,567331520.0,0.0,0.0,0.0,0.0,0.0,0.0,0.0,0.0,7.781815052032471,1
2010-04-21,7.769206314029074,7.812736080133749,7.6770444474442625,7.781815052032471,982391200.0,0.05981436484582492,85.64117356471785,682994480.0,0.0,0.0,0.0,0.0,0.0,0.0,0.0,0.0,7.999460220336914,1
2010-04-22,7.752395023332227,8.007866045193637,7.691153386713968,7.999460220336914,793424800.0,0.027968432409299915,87.72376104918156,766322480.0,0.0,0.0,0.0,0.0,0.0,0.0,0.0,0.0,8.130350112915039,1
2010-04-23,8.04509261032918,8.170877006562137,8.015373208970836,8.130350112915039,796955600.0,0.016362340579601398,88.13397540470461,775604480.0,0.0,0.0,0.0,0.0,0.0,0.0,0.0,0.0,8.09041976928711,0
2010-04-26,8.161867664249646,8.17927892521506,8.051092925286087,8.09041976928711,479068800.0,-0.004911269880555347,85.29000171458262,758033360.0,0.0,0.0,0.0,0.0,0.0,0.0,0.0,0.0,7.866473197937012,0
2010-04-27,8.023478437126695,8.040589899126108,7.820843167021122,7.866473197937012,709343600.0,-0.027680463775222708,72.77370923403245,752236800.0,0.0,0.0,0.0,0.0,0.0,0.0,0.0,0.0,7.853262901306152,0
2010-04-28,7.902796026344901,7.925310427306826,7.697458533102753,7.853262901306152,758402400.0,-0.0016793162956842966,73.15954383418378,707439040.0,0.0,0.0,0.0,0.0,0.0,0.0,0.0,0.0,8.064604759216309,1
2010-04-29,7.895891039990527,8.10543145116114,7.865571229084787,8.064604759216309,558840800.0,0.02691134380271487,75.59532626619541,660522240.0,0.0,0.0,0.0,0.0,0.0,0.0,0.0,0.0,7.837951183319092,0
2010-04-30,8.084715736072933,8.122541140877006,7.835249712243143,7.837951183319092,542463600.0,-0.02810473453620832,66.45958320250185,609623840.0,0.0,0.0,0.0,0.0,0.0,0.0,0.0,0.0,7.995854377746582,1
2010-05-03,7.920504197659278,8.041785786394117,7.891684238782944,7.995854377746582,454342000.0,0.020145978296412848,69.00692307710351,604678480.0,0.0,0.0,0.0,0.0,0.0,0.0,0.0,0.0,7.765602111816406,0
2010-05-04,7.891987668079629,7.903995185726664,7.707663975394943,7.765602111816406,723819600.0,-0.028796455644689467,60.201341671527054,607573680.0,0.0,0.0,0.0,0.0,0.0,0.0,0.0,0.0,7.684852600097656,0
2010-05-05,7.595993391127534,7.749396150959083,7.46690628940468,7.684852600097656,883103200.0,-0.010398358112615469,55.948918884346085,632513840.0,0.0,0.0,0.0,0.0,0.0,0.0,0.0,0.0,7.392455577850342,0
2010-05-06,7.620007701886914,7.75269647302786,5.981509199253293,7.392455577850342,1285860800.0,-0.038048488040434036,50.0351219977313,777917840.0,0.0,0.0,0.0,0.0,0.0,0.0,0.0,0.0,7.0805439949035645,0
2010-05-07,7.316202893814342,7.402059987086741,6.760830052556775,7.0805439949035645,1676018400.0,-0.0421932306068018,44.075644603474835,1004628800.0,0.0,0.0,0.0,0.0,0.0,0.0,0.0,0.0,7.624809265136719,1
2010-05-10,7.512534658605443,7.644622996847167,7.460899674559441,7.624809265136719,984306400.0,0.07686771957421712,55.64281982144327,1110621680.0,0.0,0.0,0.0,0.0,0.0,0.0,0.0,0.0,7.700759410858154,1
2010-05-11,7.560264483580065,7.801926692641969,7.520038218220339,7.700759410858154,848906800.0,0.009960924015333106,49.50065430150425,1135639120.0,0.0,0.0,0.0,0.0,0.0,0.0,0.0,0.0,7.867974758148193,1
2010-05-12,7.782416645235435,7.899195601423466,7.766207009785482,7.867974758148193,654379600.0,0.021714137316673376,48.60788906108915,1089894400.0,0.0,0.0,0.0,0.0,0.0,0.0,0.0,0.0,7.755998134613037,0
2010-05-13,7.901895240932465,7.955331472991745,7.697158157574585,7.755998134613037,599712400.0,-0.014231950022360107,44.249280202692304,952664720.0,0.0,0.0,0.0,0.0,0.0,0.0,0.0,0.0,7.619706630706787,0
2010-05-14,7.659933711265195,7.69956037567163,7.490019948375691,7.619706630706787,759362800.0,-0.017572400294684987,42.71143379267082,769333600.0,0.0,0.0,0.0,0.0,0.0,0.0,0.0,0.0,7.6317138671875,1
2010-05-17,7.646123852783212,7.69055384007974,7.436282846475372,7.6317138671875,762834800.0,0.0015758134876642238,46.47413393747133,725039280.0,0.0,0.0,0.0,0.0,0.0,0.0,0.0,0.0,7.575875759124756,0
2010-05-18,7.714568645368431,7.7617000978245585,7.512832882231148,7.575875759124756,782678400.0,-0.007316588257169854,45.71218430289299,711793600.0,0.0,0.0,0.0,0.0,0.0,0.0,0.0,0.0,7.455194473266602,0
2010-05-19,7.490017798461672,7.592686526107991,7.350424690503312,7.455194473266602,1025726800.0,-0.01592968122699212,39.135359584469356,786063040.0,0.0,0.0,0.0,0.0,0.0,0.0,0.0,0.0,7.137582302093506,0
2010-05-20,7.261263983454771,7.3204045555247745,7.091050465358694,7.137582302093506,1282915200.0,-0.04260280161865837,37.5019072364863,922703600.0,0.0,0.0,0.0,0.0,0.0,0.0,0.0,0.0,7.274471759796143,1
2010-05-21,6.989279871529579,7.339915477517224,6.9451505134954825,7.274471759796143,1223891200.0,0.019178687111248482,37.32738044138749,1015609280.0,0.0,0.0,0.0,0.0,0.0,0.0,0.0,0.0,7.40776777267456,1
2010-05-24,7.423378599440754,7.532051565517879,7.392758163946499,7.40776777267456,754238800.0,0.018323806494803474,43.94601890896387,1013890080.0,0.0,0.0,0.0,0.0,0.0,0.0,0.0,0.0,7.361533164978027,0
2010-05-25,7.185314654023756,7.407763599570883,7.119571097777742,7.361533164978027,1048006400.0,-0.006241368400759062,44.49667140306189,1066955680.0,0.0,0.0,0.0,0.0,0.0,0.0,0.0,0.0,7.328211307525635,0
2010-05-26,7.507431919254307,7.56897337159638,7.317403816930542,7.328211307525635,850654000.0,-0.004526483370464018,49.49814561537266,1031941120.0,0.0,0.0,0.0,0.0,0.0,0.0,0.0,0.0,7.605599403381348,1
2010-05-27,7.523044163191669,7.62181064407034,7.478314349652377,7.605599403381348,666282400.0,0.03785208753067093,63.10877109324212,908614560.0,0.0,0.0,0.0,0.0,0.0,0.0,0.0,0.0,7.711567878723144,1
2010-05-28,7.78691889534781,7.787218702580067,7.605596443227557,7.711567878723144,815614800.0,0.013932955145479209,53.05619071416672,826959280.0,0.0,0.0,0.0,0.0,0.0,0.0,0.0,0.0,7.830147743225098,1
2010-06-01,7.795924825671634,7.983550456089765,7.774010037887587,7.830147743225098,876472800.0,0.015376881377018758,54.13179083367073,851406080.0,0.0,0.0,0.0,0.0,0.0,0.0,0.0,0.0,7.923810958862305,1
2010-06-02,7.941522031925014,7.949327441466591,7.8151372446461265,7.923810958862305,688548000.0,0.011961870798446572,52.15794767534383,779514400.0,0.0,0.0,0.0,0.0,0.0,0.0,0.0,0.0,7.898895263671875,0
2010-06-03,7.96073572819772,7.97184382885279,7.817540069958831,7.898895263671875,650106800.0,-0.0031444080783581407,54.841044129955435,739404960.0,0.0,0.0,0.0,0.0,0.0,0.0,0.0,0.0,7.683950901031494,0
2010-06-04,7.751495718848282,7.862269701042068,7.644024426535877,7.683950901031494,758304400.0,-0.027211952490234892,52.493349224978886,757809360.0,0.0,0.0,0.0,0.0,0.0,0.0,0.0,0.0,7.533249378204346,0
2010-06-07,7.75389711136454,7.779714205195833,7.521540862011715,7.533249378204346,886942000.0,-0.019612504656545626,47.95250697630616,772074800.0,0.0,0.0,0.0,0.0,0.0,0.0,0.0,0.0,7.484917640686035,0
2010-06-08,7.602296205710659,7.619107859827389,7.374443461361745,7.484917640686035,1000770400.0,-0.006415788870357431,48.13077184786556,796934320.0,0.0,0.0,0.0,0.0,0.0,0.0,0.0,0.0,7.3008904457092285,0
2010-06-09,7.549157231604306,7.562066575399384,7.2795768818230195,7.3008904457092285,854630000.0,-0.024586402123716544,46.47058146510662,830150720.0,0.0,0.0,0.0,0.0,0.0,0.0,0.0,0.0,7.520339488983154,1
2010-06-10,7.350125141520363,7.534448064103576,7.270871824028563,7.520339488983154,776356000.0,0.030057846355288964,61.52263324593522,855400560.0,0.0,0.0,0.0,0.0,0.0,0.0,0.0,0.0,7.610400676727295,1
2010-06-11,7.451894033807103,7.620907557600168,7.426076943291214,7.610400676727295,545759200.0,0.011975681134618332,60.323979767199205,812891520.0,0.0,0.0,0.0,0.0,0.0,0.0,0.0,0.0,7.633517742156982,1
2010-06-14,7.683951907473293,7.779715497348793,7.6254125232821,7.633517742156982,602960400.0,0.003037562200946864,57.515260816989276,756095200.0,0.0,0.0,0.0,0.0,0.0,0.0,0.0,0.0,7.795924186706543,1
2010-06-15,7.674342736856669,7.800727515320171,7.670139824319744,7.795924186706543,585074000.0,0.021275439454689682,62.982928061175144,672955920.0,0.0,0.0,0.0,0.0,0.0,0.0,0.0,0.0,8.02287769317627,1
2010-06-16,7.838253332981404,8.037887295414478,7.824143954163058,8.02287769317627,783678000.0,0.02911181548644648,68.31538080371834,658765520.0,0.0,0.0,0.0,0.0,0.0,0.0,0.0,0.0,8.161568641662598,1
2010-06-17,8.123442625899175,8.192489665317325,8.0904205470245,8.161568641662598,872855200.0,0.0172869329173857,65.54247760898332,678065360.0,0.0,0.0,0.0,0.0,0.0,0.0,0.0,0.0,8.227615356445312,1
2010-06-18,8.172979080564577,8.255535113075595,8.148062206828923,8.227615356445312,784621600.0,0.008092404497533012,64.66421835569022,725837840.0,0.0,0.0,0.0,0.0,0.0,0.0,0.0,0.0,8.110535621643066,0
2010-06-21,8.336286472524746,8.375913135018962,8.06730646241086,8.110535621643066,776490400.0,-0.014230093378214237,58.24523821203126,760543840.0,0.0,0.0,0.0,0.0,0.0,0.0,0.0,0.0,8.221013069152832,1
2010-06-22,8.170279088917779,8.284655600379764,8.150466150563728,8.221013069152832,717262000.0,0.013621473681091345,58.54697221272211,786981440.0,0.0,0.0,0.0,0.0,0.0,0.0,0.0,0.0,8.134551048278809,0
2010-06-23,8.242924148869836,8.245325813238813,8.042389182178374,8.134551048278809,768457200.0,-0.010517197837630166,56.72589944146616,783937280.0,0.0,0.0,0.0,0.0,0.0,0.0,0.0,0.0,8.07541275024414,0
2010-06-24,8.13545195967562,8.201496933784734,8.048394023807994,8.07541275024414,714277200.0,-0.007270013757818994,61.936726197376885,752221680.0,0.0,0.0,0.0,0.0,0.0,0.0,0.0,0.0,8.006366729736328,0
2010-06-25,8.107235051548079,8.113539021052391,7.979648608731912,8.006366729736328,549942400.0,-0.008550153737432842,65.2623087304128,705285840.0,0.0,0.0,0.0,0.0,0.0,0.0,0.0,0.0,8.054397583007812,1
2010-06-28,8.013269481097577,8.097927349310577,7.940921345331728,8.054397583007812,584948000.0,0.0059990823419433514,68.31224336262636,666977360.0,0.0,0.0,0.0,0.0,0.0,0.0,0.0,0.0,7.690250873565674,0
2010-06-29,7.928910174649849,7.937016189874098,7.634113190995055,7.690250873565674,1133344800.0,-0.04521091809651556,62.08466190369598,750193920.0,0.0,0.0,0.0,0.0,0.0,0.0,0.0,0.0,7.550958633422852,0
2010-06-30,7.706462360229353,7.744287764398167,7.505328623333053,7.550958633422852,739452000.0,-0.018112834344796602,51.518766821654005,744392880.0,0.0,0.0,0.0,0.0,0.0,0.0,0.0,0.0,7.459399700164795,0
2010-07-01,7.634116796343602,7.649127200492864,7.30149425663316,7.459399700164795,1022896000.0,-0.012125471440512015,45.89818628984121,806116640.0,0.0,0.0,0.0,0.0,0.0,0.0,0.0,0.0,7.413168907165527,0
2010-07-02,7.519739164265927,7.532949120914697,7.300892692699636,7.413168907165527,693842800.0,-0.006197655958594894,43.835705944028014,834896720.0,0.0,0.0,0.0,0.0,0.0,0.0,0.0,0.0,7.463901996612549,1
2010-07-06,7.535049296538018,7.589085139354974,7.389751814726595,7.463901996612549,615235600.0,0.006843644072102917,39.84617586472422,840954240.0,0.0,0.0,0.0,0.0,0.0,0.0,0.0,0.0,7.765305042266846,1
2010-07-07,7.519740412626989,7.768307925076559,7.4975266150989635,7.765305042266846,654556000.0,0.040381431293053716,43.0074921947587,745196480.0,0.0,0.0,0.0,0.0,0.0,0.0,0.0,0.0,7.747890472412109,0
2010-07-08,7.879678974647851,7.892287710257308,7.651826320258094,7.747890472412109,738144400.0,-0.0022426124614485232,37.58270790828507,744934960.0,0.0,0.0,0.0,0.0,0.0,0.0,0.0,0.0,7.793824195861816,1
2010-07-09,7.7118685926323,7.802229220460165,7.65993379733871,7.793824195861816,433322400.0,0.005928545791046291,36.89791640766772,627020240.0,0.0,0.0,0.0,0.0,0.0,0.0,0.0,0.0,7.723876953125,0
2010-07-12,7.7611019535216945,7.860768631479387,7.650928393547517,7.723876953125,562878400.0,-0.008974701119632056,37.908007720997176,600827360.0,0.0,0.0,0.0,0.0,0.0,0.0,0.0,0.0,7.559065341949463,0
2010-07-13,7.69475697197448,7.697157834685311,7.397857230806437,7.559065341949463,1190924000.0,-0.02133793846998766,29.621939659087204,715965040.0,0.0,0.0,0.0,0.0,0.0,0.0,0.0,0.0,7.586982250213623,1
2010-07-14,7.486416179914233,7.679144099960146,7.475007474562421,7.586982250213623,812047600.0,0.0036931693273285493,32.58488519841225,747463360.0,0.0,0.0,0.0,0.0,0.0,0.0,0.0,0.0,7.548558235168457,0
2010-07-15,7.451893653473834,7.714269061162609,7.423974707234135,7.548558235168457,824866000.0,-0.005064466184046212,32.96182071081472,764807680.0,0.0,0.0,0.0,0.0,0.0,0.0,0.0,0.0,7.502026081085205,0
2010-07-16,7.600491896388887,7.654227923865763,7.457296293258398,7.502026081085205,1039858400.0,-0.0061643763793807205,33.37950119702576,886114880.0,0.0,0.0,0.0,0.0,0.0,0.0,0.0,0.0,7.372339248657227,0
2010-07-19,7.501426289516156,7.501426289516156,7.192819666430384,7.372339248657227,1024478000.0,-0.01728690770016872,28.485397463918687,978434800.0,0.0,0.0,0.0,0.0,0.0,0.0,0.0,0.0,7.561765193939209,1
2010-07-20,7.291885035960006,7.592085798855656,7.205126934519196,7.561765193939209,1074950800.0,0.0256941438657321,45.84387522472453,955240160.0,0.0,0.0,0.0,0.0,0.0,0.0,0.0,0.0,7.6323161125183105,1
2010-07-21,7.958034291230029,7.959835539861205,7.625111919617387,7.6323161125183105,1185671200.0,0.009329953624538367,53.642529383887684,1029964880.0,0.0,0.0,0.0,0.0,0.0,0.0,0.0,0.0,7.775811195373535,1
2010-07-22,7.735584117031143,7.805230783575795,7.664436009377423,7.775811195373535,645318800.0,0.018800987896697263,62.19598911573886,994055440.0,0.0,0.0,0.0,0.0,0.0,0.0,0.0,0.0,7.803427696228027,1
2010-07-23,7.717870423507268,7.816636847730817,7.6935539772343216,7.803427696228027,533388800.0,0.0035515909736754114,65.16090709574237,892761520.0,0.0,0.0,0.0,0.0,0.0,0.0,0.0,0.0,7.783615112304687,0
2010-07-26,7.805229286816482,7.808231366835274,7.736483658444917,7.783615112304687,420551600.0,-0.0025389591208639928,62.79896933123888,771976240.0,0.0,0.0,0.0,0.0,0.0,0.0,0.0,0.0,7.927712440490723,1
2010-07-27,7.831347667513104,7.94932661689404,7.814236210720269,7.927712440490723,584771600.0,0.01851290513558923,57.34346474761054,673940400.0,0.0,0.0,0.0,0.0,0.0,0.0,0.0,0.0,7.834047794342041,0
2010-07-28,7.915402953572113,7.985049600902114,7.812734230436859,7.834047794342041,519985200.0,-0.011814839003277955,53.88456639894807,540803200.0,0.0,0.0,0.0,0.0,0.0,0.0,0.0,0.0,7.7484917640686035,0
2010-07-29,7.826544247224904,7.884783000755719,7.688151955177171,7.7484917640686035,643806800.0,-0.010921050333038362,48.619158401053355,540500800.0,0.0,0.0,0.0,0.0,0.0,0.0,0.0,0.0,7.722677707672119,0
2010-07-30,7.681851003540273,7.796226698524206,7.652129996621123,7.722677707672119,448210000.0,-0.0033314943323795587,50.35519442161266,523465040.0,0.0,0.0,0.0,0.0,0.0,0.0,0.0,0.0,7.860768318176269,1
2010-08-02,7.81844018290472,7.88298291364708,7.793823922883154,7.860768318176269,428055600.0,0.01788118263267191,63.04834597700859,524965840.0,0.0,0.0,0.0,0.0,0.0,0.0,0.0,0.0,7.863169193267822,1
2010-08-03,7.835550855330682,7.903095659980014,7.787818979612194,7.863169193267822,417653600.0,0.0003054249908374107,62.22040829138539,491542240.0,0.0,0.0,0.0,0.0,0.0,0.0,0.0,0.0,7.89469051361084,1
2010-08-04,7.890487601134421,7.933715954787549,7.814536972583828,7.89469051361084,420375200.0,0.004008729758734564,65.32786408863386,471620240.0,0.0,0.0,0.0,0.0,0.0,0.0,0.0,0.0,7.856264591217041,0
2010-08-05,7.857164814496374,7.900694578088877,7.821741068535771,7.856264591217041,289097200.0,-0.004867312065944929,65.89714197195718,400678320.0,0.0,0.0,0.0,0.0,0.0,0.0,0.0,0.0,7.807933330535889,0
2010-08-06,7.798626479555028,7.849961658707767,7.734082946947369,7.807933330535889,444897600.0,-0.006151939018854358,71.22543965998146,400015840.0,0.0,0.0,0.0,0.0,0.0,0.0,0.0,0.0,7.857763767242432,1
2010-08-09,7.849657751120079,7.869772086221156,7.792320032055247,7.857763767242432,303128000.0,0.006382026407892427,66.53198344373692,375030320.0,0.0,0.0,0.0,0.0,0.0,0.0,0.0,0.0,7.787520408630371,0
2010-08-10,7.800729565789958,7.818742052825758,7.7316825004432,7.787520408630371,451920000.0,-0.008939357391334668,58.84598116373332,381883600.0,0.0,0.0,0.0,0.0,0.0,0.0,0.0,0.0,7.510732650756836,0
2010-08-11,7.66713822654784,7.675843858486021,7.499325547397691,7.510732650756836,620054400.0,-0.035542476083502805,37.582283778725646,421819440.0,0.0,0.0,0.0,0.0,0.0,0.0,0.0,0.0,7.558765888214111,1
2010-08-12,7.405662986227976,7.598091941094277,7.38855152785666,7.558765888214111,534920400.0,0.0063952798869009175,38.87229560395521,470984080.0,0.0,0.0,0.0,0.0,0.0,0.0,0.0,0.0,7.478011131286621,0
2010-08-13,7.554562173340195,7.561466557079735,7.477710522450869,7.478011131286621,354869200.0,-0.010683590168258261,36.69989474223009,452978400.0,0.0,0.0,0.0,0.0,0.0,0.0,0.0,0.0,7.434180736541748,0
2010-08-16,7.432379488597784,7.50532882789309,7.403559521494371,7.434180736541748,318430000.0,-0.005861236895127742,26.27824072569021,456038800.0,0.0,0.0,0.0,0.0,0.0,0.0,0.0,0.0,7.564168453216553,1
2010-08-17,7.507430341948491,7.644022180366808,7.481012037155399,7.564168453216553,422640400.0,0.017485143458493946,37.80571271102265,450182880.0,0.0,0.0,0.0,0.0,0.0,0.0,0.0,0.0,7.5971903800964355,1
2010-08-18,7.575876812070718,7.645222864018994,7.552460585366971,7.5971903800964355,339696000.0,0.004365572644781768,42.98262497517087,394111200.0,0.0,0.0,0.0,0.0,0.0,0.0,0.0,0.0,7.501425266265869,0
2010-08-19,7.590284421218266,7.609497731450195,7.465401111204427,7.501425266265869,426706000.0,-0.012605332897995702,40.165059771174484,372468320.0,0.0,0.0,0.0,0.0,0.0,0.0,0.0,0.0,7.4942216873168945,0
2010-08-20,7.486716887404877,7.622707517214122,7.475008373463955,7.4942216873168945,384230000.0,-0.0009602947031105424,31.265367240229182,378340480.0,0.0,0.0,0.0,0.0,0.0,0.0,0.0,0.0,7.378946304321289,0
2010-08-23,7.558767357417727,7.565071327003947,7.3624360604762,7.378946304321289,414041600.0,-0.01538190192461153,27.67077160421134,397462800.0,0.0,0.0,0.0,0.0,0.0,0.0,0.0,0.0,7.202724933624268,0
2010-08-24,7.284980312364791,7.294885972723784,7.164299115925123,7.202724933624268,602565600.0,-0.023881644265905777,21.709935722148472,433447840.0,0.0,0.0,0.0,0.0,0.0,0.0,0.0,0.0,7.291585922241211,1
2010-08-25,7.145988630602643,7.324608806537964,7.120771956945088,7.291585922241211,596867600.0,0.012337134825476381,28.127407706933795,484882160.0,0.0,0.0,0.0,0.0,0.0,0.0,0.0,0.0,7.213231086730957,0
2010-08-26,7.3684349809378675,7.377441218936621,7.213231086730957,7.213231086730957,466505200.0,-0.010745925008063262,27.374250170766402,492842000.0,0.0,0.0,0.0,0.0,0.0,0.0,0.0,0.0,7.253461360931396,1
2010-08-27,7.257364466604645,7.283181558679536,7.071539280894757,7.253461360931396,548391200.0,0.005577288973098948,27.031992537523607,525674240.0,0.0,0.0,0.0,0.0,0.0,0.0,0.0,0.0,7.279880046844482,1
2010-08-30,7.227644636488094,7.377445680104296,7.225242971569465,7.279880046844482,383289200.0,0.0036422177769337427,30.098586028506247,519523760.0,0.0,0.0,0.0,0.0,0.0,0.0,0.0,0.0,7.2978901863098145,1
2010-08-31,7.260364584838538,7.341719755352869,7.215334985345971,7.2978901863098145,420786800.0,0.0024739610198849515,39.48487198468718,483168000.0,0.0,0.0,0.0,0.0,0.0,0.0,0.0,0.0,7.514936447143555,1
2010-09-01,7.429078544894541,7.548858755620952,7.393354988050088,7.514936447143555,697037600.0,0.02974096009842664,48.55605998164995,503202000.0,0.0,0.0,0.0,0.0,0.0,0.0,0.0,0.0,7.570173263549805,1
2010-09-02,7.542854730302402,7.570173263549805,7.462100764450208,7.570173263549805,415427600.0,0.007350270597064723,54.44075573501802,492986480.0,0.0,0.0,0.0,0.0,0.0,0.0,0.0,0.0,7.768303871154785,1
2010-09-03,7.657829746036519,7.768603678305012,7.640117877094633,7.768303871154785,520788800.0,0.02617253274227882,63.19185222766996,487466000.0,0.0,0.0,0.0,0.0,0.0,0.0,0.0,0.0,7.739485740661621,0
2010-09-07,7.704361805243538,7.791119913752491,7.692654093978678,7.739485740661621,342557600.0,-0.003709706902708998,57.667800504264065,479319680.0,0.0,0.0,0.0,0.0,0.0,0.0,0.0,0.0,7.892889976501465,1
2010-09-08,7.798626248570744,7.937019359044229,7.778212100417537,7.892889976501465,526551200.0,0.019820985654626977,61.41929725094691,500472560.0,0.0,0.0,0.0,0.0,0.0,0.0,0.0,0.0,7.897389888763428,1
2010-09-09,7.956529653333436,8.000958827329073,7.892887170260009,7.897389888763428,438575200.0,0.0005701222588125887,66.32310448665665,448780080.0,0.0,0.0,0.0,0.0,0.0,0.0,0.0,0.0,7.907600879669189,1
2010-09-10,7.900996301399259,7.940323162103781,7.847260253365931,7.907600879669189,387542400.0,0.0012929576796365527,66.98219545998545,443203040.0,0.0,0.0,0.0,0.0,0.0,0.0,0.0,0.0,8.016571998596191,1
2010-09-13,7.97994741901889,8.053796994258754,7.978146972386718,8.016571998596191,388780000.0,0.013780553746354673,76.20225536582379,416801280.0,0.0,0.0,0.0,0.0,0.0,0.0,0.0,0.0,8.04719066619873,1
2010-09-14,7.991653392832797,8.08051254924423,7.970939443210595,8.04719066619873,408150400.0,0.003819421519310362,89.75025254116147,429919840.0,0.0,0.0,0.0,0.0,0.0,0.0,0.0,0.0,8.11203384399414,1
2010-09-15,8.050493213783259,8.1168379731703,8.040585949894027,8.11203384399414,429368800.0,0.008057865220936877,89.42952199047382,410483360.0,0.0,0.0,0.0,0.0,0.0,0.0,0.0,0.0,8.302660942077637,1
2010-09-16,8.112634519032675,8.305663021597335,8.090419130586913,8.302660942077637,652103200.0,0.02349929767916703,97.51872518010376,453188960.0,0.0,0.0,0.0,0.0,0.0,0.0,0.0,0.0,8.266642570495605,0
2010-09-17,8.336288452433642,8.344394472831167,8.215908598488188,8.266642570495605,634477200.0,-0.004338172043072519,94.57210978840527,502575920.0,0.0,0.0,0.0,0.0,0.0,0.0,0.0,0.0,8.50260066986084,1
2010-09-20,8.287956260852319,8.519111716582737,8.28105187451374,8.50260066986084,658677600.0,0.02854340167160374,95.35261870185323,556555440.0,0.0,0.0,0.0,0.0,0.0,0.0,0.0,0.0,8.518810272216797,1
2010-09-21,8.521512545996533,8.626282369844079,8.489390679301849,8.518810272216797,668074400.0,0.001906428748725597,95.33733771722237,608540240.0,0.0,0.0,0.0,0.0,0.0,0.0,0.0,0.0,8.63829231262207,1
2010-09-22,8.48699060457002,8.645196699577165,8.47798435965646,8.63829231262207,585289600.0,0.014025672199198036,94.87028245989487,639724400.0,0.0,0.0,0.0,0.0,0.0,0.0,0.0,0.0,8.67341423034668,1
2010-09-23,8.595662331057172,8.788691743954134,8.5857558638748,8.67341423034668,786116800.0,0.0040658403829758605,94.76059577586967,666527120.0,0.0,0.0,0.0,0.0,0.0,0.0,0.0,0.0,8.77547836303711,1
2010-09-24,8.768874589176438,8.811803127387982,8.722343555246288,8.77547836303711,649488000.0,0.011767468955111937,94.21838964770748,669529280.0,0.0,0.0,0.0,0.0,0.0,0.0,0.0,0.0,8.740656852722168,0
2010-09-27,8.825313916425491,8.847828316902465,8.736154132951494,8.740656852722168,482834800.0,-0.003968046968426453,94.04385184488837,634360720.0,0.0,0.0,0.0,0.0,0.0,0.0,0.0,0.0,8.61156940460205,0
2010-09-28,8.75896792385824,8.75896792385824,8.255531537934157,8.61156940460205,1035042400.0,-0.014768620973824698,82.8317139933956,707754320.0,0.0,0.0,0.0,0.0,0.0,0.0,0.0,0.0,8.626876831054688,1
2010-09-29,8.62267392045036,8.700125955483633,8.585749551147195,8.626876831054688,469644000.0,0.0017775420174233059,82.98457241412655,684625200.0,0.0,0.0,0.0,0.0,0.0,0.0,0.0,0.0,8.518208503723145,0
2010-09-30,8.675814113021676,8.705834114560885,8.443158099063332,8.518208503723145,673391600.0,-0.012596485316721195,75.719722026597,662080160.0,0.0,0.0,0.0,0.0,0.0,0.0,0.0,0.0,8.481282234191895,0
2010-10-01,8.59025493008227,8.603163472982983,8.446158299786033,8.481282234191895,448142800.0,-0.004334980708104341,70.89799475337053,621811120.0,0.0,0.0,0.0,0.0,0.0,0.0,0.0,0.0,8.364805221557617,0
2010-10-04,8.453664387830996,8.492689825964735,8.338686723821786,8.364805221557617,435302000.0,-0.013733420185535805,63.53742412545925,612304560.0,0.0,0.0,0.0,0.0,0.0,0.0,0.0,0.0,8.674013137817383,1
2010-10-05,8.46567356705232,8.689322545476845,8.460269020689346,8.674013137817383,501967200.0,0.03696534564401821,69.5164182063692,505689520.0,0.0,0.0,0.0,0.0,0.0,0.0,0.0,0.0,8.681519508361816,1
2010-10-06,8.693527833285753,8.765576179581716,8.563540521667537,8.681519508361816,670868800.0,0.0008653861165723864,65.0261344287369,545934480.0,0.0,0.0,0.0,0.0,0.0,0.0,0.0,0.0,8.682419776916504,1
2010-10-07,8.716042282149676,8.720245195506793,8.613073710583478,8.682419776916504,408399600.0,0.00010369942195254112,66.93830718347934,492936080.0,0.0,0.0,0.0,0.0,0.0,0.0,0.0,0.0,8.82801342010498,1
2010-10-08,8.75716594198057,8.84092196208549,8.705832382842157,8.82801342010498,658403200.0,0.016768786459226304,64.11015502253579,534988160.0,0.0,0.0,0.0,0.0,0.0,0.0,0.0,0.0,8.866742134094238,1
2010-10-11,8.84813083660072,8.923180450846239,8.843927923530188,8.866742134094238,427753200.0,0.004387024820448948,64.74548846350483,533478400.0,0.0,0.0,0.0,0.0,0.0,0.0,0.0,0.0,8.962207794189453,1
2010-10-12,8.868244658834028,8.991027773051538,8.780585493042786,8.962207794189453,558544000.0,0.010766712130730882,63.906052636476254,544793760.0,0.0,0.0,0.0,0.0,0.0,0.0,0.0,0.0,9.01023769378662,1
2010-10-13,9.012038941946356,9.064873951384754,9.00003062088146,9.01023769378662,630092400.0,0.005359159338874653,64.2439223585981,536638480.0,0.0,0.0,0.0,0.0,0.0,0.0,0.0,0.0,9.075383186340332,1
2010-10-14,9.056770285504228,9.080185713964651,9.018043844253866,9.075383186340332,435296400.0,0.007230163594755812,63.029809821095505,542017840.0,0.0,0.0,0.0,0.0,0.0,0.0,0.0,0.0,9.448530197143556,1
2010-10-15,9.229383165875891,9.45633560517948,9.153432545585064,9.448530197143556,922194000.0,0.04111639179763338,73.39549181786364,594776000.0,0.0,0.0,0.0,0.0,0.0,0.0,0.0,0.0,9.546398162841797,1
2010-10-18,9.560507540696964,9.576417365268949,9.43502297784872,9.546398162841797,1093010800.0,0.010358009516424849,81.56749560260118,727827520.0,0.0,0.0,0.0,0.0,0.0,0.0,0.0,0.0,9.29092788696289,0
2010-10-19,9.1081055584447,9.419413750464756,9.006637622991317,9.29092788696289,1232784000.0,-0.026760907257492472,69.98857962996212,862675520.0,0.0,0.0,0.0,0.0,0.0,0.0,0.0,0.0,9.322150230407717,1
2010-10-20,9.276219585000652,9.433825259507032,9.21227725186733,9.322150230407717,721624400.0,0.0033605194039485475,75.38345821324837,880981920.0,0.0,0.0,0.0,0.0,0.0,0.0,0.0,0.0,9.291828155517578,0
2010-10-21,9.377084846225642,9.448532766738255,9.210173160182098,9.291828155517578,551460000.0,-0.003252691078849179,75.83414339397991,904214640.0,0.0,0.0,0.0,0.0,0.0,0.0,0.0,0.0,9.230287551879885,0
2010-10-22,9.278319246344587,9.307439032270771,9.195164405363457,9.230287551879885,372778000.0,-0.006623088869885052,78.93449089459344,794331440.0,0.0,0.0,0.0,0.0,0.0,0.0,0.0,0.0,9.27140998840332,1
2010-10-25,9.278915588038505,9.354264978544624,9.259401670285722,9.27140998840332,392462000.0,0.004455163102157211,74.09144820722365,654221680.0,0.0,0.0,0.0,0.0,0.0,0.0,0.0,0.0,9.247698783874512,0
2010-10-26,9.21227503164712,9.298432747547729,9.17564964546207,9.247698783874512,392929600.0,-0.002557453996583803,72.61061865240983,486250800.0,0.0,0.0,0.0,0.0,0.0,0.0,0.0,0.0,9.24109172821045,0
2010-10-27,9.23568798415665,9.303232780770363,9.174146545979204,9.24109172821045,399002800.0,-0.0007144540299672819,72.22987262426665,421726480.0,0.0,0.0,0.0,0.0,0.0,0.0,0.0,0.0,9.163341522216797,0
2010-10-28,9.244695100106394,9.246196541205531,9.033054431772614,9.163341522216797,551051200.0,-0.008413530379349332,64.29978197456128,421644720.0,0.0,0.0,0.0,0.0,0.0,0.0,0.0,0.0,9.03545379638672,0
2010-10-29,9.133019394825022,9.182552513657502,9.032151107490442,9.03545379638672,430511200.0,-0.01395645087766384,57.02693947418334,433191360.0,0.0,0.0,0.0,0.0,0.0,0.0,0.0,0.0,9.131519317626951,1
2010-11-01,9.07268014258132,9.174148059460425,9.072079726476291,9.131519317626951,423889200.0,0.010632063801670588,56.98697643202316,439476800.0,0.0,0.0,0.0,0.0,0.0,0.0,0.0,0.0,9.287023544311523,1
2010-11-02,9.21617684525233,9.311940413102263,9.21617684525233,9.287023544311523,433930000.0,0.017029392511320296,60.19527959103216,447676880.0,0.0,0.0,0.0,0.0,0.0,0.0,0.0,0.0,9.39029312133789,1
2010-11-03,9.34736377030266,9.392694785776886,9.262107087589232,9.39029312133789,508348400.0,0.011119771209110452,61.16082278359487,469546000.0,0.0,0.0,0.0,0.0,0.0,0.0,0.0,0.0,9.554502487182615,1
2010-11-04,9.469845426334844,9.611841018229986,9.457236689129218,9.554502487182615,642488000.0,0.017487139509158256,54.44829759116942,487833360.0,0.0,0.0,0.0,0.0,0.0,0.0,0.0,0.0,9.52027988433838,0
2010-11-05,9.54609777782382,9.593529048654386,9.50887277953825,9.52027988433838,361253200.0,-0.003581829916329493,49.31649340397503,473981760.0,0.0,0.0,0.0,0.0,0.0,0.0,0.0,0.0,9.565009117126465,1
2010-11-08,9.522380379789167,9.599531837089009,9.509171226871722,9.565009117126465,281758400.0,0.004698310693750374,63.757113558296176,445555600.0,0.0,0.0,0.0,0.0,0.0,0.0,0.0,0.0,9.488759994506836,0
2010-11-09,9.637959806763618,9.64546540976681,9.441328719905115,9.488759994506836,383544000.0,-0.00797167275910926,58.15635891961888,435478400.0,0.0,0.0,0.0,0.0,0.0,0.0,0.0,0.0,9.547295570373535,1
2010-11-10,9.505567063605053,9.56951015839713,9.41280480548892,9.547295570373535,384227200.0,0.006168938396649004,62.032092200228746,410654160.0,0.0,0.0,0.0,0.0,0.0,0.0,0.0,0.0,9.505870819091797,0
2010-11-11,9.4563368929301,9.55840602405252,9.433821690572133,9.505870819091797,361284000.0,-0.004338899008247354,63.28462689132848,354413360.0,0.0,0.0,0.0,0.0,0.0,0.0,0.0,0.0,9.247095108032228,0
2010-11-12,9.486355676414844,9.50136527497549,9.115007594529208,9.247095108032228,795846800.0,-0.027222725406686354,49.40342562706672,441332080.0,0.0,0.0,0.0,0.0,0.0,0.0,0.0,0.0,9.217376708984377,0
2010-11-15,9.260005448466517,9.322447116698154,9.194261091027569,9.217376708984377,403606000.0,-0.003213809169329007,49.16595631822828,465701600.0,0.0,0.0,0.0,0.0,0.0,0.0,0.0,0.0,9.05376434326172,0
2010-11-16,9.177747420914214,9.234184912260323,8.98561834105541,9.05376434326172,657650000.0,-0.017750426275100595,43.71236332148526,520522800.0,0.0,0.0,0.0,0.0,0.0,0.0,0.0,0.0,9.021045684814451,0
2010-11-17,9.04205944622398,9.125815486254169,8.938790284189109,9.021045684814451,479449600.0,-0.0036138182093971016,45.12249479609921,539567280.0,0.0,0.0,0.0,0.0,0.0,0.0,0.0,0.0,9.259102821350098,1
2010-11-18,9.162137646574202,9.296327809743616,9.146828241824984,9.259102821350098,494491200.0,0.02638908446460686,58.0113689835961,566208720.0,0.0,0.0,0.0,0.0,0.0,0.0,0.0,0.0,9.208072662353516,0
2010-11-19,9.245297665280509,9.258206212820904,9.163342857708011,9.208072662353516,384843200.0,-0.005511350287515371,53.103228849807444,484008000.0,0.0,0.0,0.0,0.0,0.0,0.0,0.0,0.0,9.407102584838867,1
2010-11-22,9.206567658934254,9.407102584838867,9.182252014579362,9.407102584838867,393075200.0,0.02161472110217688,54.44150220903297,481901840.0,0.0,0.0,0.0,0.0,0.0,0.0,0.0,0.0,9.268109321594238,0
2010-11-23,9.31974429913874,9.358771341533194,9.20296618565621,9.268109321594238,519447600.0,-0.01477535319627954,46.46409064031775,454261360.0,0.0,0.0,0.0,0.0,0.0,0.0,0.0,0.0,9.450331687927246,1
2010-11-24,9.366275048627978,9.468344168472886,9.358771050835912,9.450331687927246,413725200.0,0.019661223234434422,47.16308792121391,441116480.0,0.0,0.0,0.0,0.0,0.0,0.0,0.0,0.0,9.456336975097656,1
2010-11-26,9.418511563067376,9.537391543965915,9.394495721101215,9.456336975097656,237585600.0,0.0006354578197591554,48.40115724456372,389735360.0,0.0,0.0,0.0,0.0,0.0,0.0,0.0,0.0,9.512476921081545,1
2010-11-29,9.471348810043589,9.53078841370307,9.347666272873544,9.512476921081545,445785200.0,0.005936753959987717,48.78890358877441,401923760.0,0.0,0.0,0.0,0.0,0.0,0.0,0.0,0.0,9.340760231018066,0
2010-11-30,9.41250795388901,9.437125015011471,9.332354405268934,9.340760231018066,501858000.0,-0.018051732633686646,45.97678674465662,423680320.0,0.0,0.0,0.0,0.0,0.0,0.0,0.0,0.0,9.49836254119873,1
2010-12-01,9.46443944279208,9.538889413051054,9.456334228746291,9.49836254119873,461750800.0,0.016872535669774535,49.09252190177338,412140960.0,0.0,0.0,0.0,0.0,0.0,0.0,0.0,0.0,9.55090045928955,1
2010-12-02,9.532287560596894,9.576416940545675,9.45303424037861,9.55090045928955,462837200.0,0.005531260558116147,51.74050000652875,421963360.0,0.0,0.0,0.0,0.0,0.0,0.0,0.0,0.0,9.529587745666504,0
2010-12-03,9.516679198366766,9.565911722800765,9.496565656772177,9.529587745666504,342092800.0,-0.0022314873570185023,59.73275555598033,442864800.0,0.0,0.0,0.0,0.0,0.0,0.0,0.0,0.0,9.610942840576172,1
2010-12-06,9.56561181940506,9.676386601516036,9.559007241367803,9.610942840576172,448481600.0,0.00853710539017416,62.93859588810875,443404080.0,0.0,0.0,0.0,0.0,0.0,0.0,0.0,0.0,9.552699089050291,0
2010-12-07,9.720511732022093,9.726214480848652,9.549997618211734,9.552699089050291,391454000.0,-0.006060149611959331,67.67260674514617,421323280.0,0.0,0.0,0.0,0.0,0.0,0.0,0.0,0.0,9.636756896972656,1
2010-12-08,9.595328991431067,9.637057505807372,9.519678974521918,9.636756896972656,321935600.0,0.008799377761068206,70.96645749332245,393360240.0,0.0,0.0,0.0,0.0,0.0,0.0,0.0,0.0,9.59923267364502,0
2010-12-09,9.670380776922883,9.68148727200389,9.577017278612182,9.59923267364502,294151200.0,-0.0038938642666626055,63.41823911556111,359623040.0,0.0,0.0,0.0,0.0,0.0,0.0,0.0,0.0,9.623246192932127,1
2010-12-10,9.595927668607114,9.637955982578656,9.564406232722602,9.623246192932127,262511200.0,0.0025016082121893657,66.68267118501342,343706720.0,0.0,0.0,0.0,0.0,0.0,0.0,0.0,0.0,9.656567573547363,1
2010-12-13,9.737622919219376,9.758336867160954,9.636454843135049,9.656567573547363,439815600.0,0.0034625925542370872,61.511419939020186,341973520.0,0.0,0.0,0.0,0.0,0.0,0.0,0.0,0.0,9.61513900756836,0
2010-12-14,9.658368144552425,9.682684584207411,9.5764125883776,9.61513900756836,351008000.0,-0.004290195834438237,67.56932462509332,333884320.0,0.0,0.0,0.0,0.0,0.0,0.0,0.0,0.0,9.617246627807615,1
2010-12-15,9.606438335054609,9.696499157884466,9.582122682449327,9.617246627807615,417312000.0,0.00021919810390635952,60.32393338596085,352959600.0,0.0,0.0,0.0,0.0,0.0,0.0,0.0,0.0,9.643963813781738,1
2010-12-16,9.639160484456356,9.684791311423757,9.609441086691142,9.643963813781738,322030800.0,0.0027780493740143797,61.2773202022081,358535520.0,0.0,0.0,0.0,0.0,0.0,0.0,0.0,0.0,9.624750137329102,0
2010-12-17,9.655370556461769,9.660173885207852,9.61334223155715,9.624750137329102,386929200.0,-0.0019923007617655974,57.147258617823944,383419120.0,0.0,0.0,0.0,0.0,0.0,0.0,0.0,0.0,9.67278003692627,1
2010-12-20,9.654467750272229,9.704001668015463,9.553300462905748,9.67278003692627,385610400.0,0.004990248984322765,74.40686652216169,372578080.0,0.0,0.0,0.0,0.0,0.0,0.0,0.0,0.0,9.732521057128906,1
2010-12-21,9.696496896722318,9.738224608638571,9.667978337550444,9.732521057128906,256354000.0,0.006176199600794519,69.95296890821943,353647280.0,0.0,0.0,0.0,0.0,0.0,0.0,0.0,0.0,9.761341094970703,1
2010-12-22,9.737325253100751,9.778152745416198,9.713008802375327,9.761341094970703,265921600.0,0.0029612099139191272,68.641749923547,323369200.0,0.0,0.0,0.0,0.0,0.0,0.0,0.0,0.0,9.71451187133789,0
2010-12-23,9.756540202871012,9.761042923468802,9.701603324108728,9.71451187133789,223157200.0,-0.004797416991906944,65.77596273524114,303594480.0,0.0,0.0,0.0,0.0,0.0,0.0,0.0,0.0,9.746930122375488,1
2010-12-27,9.691994060003143,9.769745931385158,9.652066795047991,9.746930122375488,249816000.0,0.0033370952104392337,62.612669135271425,276171840.0,0.0,0.0,0.0,0.0,0.0,0.0,0.0,0.0,9.770648002624512,1
2010-12-28,9.783856355000072,9.806371557595956,9.758339873573448,9.770648002624512,175924000.0,0.0024333692712719124,71.55044120071774,234234560.0,0.0,0.0,0.0,0.0,0.0,0.0,0.0,0.0,9.765247344970703,0
2010-12-29,9.7931654995868,9.800070687626626,9.759542989492248,9.765247344970703,163139200.0,-0.0005527430373459818,65.01939954229096,215591600.0,0.0,0.0,0.0,0.0,0.0,0.0,0.0,0.0,9.716313362121582,0
2010-12-30,9.770949633340052,9.771849856832551,9.69800106874431,9.716313362121582,157494400.0,-0.005011033629816142,63.423081449481096,193906160.0,0.0,0.0,0.0,0.0,0.0,0.0,0.0,0.0,9.683287620544434,0
2010-12-31,9.694995331274002,9.710905953838909,9.645762022826354,9.683287620544434,193508000.0,-0.0033989992239131794,56.80515473213721,187976320.0,0.0,0.0,0.0,0.0,0.0,0.0,0.0,0.0,9.893729209899902,1
2011-01-03,9.775750264277862,9.91444316237059,9.7517344244145,9.893729209899902,445138400.0,0.021732452613406616,69.00799239316498,227040800.0,0.0,0.0,0.0,0.0,0.0,0.0,0.0,0.0,9.945363998413086,1
2011-01-04,9.979886717458928,9.981687965536205,9.851100285615992,9.945363998413086,309080800.0,0.005218940949133444,75.98677947724605,253672160.0,0.0,0.0,0.0,0.0,0.0,0.0,0.0,0.0,10.026718139648438,1
2011-01-05,9.893129173556371,10.036925212672118,9.89162773259404,10.026718139648438,255519600.0,0.008180106957204725,78.58556447601266,272148240.0,0.0,0.0,0.0,0.0,0.0,0.0,0.0,0.0,10.018611907958984,0
2011-01-06,10.048331295113428,10.064241917011293,9.993695046791547,10.018611907958984,300428800.0,-0.0008084631059288583,76.86712768461247,300735120.0,0.0,0.0,0.0,0.0,0.0,0.0,0.0,0.0,10.090362548828123,1
2011-01-07,10.026419433826325,10.097266933467267,9.963677151076864,10.090362548828123,311931200.0,0.007161734732147762,81.02051315797448,324419760.0,0.0,0.0,0.0,0.0,0.0,0.0,0.0,0.0,10.280390739440918,1
2011-01-10,10.17171781600742,10.303806168777864,10.12188487644113,10.280390739440918,448560000.0,0.01883264250350103,83.9202321534285,325104080.0,0.0,0.0,0.0,0.0,0.0,0.0,0.0,0.0,10.256071090698242,0
2011-01-11,10.353336068844452,10.355736930999214,10.190927163150116,10.256071090698242,444108000.0,-0.0023656346688626373,80.48861400492888,352109520.0,0.0,0.0,0.0,0.0,0.0,0.0,0.0,0.0,10.33952808380127,1
2011-01-12,10.30440574700803,10.339828692654546,10.266880142635795,10.33952808380127,302590400.0,0.008137325917984217,81.58674858914799,361523680.0,0.0,0.0,0.0,0.0,0.0,0.0,0.0,0.0,10.37735366821289,1
2011-01-13,10.361743651419992,10.40617364067416,10.322417599767652,10.37735366821289,296780400.0,0.003658347277075702,86.6376494827059,360794000.0,0.0,0.0,0.0,0.0,0.0,0.0,0.0,0.0,10.461414337158203,1
2011-01-14,10.383662427309549,10.461414337158203,10.340133446283168,10.461414337158203,308840000.0,0.008100395498979784,87.30348722339593,360175760.0,0.0,0.0,0.0,0.0,0.0,0.0,0.0,0.0,10.22635269165039,0
2011-01-18,9.892228749277027,10.349735393833738,9.786557921133683,10.22635269165039,1880998000.0,-0.02246939447497942,70.07108605440119,646663360.0,0.0,0.0,0.0,0.0,0.0,0.0,0.0,0.0,10.172015190124512,0
2011-01-19,10.457505376777592,10.465010977433604,10.113176026592372,10.172015190124512,1135612800.0,-0.005313478144582717,67.3001516999723,784964320.0,0.0,0.0,0.0,0.0,0.0,0.0,0.0,0.0,9.987093925476074,0
2011-01-20,10.099669149599135,10.155806858026851,9.9102422603759,9.987093925476074,764789200.0,-0.018179412947394002,60.66454491136991,877404080.0,0.0,0.0,0.0,0.0,0.0,0.0,0.0,0.0,9.80817413330078,0
2011-01-21,10.019815623422998,10.053138320164448,9.805471859714324,9.80817413330078,754401200.0,-0.017915100579848242,54.71740993589575,968928240.0,0.0,0.0,0.0,0.0,0.0,0.0,0.0,0.0,10.130288124084473,1
2011-01-24,9.81267526113701,10.130288124084473,9.808171740133004,10.130288124084473,574683200.0,0.032841381729760366,57.87756588336902,1022096880.0,0.0,0.0,0.0,0.0,0.0,0.0,0.0,0.0,10.248866081237791,1
2011-01-25,10.096665036588815,10.25006771484217,10.043829231053024,10.248866081237791,546868000.0,0.011705289691751553,59.5267656558445,755270880.0,0.0,0.0,0.0,0.0,0.0,0.0,0.0,0.0,10.32241916656494,1
2011-01-26,10.295701047185352,10.374954380236131,10.25187226899516,10.32241916656494,506875600.0,0.007176704695341707,59.280138508732726,629523440.0,0.0,0.0,0.0,0.0,0.0,0.0,0.0,0.0,10.303203582763672,0
2011-01-27,10.320315039434815,10.347633568990512,10.291796479398622,10.303203582763672,285026000.0,-0.001861538801244178,58.9034363464551,533570800.0,0.0,0.0,0.0,0.0,0.0,0.0,0.0,0.0,10.089764595031738,0
2011-01-28,10.33202817138213,10.338932558254784,10.012613903543892,10.089764595031738,592057200.0,-0.02071578863966128,50.455100094870396,501102000.0,0.0,0.0,0.0,0.0,0.0,0.0,0.0,0.0,10.186427116394045,1
2011-01-31,10.080756278989725,10.20804209776856,10.03572667104021,10.186427116394045,377246800.0,0.009580255361944179,47.75889693324111,461614720.0,0.0,0.0,0.0,0.0,0.0,0.0,0.0,0.0,10.35784149169922,1
2011-02-01,10.245866694490504,10.376453589215716,10.23626003686979,10.35784149169922,426633200.0,0.016827723140462103,53.13653908645604,437567760.0,0.0,0.0,0.0,0.0,0.0,0.0,0.0,0.0,10.33652400970459,0
2011-02-02,10.340427114000018,10.364442147576202,10.31340839757418,10.33652400970459,258955200.0,-0.0020581008129652023,50.38600322524311,387983680.0,0.0,0.0,0.0,0.0,0.0,0.0,0.0,0.0,10.31010913848877,0
2011-02-03,10.32091662865383,10.334125783300015,10.16331100438649,10.31010913848877,393797600.0,-0.002555488788205773,48.636053979356596,409738000.0,0.0,0.0,0.0,0.0,0.0,0.0,0.0,0.0,10.401966094970703,1
2011-02-04,10.316108235168317,10.407970253225873,10.312205933114088,10.401966094970703,321840400.0,0.008909406801429709,48.869360536363736,355694640.0,0.0,0.0,0.0,0.0,0.0,0.0,0.0,0.0,10.563480377197266,1
2011-02-07,10.44369936020655,10.604606879112575,10.436194559198224,10.563480377197266,485021600.0,0.015527284049181134,59.92280774040137,377249600.0,0.0,0.0,0.0,0.0,0.0,0.0,0.0,0.0,10.6631441116333,1
2011-02-08,10.617514096968335,10.672750768035831,10.571583473479029,10.6631441116333,381040800.0,0.009434744125730754,63.8963581530236,368131120.0,0.0,0.0,0.0,0.0,0.0,0.0,0.0,0.0,10.752004623413086,1
2011-02-09,10.662844843230634,10.777222097743982,10.653238987966246,10.752004623413086,482745200.0,0.008333425005748518,72.73609178071764,412889120.0,0.0,0.0,0.0,0.0,0.0,0.0,0.0,0.0,10.64333152770996,0
2011-02-10,10.72888961161925,10.807241901370698,10.446999489268505,10.64333152770996,928550000.0,-0.01010724041789246,76.3388163789251,519839600.0,0.0,0.0,0.0,0.0,0.0,0.0,0.0,0.0,10.712677001953123,1
2011-02-11,10.64963492862548,10.741195557968336,10.61331016341092,10.712677001953123,367572800.0,0.006515391732619058,71.59499067036776,528986080.0,0.0,0.0,0.0,0.0,0.0,0.0,0.0,0.0,10.78262424468994,1
2011-02-14,10.710876535413044,10.791629683234088,10.708474871368336,10.78262424468994,310416400.0,0.006529389687009557,70.42937905028523,494065040.0,0.0,0.0,0.0,0.0,0.0,0.0,0.0,0.0,10.804238319396973,1
2011-02-15,10.782923952009355,10.806340176228382,10.733691442795855,10.804238319396973,284174800.0,0.0020045282313976287,69.16496038266567,474691840.0,0.0,0.0,0.0,0.0,0.0,0.0,0.0,0.0,10.90120792388916,1
2011-02-16,10.831259836805792,10.95434275398192,10.82225439535292,10.90120792388916,481157600.0,0.008975144903837995,72.3311180925181,474374320.0,0.0,0.0,0.0,0.0,0.0,0.0,0.0,0.0,10.756208419799805,0
2011-02-17,10.72468777673102,10.815348203691352,10.702772188092444,10.756208419799805,530583200.0,-0.013301232771792182,76.77588831317377,394780960.0,0.0,0.0,0.0,0.0,0.0,0.0,0.0,0.0,10.523852348327637,0
2011-02-18,10.768515883756107,10.792231917620176,10.492630712804988,10.523852348327637,816057200.0,-0.021602042504536456,62.5989761547715,484477840.0,0.0,0.0,0.0,0.0,0.0,0.0,0.0,0.0,10.165109634399414,0
2011-02-22,10.271380855444663,10.36894644580008,10.138392326364285,10.165109634399414,872555600.0,-0.03408853545776236,44.16996828346923,596905680.0,0.0,0.0,0.0,0.0,0.0,0.0,0.0,0.0,10.28549098968506,1
2011-02-23,10.169913722453645,10.346130597096591,10.165109593124695,10.28549098968506,671854400.0,0.011842602747565767,48.87851277255866,674441600.0,0.0,0.0,0.0,0.0,0.0,0.0,0.0,0.0,10.293295860290527,1
2011-02-24,10.327519571072298,10.36144187142955,10.15790566441563,10.293295860290527,499900800.0,0.0007588233379713927,49.91505354221699,678190240.0,0.0,0.0,0.0,0.0,0.0,0.0,0.0,0.0,10.451802253723145,1
2011-02-25,10.36474354188852,10.45990746845349,10.350934776292146,10.451802253723145,380018800.0,0.01539899324608962,51.89189222849345,648077360.0,0.0,0.0,0.0,0.0,0.0,0.0,0.0,0.0,10.603407859802246,1
2011-02-28,10.544268066254052,10.658644547219826,10.54066556903676,10.603407859802246,403074000.0,0.014505211866699508,51.59096952911227,565480720.0,0.0,0.0,0.0,0.0,0.0,0.0,0.0,0.0,10.486327171325684,0
2011-03-01,10.671251319592502,10.678756119932675,10.43739446225017,10.486327171325684,456136800.0,-0.011041798073279652,45.3706255473494,482196960.0,0.0,0.0,0.0,0.0,0.0,0.0,0.0,0.0,10.570683479309082,1
2011-03-02,10.505840145516595,10.637628670206324,10.459008492611533,10.570683479309082,602590800.0,0.008044409315595802,45.27477080878902,468344240.0,0.0,0.0,0.0,0.0,0.0,0.0,0.0,0.0,10.794034957885742,1
2011-03-03,10.722887646105017,10.800939342999284,10.6847616202853,10.794034957885742,500788400.0,0.02112933179901244,54.45841744277651,468521760.0,0.0,0.0,0.0,0.0,0.0,0.0,0.0,0.0,10.807244300842283,1
2011-03-04,10.809345356652823,10.815949934608962,10.739698683271932,10.807244300842283,453266800.0,0.0012237632181180125,53.04454203301493,483171360.0,0.0,0.0,0.0,0.0,0.0,0.0,0.0,0.0,10.667949676513672,0
2011-03-07,10.849270530761604,10.857376549003432,10.546368220746317,10.667949676513672,546123200.0,-0.012889004861096343,47.44357219601141,511781200.0,0.0,0.0,0.0,0.0,0.0,0.0,0.0,0.0,10.67995834350586,1
2011-03-08,10.654441057076518,10.729191667853398,10.574587309663258,10.67995834350586,356316800.0,0.001125677131625924,47.18102360094237,491817200.0,0.0,0.0,0.0,0.0,0.0,0.0,0.0,0.0,10.58118724822998,0
2011-03-09,10.647831810674631,10.649933667161273,10.525050364971786,10.58118724822998,453306000.0,-0.009248265966874114,42.01415523321488,461960240.0,0.0,0.0,0.0,0.0,0.0,0.0,0.0,0.0,10.40707302093506,0
2011-03-10,10.480621982303404,10.500135904555064,10.35393740344949,10.40707302093506,507539200.0,-0.016455074767157685,41.275357378142964,463310400.0,0.0,0.0,0.0,0.0,0.0,0.0,0.0,0.0,10.566778182983398,1
2011-03-11,10.366844478307913,10.576685447122046,10.35693881741615,10.566778182983398,471080400.0,0.015345828911459858,51.63259644703044,466873120.0,0.0,0.0,0.0,0.0,0.0,0.0,0.0,0.0,10.613914489746094,1
2011-03-14,10.602506582163048,10.70157365003148,10.54636967259006,10.613914489746094,435957200.0,0.0044608021429466405,65.40441411524489,444839920.0,0.0,0.0,0.0,0.0,0.0,0.0,0.0,0.0,10.36985206604004,0
2011-03-15,10.269884767520846,10.442200217900847,10.209844747598064,10.36985206604004,721081200.0,-0.022994572260953916,53.028078415262584,517792800.0,0.0,0.0,0.0,0.0,0.0,0.0,0.0,0.0,9.906937599182127,0
2011-03-16,10.26687939942735,10.296899399777857,9.79436239746184,9.906937599182127,1162011200.0,-0.04464041183132206,40.92328968480617,659533840.0,0.0,0.0,0.0,0.0,0.0,0.0,0.0,0.0,10.045930862426758,1
2011-03-17,10.111674407846804,10.195130625399337,9.92645048787922,10.045930862426758,659422400.0,0.014029891866494282,40.51300030232381,689910480.0,0.0,0.0,0.0,0.0,0.0,0.0,0.0,0.0,9.926753044128418,0
2011-03-18,10.120682648656432,10.152804511508528,9.906639504141346,9.926753044128418,753214000.0,-0.011863292703325534,33.60532160356398,746337200.0,0.0,0.0,0.0,0.0,0.0,0.0,0.0,0.0,10.18582534790039,1
2011-03-21,10.086459294068048,10.199033699807485,10.06454370671671,10.18582534790039,409402000.0,0.026098393162425904,43.64526642687579,741026160.0,0.0,0.0,0.0,0.0,0.0,0.0,0.0,0.0,10.242860794067385,1
2011-03-22,10.283689076924428,10.28549032469753,10.181019557104246,10.242860794067385,325922800.0,0.005599491864324069,42.97998327294638,661994480.0,0.0,0.0,0.0,0.0,0.0,0.0,0.0,0.0,10.182522773742676,0
2011-03-23,10.18522424506182,10.213442996805592,10.0852569802769,10.182522773742676,372996400.0,-0.005890739075518514,35.381009421775914,504191520.0,0.0,0.0,0.0,0.0,0.0,0.0,0.0,0.0,10.356038093566896,1
2011-03-24,10.26237560607941,10.386959115552797,10.172615421628434,10.356038093566896,404712000.0,0.017040503977232335,40.30229321460192,453249440.0,0.0,0.0,0.0,0.0,0.0,0.0,0.0,0.0,10.553272247314451,1
2011-03-25,10.449102060527505,10.5688822639156,10.417580616847012,10.553272247314451,448910000.0,0.019045329108056785,48.04842247943153,392388640.0,0.0,0.0,0.0,0.0,0.0,0.0,0.0,0.0,10.520249366760254,0
2011-03-28,10.601604543951352,10.636728484159114,10.520249366760254,10.520249366760254,309355200.0,-0.0031291603002662205,47.08089923505558,372379280.0,0.0,0.0,0.0,0.0,0.0,0.0,0.0,0.0,10.53586196899414,1
2011-03-29,10.436795702932658,10.53586196899414,10.388764011182468,10.53586196899414,352900800.0,0.0014840524867421045,49.550898580924205,377774880.0,0.0,0.0,0.0,0.0,0.0,0.0,0.0,0.0,10.46591567993164,0
2011-03-30,10.526256310069684,10.53346210662769,10.430192115818722,10.46591567993164,329406000.0,-0.006638876749557321,52.00423322582291,369056800.0,0.0,0.0,0.0,0.0,0.0,0.0,0.0,0.0,10.462310791015623,0
2011-03-31,10.39776726686451,10.501036424532147,10.388761827569043,10.462310791015623,274019200.0,-0.0003444408522160769,47.887419000016386,342918240.0,0.0,0.0,0.0,0.0,0.0,0.0,0.0,0.0,10.343730926513672,0
2011-04-01,10.540363585043616,10.554772769313349,10.305905515167266,10.343730926513672,418661600.0,-0.011334003249433233,43.81017085685607,336868560.0,0.0,0.0,0.0,0.0,0.0,0.0,0.0,0.0,10.24256420135498,0
2011-04-04,10.336227511704124,10.344933144527864,10.158808157678823,10.24256420135498,460084800.0,-0.009780486932367438,47.08235242032654,367014480.0,0.0,0.0,0.0,0.0,0.0,0.0,0.0,0.0,10.173517227172852,0
2011-04-05,10.116479303766049,10.274384722069128,10.086759109110766,10.173517227172852,482731200.0,-0.006741180511516287,59.91782192005474,392980560.0,0.0,0.0,0.0,0.0,0.0,0.0,0.0,0.0,10.147997856140137,0
2011-04-06,10.243462388379172,10.323915720333476,10.120979940173218,10.147997856140137,402539200.0,-0.002508411836621649,54.32836040329153,407607200.0,0.0,0.0,0.0,0.0,0.0,0.0,0.0,0.0,10.149198532104492,1
2011-04-07,10.149798146370946,10.219744593474775,10.08765630421122,10.149198532104492,373447200.0,0.00011831653705263179,59.94302935619672,427492800.0,0.0,0.0,0.0,0.0,0.0,0.0,0.0,0.0,10.058541297912598,0
2011-04-08,10.204439210108848,10.211343594749463,10.025219405338444,10.058541297912598,377535200.0,-0.008932452538505609,43.90791655745511,419267520.0,0.0,0.0,0.0,0.0,0.0,0.0,0.0,0.0,9.930654525756836,0
2011-04-11,10.028519134606707,10.076851423798368,9.907239101623215,9.930654525756836,398946800.0,-0.0127142463671448,35.655077724334234,407039920.0,0.0,0.0,0.0,0.0,0.0,0.0,0.0,0.0,9.97868824005127,1
2011-04-12,9.92134890147912,10.018614709542849,9.91264326856249,9.97868824005127,425639200.0,0.004836913233649431,40.636192455219785,395621520.0,0.0,0.0,0.0,0.0,0.0,0.0,0.0,0.0,10.090662002563477,1
2011-04-13,10.057339312187423,10.090961809780408,9.982288908254752,10.090662002563477,346220000.0,0.011221290796798344,37.140760109472815,384357680.0,0.0,0.0,0.0,0.0,0.0,0.0,0.0,0.0,9.97928524017334,0
2011-04-14,10.050733136393376,10.086757292484346,9.968478554482465,9.97928524017334,301800800.0,-0.011037607082849621,19.44537871446572,370028400.0,0.0,0.0,0.0,0.0,0.0,0.0,0.0,0.0,9.83039093017578,0
2011-04-15,10.005708483557262,10.015915560767938,9.810577993684849,9.83039093017578,453605600.0,-0.014920338121828691,17.210917475323996,385242480.0,0.0,0.0,0.0,0.0,0.0,0.0,0.0,0.0,9.962178230285645,1
2011-04-18,9.789562973161171,9.973586138651044,9.611243361042096,9.962178230285645,609898800.0,0.013406109792167609,25.828536383637044,427432880.0,0.0,0.0,0.0,0.0,0.0,0.0,0.0,0.0,10.142598152160645,1
2011-04-19,9.99970231778079,10.146199847365732,9.957973796992698,10.142598152160645,419378400.0,0.018110489262931795,37.849793320664325,426180720.0,0.0,0.0,0.0,0.0,0.0,0.0,0.0,0.0,10.279186248779297,1
2011-04-20,10.312208325219537,10.379453310029604,10.251868524816327,10.279186248779297,700666400.0,0.013466775925609964,43.95924731128594,497070000.0,0.0,0.0,0.0,0.0,0.0,0.0,0.0,0.0,10.528057098388672,1
2011-04-21,10.657143378818926,10.661046485049496,10.462613333846155,10.528057098388672,753810400.0,0.024211143137807145,56.163027610245976,587471920.0,0.0,0.0,0.0,0.0,0.0,0.0,0.0,0.0,10.59739875793457,1
2011-04-25,10.5172452362718,10.61961414708578,10.516043602802394,10.59739875793457,266546000.0,0.006586368111217045,61.79449683334259,550060000.0,0.0,0.0,0.0,0.0,0.0,0.0,0.0,0.0,10.519649505615234,0
2011-04-26,10.61571367222045,10.65684097069822,10.487527646589744,10.519649505615234,338800000.0,-0.007336635536255853,61.54821774876174,495840240.0,0.0,0.0,0.0,0.0,0.0,0.0,0.0,0.0,10.511540412902832,0
2011-04-27,10.57428267160876,10.57758535984891,10.419979794431503,10.511540412902832,356213200.0,-0.0007708519859025431,62.272427443303805,483207200.0,0.0,0.0,0.0,0.0,0.0,0.0,0.0,0.0,10.40947437286377,0
2011-04-28,10.392662725422198,10.499533563378304,10.372549190902054,10.40947437286377,360959200.0,-0.009709903213974025,58.39910506421217,415265760.0,0.0,0.0,0.0,0.0,0.0,0.0,0.0,0.0,10.510939598083496,1
2011-04-29,10.410371951034234,10.625615814644272,10.407069263171312,10.510939598083496,1006345200.0,0.009747391807239936,64.26430328094767,465772720.0,0.0,0.0,0.0,0.0,0.0,0.0,0.0,0.0,10.395363807678224,0
2011-05-02,10.49923336347224,10.52114814511282,10.371948386955369,10.395363807678224,442713600.0,-0.010995762017921296,64.97061504835466,501006240.0,0.0,0.0,0.0,0.0,0.0,0.0,0.0,0.0,10.453003883361816,1
2011-05-03,10.446699915565189,10.503737837822747,10.375551815134148,10.453003883361816,313348000.0,0.005544786767445187,65.12848792104893,495915840.0,0.0,0.0,0.0,0.0,0.0,0.0,0.0,0.0,10.494131088256836,1
2011-05-04,10.454804240624526,10.561976493775916,10.41337633778024,10.494131088256836,389250400.0,0.003934486713477847,63.431971923609694,502523280.0,0.0,0.0,0.0,0.0,0.0,0.0,0.0,0.0,10.40947437286377,0
2011-05-05,10.459006687159722,10.53555852218167,10.388459813561806,10.40947437286377,335969200.0,-0.008067053354021803,64.71547116444705,497525280.0,0.0,0.0,0.0,0.0,0.0,0.0,0.0,0.0,10.40676975250244,0
2011-05-06,10.497730748902583,10.507036793682389,10.393260796810369,10.40676975250244,280134400.0,-0.0002598229520964779,71.89503612804987,352283120.0,0.0,0.0,0.0,0.0,0.0,0.0,0.0,0.0,10.434990882873535,1
2011-05-09,10.442795489015694,10.4830233598078,10.402869028649784,10.434990882873535,204747200.0,0.0027118050117624914,69.42031451152538,304689840.0,0.0,0.0,0.0,0.0,0.0,0.0,0.0,0.0,10.490530014038086,1
2011-05-10,10.47371836356971,10.497735007095962,10.40677397379932,10.490530014038086,282091600.0,0.005322393837037698,65.82159106410805,298438560.0,0.0,0.0,0.0,0.0,0.0,0.0,0.0,0.0,10.423882484436035,0
2011-05-11,10.477619312454118,10.507038893095032,10.364143100019064,10.423882484436035,336000000.0,-0.006353113666598853,57.17135094899168,287788480.0,0.0,0.0,0.0,0.0,0.0,0.0,0.0,0.0,10.404074668884276,0
2011-05-12,10.390566505482292,10.420586516831232,10.274989181220526,10.404074668884276,322000000.0,-0.001900233965735354,42.71450241677305,284994640.0,0.0,0.0,0.0,0.0,0.0,0.0,0.0,0.0,10.221850395202637,0
2011-05-13,10.376754548066724,10.394465621216826,10.217347675102875,10.221850395202637,326116000.0,-0.017514702602685173,30.233096670522684,294190960.0,0.0,0.0,0.0,0.0,0.0,0.0,0.0,0.0,10.005704879760742,0
2011-05-16,10.182824419891777,10.243464841760392,9.984690316601784,10.005704879760742,449775200.0,-0.021145439141169287,26.217978992240432,343196560.0,0.0,0.0,0.0,0.0,0.0,0.0,0.0,0.0,10.090961456298828,1
2011-05-17,9.966678543256917,10.090961456298828,9.92855252575689,10.090961456298828,452334400.0,0.008520796641777961,32.02577616730919,377245120.0,0.0,0.0,0.0,0.0,0.0,0.0,0.0,0.0,10.202935218811035,1
2011-05-18,10.100866907722464,10.238358959785094,10.086757533092811,10.202935218811035,334776400.0,0.01109644140423427,41.44315159723756,377000400.0,0.0,0.0,0.0,0.0,0.0,0.0,0.0,0.0,10.22275161743164,1
2011-05-19,10.26928266531368,10.279189130698484,10.166913718674254,10.22275161743164,261170000.0,0.0019422252710250554,37.103107779988335,364834400.0,0.0,0.0,0.0,0.0,0.0,0.0,0.0,0.0,10.063340187072754,0
2011-05-20,10.193627222503796,10.235355724059598,10.057336028458732,10.063340187072754,337968400.0,-0.01559378886669427,35.550877765626154,367204880.0,0.0,0.0,0.0,0.0,0.0,0.0,0.0,0.0,10.03872776031494,0
2011-05-23,9.9057391930684,10.086159833588306,9.889228150086964,10.03872776031494,383600000.0,-0.002445751241663352,31.391030076338097,353969840.0,0.0,0.0,0.0,0.0,0.0,0.0,0.0,0.0,9.972382545471191,0
2011-05-24,10.071749399928231,10.083757721199047,9.9468652635825,9.972382545471191,321927200.0,-0.006608926591875952,27.03049653518417,327888400.0,0.0,0.0,0.0,0.0,0.0,0.0,0.0,0.0,10.110175132751465,1
2011-05-25,10.009607439124704,10.163611364525089,9.992196173686311,10.110175132751465,294224000.0,0.013817418921905356,37.67248393142319,319777920.0,0.0,0.0,0.0,0.0,0.0,0.0,0.0,0.0,10.05673885345459,0
2011-05-26,10.085858631305005,10.113476968206406,10.03962739670199,10.05673885345459,222560800.0,-0.0052853960089940255,36.09815925695123,312056080.0,0.0,0.0,0.0,0.0,0.0,0.0,0.0,0.0,10.129085540771484,1
2011-05-27,10.050733260831166,10.135690116434231,10.036023470394047,10.129085540771484,203599200.0,0.007193851642278926,38.39421446004886,285182240.0,0.0,0.0,0.0,0.0,0.0,0.0,0.0,0.0,10.441895484924316,1
2011-05-31,10.23986071330474,10.441895484924316,10.236857831708408,10.441895484924316,417754400.0,0.030882347956655343,48.87083784911479,292013120.0,0.0,0.0,0.0,0.0,0.0,0.0,0.0,0.0,10.3722505569458,0
2011-06-01,10.47311885755331,10.570983474441702,10.346434268134985,10.3722505569458,554682800.0,-0.006669759152355681,48.768095649172736,338564240.0,0.0,0.0,0.0,0.0,0.0,0.0,0.0,0.0,10.389962196350098,1
2011-06-02,10.401970517966465,10.446400506323414,10.33592635232366,10.389962196350098,338783200.0,0.0017075984914802778,49.96573553050994,347476080.0,0.0,0.0,0.0,0.0,0.0,0.0,0.0,0.0,10.31010913848877,0
2011-06-03,10.302304530548772,10.36684725941985,10.267180588324154,10.31010913848877,313250000.0,-0.00768559657410306,53.45887062407863,365613920.0,0.0,0.0,0.0,0.0,0.0,0.0,0.0,0.0,10.147997856140137,0
2011-06-06,10.37795235389074,10.41847922784112,10.14109347356765,10.147997856140137,461941200.0,-0.01572352728483284,55.60314772638291,417282320.0,0.0,0.0,0.0,0.0,0.0,0.0,0.0,0.0,9.967877388000488,0
2011-06-07,10.15190127396292,10.153401913063655,9.963674476245592,9.967877388000488,529785200.0,-0.017749360089849175,46.14886779453805,439688480.0,0.0,0.0,0.0,0.0,0.0,0.0,0.0,0.0,9.973882675170898,1
2011-06-08,9.960073908038646,10.050734324129971,9.926151604617337,9.973882675170898,333723600.0,0.0006024639887363126,41.92871283775319,395496640.0,0.0,0.0,0.0,0.0,0.0,0.0,0.0,0.0,9.951370239257812,0
2011-06-09,10.004205257324042,10.016813996501158,9.929154841660036,9.951370239257812,275088800.0,-0.002257138633596334,40.38332529074949,382757760.0,0.0,0.0,0.0,0.0,0.0,0.0,0.0,0.0,9.783560752868652,0
2011-06-10,9.92315394668904,9.95647665324315,9.771852233252368,9.783560752868652,433955200.0,-0.016862952774800544,40.0050518519476,406898800.0,0.0,0.0,0.0,0.0,0.0,0.0,0.0,0.0,9.804570198059082,1
2011-06-13,9.822581878957218,9.85590457081064,9.758639570064048,9.804570198059082,329473200.0,0.0021474231847815606,41.681733852748,380405200.0,0.0,0.0,0.0,0.0,0.0,0.0,0.0,0.0,9.979887008666992,1
2011-06-14,9.906637854634088,10.004203457608003,9.885923901952747,9.979887008666992,334569200.0,0.01788113166272365,50.68224187705695,341362000.0,0.0,0.0,0.0,0.0,0.0,0.0,0.0,0.0,9.80907154083252,0
2011-06-15,9.89913152856741,9.91564256639998,9.752933050253668,9.80907154083252,399196000.0,-0.01711597212334459,40.33987268634177,354456480.0,0.0,0.0,0.0,0.0,0.0,0.0,0.0,0.0,9.761341094970703,0
2011-06-16,9.813576492945591,9.867011921471542,9.556304211697894,9.761341094970703,510591200.0,-0.0048659494084764,40.45317017928234,401556960.0,0.0,0.0,0.0,0.0,0.0,0.0,0.0,0.0,9.614240646362305,0
2011-06-17,9.876317011218134,9.884122418962257,9.58722272887151,9.614240646362305,615020000.0,-0.01506969658955859,33.8510712515622,437769920.0,0.0,0.0,0.0,0.0,0.0,0.0,0.0,0.0,9.465943336486816,0
2011-06-20,9.527184172478208,9.537391245684637,9.321246269878277,9.465943336486816,640645600.0,-0.01542475535304999,15.7576842395803,500004400.0,0.0,0.0,0.0,0.0,0.0,0.0,0.0,0.0,9.765541076660156,1
2011-06-21,9.50676823367115,9.780550672715204,9.462338258166394,9.765541076660156,493382400.0,0.03165006693189576,32.378258128930526,531767040.0,0.0,0.0,0.0,0.0,0.0,0.0,0.0,0.0,9.684789657592772,0
2011-06-22,9.761340701584432,9.873616902144835,9.67788447205485,9.684789657592772,390583200.0,-0.008269016374359617,30.16708697906165,530044480.0,0.0,0.0,0.0,0.0,0.0,0.0,0.0,0.0,9.943561553955078,1
2011-06-23,9.574613565940508,9.957370319262573,9.549998115093116,9.943561553955078,559759200.0,0.026719413173773132,41.07360073796365,539878080.0,0.0,0.0,0.0,0.0,0.0,0.0,0.0,0.0,9.79706573486328,0
2011-06-24,9.947766970651935,10.001202400724202,9.75924032188994,9.79706573486328,439807200.0,-0.01473273115441509,41.28627894346553,504835520.0,0.0,0.0,0.0,0.0,0.0,0.0,0.0,0.0,9.967877388000488,1
2011-06-27,9.834288443096815,10.02371527112066,9.824081371692069,9.967877388000488,339813600.0,0.017434980815671075,50.48087494815724,444669120.0,0.0,0.0,0.0,0.0,0.0,0.0,0.0,0.0,10.06454372406006,1
2011-06-28,10.01621143281125,10.10777287952047,10.00990746488163,10.06454372406006,294299600.0,0.009697785425806016,52.731385002959115,404852560.0,0.0,0.0,0.0,0.0,0.0,0.0,0.0,0.0,10.02792263031006,0
2011-06-29,10.087962650189729,10.097869117193826,9.9630784789564,10.02792263031006,352545200.0,-0.0036386243384739503,52.36987701966538,397244960.0,0.0,0.0,0.0,0.0,0.0,0.0,0.0,0.0,10.076852798461914,1
2011-06-30,10.047733818739692,10.09066317100574,9.991896722179431,10.076852798461914,322954800.0,0.0048793922685401725,58.25567255866944,349884080.0,0.0,0.0,0.0,0.0,0.0,0.0,0.0,0.0,10.304706573486328,1
2011-07-01,10.085258882394127,10.311910765570628,10.032723672375576,10.304706573486328,435313200.0,0.022611601020825933,62.3237652951739,348985280.0,0.0,0.0,0.0,0.0,0.0,0.0,0.0,0.0,10.489931106567385,1
2011-07-05,10.296901715394348,10.501939430057496,10.28189211265544,10.489931106567385,355054000.0,0.017974750834500508,62.34055479612599,352033360.0,0.0,0.0,0.0,0.0,0.0,0.0,0.0,0.0,10.559874534606934,1
2011-07-06,10.475518090530649,10.630122405095882,10.408273101670003,10.559874534606934,444626000.0,0.006667672773919442,68.94315736838263,382098640.0,0.0,0.0,0.0,0.0,0.0,0.0,0.0,0.0,10.723182678222656,1
2011-07-07,10.64723207092418,10.74719851260147,10.627117737460676,10.723182678222656,399663600.0,0.01546497006953329,72.82341175004332,391522320.0,0.0,0.0,0.0,0.0,0.0,0.0,0.0,0.0,10.798535346984863,1
2011-07-08,10.607307247875122,10.807241780344736,10.573084335344078,10.798535346984863,489633200.0,0.007027080580771727,79.19554036623015,424858000.0,0.0,0.0,0.0,0.0,0.0,0.0,0.0,0.0,10.62712287902832,0
2011-07-11,10.697370771698347,10.80034014431746,10.591699125409908,10.62712287902832,442674400.0,-0.015873677535759856,79.02009462351657,426330240.0,0.0,0.0,0.0,0.0,0.0,0.0,0.0,0.0,10.619617462158203,0
2011-07-12,10.613012083319775,10.73759642217583,10.4656135355145,10.619617462158203,451609200.0,-0.0007062510667801281,74.827712349387,445641280.0,0.0,0.0,0.0,0.0,0.0,0.0,0.0,0.0,10.747804641723633,1
2011-07-13,10.7571098899918,10.807244239745373,10.698570515419853,10.747804641723633,391638800.0,0.012070790687349175,80.0847063752972,435043840.0,0.0,0.0,0.0,0.0,0.0,0.0,0.0,0.0,10.740300178527832,0
2011-07-14,10.83756520423742,10.855577691382054,10.697371619935506,10.740300178527832,430533600.0,-0.0006982321921509271,76.15074587511992,441217840.0,0.0,0.0,0.0,0.0,0.0,0.0,0.0,0.0,10.95494270324707,1
2011-07-15,10.842367475270612,10.95734436796514,10.782327460566336,10.95494270324707,484467200.0,0.01998477893088646,86.48180285797551,440184640.0,0.0,0.0,0.0,0.0,0.0,0.0,0.0,0.0,11.22152042388916,1
2011-07-18,10.970251495821344,11.247036905782052,10.965748775869336,11.22152042388916,572653200.0,0.024334013227022666,87.05881639732154,466180400.0,0.0,0.0,0.0,0.0,0.0,0.0,0.0,0.0,11.313080787658691,1
2011-07-19,11.347603507760027,11.367116628382018,11.20710935993111,11.313080787658691,819145600.0,0.008159354553649578,86.93445529886087,539687680.0,0.0,0.0,0.0,0.0,0.0,0.0,0.0,0.0,11.61478042602539,1
2011-07-20,11.891566567903403,11.896069286721438,11.587762509870316,11.61478042602539,941340400.0,0.026668212136858438,90.5646088333043,649628000.0,0.0,0.0,0.0,0.0,0.0,0.0,0.0,0.0,11.626492500305176,1
2011-07-21,11.616285426016894,11.709647329265067,11.52472396954886,11.626492500305176,526534400.0,0.0010083767277719868,90.36084540757146,668828160.0,0.0,0.0,0.0,0.0,0.0,0.0,0.0,0.0,11.80691623687744,1
2011-07-22,11.657415786640332,11.859451460000276,11.640304323127452,11.80691623687744,516728800.0,0.01551832907194739,89.96368847012597,675280480.0,0.0,0.0,0.0,0.0,0.0,0.0,0.0,0.0,11.963017463684082,1
2011-07-25,11.718352311355982,12.008047068030328,11.696438326095922,11.963017463684082,589806000.0,0.013221168311424059,89.67869679699562,678711040.0,0.0,0.0,0.0,0.0,0.0,0.0,0.0,0.0,12.1104154586792,1
2011-07-26,12.00804652212952,12.14313773389774,11.998440666569897,12.1104154586792,476582400.0,0.012321138495581918,90.01587671307881,610198400.0,0.0,0.0,0.0,0.0,0.0,0.0,0.0,0.0,11.78559684753418,0
2011-07-27,12.025757650879005,12.08729909221303,11.772387694725149,11.78559684753418,659324400.0,-0.02682142592492409,76.08648616600742,553795200.0,0.0,0.0,0.0,0.0,0.0,0.0,0.0,0.0,11.762480735778809,0
2011-07-28,11.75647737728733,11.917684667445522,11.651706787339515,11.762480735778809,594034000.0,-0.001961386602173487,74.31741859398895,567295120.0,0.0,0.0,0.0,0.0,0.0,0.0,0.0,0.0,11.72225284576416,0
2011-07-29,11.6369961829575,11.862447168973516,11.527722881368575,11.72225284576416,632584400.0,-0.0034200175046650294,79.86301501476115,590466240.0,0.0,0.0,0.0,0.0,0.0,0.0,0.0,0.0,11.910478591918944,1
2011-08-01,11.94139880918229,11.993032974752309,11.778989911081236,11.910478591918944,612836000.0,0.016057130709546064,81.94673133789567,595072240.0,0.0,0.0,0.0,0.0,0.0,0.0,0.0,0.0,11.675124168395996,0
2011-08-02,11.937500398064053,11.94500519865479,11.658313318877903,11.675124168395996,639539600.0,-0.019760282654185835,72.27384880538202,627663680.0,0.0,0.0,0.0,0.0,0.0,0.0,0.0,0.0,11.784997940063477,1
2011-08-03,11.737265259841571,11.814417528007784,11.474890632797328,11.784997940063477,732508000.0,0.009410929604063867,73.84142091824192,642300400.0,0.0,0.0,0.0,0.0,0.0,0.0,0.0,0.0,11.328689575195312,0
2011-08-04,11.690131978338597,11.747469700277591,11.32808915921628,11.328689575195312,871407600.0,-0.03871942678215745,58.28409114468935,697775120.0,0.0,0.0,0.0,0.0,0.0,0.0,0.0,0.0,11.216115951538086,0
2011-08-05,11.420853835502736,11.512715896445124,10.884394470123622,11.216115951538086,1204590800.0,-0.009937038428849854,50.42985132704306,812176400.0,0.0,0.0,0.0,0.0,0.0,0.0,0.0,0.0,10.603407859802246,0
2011-08-08,10.85797791683394,11.040500434391133,10.597703505062986,10.603407859802246,1143833600.0,-0.054627474821336675,37.76484338436331,918375920.0,0.0,0.0,0.0,0.0,0.0,0.0,0.0,0.0,11.227825164794922,1
2011-08-09,10.846269122864673,11.24583764908976,10.657142045887316,11.227825164794922,1082583600.0,0.058888360539242735,44.883841771788994,1006984720.0,0.0,0.0,0.0,0.0,0.0,0.0,0.0,0.0,10.918020248413086,0
2011-08-10,11.14196991175438,11.247040356947029,10.882296681827048,10.918020248413086,878656800.0,-0.02759260247062234,40.68591257704792,1036214480.0,0.0,0.0,0.0,0.0,0.0,0.0,0.0,0.0,11.218513488769531,1
2011-08-11,11.123048973134264,11.271048672511714,10.948932387063692,11.218513488769531,741969200.0,0.02752268575432626,42.90918455511674,1010326800.0,0.0,0.0,0.0,0.0,0.0,0.0,0.0,0.0,11.317285537719728,1
2011-08-12,11.349706406119523,11.396837870800717,11.234429713424326,11.317285537719728,528976000.0,0.008804379390288553,42.11082252490647,875203840.0,0.0,0.0,0.0,0.0,0.0,0.0,0.0,0.0,11.510011672973633,1
2011-08-15,11.396535453072246,11.55684331966869,11.350304222381272,11.510011672973633,460544000.0,0.017029360495638413,42.96108916351631,738545920.0,0.0,0.0,0.0,0.0,0.0,0.0,0.0,0.0,11.422053337097168,0
2011-08-16,11.45327497315356,11.508812257933853,11.289364590351914,11.422053337097168,498750000.0,-0.007641898060190333,45.695154509656,621779200.0,0.0,0.0,0.0,0.0,0.0,0.0,0.0,0.0,11.420851707458496,0
2011-08-17,11.4769894004566,11.543333363728184,11.347602559444862,11.420851707458496,442061200.0,-0.00010520259389523723,45.97833935157263,534460080.0,0.0,0.0,0.0,0.0,0.0,0.0,0.0,0.0,10.988861083984377,0
2011-08-18,11.132657901856296,11.186995145853071,10.848366954730222,10.988861083984377,851435200.0,-0.03782472923556168,41.24108374142468,556353280.0,0.0,0.0,0.0,0.0,0.0,0.0,0.0,0.0,10.688065528869627,0
2011-08-19,10.872389318995555,11.017387045156426,10.687165305260171,10.688065528869627,775888400.0,-0.027372768917166668,35.238304754854695,605735760.0,0.0,0.0,0.0,0.0,0.0,0.0,0.0,0.0,10.70036792755127,1
2011-08-22,10.94263055652392,10.953738652580284,10.65984105274247,10.70036792755127,535315200.0,0.0011510407237318443,37.59836711807329,620690000.0,0.0,0.0,0.0,0.0,0.0,0.0,0.0,0.0,11.215518951416016,1
2011-08-23,10.816250965839032,11.21671978390756,10.71718469015796,11.215518951416016,656835200.0,0.04814330005778,44.21365445219839,652307040.0,0.0,0.0,0.0,0.0,0.0,0.0,0.0,0.0,11.292964935302734,1
2011-08-24,11.211609780442712,11.37642034345116,11.125452099838103,11.292964935302734,626267600.0,0.0069052519301338044,50.50107967376199,689148320.0,0.0,0.0,0.0,0.0,0.0,0.0,0.0,0.0,11.219114303588867,0
2011-08-25,10.959740261973508,11.271049073335943,10.957338598520003,11.219114303588867,871346000.0,-0.006539525460050322,51.02077923562725,693130480.0,0.0,0.0,0.0,0.0,0.0,0.0,0.0,0.0,11.515113830566406,1
2011-08-26,11.142563373019998,11.52171760396745,11.131456079472432,11.515113830566406,641477200.0,0.02638350220594976,64.53292708884848,666248240.0,0.0,0.0,0.0,0.0,0.0,0.0,0.0,0.0,11.706945419311523,1
2011-08-29,11.65320937971111,11.75287685107786,11.647806436325562,11.706945419311523,405269200.0,0.01665911354136229,58.76515700984212,640239040.0,0.0,0.0,0.0,0.0,0.0,0.0,0.0,0.0,11.70754337310791,1
2011-08-30,11.655307983962084,11.763080649364197,11.594067156651926,11.70754337310791,417922400.0,5.107684156446801e-05,65.75935392901226,592456480.0,0.0,0.0,0.0,0.0,0.0,0.0,0.0,0.0,11.552640914916992,0
2011-08-31,11.724956307537992,11.770286515401535,11.46348113845425,11.552640914916992,522586400.0,-0.013230995884817909,57.439309743225195,571720240.0,0.0,0.0,0.0,0.0,0.0,0.0,0.0,0.0,11.43856716156006,0
2011-09-01,11.58236403147022,11.627994058056087,11.429261111550652,11.43856716156006,343725200.0,-0.009874257686797616,53.13670913706119,466196080.0,0.0,0.0,0.0,0.0,0.0,0.0,0.0,0.0,11.229022026062012,0
2011-09-02,11.249735173240568,11.34760136671918,11.1623774609866,11.229022026062012,438939200.0,-0.01831917691598972,45.091941477330955,425688480.0,0.0,0.0,0.0,0.0,0.0,0.0,0.0,0.0,11.399835586547852,1
2011-09-06,11.028485986685906,11.41754665226301,11.001767881304978,11.399835586547852,509698000.0,0.015211793163232734,50.27185567234218,446574240.0,0.0,0.0,0.0,0.0,0.0,0.0,0.0,0.0,11.52562141418457,1
2011-09-07,11.57455411151864,11.575754943414816,11.467681676005745,11.52562141418457,350576800.0,0.011034003664504688,52.5927103414978,433105120.0,0.0,0.0,0.0,0.0,0.0,0.0,0.0,0.0,11.531927108764648,1
2011-09-08,11.47969171507746,11.666117287587404,11.476990243717989,11.531927108764648,416158400.0,0.000547102351662998,62.59773739944485,411819520.0,0.0,0.0,0.0,0.0,0.0,0.0,0.0,0.0,11.33199405670166,0
2011-09-09,11.525623831644523,11.587764891246984,11.25814368122034,11.33199405670166,564813200.0,-0.017337349618784192,65.88005506032735,456037120.0,0.0,0.0,0.0,0.0,0.0,0.0,0.0,0.0,11.405841827392578,1
2011-09-12,11.197502292384646,11.43405977516348,11.16447941353398,11.405841827392578,467832400.0,0.006516749860740134,66.810549202971,461815760.0,0.0,0.0,0.0,0.0,0.0,0.0,0.0,0.0,11.546338081359863,1
2011-09-13,11.471887287896084,11.59406915640927,11.41514916988184,11.546338081359863,440560400.0,0.012317920596607301,59.42199038464187,447988240.0,0.0,0.0,0.0,0.0,0.0,0.0,0.0,0.0,11.686832427978516,1
2011-09-14,11.618386591235494,11.774190972328093,11.580561176022384,11.686832427978516,534724400.0,0.012167870508266398,60.70694148149479,484817760.0,0.0,0.0,0.0,0.0,0.0,0.0,0.0,0.0,11.796706199645996,1
2011-09-15,11.750775567262083,11.817720764596068,11.704844934878174,11.796706199645996,417818800.0,0.009401501420046143,65.24049596339616,485149840.0,0.0,0.0,0.0,0.0,0.0,0.0,0.0,0.0,12.023056030273438,1
2011-09-16,11.874156853191913,12.023056030273438,11.85884664423521,12.023056030273438,698513200.0,0.019187544963545244,63.69512725906622,511889840.0,0.0,0.0,0.0,0.0,0.0,0.0,0.0,0.0,12.357178688049316,1
2011-09-19,11.917984398729033,12.405211167039797,11.863949362908825,12.357178688049316,823860800.0,0.0277901605826818,66.03119913992293,583095520.0,0.0,0.0,0.0,0.0,0.0,0.0,0.0,0.0,12.411818504333496,1
2011-09-20,12.46585435379836,12.694308286612602,12.343973083619948,12.411818504333496,775754000.0,0.0044217064156417685,66.86829097076532,650134240.0,0.0,0.0,0.0,0.0,0.0,0.0,0.0,0.0,12.37248706817627,0
2011-09-21,12.597637411850291,12.656176757725008,12.368284157015571,12.37248706817627,605976000.0,-0.0031688697464835602,70.89012738190036,664384560.0,0.0,0.0,0.0,0.0,0.0,0.0,0.0,0.0,12.062681198120115,0
2011-09-22,12.038965968747585,12.30284278643252,11.90897871148343,12.062681198120115,968480800.0,-0.025039902515074486,64.99796059439188,774516960.0,0.0,0.0,0.0,0.0,0.0,0.0,0.0,0.0,12.137130737304688,1
2011-09-23,12.016449539508583,12.210379877964796,12.003540997746528,12.137130737304688,546277200.0,0.006171889811377396,73.25761537821752,744069760.0,0.0,0.0,0.0,0.0,0.0,0.0,0.0,0.0,12.10321044921875,0
2011-09-26,12.003843593174889,12.127526899368675,11.74687192686444,12.10321044921875,812876400.0,-0.002794753456983101,69.38461378348336,741872880.0,0.0,0.0,0.0,0.0,0.0,0.0,0.0,0.0,11.985832214355469,0
2011-09-27,12.270122418338676,12.285732435009423,11.949808050684393,11.985832214355469,632497600.0,-0.009698107403466438,62.928938725451346,713221600.0,0.0,0.0,0.0,0.0,0.0,0.0,0.0,0.0,11.91828727722168,0
2011-09-28,12.013750227706742,12.120322078137406,11.903276073557272,11.91828727722168,429637600.0,-0.0056353981872773184,60.609656774915145,677953920.0,0.0,0.0,0.0,0.0,0.0,0.0,0.0,0.0,11.724956512451172,0
2011-09-29,12.065685000261825,12.074390632043702,11.594068220396544,11.724956512451172,651086800.0,-0.016221354652190878,61.03100169361657,614475120.0,0.0,0.0,0.0,0.0,0.0,0.0,0.0,0.0,11.447269439697266,0
2011-09-30,11.621386073322592,11.67452248904271,11.443066527655198,11.447269439697266,547640800.0,-0.02368342027188075,51.467860235499835,614747840.0,0.0,0.0,0.0,0.0,0.0,0.0,0.0,0.0,11.24553680419922,0
2011-10-03,11.418754064530638,11.48689929614772,11.202609051863275,11.24553680419922,669099200.0,-0.01762277340991636,43.245028119485696,585992400.0,0.0,0.0,0.0,0.0,0.0,0.0,0.0,0.0,11.182493209838867,0
2011-10-04,11.24463507301378,11.461680280026805,10.634326944665125,11.182493209838867,1233677200.0,-0.005606099153649291,37.95708521408333,706228320.0,0.0,0.0,0.0,0.0,0.0,0.0,0.0,0.0,11.355111122131348,1
2011-10-05,11.043201745718738,11.402241785890778,10.81624925055061,11.355111122131348,786469600.0,0.015436442397354089,40.008973435453505,777594720.0,0.0,0.0,0.0,0.0,0.0,0.0,0.0,0.0,11.328689575195312,0
2011-10-06,11.207407952301017,11.551138484874556,11.161477332340182,11.328689575195312,812582400.0,-0.00232684177652287,32.496642843180496,809893840.0,0.0,0.0,0.0,0.0,0.0,0.0,0.0,0.0,11.101441383361816,0
2011-10-07,11.280961818397696,11.339801002538666,11.062115324838825,11.101441383361816,535458000.0,-0.02005953030358132,16.486489517103678,807457280.0,0.0,0.0,0.0,0.0,0.0,0.0,0.0,0.0,11.672122955322266,1
2011-10-10,11.380327917716874,11.672122955322266,11.353909606816412,11.672122955322266,442514800.0,0.051406078927350274,35.63913200122465,762140400.0,0.0,0.0,0.0,0.0,0.0,0.0,0.0,0.0,12.016751289367676,1
2011-10-11,11.78499631287052,12.103510203372908,11.752875257661753,12.016751289367676,605687600.0,0.029525762825199253,44.34584741006461,636542480.0,0.0,0.0,0.0,0.0,0.0,0.0,0.0,0.0,12.073787689208984,1
2011-10-12,12.228391180090169,12.28572889594162,12.012246260327135,12.073787689208984,622286000.0,0.004746407616156079,50.86242310573817,603705760.0,0.0,0.0,0.0,0.0,0.0,0.0,0.0,0.0,12.26111888885498,1
2011-10-13,12.157548299932426,12.26111888885498,12.09360598063152,12.26111888885498,426185200.0,0.015515528719576954,52.94671083746479,526426320.0,0.0,0.0,0.0,0.0,0.0,0.0,0.0,0.0,12.66848850250244,1
2011-10-14,12.513284570272674,12.66848850250244,12.466452121205842,12.66848850250244,573367200.0,0.033224505637715174,59.77255425756414,534008160.0,0.0,0.0,0.0,0.0,0.0,0.0,0.0,0.0,12.608148574829102,0
2011-10-17,12.660683776420935,12.80958374934086,12.48656632956797,12.608148574829102,686044800.0,-0.004762993443252483,60.97278455518165,582714160.0,0.0,0.0,0.0,0.0,0.0,0.0,0.0,0.0,12.675694465637209,1
2011-10-18,12.66128447929383,12.752846731748594,12.48806884405444,12.675694465637209,881602400.0,0.005357320339875793,63.224101602453956,637897120.0,0.0,0.0,0.0,0.0,0.0,0.0,0.0,0.0,11.966620445251465,0
2011-10-19,12.04857524233388,12.260817132172342,11.942003384102714,11.966620445251465,1104059600.0,-0.05593965855740579,54.419626093235834,734251840.0,0.0,0.0,0.0,0.0,0.0,0.0,0.0,0.0,11.867253303527832,0
2011-10-20,12.00804808551757,12.01855496736786,11.834232018408503,11.867253303527832,549270400.0,-0.008303692941398766,57.52138545835496,758868880.0,0.0,0.0,0.0,0.0,0.0,0.0,0.0,0.0,11.7940034866333,0
2011-10-21,11.95100949608286,11.98223033264996,11.730360981260995,11.7940034866333,621244400.0,-0.006172432240302506,60.070464669553665,768444320.0,0.0,0.0,0.0,0.0,0.0,0.0,0.0,0.0,12.181262969970703,1
2011-10-24,11.893370275890714,12.203176954266567,11.869954850595974,12.181262969970703,502138000.0,0.03283528648912992,65.84002591053388,731662960.0,0.0,0.0,0.0,0.0,0.0,0.0,0.0,0.0,11.941102027893066,0
2011-10-25,12.159048265691208,12.204679088345912,11.929395116204482,11.941102027893066,430427200.0,-0.019715602780243868,59.54324464576127,641427920.0,0.0,0.0,0.0,0.0,0.0,0.0,0.0,0.0,12.026056289672852,1
2011-10-26,12.06087881085424,12.084595641233443,11.802405761541085,12.026056289672852,456304800.0,0.007114440658939403,60.99015651774762,511876960.0,0.0,0.0,0.0,0.0,0.0,0.0,0.0,0.0,12.148839950561523,1
2011-10-27,12.23499764933029,12.27822760475602,12.064784108771066,12.148839950561523,494664800.0,0.010209802609531193,66.68379643385123,500955840.0,0.0,0.0,0.0,0.0,0.0,0.0,0.0,0.0,12.156644821166992,1
2011-10-28,12.098105461554084,12.198673141013966,12.083395669851171,12.156644821166992,322842800.0,0.000642437519732697,59.45825865474666,441275520.0,0.0,0.0,0.0,0.0,0.0,0.0,0.0,0.0,12.15154266357422,0
2011-10-31,12.080695170641684,12.28813451366187,12.039567070705084,12.15154266357422,385501200.0,-0.0004197011320005162,53.49620917832935,417948160.0,0.0,0.0,0.0,0.0,0.0,0.0,0.0,0.0,11.903276443481444,0
2011-11-01,11.93029516799456,11.993036646415938,11.804510800666216,11.903276443481444,531790000.0,-0.020430839685646407,47.542288069430846,438220720.0,0.0,0.0,0.0,0.0,0.0,0.0,0.0,0.0,11.93029499053955,1
2011-11-02,12.01074914353464,12.021256024321644,11.861247941656694,11.93029499053955,327350800.0,0.002269841180820631,44.192031086413245,412429920.0,0.0,0.0,0.0,0.0,0.0,0.0,0.0,0.0,12.100208282470703,1
2011-11-03,11.980127473572937,12.110114746794812,11.868753098485184,12.100208282470703,441386400.0,0.01424217021170815,38.569555585523844,401774240.0,0.0,0.0,0.0,0.0,0.0,0.0,0.0,0.0,12.015251159667969,0
2011-11-04,12.068987194261968,12.111315323788284,11.982829494257068,12.015251159667969,302229200.0,-0.007021128960714607,38.112780563192224,397651520.0,0.0,0.0,0.0,0.0,0.0,0.0,0.0,0.0,11.999939918518066,0
2011-11-07,12.00534446454339,12.008045935932492,11.891868236976984,11.999939918518066,270275600.0,-0.0012743171945750476,36.075615257136576,374606400.0,0.0,0.0,0.0,0.0,0.0,0.0,0.0,0.0,12.19507122039795,1
2011-11-08,12.074390800974465,12.248207639952934,12.054877680182631,12.19507122039795,400442000.0,0.0162610232388547,56.88752011087949,348336800.0,0.0,0.0,0.0,0.0,0.0,0.0,0.0,0.0,11.86634922027588,0
2011-11-09,11.917083166192144,12.034762288858856,11.834828584977904,11.86634922027588,558684000.0,-0.026955316142166952,50.47886602968506,394603440.0,0.0,0.0,0.0,0.0,0.0,0.0,0.0,0.0,11.564346313476562,0
2011-11-10,11.918883491490927,11.92428723468405,11.47218447529676,11.564346313476562,744752400.0,-0.02545036398248668,45.21422543057892,455276640.0,0.0,0.0,0.0,0.0,0.0,0.0,0.0,0.0,11.546338081359863,0
2011-11-11,11.60607747819756,11.668819757105949,11.415449778738356,11.546338081359863,653786000.0,-0.0015572200648914514,33.041368572487414,525588000.0,0.0,0.0,0.0,0.0,0.0,0.0,0.0,0.0,11.385428428649902,0
2011-11-14,11.513313834067995,11.565249418844989,11.353607181299967,11.385428428649902,432905200.0,-0.013935990058157932,34.333562227135715,558113920.0,0.0,0.0,0.0,0.0,0.0,0.0,0.0,0.0,11.672720909118652,1
2011-11-15,11.43165910011292,11.69283364231283,11.39113222329487,11.672720909118652,430810800.0,0.02523334824588752,41.50522592783958,564187680.0,0.0,0.0,0.0,0.0,0.0,0.0,0.0,0.0,11.5508394241333,0
2011-11-16,11.685329405633848,11.7420675168838,11.537329662920294,11.5508394241333,349210400.0,-0.010441565932595709,35.30184910216241,522292960.0,0.0,0.0,0.0,0.0,0.0,0.0,0.0,0.0,11.329891204833984,0
2011-11-17,11.527122657279907,11.545135137919072,11.272552677234602,11.329891204833984,479900400.0,-0.019128325759397824,31.4191423900821,469322560.0,0.0,0.0,0.0,0.0,0.0,0.0,0.0,0.0,11.255743980407717,0
2011-11-18,11.37522439511014,11.4073454582383,11.253942731871428,11.255743980407717,371938000.0,-0.006544389799138739,30.410300132459014,412952960.0,0.0,0.0,0.0,0.0,0.0,0.0,0.0,0.0,11.077723503112791,0
2011-11-21,11.119450414848384,11.15787704234262,10.984660617897337,11.077723503112791,447980400.0,-0.015815967172387424,31.164283518445828,415968000.0,0.0,0.0,0.0,0.0,0.0,0.0,0.0,0.0,11.302873611450195,1
2011-11-22,11.138063016154918,11.34550234856868,11.135661352000437,11.302873611450195,409021200.0,0.020324582778595168,37.25095368981015,411610080.0,0.0,0.0,0.0,0.0,0.0,0.0,0.0,0.0,11.017081260681152,0
2011-11-23,11.242832064891914,11.282759328005042,11.013778571875616,11.017081260681152,428271200.0,-0.02528492846982966,28.722480166354956,427422240.0,0.0,0.0,0.0,0.0,0.0,0.0,0.0,0.0,10.914411544799805,0
2011-11-25,11.060008804081043,11.141963576472287,10.906905944679504,10.914411544799805,254760800.0,-0.009319139384744823,28.41904787129903,382394320.0,0.0,0.0,0.0,0.0,0.0,0.0,0.0,0.0,11.291165351867676,1
2011-11-28,11.177989731724429,11.309177833431454,11.117349313706844,11.291165351867676,346413200.0,0.03451892990487204,38.41666255278015,377289360.0,0.0,0.0,0.0,0.0,0.0,0.0,0.0,0.0,11.20350456237793,0
2011-11-29,11.282757860674874,11.372518036773874,11.113444579130231,11.20350456237793,375855200.0,-0.007763661832766111,33.052225990356476,362864320.0,0.0,0.0,0.0,0.0,0.0,0.0,0.0,0.0,11.473690032958984,1
2011-11-30,11.446372299762327,11.47609169762995,11.35661128512056,11.473690032958984,405938400.0,0.02411615660767019,43.51627966868984,362247760.0,0.0,0.0,0.0,0.0,0.0,0.0,0.0,0.0,11.645703315734863,1
2011-12-01,11.483894798375314,11.677824371813838,11.430158764604462,11.645703315734863,387181200.0,0.014991975753376519,52.0512622105682,354029760.0,0.0,0.0,0.0,0.0,0.0,0.0,0.0,0.0,11.69884204864502,1
2011-12-02,11.70274435317783,11.816821027613011,11.66521954268372,11.69884204864502,379055600.0,0.004562947506859372,53.34378904252653,378888720.0,0.0,0.0,0.0,0.0,0.0,0.0,0.0,0.0,11.798206329345703,1
2011-12-05,11.812616316117332,11.900275465730765,11.71955422308819,11.798206329345703,357210000.0,0.00849351416896793,58.374585142262404,381048080.0,0.0,0.0,0.0,0.0,0.0,0.0,0.0,0.0,11.736366271972656,0
2011-12-06,11.783197932142263,11.846841245263333,11.68923560615023,11.736366271972656,283598000.0,-0.005241479564502272,51.80797284683359,362596640.0,0.0,0.0,0.0,0.0,0.0,0.0,0.0,0.0,11.680527687072754,0
2011-12-07,11.705744361673094,11.736064973940104,11.610580413791707,11.680527687072754,304746400.0,-0.004757740479968575,53.273978978390524,342358240.0,0.0,0.0,0.0,0.0,0.0,0.0,0.0,0.0,11.727657318115234,1
2011-12-08,11.75137334957444,11.87295478528125,11.714748774779505,11.727657318115234,376356400.0,0.0040348888599135435,59.77435231439509,340193280.0,0.0,0.0,0.0,0.0,0.0,0.0,0.0,0.0,11.81651496887207,1
2011-12-09,11.79340015800364,11.829123703401272,11.738763110000498,11.81651496887207,296993200.0,0.0075767605026777485,63.50003110292955,323780800.0,0.0,0.0,0.0,0.0,0.0,0.0,0.0,0.0,11.763080596923828,0
2011-12-12,11.758277269058407,11.82492183994415,11.691332890992818,11.763080596923828,301067200.0,-0.004522007723004928,67.5862485776565,312552240.0,0.0,0.0,0.0,0.0,0.0,0.0,0.0,0.0,11.672122955322266,0
2011-12-13,11.797907334494903,11.869956471690644,11.620788576348971,11.672122955322266,338928800.0,-0.0077324677708446865,60.33465809371863,323618400.0,0.0,0.0,0.0,0.0,0.0,0.0,0.0,0.0,11.413350105285645,0
2011-12-14,11.608781170851232,11.629195321797086,11.337999875706704,11.413350105285645,406887600.0,-0.022170161420260404,61.510667167333956,344046640.0,0.0,0.0,0.0,0.0,0.0,0.0,0.0,0.0,11.375822067260742,0
2011-12-15,11.507610581026446,11.519918708910284,11.356909363003652,11.375822067260742,256200000.0,-0.0032880826119162654,63.92318231602626,320015360.0,0.0,0.0,0.0,0.0,0.0,0.0,0.0,0.0,11.438261985778809,1
2011-12-16,11.418449061306536,11.53222507668922,11.394733032397646,11.438261985778809,421478400.0,0.005488826930386548,55.52725411225392,344912400.0,0.0,0.0,0.0,0.0,0.0,0.0,0.0,0.0,11.473986625671388,1
2011-12-19,11.481792033119936,11.553239928825173,11.422051046152363,11.473986625671388,235530400.0,0.0031232577061965916,60.27324407840934,331805040.0,0.0,0.0,0.0,0.0,0.0,0.0,0.0,0.0,11.886465072631836,1
2011-12-20,11.64059990090646,11.89096859399819,11.625590300681536,11.886465072631836,337215200.0,0.035949008868250365,63.83626775679064,331462320.0,0.0,0.0,0.0,0.0,0.0,0.0,0.0,0.0,11.90147590637207,1
2011-12-21,11.908680097897197,11.926993189628751,11.768185937991056,11.90147590637207,262948000.0,0.001262850952618022,59.63593266025575,302674400.0,0.0,0.0,0.0,0.0,0.0,0.0,0.0,0.0,11.964519500732422,1
2011-12-22,11.9179876482621,11.981931569702528,11.890970523797318,11.964519500732422,202358800.0,0.005297124058924352,59.88509027832242,291906160.0,0.0,0.0,0.0,0.0,0.0,0.0,0.0,0.0,12.108015060424805,1
2011-12-23,11.998741728410618,12.11582047020232,11.992737567043298,12.108015060424805,269399200.0,0.011993424364731053,61.03178073859431,261490320.0,0.0,0.0,0.0,0.0,0.0,0.0,0.0,0.0,12.20407772064209,1
2011-12-27,12.10110917167292,12.28092937334489,12.0987067058009,12.20407772064209,265076000.0,0.007933807460420716,66.0590413114003,267399440.0,0.0,0.0,0.0,0.0,0.0,0.0,0.0,0.0,12.08730411529541,0
2011-12-28,12.21488977044786,12.255716474667633,12.04827785831062,12.08730411529541,228662000.0,-0.009568408856424071,63.61340869660569,245688800.0,0.0,0.0,0.0,0.0,0.0,0.0,0.0,0.0,12.161749839782717,1
2011-12-29,12.11011565722759,12.177661267615054,12.023358334440012,12.161749839782717,215978000.0,0.006159001525667174,64.19864405215714,236294800.0,0.0,0.0,0.0,0.0,0.0,0.0,0.0,0.0,12.158143997192385,0
2011-12-30,12.1134134127716,12.196569813755293,12.112813798485815,12.158143997192385,179662000.0,-0.00029649044239810074,61.87230061155524,231755440.0,0.0,0.0,0.0,0.0,0.0,0.0,0.0,0.0,12.345169067382812,1
2012-01-03,12.290233016093852,12.38329507656631,12.278224697985133,12.345169067382812,302220800.0,0.015382699056173177,68.25875076856258,238319760.0,0.0,0.0,0.0,0.0,0.0,0.0,0.0,0.0,12.411514282226562,1
2012-01-04,12.308245140866706,12.448740072146755,12.28663096769779,12.411514282226562,260022000.0,0.005374184385942504,73.49849799953058,237308960.0,0.0,0.0,0.0,0.0,0.0,0.0,0.0,0.0,12.549309730529783,1
2012-01-05,12.456848056012088,12.564919747504227,12.388401422244163,12.549309730529783,271269600.0,0.011102226945872706,89.23821960263973,245830480.0,0.0,0.0,0.0,0.0,0.0,0.0,0.0,0.0,12.680497169494627,1
2012-01-06,12.601544460604917,12.691004049873724,12.585033419545312,12.680497169494627,318292800.0,0.010453757360509908,92.37554974052269,266293440.0,0.0,0.0,0.0,0.0,0.0,0.0,0.0,0.0,12.66038417816162,0
2012-01-09,12.77356060781236,12.841105414322808,12.648976272376547,12.66038417816162,394024400.0,-0.0015861358639307488,90.87438709094093,309165920.0,0.0,0.0,0.0,0.0,0.0,0.0,0.0,0.0,12.70571231842041,1
2012-01-10,12.78586584983018,12.78856812262401,12.653476928390274,12.70571231842041,258196400.0,0.003580313173827676,90.9075054807307,300361040.0,0.0,0.0,0.0,0.0,0.0,0.0,0.0,0.0,12.684998512268066,0
2012-01-11,12.688900815475018,12.694004752311224,12.587733524672467,12.684998512268066,215084800.0,-0.0016302750788961262,85.72231911947799,291373600.0,0.0,0.0,0.0,0.0,0.0,0.0,0.0,0.0,12.650174140930176,0
2012-01-12,12.676892250039776,12.695504342968269,12.570920838343028,12.650174140930176,212587200.0,-0.0027453193080165805,83.00097543428458,279637120.0,0.0,0.0,0.0,0.0,0.0,0.0,0.0,0.0,12.602741241455078,0
2012-01-13,12.59944015636738,12.621954550678485,12.568218528879344,12.602741241455078,226021600.0,-0.00374958470505371,78.6182287690333,261182880.0,0.0,0.0,0.0,0.0,0.0,0.0,0.0,0.0,12.749541282653809,1
2012-01-17,12.734530883461918,12.788267711757156,12.697305895089483,12.749541282653809,242897200.0,0.011648262737939064,78.53731517313135,230957440.0,0.0,0.0,0.0,0.0,0.0,0.0,0.0,0.0,12.881930351257324,1
2012-01-18,12.817386836398718,12.892737037180728,12.797573910852924,12.881930351257324,276791200.0,0.010383829948739765,79.0987478569334,234676400.0,0.0,0.0,0.0,0.0,0.0,0.0,0.0,0.0,12.841103553771973,0
2012-01-19,12.913151871359767,12.949775644537114,12.803878562964162,12.841103553771973,261738400.0,-0.0031693074230421114,84.8992618854826,244007120.0,0.0,0.0,0.0,0.0,0.0,0.0,0.0,0.0,12.617453575134276,0
2012-01-20,12.833298730542806,12.833598537748196,12.600942535002252,12.617453575134276,413974400.0,-0.017416725727751103,68.94629014778619,284284560.0,0.0,0.0,0.0,0.0,0.0,0.0,0.0,0.0,12.830894470214844,1
2012-01-23,12.688599105367098,12.862116097682128,12.677491811791391,12.830894470214844,306062400.0,0.016916321015930214,73.68627145189924,300292720.0,0.0,0.0,0.0,0.0,0.0,0.0,0.0,0.0,12.620757102966309,0
2012-01-24,12.761551866689777,12.761551866689777,12.594940013398176,12.620757102966309,547638000.0,-0.01637745269718649,59.80942408635176,361240880.0,0.0,0.0,0.0,0.0,0.0,0.0,0.0,0.0,13.40878677368164,1
2012-01-25,13.64234304323064,13.642642850491947,13.32082781230636,13.40878677368164,958314000.0,0.0624391757393159,73.05129608820938,497545440.0,0.0,0.0,0.0,0.0,0.0,0.0,0.0,0.0,13.347846031188965,0
2012-01-26,13.459820832533882,13.47272857675306,13.303116232425712,13.347846031188965,323985200.0,-0.0045448364211658765,69.26353864384288,509994800.0,0.0,0.0,0.0,0.0,0.0,0.0,0.0,0.0,13.42739963531494,1
2012-01-27,13.339140065310367,13.463423802365517,13.322029407625628,13.42739963531494,299709200.0,0.00596003309748161,68.41171472319408,487141760.0,0.0,0.0,0.0,0.0,0.0,0.0,0.0,0.0,13.599414825439451,1
2012-01-30,13.380267736392216,13.626132943795088,13.370661879438853,13.599414825439451,379341200.0,0.012810759700046415,71.37170607613827,501797520.0,0.0,0.0,0.0,0.0,0.0,0.0,0.0,0.0,13.703580856323242,1
2012-01-31,13.676862744533048,13.756415862266593,13.60121193007567,13.703580856323242,391683600.0,0.007659596550355641,72.02981793152843,470606640.0,0.0,0.0,0.0,0.0,0.0,0.0,0.0,0.0,13.69487762451172,0
2012-02-01,13.7615230120671,13.778934277886616,13.67566591195967,13.69487762451172,270046000.0,-0.0006351063931954171,72.43604776961547,332953040.0,0.0,0.0,0.0,0.0,0.0,0.0,0.0,0.0,13.66275405883789,0
2012-02-02,13.686169481550303,13.72429469566199,13.628531147970437,13.66275405883789,186796400.0,-0.0023456628496142384,72.60048082752351,305515280.0,0.0,0.0,0.0,0.0,0.0,0.0,0.0,0.0,13.79964828491211,1
2012-02-03,13.728201171386315,13.80925494284781,13.675965770484602,13.79964828491211,286599600.0,0.01001951916024324,75.59922971234094,302893360.0,0.0,0.0,0.0,0.0,0.0,0.0,0.0,0.0,13.92843532562256,1
2012-02-06,13.760623411990684,13.9587559419463,13.755220467986296,13.92843532562256,249412800.0,0.009332632111447525,75.28534231881936,276907680.0,0.0,0.0,0.0,0.0,0.0,0.0,0.0,0.0,14.074328422546388,1
2012-02-07,13.96685637402806,14.10194755581943,13.946742039202286,14.074328422546388,316223600.0,0.010474478540704713,75.29778167979595,261815680.0,0.0,0.0,0.0,0.0,0.0,0.0,0.0,0.0,14.30998992919922,1
2012-02-08,14.124465366770387,14.313291015236317,14.100448723333898,14.30998992919922,407890000.0,0.01674406760860525,78.66555151523512,289384480.0,0.0,0.0,0.0,0.0,0.0,0.0,0.0,0.0,14.805023193359377,1
2012-02-09,14.432473383178234,14.91249528111385,14.42646922157904,14.805023193359377,884214800.0,0.03459354385358804,88.66364804305118,428868160.0,0.0,0.0,0.0,0.0,0.0,0.0,0.0,0.0,14.812522888183594,1
2012-02-10,14.738674130842709,14.93860703180652,14.666324409325576,14.812522888183594,631302000.0,0.0005065642063688536,87.70693390368044,497808640.0,0.0,0.0,0.0,0.0,0.0,0.0,0.0,0.0,15.088111877441406,1
2012-02-13,14.99594920863312,15.125036265113383,14.922700047764842,15.088111877441406,517216000.0,0.018605135083211044,96.17350683820361,551369280.0,0.0,0.0,0.0,0.0,0.0,0.0,0.0,0.0,15.294048309326172,1
2012-02-14,15.149951658382443,15.29704958806587,15.07009872558961,15.294048309326172,460398400.0,0.013648919994599495,94.91103389681724,580204240.0,0.0,0.0,0.0,0.0,0.0,0.0,0.0,0.0,14.940110206604004,0
2012-02-15,15.43814284548607,15.799283845048324,14.916693181354482,14.940110206604004,1506120000.0,-0.023142211634465615,84.30846988381015,799850240.0,0.0,0.0,0.0,0.0,0.0,0.0,0.0,0.0,15.076400756835938,1
2012-02-16,14.75488560665294,15.156854896989936,14.608687117423674,15.076400756835938,944552000.0,0.009122459496429203,84.6009900237982,811917680.0,0.0,0.0,0.0,0.0,0.0,0.0,0.0,0.0,15.07369899749756,0
2012-02-17,15.103418386272883,15.24331290568641,15.019061944572364,15.07369899749756,535805200.0,-0.0001792045317681179,83.24798632433547,792818320.0,0.0,0.0,0.0,0.0,0.0,0.0,0.0,0.0,15.455862045288086,1
2012-02-21,15.216601382618036,15.455862045288086,15.133745544196833,15.455862045288086,605595200.0,0.025352970618158777,84.94458301433369,810494160.0,0.0,0.0,0.0,0.0,0.0,0.0,0.0,0.0,15.401516914367676,0
2012-02-22,15.402717746242669,15.475065862652508,15.28233635483308,15.401516914367676,483302400.0,-0.003516150102865212,83.56647622000719,815074960.0,0.0,0.0,0.0,0.0,0.0,0.0,0.0,0.0,15.502083778381348,1
2012-02-23,15.462757736910005,15.545313725881584,15.295245698463663,15.502083778381348,568027600.0,0.006529672666194086,85.23522480652443,627456480.0,0.0,0.0,0.0,0.0,0.0,0.0,0.0,0.0,15.68280792236328,1
2012-02-24,15.600553328297398,15.697517714791982,15.5696331041252,15.68280792236328,415072000.0,0.011658054914782667,85.3671321776489,521560480.0,0.0,0.0,0.0,0.0,0.0,0.0,0.0,0.0,15.78337287902832,1
2012-02-27,15.649782341694312,15.865627454700943,15.498782147655714,15.78337287902832,547582000.0,0.006412433102725101,85.13037742928029,523915840.0,0.0,0.0,0.0,0.0,0.0,0.0,0.0,0.0,16.07306671142578,1
2012-02-28,15.849416993595195,16.07306671142578,15.786074316985005,16.07306671142578,600387200.0,0.018354367891946666,85.75241713862651,522874240.0,0.0,0.0,0.0,0.0,0.0,0.0,0.0,0.0,16.28411293029785,1
2012-02-29,16.257696223486036,16.43931849783633,16.081778303255817,16.28411293029785,952011200.0,0.013130426362384595,85.47374291095254,616616000.0,0.0,0.0,0.0,0.0,0.0,0.0,0.0,0.0,16.345050811767578,1
2012-03-01,16.456125370938793,16.45732780622954,16.173936253658663,16.345050811767578,683270000.0,0.0037421677023834476,82.56176845561484,639664480.0,0.0,0.0,0.0,0.0,0.0,0.0,0.0,0.0,16.366365432739258,1
2012-03-02,16.33814668228187,16.414996724008162,16.28651090613386,16.366365432739258,431712400.0,0.0013040412793536849,82.65166341481576,642992560.0,0.0,0.0,0.0,0.0,0.0,0.0,0.0,0.0,16.005529403686523,0
2012-03-05,16.37357571376973,16.435416177052268,15.790583612132377,16.005529403686523,809124400.0,-0.022047413675055694,69.08762619437466,695301040.0,0.0,0.0,0.0,0.0,0.0,0.0,0.0,0.0,15.918464660644531,0
2012-03-06,15.720332190493355,16.021433198906244,15.496982248355906,15.918464660644531,810238800.0,-0.005439666558104572,63.76695947722703,737271360.0,0.0,0.0,0.0,0.0,0.0,0.0,0.0,0.0,15.931376457214355,1
2012-03-07,16.114799164413192,16.144218751301217,15.709527120122752,15.931376457214355,798520800.0,0.0008111207233287843,75.56238318298134,706573280.0,0.0,0.0,0.0,0.0,0.0,0.0,0.0,0.0,16.270599365234375,1
2012-03-08,16.05145156667773,16.300618557422354,15.974300126468911,16.270599365234375,516457200.0,0.021292755772299055,77.69025100863986,673210720.0,0.0,0.0,0.0,0.0,0.0,0.0,0.0,0.0,16.366073608398438,1
2012-03-09,16.33725362625836,16.443225098192876,16.30423153168008,16.366073608398438,418919200.0,0.005867899578921643,78.68595199949594,670652080.0,0.0,0.0,0.0,0.0,0.0,0.0,0.0,0.0,16.57110023498535,1
2012-03-12,16.48043823701514,16.57110023498535,16.420997865395027,16.57110023498535,407282400.0,0.012527539072151095,76.62492345125409,590283680.0,0.0,0.0,0.0,0.0,0.0,0.0,0.0,0.0,17.054424285888672,1
2012-03-13,16.73741268764693,17.056825949634703,16.683675060517817,17.054424285888672,690855200.0,0.029166684411389587,82.6343542382608,566406960.0,0.0,0.0,0.0,0.0,0.0,0.0,0.0,0.0,17.699260711669922,1
2012-03-14,17.353129260372103,17.853563635320914,17.27357453099172,17.699260711669922,1418844000.0,0.03781050682049747,85.49992361584256,690471600.0,0.0,0.0,0.0,0.0,0.0,0.0,0.0,0.0,17.57857894897461,0
2012-03-15,18.000361209854063,18.01236953102628,17.368138330984735,17.57857894897461,1159718000.0,-0.006818463474903336,81.4289055689138,819123760.0,0.0,0.0,0.0,0.0,0.0,0.0,0.0,0.0,17.57887840270996,1
2012-03-16,17.553361121543897,17.68785110947406,17.351626139648648,17.57887840270996,825487600.0,1.7035150351008e-05,80.76289603766277,900437440.0,0.0,0.0,0.0,0.0,0.0,0.0,0.0,0.0,18.045089721679688,1
2012-03-19,17.963134943201844,18.065202454885306,17.6833475051858,18.045089721679688,901236000.0,0.026521107222509555,81.60529327595987,999228160.0,0.0,0.0,0.0,0.0,0.0,0.0,0.0,0.0,18.190994262695312,1
2012-03-20,17.997363651077684,18.21921141841153,17.756302565897077,18.190994262695312,816662000.0,0.008085553647335653,81.09386889645009,1024389520.0,0.0,0.0,0.0,0.0,0.0,0.0,0.0,0.0,18.087120056152344,0
2012-03-21,18.094325049146427,18.301764396837832,18.05439938369658,18.087120056152344,644042000.0,-0.005710199510973735,78.18354222034398,869429120.0,0.0,0.0,0.0,0.0,0.0,0.0,0.0,0.0,17.99225616455078,0
2012-03-22,17.945423713621437,18.14716029574595,17.877878913455294,17.99225616455078,623870800.0,-0.005244831200713729,75.84308949465003,762259680.0,0.0,0.0,0.0,0.0,0.0,0.0,0.0,0.0,17.893491744995117,0
2012-03-23,18.026780913844828,18.06610696629698,17.843957817131702,17.893491744995117,430488800.0,-0.005489273754908819,83.19555490900585,683259920.0,0.0,0.0,0.0,0.0,0.0,0.0,0.0,0.0,18.221609115600582,1
2012-03-26,18.00576395384413,18.22671385447775,17.86977492862431,18.221609115600582,595742000.0,0.018337246596782375,87.3365588768821,622161120.0,0.0,0.0,0.0,0.0,0.0,0.0,0.0,0.0,18.44676399230957,1
2012-03-27,18.197596903400573,18.50079984213384,18.19399440652913,18.44676399230957,607129600.0,0.012356476054368848,88.08537958012712,580254640.0,0.0,0.0,0.0,0.0,0.0,0.0,0.0,0.0,18.541025161743164,1
2012-03-28,18.56383936984868,18.656002036956583,18.32157749042492,18.541025161743164,655460400.0,0.005109902716427195,87.0085917862035,582538320.0,0.0,0.0,0.0,0.0,0.0,0.0,0.0,0.0,18.308067321777344,0
2012-03-29,18.39572646163032,18.509202689950865,18.22911541706485,18.308067321777344,608238400.0,-0.012564453040412094,80.71309104877307,579411840.0,0.0,0.0,0.0,0.0,0.0,0.0,0.0,0.0,17.99856185913086,0
2012-03-30,18.27534646439012,18.32908250247211,17.950228764281746,17.99856185913086,731038000.0,-0.016905414274849706,72.26600032220205,639521680.0,0.0,0.0,0.0,0.0,0.0,0.0,0.0,0.0,18.571348190307617,1
2012-04-02,18.067009833289067,18.575550301848484,18.02348006203912,18.571348190307617,598351600.0,0.03182400547664743,72.64826305821288,640043600.0,0.0,0.0,0.0,0.0,0.0,0.0,0.0,0.0,18.892257690429688,1
2012-04-03,18.831616473770605,18.97901740488364,18.687821245287285,18.892257690429688,834559600.0,0.01727981710501525,69.3884366246239,685529600.0,0.0,0.0,0.0,0.0,0.0,0.0,0.0,0.0,18.741857528686523,0
2012-04-04,18.74305836076021,18.788388569106598,18.52240987614964,18.741857528686523,572980800.0,-0.007960941683499922,68.93127448129776,669033680.0,0.0,0.0,0.0,0.0,0.0,0.0,0.0,0.0,19.02314758300781,1
2012-04-05,18.82201221506522,19.052567167733383,18.71454014735438,19.02314758300781,641298000.0,0.015008653965634888,71.40354485319162,675645600.0,0.0,0.0,0.0,0.0,0.0,0.0,0.0,0.0,19.099706649780277,1
2012-04-09,18.796503620065916,19.208079792456125,18.771587544997487,19.099706649780277,597536800.0,0.004024521517188573,67.52580165970369,648945360.0,0.0,0.0,0.0,0.0,0.0,0.0,0.0,0.0,18.865842819213867,0
2012-04-10,19.21077344061881,19.332955307390755,18.792593660596427,18.865842819213867,889725200.0,-0.012244367667767264,61.11993350034737,707220080.0,0.0,0.0,0.0,0.0,0.0,0.0,0.0,0.0,18.79860115051269,0
2012-04-11,19.09880283111648,19.11891557095164,18.71274243736863,18.79860115051269,696614800.0,-0.003564201681606982,61.90106646404774,679631120.0,0.0,0.0,0.0,0.0,0.0,0.0,0.0,0.0,18.695629119873047,0
2012-04-12,18.7625743156594,18.95260241272255,18.6274830918316,18.695629119873047,614336800.0,-0.005477643246707076,61.81535978591551,687902320.0,0.0,0.0,0.0,0.0,0.0,0.0,0.0,0.0,18.169078826904297,0
2012-04-13,18.735858907267268,18.7535715864024,18.117444635718027,18.169078826904297,859644800.0,-0.02816435272611595,54.46993748692071,731571680.0,0.0,0.0,0.0,0.0,0.0,0.0,0.0,0.0,17.41556739807129,0
2012-04-16,18.31406863198632,18.320672405869924,17.35912990153066,17.41556739807129,1050786800.0,-0.04147218667559682,40.009628714384995,822221680.0,0.0,0.0,0.0,0.0,0.0,0.0,0.0,0.0,18.30327033996582,1
2012-04-17,17.379852582440325,18.31227578219432,17.16881067709833,18.30327033996582,1025528000.0,0.05097180709672666,49.18145128897655,849382240.0,0.0,0.0,0.0,0.0,0.0,0.0,0.0,0.0,18.262439727783203,0
2012-04-18,18.423947658170604,18.619979916745603,18.093425393356878,18.262439727783203,954531200.0,-0.0022307823369390745,47.702071683683634,900965520.0,0.0,0.0,0.0,0.0,0.0,0.0,0.0,0.0,17.63501739501953,0
2012-04-19,18.01867445905792,18.15406548180724,17.547358249038076,17.63501739501953,834719200.0,-0.03435588793808064,43.87313755872969,945042000.0,0.0,0.0,0.0,0.0,0.0,0.0,0.0,0.0,17.200923919677734,0
2012-04-20,17.753293798699154,17.850559584810377,17.124072277012054,17.200923919677734,1030985200.0,-0.02461542654697879,42.66157246027942,979310080.0,0.0,0.0,0.0,0.0,0.0,0.0,0.0,0.0,17.16250228881836,0
2012-04-23,17.129781612248273,17.3117037001058,16.709799728164285,17.16250228881836,966529200.0,-0.002233695761855059,34.96927106149839,962458560.0,0.0,0.0,0.0,0.0,0.0,0.0,0.0,0.0,16.81967544555664,0
2012-04-24,16.88962193211648,17.042124447658303,16.661168767729897,16.81967544555664,1076149200.0,-0.019975341444532613,27.74674393208251,972582800.0,0.0,0.0,0.0,0.0,0.0,0.0,0.0,0.0,18.3122673034668,1
2012-04-25,18.48158140300159,18.55242888525601,18.19218731419566,18.3122673034668,905777600.0,0.08874082396782912,47.66000738268386,962832080.0,0.0,0.0,0.0,0.0,0.0,0.0,0.0,0.0,18.24323463439941,0
2012-04-26,18.440466210881247,18.45307575688214,18.076022274614424,18.24323463439941,536068400.0,-0.003769749967242997,44.66094952460144,903101920.0,0.0,0.0,0.0,0.0,0.0,0.0,0.0,0.0,18.102127075195312,0
2012-04-27,18.164270531719268,18.197592417129705,18.027077480413368,18.102127075195312,406722400.0,-0.007734788376729251,42.91573573577888,778249360.0,0.0,0.0,0.0,0.0,0.0,0.0,0.0,0.0,17.53114891052246,0
2012-04-30,17.94602763716947,17.964040121012047,17.50172932186992,17.53114891052246,506144800.0,-0.03154204819693496,40.51417798267625,686172480.0,0.0,0.0,0.0,0.0,0.0,0.0,0.0,0.0,17.475608825683594,0
2012-05-01,17.558764438248183,17.91480231105857,17.448590907104563,17.475608825683594,610999200.0,-0.003168080148217234,40.56076940799164,593142480.0,0.0,0.0,0.0,0.0,0.0,0.0,0.0,0.0,17.5911865234375,1
2012-05-02,17.41887112627166,17.633815261100136,17.377443220701593,17.5911865234375,427389200.0,0.006613657864900535,42.34117566565912,497464800.0,0.0,0.0,0.0,0.0,0.0,0.0,0.0,0.0,17.46630096435547,0
2012-05-03,17.726876685463303,17.75389460247622,17.4206709539054,17.46630096435547,390549600.0,-0.007099325501190079,45.089567494086076,468361040.0,0.0,0.0,0.0,0.0,0.0,0.0,0.0,0.0,16.9688663482666,0
2012-05-04,17.32400474525071,17.36242976042153,16.966464684615502,16.9688663482666,529992400.0,-0.02847967735721557,46.97004311286597,493015040.0,0.0,0.0,0.0,0.0,0.0,0.0,0.0,0.0,17.095855712890625,1
2012-05-07,16.856295316136915,17.194622150775377,16.848189298509077,17.095855712890625,460118400.0,0.007483668149522282,38.366294742484996,483809760.0,0.0,0.0,0.0,0.0,0.0,0.0,0.0,0.0,17.056835174560547,0
2012-05-08,17.098862709599178,17.156501067429872,16.77314530493056,17.056835174560547,497252000.0,-0.002282455993159571,38.358899865764855,461060320.0,0.0,0.0,0.0,0.0,0.0,0.0,0.0,0.0,17.08684730529785,1
2012-05-09,16.92233812761915,17.23094554504626,16.83678084989939,17.08684730529785,480704000.0,0.0017595368912322051,44.4154785892851,471723280.0,0.0,0.0,0.0,0.0,0.0,0.0,0.0,0.0,17.127079010009766,1
2012-05-10,17.24896108864641,17.28798733839218,17.064638934313486,17.127079010009766,333200000.0,0.002354542297539064,50.15641380126095,460253360.0,0.0,0.0,0.0,0.0,0.0,0.0,0.0,0.0,17.0126953125,0
2012-05-11,16.961360956190536,17.245651868758276,16.94184784052039,17.0126953125,399546000.0,-0.006678529213470341,49.132274579631236,434164080.0,0.0,0.0,0.0,0.0,0.0,0.0,0.0,0.0,16.757829666137695,0
2012-05-14,16.8884173612446,17.0367161287358,16.739217568798207,16.757829666137695,352626400.0,-0.014980909355088667,50.28602112920765,412665680.0,0.0,0.0,0.0,0.0,0.0,0.0,0.0,0.0,16.606229782104492,0
2012-05-15,16.854797259476772,16.907932084909383,16.563601036904213,16.606229782104492,476336000.0,-0.009046510619423409,13.693457059390724,408482480.0,0.0,0.0,0.0,0.0,0.0,0.0,0.0,0.0,16.393383026123047,0
2012-05-16,16.63264358751175,16.717901054818537,16.24208140318356,16.393383026123047,560896000.0,-0.012817283560102033,12.821230025799352,424520880.0,0.0,0.0,0.0,0.0,0.0,0.0,0.0,0.0,15.914271354675291,0
2012-05-17,16.370276736790114,16.436021122691482,15.914271354675291,15.914271354675291,717220000.0,-0.029225918206405965,11.136284719490291,501324880.0,0.0,0.0,0.0,0.0,0.0,0.0,0.0,0.0,15.922067642211914,1
2012-05-18,16.029539704560463,16.313229459257908,15.675903487826702,15.922067642211914,732292400.0,0.000489892836616157,14.116319137560836,567874160.0,0.0,0.0,0.0,0.0,0.0,0.0,0.0,0.0,16.849689483642578,1
2012-05-21,16.045752440963337,16.857495693841557,16.032241877532083,16.849689483642578,631106000.0,0.058260136954285446,41.030332993272495,623570080.0,0.0,0.0,0.0,0.0,0.0,0.0,0.0,0.0,16.720306396484375,0
2012-05-22,17.097957716038934,17.227945802366673,16.58851786341466,16.720306396484375,694870400.0,-0.007678662997547048,37.29266163849043,667276960.0,0.0,0.0,0.0,0.0,0.0,0.0,0.0,0.0,17.128280639648438,1
2012-05-23,16.73621611049054,17.19552564482734,16.608031672108236,17.128280639648438,584897600.0,0.024399926262705485,46.00795561782013,672077280.0,0.0,0.0,0.0,0.0,0.0,0.0,0.0,0.0,16.970975875854492,0
2012-05-24,17.28768779757855,17.306601308191773,16.848192770251107,16.970975875854492,496230000.0,-0.009183920272173518,50.764435064406044,627879280.0,0.0,0.0,0.0,0.0,0.0,0.0,0.0,0.0,16.880014419555664,0
2012-05-25,16.949061480719696,16.98688689957968,16.7653373305794,16.880014419555664,328507200.0,-0.005359824736316021,47.29295300742877,547122240.0,0.0,0.0,0.0,0.0,0.0,0.0,0.0,0.0,17.17961311340332,1
2012-05-29,17.13848661213693,17.23154870836759,16.970674711016038,17.17961311340332,380508800.0,0.017748722625530844,52.51049632701611,497002800.0,0.0,0.0,0.0,0.0,0.0,0.0,0.0,0.0,17.386751174926758,1
2012-05-30,17.08745057063766,17.411367432764894,17.00819725073974,17.386751174926758,529429600.0,0.01205720176328251,54.836092592964086,463914640.0,0.0,0.0,0.0,0.0,0.0,0.0,0.0,0.0,17.343524932861328,0
2012-05-31,17.43388395726965,17.456699771257494,17.155298876392017,17.343524932861328,491674400.0,-0.0024861598139027663,53.682784917899426,445270000.0,0.0,0.0,0.0,0.0,0.0,0.0,0.0,0.0,16.840988159179688,0
2012-06-01,17.08625296543862,17.19102358790048,16.826879580966335,16.840988159179688,520987600.0,-0.028975469267465193,48.539219715168194,450221520.0,0.0,0.0,0.0,0.0,0.0,0.0,0.0,0.0,16.940044403076172,1
2012-06-04,16.85628919872229,17.03640914174684,16.466028520545805,16.940044403076172,556995600.0,0.005881854613293047,53.144736628600064,495919200.0,0.0,0.0,0.0,0.0,0.0,0.0,0.0,0.0,16.896215438842773,0
2012-06-05,16.849384604733547,17.00548952275981,16.761125877663613,16.896215438842773,388214400.0,-0.0025872992532085526,54.725530973072566,497460320.0,0.0,0.0,0.0,0.0,0.0,0.0,0.0,0.0,17.155303955078125,1
2012-06-06,17.04452914527087,17.22705090146543,16.976383093647616,17.155303955078125,401455600.0,0.01533411533329132,61.0790715504987,471865520.0,0.0,0.0,0.0,0.0,0.0,0.0,0.0,0.0,17.16309928894043,1
2012-06-07,17.33031154063982,17.331210962220737,17.12647471390571,17.16309928894043,379766800.0,0.0004543978866662357,70.52276111353135,449484000.0,0.0,0.0,0.0,0.0,0.0,0.0,0.0,0.0,17.421276092529297,1
2012-06-08,17.159501059720256,17.429082304234164,17.08144856215613,17.421276092529297,347516400.0,0.01504255142049038,72.61072258167229,414789760.0,0.0,0.0,0.0,0.0,0.0,0.0,0.0,0.0,17.146587371826172,0
2012-06-11,17.643419146933724,17.666834567437853,17.13037533949904,17.146587371826172,591264800.0,-0.015767428243727677,55.792921531426785,421643600.0,0.0,0.0,0.0,0.0,0.0,0.0,0.0,0.0,17.2963924407959,1
2012-06-12,17.245359472935572,17.310201210617173,17.012402816562577,17.2963924407959,435380400.0,0.00873672794015401,60.75976771892766,431076800.0,0.0,0.0,0.0,0.0,0.0,0.0,0.0,0.0,17.176307678222656,0
2012-06-13,17.24715516110195,17.36603431946395,17.122871457259386,17.176307678222656,293580000.0,-0.006942763526225582,51.34850832604237,409501680.0,0.0,0.0,0.0,0.0,0.0,0.0,0.0,0.0,17.157394409179688,0
2012-06-14,17.1486887781023,17.2165349836148,17.029210003741316,17.157394409179688,345573200.0,-0.0011011254221388045,54.345710217476736,402662960.0,0.0,0.0,0.0,0.0,0.0,0.0,0.0,0.0,17.235450744628906,1
2012-06-15,17.141487624842235,17.25016053892393,17.097957856460308,17.235450744628906,335255200.0,0.004549428286585,57.970331625857774,400210720.0,0.0,0.0,0.0,0.0,0.0,0.0,0.0,0.0,17.585182189941406,1
2012-06-18,17.14028592837568,17.6485248797658,17.122573254372796,17.585182189941406,440412000.0,0.020291401164630907,58.73254200611924,370040160.0,0.0,0.0,0.0,0.0,0.0,0.0,0.0,0.0,17.634117126464844,1
2012-06-19,17.51373571013824,17.71186820078196,17.504730270835218,17.634117126464844,361404400.0,0.0027827369654109813,55.80942681416704,355244960.0,0.0,0.0,0.0,0.0,0.0,0.0,0.0,0.0,17.583988189697266,0
2012-06-20,17.65813678704938,17.689358430432698,17.435687788497873,17.583988189697266,358943200.0,-0.0028427244986564126,55.65785649718931,368317600.0,0.0,0.0,0.0,0.0,0.0,0.0,0.0,0.0,17.341718673706055,0
2012-06-21,17.57497508375543,17.6584305045315,17.33481348875807,17.341718673706055,326351200.0,-0.01377784797041437,62.944009592197865,364473200.0,0.0,0.0,0.0,0.0,0.0,0.0,0.0,0.0,17.474708557128906,1
2012-06-22,17.382847309335272,17.47741002845432,17.274174412688048,17.474708557128906,284471600.0,0.007668783349858765,63.505740074134565,354316480.0,0.0,0.0,0.0,0.0,0.0,0.0,0.0,0.0,17.134578704833984,0
2012-06-25,17.330609298625227,17.405660489476332,17.122570386038063,17.134578704833984,304382400.0,-0.019464121600824336,55.55229931000596,327110560.0,0.0,0.0,0.0,0.0,0.0,0.0,0.0,0.0,17.172407150268555,1
2012-06-26,17.15139178702847,17.246255919078806,17.031311784285425,17.172407150268555,276536400.0,0.0022077254472501195,50.75546483348216,310136960.0,0.0,0.0,0.0,0.0,0.0,0.0,0.0,0.0,17.246559143066406,1
2012-06-27,17.26156874557111,17.31380415031431,17.169107862634892,17.246559143066406,202997200.0,0.004318089604385511,52.27160526073733,278947760.0,0.0,0.0,0.0,0.0,0.0,0.0,0.0,0.0,17.082950592041016,0
2012-06-28,17.16160431379018,17.231550798073847,16.97968221059608,17.082950592041016,282836400.0,-0.00948644594369219,42.15108333805772,270244800.0,0.0,0.0,0.0,0.0,0.0,0.0,0.0,0.0,17.531747817993164,1
2012-06-29,17.35162620979795,17.531747817993164,17.239051006299505,17.531747817993164,421500800.0,0.02627164572853391,58.89728205544205,297650640.0,0.0,0.0,0.0,0.0,0.0,0.0,0.0,0.0,17.787519454956055,1
2012-07-02,17.55366340537107,17.816038016150163,17.51974029786566,17.787519454956055,400092000.0,0.01458905521675291,60.66219277348332,316792560.0,0.0,0.0,0.0,0.0,0.0,0.0,0.0,0.0,17.99435806274414,1
2012-07-03,17.858367425115617,18.01207073828256,17.83195072029605,17.99435806274414,241712800.0,0.011628299736333059,66.89427259354389,309827840.0,0.0,0.0,0.0,0.0,0.0,0.0,0.0,0.0,18.310474395751957,1
2012-07-05,18.028884797114134,18.44256275898164,18.001567061265828,18.310474395751957,484383200.0,0.017567524882274643,71.05598756750575,366105040.0,0.0,0.0,0.0,0.0,0.0,0.0,0.0,0.0,18.188587188720703,0
2012-07-06,18.22491195936185,18.26543884077894,18.05950174456781,18.188587188720703,418930400.0,-0.006656693016076742,67.26617326891876,393323840.0,0.0,0.0,0.0,0.0,0.0,0.0,0.0,0.0,18.429054260253903,1
2012-07-09,18.17118149684161,18.429354067562592,18.13545793292656,18.429054260253903,379405600.0,0.0132207669038924,65.74830089238439,384904800.0,0.0,0.0,0.0,0.0,0.0,0.0,0.0,0.0,18.258529663085938,0
2012-07-10,18.551524592911345,18.60856329922977,18.17147016311396,18.258529663085938,511957600.0,-0.009253030283585262,61.32129685789414,407277920.0,0.0,0.0,0.0,0.0,0.0,0.0,0.0,0.0,18.14505958557129,0
2012-07-11,18.19579273989221,18.242023976082265,17.92861480090621,18.14505958557129,469322000.0,-0.006214633905820777,60.04749254567024,452799760.0,0.0,0.0,0.0,0.0,0.0,0.0,0.0,0.0,17.979045867919922,0
2012-07-12,18.01927293825341,18.11623731646748,17.792320500237082,17.979045867919922,428041600.0,-0.00914925172157488,61.80996894519821,441531440.0,0.0,0.0,0.0,0.0,0.0,0.0,0.0,0.0,18.16127014160156,1
2012-07-13,18.10063052243391,18.2279139215651,18.012070353129978,18.16127014160156,311427200.0,0.010135369530748006,62.398114809343554,420030800.0,0.0,0.0,0.0,0.0,0.0,0.0,0.0,0.0,18.21950912475586,1
2012-07-16,18.16577308976379,18.360902698107317,18.162770207837,18.21950912475586,301260400.0,0.0032067681775678203,71.67577875199063,404401760.0,0.0,0.0,0.0,0.0,0.0,0.0,0.0,0.0,18.220415115356445,1
2012-07-17,18.33599163122251,18.35730680799621,18.106637443291817,18.220415115356445,293624800.0,4.9726400112248825e-05,71.244563190357,360735200.0,0.0,0.0,0.0,0.0,0.0,0.0,0.0,0.0,18.200000762939453,0
2012-07-18,18.209907229718816,18.26244244632769,18.118945375180218,18.200000762939453,252700000.0,-0.0011204109394734596,69.77222616231037,317410800.0,0.0,0.0,0.0,0.0,0.0,0.0,0.0,0.0,18.441953659057617,1
2012-07-19,18.350692042888785,18.472873876358744,18.192185447239435,18.441953659057617,436861600.0,0.01329411461404173,77.24456513712778,319174800.0,0.0,0.0,0.0,0.0,0.0,0.0,0.0,0.0,18.14115333557129,0
2012-07-20,18.403228081717103,18.44555700502021,18.12314085722456,18.14115333557129,397471200.0,-0.016310653906159933,63.2129638921502,336383600.0,0.0,0.0,0.0,0.0,0.0,0.0,0.0,0.0,18.12704467773437,0
2012-07-23,17.84395454819234,18.18918653079826,17.643120608363812,18.12704467773437,487975600.0,-0.0007777155937077618,58.27262570962566,373726640.0,0.0,0.0,0.0,0.0,0.0,0.0,0.0,0.0,18.039691925048828,0
2012-07-24,18.233620733537823,18.302667790376407,17.967342178515405,18.039691925048828,565132400.0,-0.004818918595861366,51.419344709012584,428028160.0,0.0,0.0,0.0,0.0,0.0,0.0,0.0,0.0,17.260663986206055,0
2012-07-25,17.2453545811648,17.43568083529219,17.11146422261362,17.260663986206055,877312800.0,-0.0431841043671628,29.04586835934704,552950720.0,0.0,0.0,0.0,0.0,0.0,0.0,0.0,0.0,17.257965087890625,0
2012-07-26,17.40446179897966,17.42367511318695,17.122274262796008,17.257965087890625,406632800.0,-0.00015636121052975405,30.488340254091696,546904960.0,0.0,0.0,0.0,0.0,0.0,0.0,0.0,0.0,17.566572189331055,1
2012-07-27,17.261868627924272,17.586686529894312,17.159199877646103,17.566572189331055,403936400.0,0.017882009835387125,32.87862719080009,548198000.0,0.0,0.0,0.0,0.0,0.0,0.0,0.0,0.0,17.862871170043945,1
2012-07-30,17.739488467189542,17.995259312773776,17.646424773322895,17.862871170043945,379142400.0,0.016867205367069094,42.911487089123675,526431360.0,0.0,0.0,0.0,0.0,0.0,0.0,0.0,0.0,18.335084915161133,1
2012-07-31,18.109033487438555,18.36330527056677,18.093724080907,18.335084915161133,462327600.0,0.026435489604218265,53.78034450776377,505870400.0,0.0,0.0,0.0,0.0,0.0,0.0,0.0,0.0,18.216503143310547,0
2012-08-01,18.4896867930556,18.50439658322668,18.1021259072784,18.216503143310547,384501600.0,-0.006467478738128585,54.67779936746848,407308160.0,0.0,0.0,0.0,0.0,0.0,0.0,0.0,0.0,18.245925903320312,1
2012-08-02,18.09732733662917,18.33298382760117,18.019574658891216,18.245925903320312,332158400.0,0.0016151705834150931,52.14041853763918,392413280.0,0.0,0.0,0.0,0.0,0.0,0.0,0.0,0.0,18.483386993408203,1
2012-08-03,18.42124513013055,18.55183282485943,18.35910326685289,18.483386993408203,344920800.0,0.013014471907105474,55.03801400709643,380610160.0,0.0,0.0,0.0,0.0,0.0,0.0,0.0,0.0,18.68902015686035,1
2012-08-06,18.531113164013533,18.75866680507806,18.470173749664067,18.68902015686035,302103200.0,0.011125296652906957,57.91535469344332,365202320.0,0.0,0.0,0.0,0.0,0.0,0.0,0.0,0.0,18.63979148864746,0
2012-08-07,18.695627779635885,18.76257297062312,18.553632982955964,18.63979148864746,290446800.0,-0.0026340957310605484,57.41321217350985,330826160.0,0.0,0.0,0.0,0.0,0.0,0.0,0.0,0.0,18.608272552490234,0
2012-08-08,18.59416237179114,18.728953796867348,18.5254167249105,18.608272552490234,244706000.0,-0.0016909489666997457,53.34377563293295,302867040.0,0.0,0.0,0.0,0.0,0.0,0.0,0.0,0.0,18.714393615722656,1
2012-08-09,18.62756409434447,18.744543314163263,18.62605701195513,18.714393615722656,221642400.0,0.0057028970815573565,60.80017363334998,280763840.0,0.0,0.0,0.0,0.0,0.0,0.0,0.0,0.0,18.743640899658203,1
2012-08-10,18.653496107127324,18.745449076738407,18.653195012635788,18.743640899658203,194938800.0,0.00156282295521315,61.50890675310898,250767440.0,0.0,0.0,0.0,0.0,0.0,0.0,0.0,0.0,18.993879318237305,1
2012-08-13,18.794595002124456,18.993879318237305,18.79037323838032,18.993879318237305,278832400.0,0.013350576865974073,66.52028699583587,246113280.0,0.0,0.0,0.0,0.0,0.0,0.0,0.0,0.0,19.044828414916992,1
2012-08-14,19.05025616631584,19.25346113147144,19.00020846630687,19.044828414916992,340169200.0,0.0026823955141574984,90.96531345094623,256057760.0,0.0,0.0,0.0,0.0,0.0,0.0,0.0,0.0,19.01890182495117,0
2012-08-15,19.03307258835918,19.114474373935263,18.92604395692446,19.01890182495117,257342400.0,-0.0013613454214960186,90.06973545758095,258585040.0,0.0,0.0,0.0,0.0,0.0,0.0,0.0,0.0,19.18502616882324,1
2012-08-16,19.0303617916676,19.197688240946587,19.008955096743914,19.18502616882324,254534000.0,0.008734696955748023,89.26762214311506,265163360.0,0.0,0.0,0.0,0.0,0.0,0.0,0.0,0.0,19.53986930847168,1
2012-08-17,19.295361348844587,19.54228128378725,19.259484423623253,19.53986930847168,442761200.0,0.01849583818786149,89.41978168244773,314727840.0,0.0,0.0,0.0,0.0,0.0,0.0,0.0,0.0,20.053607940673828,1
2012-08-20,19.59715209714892,20.053607940673828,19.593835228696204,20.053607940673828,613384800.0,0.026291815164772414,89.40653223678805,381638320.0,0.0,0.0,0.0,0.0,0.0,0.0,0.0,0.0,19.779563903808597,0
2012-08-21,20.22456392692036,20.34696932450336,19.60680970216334,19.779563903808597,812719600.0,-0.013665572682778904,84.12836065138578,476148400.0,0.0,0.0,0.0,0.0,0.0,0.0,0.0,0.0,20.165760040283203,1
2012-08-22,19.73010711345394,20.169679097177543,19.539867010668228,20.165760040283203,565322800.0,0.01952500764692,86.16113369101984,537744480.0,0.0,0.0,0.0,0.0,0.0,0.0,0.0,0.0,19.977638244628903,0
2012-08-23,20.08255597725952,20.196820519145994,19.93301668995061,19.977638244628903,420128800.0,-0.009328772894178439,78.93477946696927,570863440.0,0.0,0.0,0.0,0.0,0.0,0.0,0.0,0.0,19.995420455932617,1
2012-08-24,19.88356791740483,20.18415350073128,19.764178358481335,19.995420455932617,437340400.0,0.0008901057815728919,77.22248695384972,569779280.0,0.0,0.0,0.0,0.0,0.0,0.0,0.0,0.0,20.37108039855957,1
2012-08-27,20.501021154930218,20.52755288628106,20.30656085693076,20.37108039855957,427008400.0,0.018787298994530355,81.66634522133941,532504000.0,0.0,0.0,0.0,0.0,0.0,0.0,0.0,0.0,20.34454917907715,0
2012-08-28,20.349975319197423,20.38374297812991,20.22003294942687,20.34454917907715,267416800.0,-0.0013023962874496586,81.89031001217364,423443440.0,0.0,0.0,0.0,0.0,0.0,0.0,0.0,0.0,20.3044548034668,0
2012-08-29,20.35812046775738,20.43108033112369,20.278225770424683,20.3044548034668,202806800.0,-0.0019707674649080964,79.97174834874583,350940240.0,0.0,0.0,0.0,0.0,0.0,0.0,0.0,0.0,20.01501846313477,0
2012-08-30,20.219128264560588,20.246563277943476,19.984266580946866,20.01501846313477,302699600.0,-0.014254819601588697,72.19643972835296,327454400.0,0.0,0.0,0.0,0.0,0.0,0.0,0.0,0.0,20.05632209777832,1
2012-08-31,20.116920965669305,20.15762184202568,19.815430488011867,20.05632209777832,338321200.0,0.0020636321030444993,69.94450436754309,307650560.0,0.0,0.0,0.0,0.0,0.0,0.0,0.0,0.0,20.34967613220215,1
2012-09-04,20.072004253901596,20.354801178380704,20.034016439107155,20.34967613220215,367892000.0,0.01462651192943909,72.31720564293994,295827280.0,0.0,0.0,0.0,0.0,0.0,0.0,0.0,0.0,20.206775665283203,0
2012-09-05,20.367771069342083,20.391287034861087,20.18778094804748,20.206775665283203,336375200.0,-0.007022247724759345,69.70901259552005,309618960.0,0.0,0.0,0.0,0.0,0.0,0.0,0.0,0.0,20.38887405395508,1
2012-09-06,20.29541238553532,20.449775651762145,20.22395959878922,20.38887405395508,391196400.0,0.009011748914733442,69.76238554301241,347296880.0,0.0,0.0,0.0,0.0,0.0,0.0,0.0,0.0,20.514583587646484,1
2012-09-07,20.442525436298723,20.576087336337785,20.37378737317028,20.514583587646484,329666400.0,0.0061655946943777185,67.18943207430078,352690240.0,0.0,0.0,0.0,0.0,0.0,0.0,0.0,0.0,19.980955123901367,0
2012-09-10,20.514893816834785,20.600515742079107,19.961659316463415,19.980955123901367,487998000.0,-0.026012151865780875,49.14025879468269,382625600.0,0.0,0.0,0.0,0.0,0.0,0.0,0.0,0.0,19.9161319732666,0
2012-09-11,20.0524053758946,20.202847927729504,19.79282173203233,19.9161319732666,503983200.0,-0.003244246845698795,52.95610387913387,409843840.0,0.0,0.0,0.0,0.0,0.0,0.0,0.0,0.0,20.193504333496094,1
2012-09-12,20.104866630316423,20.196821203042877,19.77775083711596,20.193504333496094,712233200.0,0.013927019594056178,50.908388576008825,485015440.0,0.0,0.0,0.0,0.0,0.0,0.0,0.0,0.0,20.591169357299805,1
2012-09-13,20.42203317775974,20.66714498458123,20.34364557468745,20.591169357299805,598360000.0,0.019692719858636965,61.28218902234286,526448160.0,0.0,0.0,0.0,0.0,0.0,0.0,0.0,0.0,20.841398239135746,1
2012-09-14,20.80160226393761,21.01324742318235,20.73919201168585,20.841398239135746,600474000.0,0.012152242424601889,64.18464133834313,580609680.0,0.0,0.0,0.0,0.0,0.0,0.0,0.0,0.0,21.097671508789062,1
2012-09-17,21.08470673729839,21.09827369762879,20.941801207134063,21.097671508789062,398031200.0,0.01229635683329966,62.56733615114792,562616320.0,0.0,0.0,0.0,0.0,0.0,0.0,0.0,0.0,21.161895751953125,1
2012-09-18,21.10069305677512,21.17455782332404,20.99637748989981,21.161895751953125,373503200.0,0.0030441389296116395,63.91069643267452,536520320.0,0.0,0.0,0.0,0.0,0.0,0.0,0.0,0.0,21.167612075805664,1
2012-09-19,21.11213826008104,21.224592973395968,21.09133537791803,21.167612075805664,326874800.0,0.000270123429372493,64.85448786226814,459448640.0,0.0,0.0,0.0,0.0,0.0,0.0,0.0,0.0,21.06511116027832,0
2012-09-20,21.07897921589916,21.10611474839398,20.91195391904885,21.06511116027832,336568400.0,-0.004842346654892693,69.39743787610065,407090320.0,0.0,0.0,0.0,0.0,0.0,0.0,0.0,0.0,21.10702133178711,1
2012-09-21,21.176967029966185,21.25716282171142,21.08501245196368,21.10702133178711,571589200.0,0.001989553778753317,69.38055748081584,401313360.0,0.0,0.0,0.0,0.0,0.0,0.0,0.0,0.0,20.826635360717773,0
2012-09-24,20.708150651679876,20.95718156098922,20.59177521423668,20.826635360717773,639766400.0,-0.013284014198965854,59.07998185168414,449660400.0,0.0,0.0,0.0,0.0,0.0,0.0,0.0,0.0,20.306564331054688,0
2012-09-25,20.75035664229869,20.886631675602807,20.290282688056774,20.306564331054688,518789600.0,-0.02497143780814537,52.05273303903912,478717680.0,0.0,0.0,0.0,0.0,0.0,0.0,0.0,0.0,20.054519653320312,0
2012-09-26,20.161849366608244,20.280937865598656,19.934526260784125,20.054519653320312,576503200.0,-0.01241198036385327,45.065443451644065,528643360.0,0.0,0.0,0.0,0.0,0.0,0.0,0.0,0.0,20.54112434387207,1
2012-09-27,20.02768740893813,20.56675118745979,19.908900000940896,20.54112434387207,594090000.0,0.02426409103601701,50.832374357063216,580147680.0,0.0,0.0,0.0,0.0,0.0,0.0,0.0,0.0,20.11240005493164,0
2012-09-28,20.46363551728357,20.5347871810301,20.10184726008677,20.11240005493164,535110800.0,-0.020871510330364607,52.39466198871527,572852000.0,0.0,0.0,0.0,0.0,0.0,0.0,0.0,0.0,19.879955291748047,0
2012-10-01,20.23480880529855,20.403342809494987,19.79282467196715,19.879955291748047,543594800.0,-0.011557286179110005,49.91390261803598,553617680.0,0.0,0.0,0.0,0.0,0.0,0.0,0.0,0.0,19.93784523010254,1
2012-10-02,19.95291927805961,20.089796528308547,19.61645660924983,19.93784523010254,627992400.0,0.0029119752788639985,46.561317991390105,575458240.0,0.0,0.0,0.0,0.0,0.0,0.0,0.0,0.0,20.243547439575195,1
2012-10-03,20.044866998782265,20.25591002142203,19.97763439034304,20.243547439575195,424281200.0,0.01533276068424394,45.10694386383521,545013840.0,0.0,0.0,0.0,0.0,0.0,0.0,0.0,0.0,20.103351593017575,0
2012-10-04,20.23751408270458,20.32796153716761,20.06566649543316,20.103351593017575,370725600.0,-0.006925458444281607,38.78674763622105,500340960.0,0.0,0.0,0.0,0.0,0.0,0.0,0.0,0.0,19.674945831298828,0
2012-10-05,20.055125163561804,20.079243317773347,19.63545092478605,19.674945831298828,594006000.0,-0.02131016610521519,29.15638956514421,512120000.0,0.0,0.0,0.0,0.0,0.0,0.0,0.0,0.0,19.24019241333008,0
2012-10-08,19.50279023958184,19.52329203380509,19.17808484177794,19.24019241333008,637994000.0,-0.02209680380807666,24.458383016507227,530999840.0,0.0,0.0,0.0,0.0,0.0,0.0,0.0,0.0,19.17024803161621,0
2012-10-09,19.254665579920943,19.310139416762063,18.799415584208088,19.17024803161621,838597200.0,-0.0036353265191574335,23.871918394710818,573120800.0,0.0,0.0,0.0,0.0,0.0,0.0,0.0,0.0,19.322799682617188,1
2012-10-10,19.28752494009479,19.445506130165537,19.20491718652936,19.322799682617188,510356000.0,0.00795772964175434,27.678389656092406,590335760.0,0.0,0.0,0.0,0.0,0.0,0.0,0.0,0.0,18.93659210205078,0
2012-10-11,19.491335295383458,19.51243927971881,18.93659210205078,18.93659210205078,546081200.0,-0.019987144042787897,24.31915936883712,625406880.0,0.0,0.0,0.0,0.0,0.0,0.0,0.0,0.0,18.985126495361328,1
2012-10-12,18.98060363943879,19.156070805644088,18.85216998848921,18.985126495361328,460014800.0,0.0025629951286372243,26.94636690119431,598608640.0,0.0,0.0,0.0,0.0,0.0,0.0,0.0,0.0,19.137392044067383,1
2012-10-15,19.064733255327106,19.14854703428129,18.808466354712944,19.137392044067383,432502000.0,0.008020254631606383,33.94569900611771,557510240.0,0.0,0.0,0.0,0.0,0.0,0.0,0.0,0.0,19.590526580810547,1
2012-10-16,19.15577833178862,19.605903331788888,19.02402614306563,19.590526580810547,549771600.0,0.023677966971661357,44.33421681109175,499745120.0,0.0,0.0,0.0,0.0,0.0,0.0,0.0,0.0,19.434349060058597,0
2012-10-17,19.56278433872064,19.68096791656353,19.41595814962097,19.434349060058597,389037600.0,-0.00797209406841215,34.58635434401569,475481440.0,0.0,0.0,0.0,0.0,0.0,0.0,0.0,0.0,19.073469161987305,0
2012-10-18,19.283005141431385,19.357472079967295,18.99387556704156,19.073469161987305,476624400.0,-0.01856917856914342,35.04792738896549,461590080.0,0.0,0.0,0.0,0.0,0.0,0.0,0.0,0.0,18.38607215881348,0
2012-10-19,19.025532379669063,19.04723855277671,18.379438419980787,18.38607215881348,744086000.0,-0.036039432435489016,30.692335569563753,518404320.0,0.0,0.0,0.0,0.0,0.0,0.0,0.0,0.0,19.11536979675293,1
2012-10-22,18.463849910043724,19.15607066937546,18.413802231282503,19.11536979675293,546730800.0,0.039665766110346556,41.5898151729869,541250080.0,0.0,0.0,0.0,0.0,0.0,0.0,0.0,0.0,18.492191314697266,0
2012-10-23,19.02401899172996,19.11145229201736,18.44214524200136,18.492191314697266,707145600.0,-0.03260091165808998,32.62063243267731,572724880.0,0.0,0.0,0.0,0.0,0.0,0.0,0.0,0.0,18.596811294555664,1
2012-10-24,18.73579938488401,18.88985990849701,18.41018909822444,18.596811294555664,558527200.0,0.00565752203608505,35.0514836318774,606622800.0,0.0,0.0,0.0,0.0,0.0,0.0,0.0,0.0,18.377025604248047,0
2012-10-25,18.69238419518389,18.75268359031277,18.256731128694675,18.377025604248047,656325600.0,-0.011818461069826536,36.436217441737654,642563040.0,0.0,0.0,0.0,0.0,0.0,0.0,0.0,0.0,18.20999526977539,0
2012-10-26,18.37370365442342,18.51148572153105,17.818058970597242,18.20999526977539,1018432800.0,-0.009089084276731163,38.5217797298661,697432400.0,0.0,0.0,0.0,0.0,0.0,0.0,0.0,0.0,17.94831085205078,0
2012-10-31,17.935044982549332,18.14850005231596,17.718575747506982,17.94831085205078,510003200.0,-0.014370372635897799,36.784164836515934,690086880.0,0.0,0.0,0.0,0.0,0.0,0.0,0.0,0.0,17.985090255737305,1
2012-11-01,18.035740140497342,18.17985167801453,17.91363748096551,17.985090255737305,361298000.0,0.0020491846831547367,35.17474993745877,620917360.0,0.0,0.0,0.0,0.0,0.0,0.0,0.0,0.0,17.389944076538086,0
2012-11-02,17.965488394481493,17.997446261894577,17.328139222615718,17.389944076538086,599373600.0,-0.033091086602101694,33.294825813481495,629086640.0,0.0,0.0,0.0,0.0,0.0,0.0,0.0,0.0,17.625713348388672,1
2012-11-05,17.59254948519987,17.72068208066045,17.41406649085708,17.625713348388672,529135600.0,0.013557793562354092,36.15770539713167,603648640.0,0.0,0.0,0.0,0.0,0.0,0.0,0.0,0.0,17.572355270385742,0
2012-11-06,17.794856101467214,17.81023124573442,17.4891452923163,17.572355270385742,374917200.0,-0.003027286155644182,33.68347980725804,474945520.0,0.0,0.0,0.0,0.0,0.0,0.0,0.0,0.0,16.89998435974121,0
2012-11-07,17.379725502701653,17.4009258761403,16.831838107101884,16.89998435974121,793648800.0,-0.03826299322422999,22.925837603226725,531674640.0,0.0,0.0,0.0,0.0,0.0,0.0,0.0,0.0,16.28667449951172,0
2012-11-08,16.97963396791227,17.02809380310426,16.212169929130766,16.28667449951172,1056146000.0,-0.036290557859361416,20.718264021331535,670644240.0,0.0,0.0,0.0,0.0,0.0,0.0,0.0,0.0,16.568645477294922,1
2012-11-09,16.367541996984205,16.80548728028836,16.16462046396041,16.568645477294922,929913600.0,0.017312986625455995,26.71937092800124,736752240.0,0.0,0.0,0.0,0.0,0.0,0.0,0.0,0.0,16.44053840637207,0
2012-11-12,16.7833838023514,16.79398480029088,16.31393945798554,16.44053840637207,515802000.0,-0.007731897643558416,29.57867320221321,734085520.0,0.0,0.0,0.0,0.0,0.0,0.0,0.0,0.0,16.44265365600586,1
2012-11-13,16.321809758684424,16.672226490456286,16.24457810057111,16.44265365600586,532949200.0,0.000128660605967168,17.20358861206212,765691920.0,0.0,0.0,0.0,0.0,0.0,0.0,0.0,0.0,16.260324478149414,0
2012-11-14,16.521396159798254,16.580455366469902,16.23912411055855,16.260324478149414,477170400.0,-0.011088792701648087,19.022399708547027,702396240.0,0.0,0.0,0.0,0.0,0.0,0.0,0.0,0.0,15.919297218322754,0
2012-11-15,16.280012441470603,16.33967659301652,15.828438260294485,15.919297218322754,789910800.0,-0.02097296768492729,15.105034185259342,649149200.0,0.0,0.0,0.0,0.0,0.0,0.0,0.0,0.0,15.981695175170898,1
2012-11-16,15.906584014831417,16.051960349844272,15.317507226547992,15.981695175170898,1266893600.0,0.003919642682236324,17.529369954741767,716545200.0,0.0,0.0,0.0,0.0,0.0,0.0,0.0,0.0,17.134103775024414,1
2012-11-19,16.37632979794421,17.187710466213304,16.35119246200291,17.134103775024414,823317600.0,0.07210803279766553,39.82162111504086,778048320.0,0.0,0.0,0.0,0.0,0.0,0.0,0.0,0.0,16.988121032714844,0
2012-11-20,17.321276059030144,17.322487555380167,16.79640699215065,16.988121032714844,642754000.0,-0.008520010397180089,40.69071483359824,800009280.0,0.0,0.0,0.0,0.0,0.0,0.0,0.0,0.0,17.012042999267578,1
2012-11-21,17.08927465354063,17.18376810337375,16.857579690721472,17.012042999267578,373002000.0,0.0014081584718326212,40.54854639831955,779175600.0,0.0,0.0,0.0,0.0,0.0,0.0,0.0,0.0,17.308856964111328,1
2012-11-23,17.17771612389808,17.324001477190457,17.03930630560328,17.308856964111328,272826400.0,0.017447285129512657,49.997627506013714,675758720.0,0.0,0.0,0.0,0.0,0.0,0.0,0.0,0.0,17.854923248291016,1
2012-11-26,17.442115279041037,17.86915711344602,17.375787084903386,17.854923248291016,630579600.0,0.03154837348947526,53.332244131373706,548495920.0,0.0,0.0,0.0,0.0,0.0,0.0,0.0,0.0,17.711063385009766,0
2012-11-27,17.855530666450814,17.88188111297726,17.56932156562734,17.711063385009766,533330000.0,-0.008057153832628172,52.35605578508755,490498400.0,0.0,0.0,0.0,0.0,0.0,0.0,0.0,0.0,17.65533447265625,0
2012-11-28,17.48360773475862,17.741954015723376,17.33187149082512,17.65533447265625,520864400.0,-0.0031465593647348467,60.02690726792378,466120480.0,0.0,0.0,0.0,0.0,0.0,0.0,0.0,0.0,17.84976577758789,1
2012-11-29,17.875813740023556,17.99786746564655,17.725289060923625,17.84976577758789,514698800.0,0.011012609544881036,72.24043227478045,494459840.0,0.0,0.0,0.0,0.0,0.0,0.0,0.0,0.0,17.726205825805664,0
2012-11-30,17.771938592735594,17.820700908808192,17.64746019288437,17.726205825805664,391319600.0,-0.0069222169815453816,67.43354233628659,518158480.0,0.0,0.0,0.0,0.0,0.0,0.0,0.0,0.0,17.753772735595703,1
2012-12-03,17.979712809547316,18.008182171127018,17.73287482345379,17.753772735595703,364280000.0,0.001555150045132958,70.3250084455349,464898560.0,0.0,0.0,0.0,0.0,0.0,0.0,0.0,0.0,17.440595626831055,0
2012-12-04,17.620801170103668,17.620801170103668,17.327929757961247,17.440595626831055,557068400.0,-0.017640031413533763,64.54664401926198,469646240.0,0.0,0.0,0.0,0.0,0.0,0.0,0.0,0.0,16.31818389892578,0
2012-12-05,17.23041985646402,17.24071676932979,16.317577341853106,16.31818389892578,1044638000.0,-0.06435627268248378,51.746748594796415,574400960.0,0.0,0.0,0.0,0.0,0.0,0.0,0.0,0.0,16.574106216430664,1
2012-12-06,16.01985866232033,16.757944756842495,15.707601484451445,16.574106216430664,1177212400.0,0.01568325979717211,58.742107407631515,706903680.0,0.0,0.0,0.0,0.0,0.0,0.0,0.0,0.0,16.150388717651367,0
2012-12-07,16.760665744888943,16.815181453677745,16.051956678180012,16.150388717651367,787040800.0,-0.025565028559986325,52.90479466371338,786047920.0,0.0,0.0,0.0,0.0,0.0,0.0,0.0,0.0,16.0465145111084,0
2012-12-10,15.900531572871262,16.309705316712577,15.79695102265321,16.0465145111084,630484400.0,-0.006431684608893651,35.867333302154066,839288800.0,0.0,0.0,0.0,0.0,0.0,0.0,0.0,0.0,16.39692497253418,1
2012-12-11,16.347860180294035,16.64436783918208,16.275172018545508,16.39692497253418,592345600.0,0.021837169759401975,43.20175134276437,846344240.0,0.0,0.0,0.0,0.0,0.0,0.0,0.0,0.0,16.32453155517578,0
2012-12-12,16.59014512344971,16.597111628367415,16.241848992282076,16.32453155517578,487144000.0,-0.004415060597012022,42.05277524741799,734845440.0,0.0,0.0,0.0,0.0,0.0,0.0,0.0,0.0,16.04256820678711,0
2012-12-13,16.08678700996699,16.283348631842347,15.924752221535105,16.04256820678711,625259600.0,-0.017272369956568445,34.67360799592775,624454880.0,0.0,0.0,0.0,0.0,0.0,0.0,0.0,0.0,15.439860343933104,0
2012-12-14,15.590082618049424,15.692451607288042,15.312354024956974,15.439860343933104,1009579200.0,-0.03756928785249103,20.74355556854904,668962560.0,0.0,0.0,0.0,0.0,0.0,0.0,0.0,0.0,15.713648796081545,1
2012-12-17,15.413810865351234,15.74908464373163,15.180603585894326,15.713648796081545,757607200.0,0.01773257309649323,27.005239293128653,694387120.0,0.0,0.0,0.0,0.0,0.0,0.0,0.0,0.0,16.170074462890625,1
2012-12-18,15.90052224411424,16.200360247650025,15.756659914052795,16.170074462890625,625685200.0,0.029046446992177843,34.965168182557406,701055040.0,0.0,0.0,0.0,0.0,0.0,0.0,0.0,0.0,15.940205574035645,0
2012-12-19,16.096485413530964,16.164025141513726,15.915673170205906,15.940205574035645,449369200.0,-0.014215697607485756,30.63585144610481,693500080.0,0.0,0.0,0.0,0.0,0.0,0.0,0.0,0.0,15.80149269104004,0
2012-12-20,16.051963559672895,16.058021042966818,15.71517557595859,15.80149269104004,481689600.0,-0.008702076165287842,30.442506670682107,664786080.0,0.0,0.0,0.0,0.0,0.0,0.0,0.0,0.0,15.728792190551758,0
2012-12-21,15.521024720003076,15.739089095344347,15.453485047285612,15.728792190551758,596268400.0,-0.00460086283680694,29.57171692688337,582123920.0,0.0,0.0,0.0,0.0,0.0,0.0,0.0,0.0,15.754237174987791,1
2012-12-24,15.759689716221729,15.877806543159773,15.710018375743257,15.754237174987791,175753200.0,0.0016177328893263176,31.934068676915928,465753120.0,0.0,0.0,0.0,0.0,0.0,0.0,0.0,0.0,15.537084579467772,0
2012-12-26,15.7188041764416,15.732737192973708,15.48014586946508,15.537084579467772,302436400.0,-0.013783758179341188,39.32622275607836,401103360.0,0.0,0.0,0.0,0.0,0.0,0.0,0.0,0.0,15.599472045898438,1
2012-12-27,15.553435196548971,15.635512839841407,15.284489546604028,15.599472045898438,455120400.0,0.0040153907968751845,35.90303084914248,402253600.0,0.0,0.0,0.0,0.0,0.0,0.0,0.0,0.0,15.43380355834961,0
2012-12-28,15.45500554876393,15.581906934173292,15.38928228995213,15.43380355834961,354278400.0,-0.01062013426232511,38.69968628200766,376771360.0,0.0,0.0,0.0,0.0,0.0,0.0,0.0,0.0,16.117679595947266,1
2012-12-31,15.462274690079692,16.215506703824303,15.41593698094027,16.117679595947266,659492400.0,0.04431027225480544,51.60624505560217,389416160.0,0.0,0.0,0.0,0.0,0.0,0.0,0.0,0.0,16.628307342529297,1
2013-01-02,16.77338113561854,16.809119453379594,16.404187086938006,16.628307342529297,560518000.0,0.03168121959133785,53.59466145295793,466369120.0,0.0,0.0,0.0,0.0,0.0,0.0,0.0,0.0,16.418418884277344,0
2013-01-03,16.593475963620275,16.64768918134893,16.385103562334535,16.418418884277344,352965200.0,-0.012622358603820882,51.81950089406495,476474880.0,0.0,0.0,0.0,0.0,0.0,0.0,0.0,0.0,15.96109104156494,0
2013-01-04,16.263049484585654,16.313325749741818,15.92565519505588,15.96109104156494,594333600.0,-0.027854560535689132,49.69712291486642,504317520.0,0.0,0.0,0.0,0.0,0.0,0.0,0.0,0.0,15.867209434509276,0
2013-01-07,15.809664169833573,16.030756580190193,15.603714654265543,15.867209434509276,484156400.0,-0.005881904113646308,56.644084034722546,530293120.0,0.0,0.0,0.0,0.0,0.0,0.0,0.0,0.0,15.909910202026367,1
2013-01-08,16.02802864511815,16.109197266037164,15.78694739203704,15.909910202026367,458707200.0,0.0026911327850895894,53.56279274846046,490136080.0,0.0,0.0,0.0,0.0,0.0,0.0,0.0,0.0,15.661252975463867,0
2013-01-09,15.824800048635554,15.900820193544131,15.627633564158844,15.661252975463867,407604400.0,-0.015629077939788072,42.53512250697535,459553360.0,0.0,0.0,0.0,0.0,0.0,0.0,0.0,0.0,15.855396270751951,1
2013-01-10,16.008039927862228,16.013188381948567,15.613404371330857,15.855396270751951,601146000.0,0.012396408869216557,49.240714916479945,509189520.0,0.0,0.0,0.0,0.0,0.0,0.0,0.0,0.0,15.758172988891602,0
2013-01-11,15.779373358345458,15.910211680243869,15.719405120190142,15.758172988891602,350506800.0,-0.006131873350885275,49.893628590158094,460424160.0,0.0,0.0,0.0,0.0,0.0,0.0,0.0,0.0,15.19635772705078,0
2013-01-14,15.224522991146245,15.370505853399036,15.09822815476895,15.19635772705078,734207600.0,-0.03565230958162868,43.00456193144145,510434400.0,0.0,0.0,0.0,0.0,0.0,0.0,0.0,0.0,14.7169189453125,0
2013-01-15,15.091868111442407,15.11276601587448,14.639989747735587,14.7169189453125,876772400.0,-0.03154958512754924,37.31827531264675,594047440.0,0.0,0.0,0.0,0.0,0.0,0.0,0.0,0.0,15.327800750732422,1
2013-01-16,14.981018469918922,15.429262340085158,14.916205852182598,15.327800750732422,690804800.0,0.04150881089241132,48.34741934678012,650687520.0,0.0,0.0,0.0,0.0,0.0,0.0,0.0,0.0,15.22451877593994,0
2013-01-17,15.455607158294937,15.468933612474798,15.204833990484312,15.22451877593994,453678400.0,-0.00673821225054394,46.47836733317891,621194000.0,0.0,0.0,0.0,0.0,0.0,0.0,0.0,0.0,15.143354415893556,0
2013-01-18,15.098529062242998,15.210590020142332,15.034321389363392,15.143354415893556,472922800.0,-0.005331160954305525,47.35637226459567,645677200.0,0.0,0.0,0.0,0.0,0.0,0.0,0.0,0.0,15.287826538085938,1
2013-01-22,15.281466586201828,15.38201755488842,15.041292675860044,15.287826538085938,461546400.0,0.009540298551076187,39.89164546868608,591144960.0,0.0,0.0,0.0,0.0,0.0,0.0,0.0,0.0,15.567670822143556,1
2013-01-23,15.410179571051644,15.597351666543528,15.287821705311876,15.567670822143556,861509600.0,0.018305040507913484,36.42354112871713,588092400.0,0.0,0.0,0.0,0.0,0.0,0.0,0.0,0.0,13.64416217803955,0
2013-01-24,13.931885196065473,14.105428356738706,13.636589115012743,13.64416217803955,1460852400.0,-0.12355789546680251,24.635212334881075,742101920.0,0.0,0.0,0.0,0.0,0.0,0.0,0.0,0.0,13.32252025604248,0
2013-01-25,13.68020686471538,13.817707654570896,13.17472093863094,13.32252025604248,1208026400.0,-0.02357359270580628,24.946782518493762,892971520.0,0.0,0.0,0.0,0.0,0.0,0.0,0.0,0.0,13.623870849609377,1
2013-01-28,13.260430906352768,13.726239846486322,13.20076593499442,13.623870849609377,785517600.0,0.022619638610060777,30.139015717979944,955490480.0,0.0,0.0,0.0,0.0,0.0,0.0,0.0,0.0,13.879491806030272,1
2013-01-29,13.886458314031763,13.93794609733882,13.69322870052301,13.879491806030272,571158000.0,0.01876272604479534,33.16295191287787,977412800.0,0.0,0.0,0.0,0.0,0.0,0.0,0.0,0.0,13.83587646484375,0
2013-01-30,13.841024918526715,14.010631125340575,13.765308843957646,13.83587646484375,417155200.0,-0.0031424307025111897,34.31702816392372,888541920.0,0.0,0.0,0.0,0.0,0.0,0.0,0.0,0.0,13.795291900634766,0
2013-01-31,13.8404197218989,13.910078315108978,13.779846539873072,13.795291900634766,319334400.0,-0.0029332846612288854,31.69815651901986,660238320.0,0.0,0.0,0.0,0.0,0.0,0.0,0.0,0.0,13.73866081237793,0
2013-02-01,13.904935059855022,13.916140997582618,13.579050604080644,13.73866081237793,539484400.0,-0.004105102571568597,31.88312968731465,526529920.0,0.0,0.0,0.0,0.0,0.0,0.0,0.0,0.0,13.3964204788208,0
2013-02-04,13.747443063710902,13.808925291984002,13.386728507764728,13.3964204788208,477117200.0,-0.024910749179336666,32.90064724596003,464849840.0,0.0,0.0,0.0,0.0,0.0,0.0,0.0,0.0,13.866470336914062,1
2013-02-05,13.448816266517088,13.92401560538537,13.39339152105126,13.866470336914062,573347600.0,0.03508772054717091,42.87476925172294,465287760.0,0.0,0.0,0.0,0.0,0.0,0.0,0.0,0.0,13.851624488830566,0
2013-02-06,13.824971579290716,14.128746490199235,13.70715562602132,13.851624488830566,593706400.0,-0.0010706292028747066,34.809113831617495,500598000.0,0.0,0.0,0.0,0.0,0.0,0.0,0.0,0.0,14.2634916305542,1
2013-02-07,14.112089595926,14.317714972363586,13.833959270312713,14.2634916305542,704580800.0,0.029734212189750586,41.543302478710096,577647280.0,0.0,0.0,0.0,0.0,0.0,0.0,0.0,0.0,14.469423294067385,1
2013-02-08,14.439569462520954,14.58609727386859,14.264404749653956,14.469423294067385,633158400.0,0.014437675489783475,44.75461617465745,596382080.0,0.0,0.0,0.0,0.0,0.0,0.0,0.0,0.0,14.620210647583008,1
2013-02-11,14.515722270000696,14.772832822582997,14.416718210376034,14.620210647583008,517490400.0,0.010421103208546612,44.90089203522112,604456720.0,0.0,0.0,0.0,0.0,0.0,0.0,0.0,0.0,14.253742218017578,0
2013-02-12,14.607419794030536,14.6948500257545,14.248867990733526,14.253742218017578,609053200.0,-0.02506587889867462,38.61353382472754,611597840.0,0.0,0.0,0.0,0.0,0.0,0.0,0.0,0.0,14.2266263961792,0
2013-02-13,14.232719178854156,14.428597667848068,14.111171011583464,14.2266263961792,475207600.0,-0.0019023651069052239,60.184972844833744,587898080.0,0.0,0.0,0.0,0.0,0.0,0.0,0.0,0.0,14.21383571624756,0
2013-02-14,14.150776620882038,14.367674854500097,14.135545474060264,14.21383571624756,355275200.0,-0.0008990662702068608,67.17993765605651,518036960.0,0.0,0.0,0.0,0.0,0.0,0.0,0.0,0.0,14.017956733703612,0
2013-02-15,14.282681280505123,14.32258942188668,14.010645393003708,14.017956733703612,391745200.0,-0.013780867209548742,58.22347266392127,469754320.0,0.0,0.0,0.0,0.0,0.0,0.0,0.0,0.0,14.012777328491213,0
2013-02-19,14.046592687600278,14.096247658751002,13.8257345473485,14.012777328491213,435783600.0,-0.0003694836066904239,53.42571606790662,453412960.0,0.0,0.0,0.0,0.0,0.0,0.0,0.0,0.0,13.673421859741213,0
2013-02-20,13.942716486460542,13.942716486460542,13.671897443095776,13.673421859741213,476302400.0,-0.024217573775329515,47.46625719953552,426862800.0,0.0,0.0,0.0,0.0,0.0,0.0,0.0,0.0,13.588428497314451,0
2013-02-21,13.586600661590428,13.683170095492365,13.489727808585211,13.588428497314451,447182400.0,-0.0062159540822044335,46.65563737669981,421257760.0,0.0,0.0,0.0,0.0,0.0,0.0,0.0,0.0,13.733126640319824,1
2013-02-22,13.685604547651304,13.757191919154222,13.604876372394257,13.733126640319824,330654800.0,0.010648629680317434,50.47714695161458,416333680.0,0.0,0.0,0.0,0.0,0.0,0.0,0.0,0.0,13.48911476135254,0
2013-02-25,13.82573333168225,13.864421287848153,13.482107653395998,13.48911476135254,372579200.0,-0.017768122683065934,52.35868727323668,412500480.0,0.0,0.0,0.0,0.0,0.0,0.0,0.0,0.0,13.67707347869873,1
2013-02-26,13.520187136761038,13.755363719974714,13.332534269060282,13.67707347869873,501499600.0,0.013934103213704363,46.446727847068864,425643680.0,0.0,0.0,0.0,0.0,0.0,0.0,0.0,0.0,13.543033599853516,0
2013-02-27,13.660621068711391,13.78277934542184,13.42361829592806,13.543033599853516,587350400.0,-0.009800333313553788,44.184023226804584,447853280.0,0.0,0.0,0.0,0.0,0.0,0.0,0.0,0.0,13.44646453857422,0
2013-02-28,13.527191879347743,13.643560780338843,13.44646453857422,13.44646453857422,322515200.0,-0.00713053398024055,31.57352162992946,422919840.0,0.0,0.0,0.0,0.0,0.0,0.0,0.0,0.0,13.11350440979004,0
2013-03-01,13.342891635669972,13.348375954945704,13.09857749511937,13.11350440979004,552448400.0,-0.02476190881469309,20.970938593995655,467278560.0,0.0,0.0,0.0,0.0,0.0,0.0,0.0,0.0,12.796077728271484,0
2013-03-04,13.032167017862754,13.044352586405212,12.764091017575458,12.796077728271484,582755600.0,-0.02420609103403193,13.604100018591865,509313840.0,0.0,0.0,0.0,0.0,0.0,0.0,0.0,0.0,13.133912086486816,1
2013-03-05,12.839637971839126,13.257288102205887,12.817399719343706,13.133912086486816,638433600.0,0.026401399349812005,28.007652847240422,536700640.0,0.0,0.0,0.0,0.0,0.0,0.0,0.0,0.0,12.966973304748535,0
2013-03-06,13.236572854848731,13.259116152221974,12.929503095572205,12.966973304748535,460250000.0,-0.012710514631054992,26.43793854340872,511280560.0,0.0,0.0,0.0,0.0,0.0,0.0,0.0,0.0,13.116856575012209,1
2013-03-07,12.931639979509743,13.160419580747805,12.8268465185666,13.116856575012209,468473600.0,0.011558847754300938,30.732992024990708,540472240.0,0.0,0.0,0.0,0.0,0.0,0.0,0.0,0.0,13.15158462524414,1
2013-03-08,13.093095516587669,13.26460293906428,13.056843852833174,13.15158462524414,391482000.0,0.0026475893849513543,33.887924966064546,508278960.0,0.0,0.0,0.0,0.0,0.0,0.0,0.0,0.0,13.338933944702148,1
2013-03-11,13.09157255755235,13.37366282065405,12.95113670452697,13.338933944702148,474236000.0,0.014245379914021639,38.51496312400475,486575040.0,0.0,0.0,0.0,0.0,0.0,0.0,0.0,0.0,13.05136013031006,0
2013-03-12,13.2697819933245,13.369701224565132,13.025161968893046,13.05136013031006,465911600.0,-0.021558980319135945,39.01791729222607,452070640.0,0.0,0.0,0.0,0.0,0.0,0.0,0.0,0.0,13.048922538757324,0
2013-03-13,13.0519697445288,13.236271192158242,12.95783825561703,13.048922538757324,405549200.0,-0.00018676915880022626,40.20868053505144,441130480.0,0.0,0.0,0.0,0.0,0.0,0.0,0.0,0.0,13.175345420837402,1
2013-03-14,13.18539729501623,13.240535774215342,13.11289478682778,13.175345420837402,303875600.0,0.00968837708282666,39.91664047407265,408210880.0,0.0,0.0,0.0,0.0,0.0,0.0,0.0,0.0,13.515316009521484,1
2013-03-15,13.34076137779191,13.53268004024558,13.320045908550842,13.515316009521484,643960800.0,0.025803542740245877,50.958809401352816,458706640.0,0.0,0.0,0.0,0.0,0.0,0.0,0.0,0.0,13.882696151733398,1
2013-03-18,13.44798550030745,13.935700916042746,13.440369929351892,13.882696151733398,606197200.0,0.02718250479330986,53.94076789783663,485098880.0,0.0,0.0,0.0,0.0,0.0,0.0,0.0,0.0,13.845232009887695,0
2013-03-19,13.997850973052367,14.042633345533376,13.662755962520032,13.845232009887695,526775200.0,-0.0026986214663371477,55.75815978229008,497271600.0,0.0,0.0,0.0,0.0,0.0,0.0,0.0,0.0,13.771814346313477,0
2013-03-20,13.934489250718473,13.94088626766137,13.69596121357042,13.771814346313477,308660800.0,-0.005302739854542438,56.24589772593482,477893920.0,0.0,0.0,0.0,0.0,0.0,0.0,0.0,0.0,13.791614532470703,1
2013-03-21,13.71515294004197,13.951546452597396,13.711497269626475,13.791614532470703,383255600.0,0.0014377325789702855,64.08767770052029,493769920.0,0.0,0.0,0.0,0.0,0.0,0.0,0.0,0.0,14.071267127990724,1
2013-03-22,13.847971888795112,14.077054052427112,13.803191147970937,14.071267127990724,395105200.0,0.02027700200448712,76.6331172510349,443998800.0,0.0,0.0,0.0,0.0,0.0,0.0,0.0,0.0,14.122146606445312,1
2013-03-25,14.155960350666115,14.316198192072736,14.067313155944069,14.122146606445312,501135600.0,0.0036158419843639322,73.28271415556577,422986480.0,0.0,0.0,0.0,0.0,0.0,0.0,0.0,0.0,14.047811508178713,0
2013-03-26,14.178802303934395,14.190987872588808,14.029228922708658,14.047811508178713,294294000.0,-0.005263725150160492,76.88560180991873,376490240.0,0.0,0.0,0.0,0.0,0.0,0.0,0.0,0.0,13.771814346313477,0
2013-03-27,13.905243885366094,13.915600805472526,13.7306892714705,13.771814346313477,331237200.0,-0.019646986415253975,65.7437551803961,381005520.0,0.0,0.0,0.0,0.0,0.0,0.0,0.0,0.0,13.484848976135254,0
2013-03-28,13.702965737507986,13.763891943587346,13.453167316435758,13.484848976135254,442839600.0,-0.020837150644209768,57.52633087759999,392922320.0,0.0,0.0,0.0,0.0,0.0,0.0,0.0,0.0,13.06597900390625,0
2013-04-01,13.461695910050038,13.516530144291927,13.030337443086353,13.06597900390625,389732000.0,-0.031062266471823086,45.23231251414813,391847680.0,0.0,0.0,0.0,0.0,0.0,0.0,0.0,0.0,13.09278392791748,1
2013-04-02,13.0260699996378,13.347151471758773,12.989513308175608,13.09278392791748,529519200.0,0.0020515052108391885,51.44476106918595,397524400.0,0.0,0.0,0.0,0.0,0.0,0.0,0.0,0.0,13.159808158874512,1
2013-04-03,13.140920527407472,13.320958644227426,13.108629583839033,13.159808158874512,363216000.0,0.005119173380240261,52.879146532549846,411308800.0,0.0,0.0,0.0,0.0,0.0,0.0,0.0,0.0,13.029728889465332,0
2013-04-04,13.213727706304162,13.251501338932473,12.95448504321488,13.029728889465332,358447600.0,-0.009884587057711669,47.44461022733515,416750880.0,0.0,0.0,0.0,0.0,0.0,0.0,0.0,0.0,12.892038345336914,0
2013-04-05,12.93163982017671,12.945348992895626,12.784806958275077,12.892038345336914,383695200.0,-0.010567414356544402,36.18354297819283,404922000.0,0.0,0.0,0.0,0.0,0.0,0.0,0.0,0.0,12.983731269836426,1
2013-04-08,12.94230114812038,13.023028510220092,12.870408730395566,12.983731269836426,300829200.0,0.007112368272832237,27.34291278493413,387141440.0,0.0,0.0,0.0,0.0,0.0,0.0,0.0,0.0,13.007186889648438,1
2013-04-09,12.98830007262747,13.053490421325046,12.878327354619952,13.007186889648438,306614000.0,0.0018065392239365874,28.766991692369842,342560400.0,0.0,0.0,0.0,0.0,0.0,0.0,0.0,0.0,13.272522926330566,1
2013-04-10,13.04130703578086,13.314258094553589,12.977638656221984,13.272522926330566,375928000.0,0.020399186921292944,38.860179899987955,345102800.0,0.0,0.0,0.0,0.0,0.0,0.0,0.0,0.0,13.231090545654297,0
2013-04-11,13.212507150014524,13.342585225302988,13.135739707978336,13.231090545654297,328364400.0,-0.003121665783230587,37.558835287929114,339086160.0,0.0,0.0,0.0,0.0,0.0,0.0,0.0,0.0,13.09309196472168,0
2013-04-12,13.225606340993783,13.225606340993783,13.071462990726731,13.09309196472168,238613200.0,-0.010429872009147578,26.573728485391456,310069760.0,0.0,0.0,0.0,0.0,0.0,0.0,0.0,0.0,12.789983749389648,0
2013-04-15,13.007795479279016,13.0349079600257,12.780844573836424,12.789983749389648,317520000.0,-0.02315023954225115,21.406980929248704,313407920.0,0.0,0.0,0.0,0.0,0.0,0.0,0.0,0.0,12.984642028808594,1
2013-04-16,12.842378394929348,12.995912457010624,12.811915293829536,12.984642028808594,305771200.0,0.015219587704967452,28.661813664295124,313239360.0,0.0,0.0,0.0,0.0,0.0,0.0,0.0,0.0,12.270586967468262,0
2013-04-17,12.802779917525225,12.812833419038824,12.127714826369234,12.270586967468262,945056000.0,-0.054992279321684934,23.966369014287537,427064960.0,0.0,0.0,0.0,0.0,0.0,0.0,0.0,0.0,11.943109512329102,0
2013-04-18,12.337303774625594,12.361674102456307,11.872739062047742,11.943109512329102,666299200.0,-0.026688002457206594,23.333604092154715,494651920.0,0.0,0.0,0.0,0.0,0.0,0.0,0.0,0.0,11.896803855895996,0
2013-04-19,11.818817839221774,12.173105539088168,11.731387599604108,11.896803855895996,609274400.0,-0.003877185952728901,26.596268346734078,568784160.0,0.0,0.0,0.0,0.0,0.0,0.0,0.0,0.0,12.144774436950684,1
2013-04-22,11.9610814422122,12.252310872599937,11.919347898375737,12.144774436950684,429920400.0,0.02084346216499111,33.065897536594534,591264240.0,0.0,0.0,0.0,0.0,0.0,0.0,0.0,0.0,12.372030258178713,1
2013-04-23,12.30683827701472,12.440572050658032,12.149038411150894,12.372030258178713,664238400.0,0.01871223071353212,37.0774519854439,662957680.0,0.0,0.0,0.0,0.0,0.0,0.0,0.0,0.0,12.351619720458984,0
2013-04-24,11.988498689158812,12.649854626343458,11.956816207742037,12.351619720458984,969651200.0,-0.0016497322827218053,38.47438549427205,667876720.0,0.0,0.0,0.0,0.0,0.0,0.0,0.0,0.0,12.44057273864746,1
2013-04-25,12.527392889559856,12.609948091055651,12.398533336425476,12.44057273864746,384837600.0,0.0072017290202948114,42.42257071338284,611584400.0,0.0,0.0,0.0,0.0,0.0,0.0,0.0,0.0,12.709259033203123,1
2013-04-26,12.48413590180127,12.75708617805558,12.43661298948857,12.709259033203123,764097600.0,0.02159758237825926,46.05365585166218,642549040.0,0.0,0.0,0.0,0.0,0.0,0.0,0.0,0.0,13.102839469909668,1
2013-04-29,12.808259519481451,13.209460729616096,12.79455116477127,13.102839469909668,640326400.0,0.03096800810167699,52.131113779199275,684630240.0,0.0,0.0,0.0,0.0,0.0,0.0,0.0,0.0,13.488505363464355,1
2013-04-30,13.254548152418016,13.563750025563897,13.162244508600754,13.488505363464355,691538400.0,0.029433764676760177,53.745517798506654,690090240.0,0.0,0.0,0.0,0.0,0.0,0.0,0.0,0.0,13.382186889648438,0
2013-05-01,13.539681668887154,13.553999302140156,13.232917774147824,13.382186889648438,506909200.0,-0.007882153800664815,52.80710296042495,597541840.0,0.0,0.0,0.0,0.0,0.0,0.0,0.0,0.0,13.571977615356444,1
2013-05-02,13.45804416548764,13.6654982023226,13.423011872757687,13.571977615356444,421828400.0,0.014182340096805524,57.22130176152843,604940000.0,0.0,0.0,0.0,0.0,0.0,0.0,0.0,0.0,13.707839965820312,1
2013-05-03,13.748354941124845,13.80684566080314,13.682554508398193,13.707839965820312,361300800.0,0.01001050505050527,63.87986278238197,524380640.0,0.0,0.0,0.0,0.0,0.0,0.0,0.0,0.0,14.034711837768556,1
2013-05-06,13.88239387174078,14.080101042825044,13.839746012629314,14.034711837768556,496641600.0,0.023845614827958217,65.02583902623635,495643680.0,0.0,0.0,0.0,0.0,0.0,0.0,0.0,0.0,13.972265243530272,0
2013-05-07,14.164488151284948,14.188249201184712,13.8211674175535,13.972265243530272,483753200.0,-0.00444943900239092,79.87432818774798,454086640.0,0.0,0.0,0.0,0.0,0.0,0.0,0.0,0.0,14.130061149597168,1
2013-05-08,13.983837584810445,14.1766705413012,13.8854419685495,14.130061149597168,472598000.0,0.01129350919958827,91.32859927895183,447224400.0,0.0,0.0,0.0,0.0,0.0,0.0,0.0,0.0,14.00678825378418,0
2013-05-09,14.100009930532527,14.197830213614155,13.970297460935829,14.00678825378418,398487600.0,-0.008724158693149242,89.22860238147352,442556240.0,0.0,0.0,0.0,0.0,0.0,0.0,0.0,0.0,13.890262603759766,0
2013-05-10,14.043587150585608,14.09694441386635,13.813907395411304,13.890262603759766,334852000.0,-0.008319226928623857,84.35229113381246,437266480.0,0.0,0.0,0.0,0.0,0.0,0.0,0.0,0.0,13.944534301757812,1
2013-05-13,13.845487425136556,14.041435817790877,13.845181179006792,13.944534301757812,316948800.0,0.003907175806982632,83.0895692871664,401327920.0,0.0,0.0,0.0,0.0,0.0,0.0,0.0,0.0,13.610905647277832,0
2013-05-14,13.917247661807137,13.958644943637534,13.558467943916472,13.610905647277832,447118000.0,-0.023925406704899732,74.0934058863523,394000880.0,0.0,0.0,0.0,0.0,0.0,0.0,0.0,0.0,13.150625228881836,0
2013-05-15,13.46678104881641,13.52320404825286,12.951611043251669,13.150625228881836,741613600.0,-0.03381703101351319,62.50690829724193,447804000.0,0.0,0.0,0.0,0.0,0.0,0.0,0.0,0.0,13.326333045959473,1
2013-05-16,12.978593799394709,13.426607375608578,12.845508550262023,13.326333045959473,603204000.0,0.013361175915175716,61.12903476140597,488747280.0,0.0,0.0,0.0,0.0,0.0,0.0,0.0,0.0,13.285855293273926,0
2013-05-17,13.463405192556978,13.495296554619491,13.216859833613684,13.285855293273926,427904400.0,-0.0030374261656187507,54.0469261836927,507357760.0,0.0,0.0,0.0,0.0,0.0,0.0,0.0,0.0,13.582389831542969,1
2013-05-20,13.244462628131531,13.670397968147824,13.188959176075905,13.582389831542969,451578400.0,0.022319567067629054,52.31787838510931,534283680.0,0.0,0.0,0.0,0.0,0.0,0.0,0.0,0.0,13.4821138381958,0
2013-05-21,13.435810062505691,13.660583335379815,13.31468394460261,13.4821138381958,456022000.0,-0.007382794529596892,52.45641936920914,536064480.0,0.0,0.0,0.0,0.0,0.0,0.0,0.0,0.0,13.533940315246582,1
2013-05-22,13.616735722235791,13.748595225744609,13.437959121674568,13.533940315246582,443038400.0,0.0038440913400354937,49.698759492309065,476349440.0,0.0,0.0,0.0,0.0,0.0,0.0,0.0,0.0,13.558159828186035,1
2013-05-23,13.368344522824042,13.681432918048538,13.363438033415784,13.558159828186035,353021200.0,0.0017895389203224088,47.26649186824425,426312880.0,0.0,0.0,0.0,0.0,0.0,0.0,0.0,0.0,13.650463104248049,1
2013-05-24,13.518604457527118,13.666102132098109,13.503578740942556,13.650463104248049,276166800.0,0.006807950137165619,41.39340595088674,395965360.0,0.0,0.0,0.0,0.0,0.0,0.0,0.0,0.0,13.536699295043944,0
2013-05-28,13.79612511215008,13.833228405886016,13.518607836450157,13.536699295043944,386145200.0,-0.0083340622464817,40.3683224809879,382878720.0,0.0,0.0,0.0,0.0,0.0,0.0,0.0,0.0,13.644330978393556,1
2013-05-29,13.492540113986111,13.72252694213937,13.474140774690555,13.644330978393556,330576400.0,0.007951102481017491,39.07003952657663,357789600.0,0.0,0.0,0.0,0.0,0.0,0.0,0.0,0.0,13.84764003753662,1
2013-05-30,13.665796907606577,13.937181856678484,13.630838979605215,13.84764003753662,353519600.0,0.014900624989602873,46.88951231746653,339885840.0,0.0,0.0,0.0,0.0,0.0,0.0,0.0,0.0,13.79090976715088,0
2013-05-31,13.8758496978127,14.016909659784416,13.783856277748178,13.79090976715088,384302800.0,-0.004096746465965362,48.162967460370304,346142160.0,0.0,0.0,0.0,0.0,0.0,0.0,0.0,0.0,13.821270942687988,1
2013-06-03,13.821577188996736,13.871560844554438,13.568592353918769,13.821270942687988,372352400.0,0.0022015353627666823,47.58797960219986,365379280.0,0.0,0.0,0.0,0.0,0.0,0.0,0.0,0.0,13.778030395507812,0
2013-06-04,13.897929897839264,13.93503482489216,13.719154143908808,13.778030395507812,292728800.0,-0.003128550721527623,55.03074110091449,346696000.0,0.0,0.0,0.0,0.0,0.0,0.0,0.0,0.0,13.649237632751465,0
2013-06-05,13.665796219476077,13.821267772449492,13.606306659386584,13.649237632751465,290589600.0,-0.009347690421581567,67.44116028035674,338698640.0,0.0,0.0,0.0,0.0,0.0,0.0,0.0,0.0,13.445317268371582,0
2013-06-06,13.6602783997401,13.707195491242132,13.31008579619048,13.445317268371582,416934000.0,-0.014940055251919326,54.33636121088321,351381520.0,0.0,0.0,0.0,0.0,0.0,0.0,0.0,0.0,13.54804229736328,1
2013-06-07,13.385211844545008,13.591892823673026,13.270831343011864,13.54804229736328,404535600.0,0.007640208627381684,58.817545020860386,355428080.0,0.0,0.0,0.0,0.0,0.0,0.0,0.0,0.0,13.458499908447266,0
2013-06-10,13.637582692275862,13.770974199178053,13.39441093241723,13.458499908447266,450153200.0,-0.006609249288617947,45.602845029053434,370988240.0,0.0,0.0,0.0,0.0,0.0,0.0,0.0,0.0,13.4189453125,0
2013-06-11,13.361909809822093,13.577176375561328,13.287699950565,13.4189453125,286112400.0,-0.0029390048085848886,47.746593792721335,369664960.0,0.0,0.0,0.0,0.0,0.0,0.0,0.0,0.0,13.25304889678955,0
2013-06-12,13.47720970274413,13.530873220278265,13.231890063582124,13.25304889678955,265227200.0,-0.01236285057037334,40.06918250776655,364592480.0,0.0,0.0,0.0,0.0,0.0,0.0,0.0,0.0,13.368654251098633,1
2013-06-13,13.26255466536952,13.404838801069456,13.147560837011238,13.368654251098633,285832400.0,0.008722925208333399,43.84726802757916,338372160.0,0.0,0.0,0.0,0.0,0.0,0.0,0.0,0.0,13.187422752380373,0
2013-06-14,13.35147981878704,13.378771758629888,13.139891542297628,13.187422752380373,271866000.0,-0.013556450433548028,35.48018618360652,311838240.0,0.0,0.0,0.0,0.0,0.0,0.0,0.0,0.0,13.247220039367676,1
2013-06-17,13.230048142133125,13.360680171198004,13.196930151400618,13.247220039367676,259414400.0,0.004534417991302275,40.68913439266486,273690480.0,0.0,0.0,0.0,0.0,0.0,0.0,0.0,0.0,13.240163803100586,0
2013-06-18,13.233724445726914,13.336144946782229,13.192327173170533,13.240163803100586,195025600.0,-0.0005326578894380152,36.014257326265756,255473120.0,0.0,0.0,0.0,0.0,0.0,0.0,0.0,0.0,12.971237182617188,0
2013-06-19,13.228821370106646,13.23679441676555,12.971237182617188,12.971237182617188,310940000.0,-0.020311426994613302,20.82428948642307,264615680.0,0.0,0.0,0.0,0.0,0.0,0.0,0.0,0.0,12.782343864440918,0
2013-06-20,12.857779528910912,13.062619804494624,12.73113359083491,12.782343864440918,357310800.0,-0.0145624750759632,19.02890056978208,278911360.0,0.0,0.0,0.0,0.0,0.0,0.0,0.0,0.0,12.679920196533203,0
2013-06-21,12.832937678173526,12.87924227101714,12.514330242903618,12.679920196533203,481118400.0,-0.008012901936760297,16.428781067326284,320761840.0,0.0,0.0,0.0,0.0,0.0,0.0,0.0,0.0,12.343832969665527,0
2013-06-24,12.492864327339786,12.531502117064228,12.206147460641755,12.343832969665527,480746000.0,-0.026505468619555272,13.878243692738138,365028160.0,0.0,0.0,0.0,0.0,0.0,0.0,0.0,0.0,12.346593856811523,1
2013-06-25,12.440735090534824,12.504824071747633,12.23006717094436,12.346593856811523,314162800.0,0.00022366530337714075,14.931534714767892,388855600.0,0.0,0.0,0.0,0.0,0.0,0.0,0.0,0.0,12.206762313842772,0
2013-06-26,12.385538049329554,12.412829992020251,12.13285953245473,12.206762313842772,367724000.0,-0.01132551573255225,15.323082363650244,400212400.0,0.0,0.0,0.0,0.0,0.0,0.0,0.0,0.0,12.07521152496338,0
2013-06-27,12.242949328844668,12.308571192875789,12.06785260691936,12.07521152496338,337246000.0,-0.010776878053094352,9.562634155114864,396199440.0,0.0,0.0,0.0,0.0,0.0,0.0,0.0,0.0,12.159539222717283,1
2013-06-28,12.001001926936691,12.274225167337113,11.924645893765996,12.159539222717283,578516400.0,0.006983537934682982,14.477906425084896,415679040.0,0.0,0.0,0.0,0.0,0.0,0.0,0.0,0.0,12.548675537109377,1
2013-07-01,12.348434713088045,12.642204285383864,12.30335674037498,12.548675537109377,391053600.0,0.032002554312673404,30.788071862923104,397740560.0,0.0,0.0,0.0,0.0,0.0,0.0,0.0,0.0,12.832937240600586,1
2013-07-02,12.5713669452177,12.929225471894002,12.556341228587735,12.832937240600586,469865200.0,0.022652725592480216,41.570740969661856,428881040.0,0.0,0.0,0.0,0.0,0.0,0.0,0.0,0.0,12.903775215148926,1
2013-07-03,12.905615149200706,12.97062533352333,12.801048429865457,12.903775215148926,240928800.0,0.005520012544300679,40.516413719915434,403522000.0,0.0,0.0,0.0,0.0,0.0,0.0,0.0,0.0,12.800128936767578,0
2013-07-05,12.891204450355486,12.980132145807715,12.736653254701306,12.800128936767578,274024800.0,-0.008032244568215052,41.81787660422909,390877760.0,0.0,0.0,0.0,0.0,0.0,0.0,0.0,0.0,12.727452278137209,0
2013-07-08,12.882617598089482,12.909908725769986,12.592527052217356,12.727452278137209,298138400.0,-0.005677806761899884,38.922449967566926,334802160.0,0.0,0.0,0.0,0.0,0.0,0.0,0.0,0.0,12.951305389404297,1
2013-07-09,12.682987836492003,12.986569560954958,12.584247173541923,12.951305389404297,352584400.0,0.017588210615538058,44.6801716271337,327108320.0,0.0,0.0,0.0,0.0,0.0,0.0,0.0,0.0,12.901626586914062,0
2013-07-10,12.866975728241291,13.026433383899796,12.825578445563863,12.901626586914062,281405600.0,-0.003835814305705232,48.91813361807988,289416400.0,0.0,0.0,0.0,0.0,0.0,0.0,0.0,0.0,13.102788925170898,1
2013-07-11,12.96970365085664,13.132227867034482,12.915120583831593,13.102788925170898,326292400.0,0.015592013681505312,57.55342158068929,306489120.0,0.0,0.0,0.0,0.0,0.0,0.0,0.0,0.0,13.07887363433838,0
2013-07-12,13.113831567061544,13.179454252491295,12.983812819063912,13.07887363433838,279563200.0,-0.0018252061426843325,59.666389228324974,307596800.0,0.0,0.0,0.0,0.0,0.0,0.0,0.0,0.0,13.107386589050291,1
2013-07-15,13.03287214341193,13.230659685018129,13.026431966324616,13.107386589050291,241917200.0,0.002180077238230327,71.24217097634511,296352560.0,0.0,0.0,0.0,0.0,0.0,0.0,0.0,0.0,13.192023277282717,1
2013-07-16,13.079175648188356,13.207661485450563,13.007113625473323,13.192023277282717,216538000.0,0.006457174941580712,72.43367961282675,269143280.0,0.0,0.0,0.0,0.0,0.0,0.0,0.0,0.0,13.195396423339844,1
2013-07-17,13.176691657361715,13.253967241780916,13.131307441000573,13.195396423339844,198990400.0,0.00025569588426477274,78.36995202113121,252660240.0,0.0,0.0,0.0,0.0,0.0,0.0,0.0,0.0,13.239860534667969,1
2013-07-18,13.289537109140142,13.335227569834965,13.204596365412549,13.239860534667969,218878800.0,0.003369668473883536,85.32191406215647,231177520.0,0.0,0.0,0.0,0.0,0.0,0.0,0.0,0.0,13.03103256225586,0
2013-07-19,13.28095074432646,13.30793561929824,13.012633225565953,13.03103256225586,268721600.0,-0.015772671612763856,75.03319437651338,229009200.0,0.0,0.0,0.0,0.0,0.0,0.0,0.0,0.0,13.072736740112305,1
2013-07-22,13.16933121545449,13.178223819211672,13.046978486301098,13.072736740112305,207796400.0,0.0032003740039174833,68.61036139095842,222185040.0,0.0,0.0,0.0,0.0,0.0,0.0,0.0,0.0,12.848268508911133,0
2013-07-23,13.063228746636316,13.0926668632853,12.839682152726848,12.848268508911133,369395600.0,-0.01717071456907837,50.86814828832249,252756560.0,0.0,0.0,0.0,0.0,0.0,0.0,0.0,0.0,13.508182525634766,1
2013-07-24,13.459731738863804,13.633294788813886,13.3471919512649,13.508182525634766,591936800.0,0.05136209725582397,65.65484664402123,331345840.0,0.0,0.0,0.0,0.0,0.0,0.0,0.0,0.0,13.446541786193848,0
2013-07-25,13.514005207431689,13.535470283161809,13.364053467017044,13.446541786193848,229493600.0,-0.004563214875423882,67.18496070592839,333468800.0,0.0,0.0,0.0,0.0,0.0,0.0,0.0,0.0,13.522897720336914,1
2013-07-26,13.348414349000924,13.524430589090096,13.318976226914536,13.522897720336914,200152400.0,0.005678481155761972,70.99952171340452,319754960.0,0.0,0.0,0.0,0.0,0.0,0.0,0.0,0.0,13.73142147064209,1
2013-07-29,13.517073641437362,13.798884086497685,13.49867511840416,13.73142147064209,248057600.0,0.015420049357585563,70.57085851188101,327807200.0,0.0,0.0,0.0,0.0,0.0,0.0,0.0,0.0,13.900997161865234,1
2013-07-30,13.797962494133396,14.0184434178676,13.775577039580009,13.900997161865234,309422400.0,0.01234946371617096,74.65683450547759,315812560.0,0.0,0.0,0.0,0.0,0.0,0.0,0.0,0.0,13.876768112182615,0
2013-07-31,13.952204572925371,14.024265774879272,13.781707330204156,13.876768112182615,322957600.0,-0.0017429720616796152,70.94064275433307,262016720.0,0.0,0.0,0.0,0.0,0.0,0.0,0.0,0.0,14.004027366638184,1
2013-08-01,13.9755104421011,14.00770723394622,13.899153604879393,14.004027366638184,206250800.0,0.009170669526706643,73.60367458234435,257368160.0,0.0,0.0,0.0,0.0,0.0,0.0,0.0,0.0,14.183724403381348,1
2013-08-02,14.044813088037412,14.193231137313246,14.003415806326723,14.183724403381348,274783600.0,0.012831811309599095,75.36818889650928,272294400.0,0.0,0.0,0.0,0.0,0.0,0.0,0.0,0.0,14.395621299743652,1
2013-08-05,14.249656471573251,14.433032473825316,14.171768385453312,14.395621299743652,318855600.0,0.014939439764621198,76.61312052721735,286454000.0,0.0,0.0,0.0,0.0,0.0,0.0,0.0,0.0,14.266828536987305,0
2013-08-06,14.351770109274476,14.470442985943986,14.172380229644569,14.266828536987305,334857600.0,-0.008946662327012023,72.69617999914826,291541040.0,0.0,0.0,0.0,0.0,0.0,0.0,0.0,0.0,14.258545875549316,0
2013-08-07,14.222361332310523,14.320489490098495,14.160111471570549,14.258545875549316,298858000.0,-0.0005805537941747652,71.92366229412673,286721120.0,0.0,0.0,0.0,0.0,0.0,0.0,0.0,0.0,14.230147361755373,0
2013-08-08,14.318119199106512,14.325527527356414,14.135692000815698,14.230147361755373,255777200.0,-0.0019916837272053733,78.12053847258167,296626400.0,0.0,0.0,0.0,0.0,0.0,0.0,0.0,0.0,14.02765941619873,0
2013-08-09,14.156993623605509,14.213172634187432,14.002966631800518,14.02765941619873,266865200.0,-0.014229504474482457,71.20945214175768,295042720.0,0.0,0.0,0.0,0.0,0.0,0.0,0.0,0.0,14.42616081237793,1
2013-08-12,14.102053735634804,14.465978532570665,14.094953672669243,14.42616081237793,364434000.0,0.028408260020842846,82.40835489941102,304158400.0,0.0,0.0,0.0,0.0,0.0,0.0,0.0,0.0,15.111722946166992,1
2013-08-13,14.53666407778415,15.268837576778338,14.447455845153804,15.111722946166992,881941200.0,0.04752214693190138,82.02965230176889,413575120.0,0.0,0.0,0.0,0.0,0.0,0.0,0.0,0.0,15.387361526489258,1
2013-08-14,15.368224171483112,15.564848171686236,15.229938689353247,15.387361526489258,756372400.0,0.018240049880756892,85.68543243122896,505078000.0,0.0,0.0,0.0,0.0,0.0,0.0,0.0,0.0,15.369154930114746,0
2013-08-15,15.323163606645323,15.507750382617283,15.096596292178354,15.369154930114746,490294000.0,-0.0011832175609294282,84.71148844780038,551981360.0,0.0,0.0,0.0,0.0,0.0,0.0,0.0,0.0,15.505587577819824,1
2013-08-16,15.438296075375025,15.524416669954183,15.398478364692716,15.505587577819824,362306000.0,0.008877042903494115,84.1588620339424,571069520.0,0.0,0.0,0.0,0.0,0.0,0.0,0.0,0.0,15.67258358001709,1
2013-08-19,15.567633869088294,15.857786915869651,15.557139557392944,15.67258358001709,510518400.0,0.010770053141110791,84.01942552088633,600286400.0,0.0,0.0,0.0,0.0,0.0,0.0,0.0,0.0,15.46669578552246,0
2013-08-20,15.733390722828233,15.759936414692138,15.45897918714856,15.46669578552246,358688400.0,-0.01313681266674771,79.00284305670414,495635840.0,0.0,0.0,0.0,0.0,0.0,0.0,0.0,0.0,15.506525039672852,1
2013-08-21,15.544491519169393,15.654378521764151,15.47071808812301,15.506525039672852,335879600.0,0.0025751624459875444,78.25114630939193,411537280.0,0.0,0.0,0.0,0.0,0.0,0.0,0.0,0.0,15.525032997131348,1
2013-08-22,15.58738561237258,15.606214704253007,15.378104426809973,15.525032997131348,244207600.0,0.0011935593184897453,76.78459231650736,362320000.0,0.0,0.0,0.0,0.0,0.0,0.0,0.0,0.0,15.465152740478516,0
2013-08-23,15.534603774089902,15.537073217440245,15.41360434691032,15.465152740478516,222731600.0,-0.0038570131647318595,72.80355394514828,334405120.0,0.0,0.0,0.0,0.0,0.0,0.0,0.0,0.0,15.525347709655762,1
2013-08-26,15.456821465376764,15.748519169740112,15.449104865278857,15.525347709655762,330965600.0,0.003892297100932751,77.64324618161572,298494560.0,0.0,0.0,0.0,0.0,0.0,0.0,0.0,0.0,15.081469535827637,0
2013-08-27,15.371930779268874,15.511144400010137,15.010783786514269,15.081469535827637,424188800.0,-0.028590546384481996,65.8536978321583,311594640.0,0.0,0.0,0.0,0.0,0.0,0.0,0.0,0.0,15.152772903442385,1
2013-08-28,15.001523637905882,15.304023817472242,15.001523637905882,15.152772903442385,307608000.0,0.004727879298854765,67.41669885053253,305940320.0,0.0,0.0,0.0,0.0,0.0,0.0,0.0,0.0,15.17747402191162,1
2013-08-29,15.175931031449224,15.325637373171569,15.159879644555678,15.17747402191162,239657600.0,0.0016301384985202283,73.21507956351714,305030320.0,0.0,0.0,0.0,0.0,0.0,0.0,0.0,0.0,15.039179801940918,0
2013-08-30,15.186724883103285,15.216048279008628,15.016954817479716,15.039179801940918,272297200.0,-0.009111807391074866,64.02020749397754,314943440.0,0.0,0.0,0.0,0.0,0.0,0.0,0.0,0.0,15.081162452697754,1
2013-09-03,15.220682704179024,15.452187247175663,15.043195997781169,15.081162452697754,331928800.0,0.0027915518871193257,49.46568351681164,315136080.0,0.0,0.0,0.0,0.0,0.0,0.0,0.0,0.0,15.393228530883787,1
2013-09-04,15.420084135806066,15.502808828348558,15.318838620643612,15.393228530883787,345032800.0,0.020692441923149563,50.562122309736026,299304880.0,0.0,0.0,0.0,0.0,0.0,0.0,0.0,0.0,15.28766632080078,0
2013-09-05,15.441386716088664,15.454660387901315,15.237352642535262,15.28766632080078,236367600.0,-0.006857704338710802,48.14506756182962,285056800.0,0.0,0.0,0.0,0.0,0.0,0.0,0.0,0.0,15.378724098205566,1
2013-09-06,15.385515891765811,15.414529378819283,15.123451569955318,15.378724098205566,359525600.0,0.0059562902207572765,46.83697315658552,309030400.0,0.0,0.0,0.0,0.0,0.0,0.0,0.0,0.0,15.624115943908691,1
2013-09-09,15.58800075322561,15.6781337715654,15.541082986107154,15.624115943908691,340687200.0,0.01595658028169966,49.11631489055125,322708400.0,0.0,0.0,0.0,0.0,0.0,0.0,0.0,0.0,15.268220901489258,0
2013-09-10,15.62504727332145,15.66363191897278,15.109563265153849,15.268220901489258,743195600.0,-0.022778571517077406,45.49054302926806,404961760.0,0.0,0.0,0.0,0.0,0.0,0.0,0.0,0.0,14.436962127685549,0
2013-09-11,14.415353674801423,14.621547242603237,14.347445633291766,14.436962127685549,898696400.0,-0.05444372197435443,31.149005940993106,515694480.0,0.0,0.0,0.0,0.0,0.0,0.0,0.0,0.0,14.590682983398438,1
2013-09-12,14.461348757937811,14.674332501632206,14.384487736956604,14.590682983398438,404051200.0,0.010647728680959867,34.54042189910976,549231200.0,0.0,0.0,0.0,0.0,0.0,0.0,0.0,0.0,14.3502197265625,0
2013-09-13,14.48727049666203,14.564129838532924,14.344047768430109,14.3502197265625,298835600.0,-0.016480603211620815,32.408877708168475,537093200.0,0.0,0.0,0.0,0.0,0.0,0.0,0.0,0.0,13.894001960754396,0
2013-09-16,14.22983959255466,14.248667033566967,13.804487130668658,13.894001960754396,543706800.0,-0.0317916920089828,26.844767576726227,577697120.0,0.0,0.0,0.0,0.0,0.0,0.0,0.0,0.0,14.054518699645996,1
2013-09-17,13.82733480310924,14.190026550713876,13.813136324730053,14.054518699645996,399380800.0,0.011552952082848567,34.33092475973601,508934160.0,0.0,0.0,0.0,0.0,0.0,0.0,0.0,0.0,14.343432426452637,1
2013-09-18,14.297131191830951,14.394980815622716,14.219345381425471,14.343432426452637,456862000.0,0.02055664323915396,38.82591872788974,420567280.0,0.0,0.0,0.0,0.0,0.0,0.0,0.0,0.0,14.578640937805176,1
2013-09-19,14.529253724108548,14.687603054395172,14.484495479872187,14.578640937805176,404541200.0,0.016398342067604377,42.498155351389435,420665280.0,0.0,0.0,0.0,0.0,0.0,0.0,0.0,0.0,14.427700996398926,0
2013-09-20,14.754585721681517,14.771561907936,14.384177470521005,14.427700996398926,699302800.0,-0.010353498796642602,42.284736472045694,500758720.0,0.0,0.0,0.0,0.0,0.0,0.0,0.0,0.0,15.144752502441406,1
2013-09-23,15.31328791900716,15.33829062512881,14.896578348304816,15.144752502441406,762106800.0,0.04969963726178217,51.48807318824633,544438720.0,0.0,0.0,0.0,0.0,0.0,0.0,0.0,0.0,15.097217559814451,0
2013-09-24,15.275630763612366,15.293841676336942,15.057708105186958,15.097217559814451,364344400.0,-0.0031387071277191314,47.27483091561769,537431440.0,0.0,0.0,0.0,0.0,0.0,0.0,0.0,0.0,14.863544464111328,0
2013-09-25,15.100297752392166,15.113878038908185,14.860458484946726,14.863544464111328,316957200.0,-0.015477891523873244,45.84611092095143,509450480.0,0.0,0.0,0.0,0.0,0.0,0.0,0.0,0.0,15.008317947387695,1
2013-09-26,15.00152780136428,15.080546703885869,14.936705727576284,15.008317947387695,237221600.0,0.009740172246662127,46.55510765718612,475986560.0,0.0,0.0,0.0,0.0,0.0,0.0,0.0,0.0,14.901209831237791,0
2013-09-27,14.933002685342908,14.960474836834234,14.838548928127274,14.901209831237791,228040400.0,-0.007136583628183812,42.325786118686224,381734080.0,0.0,0.0,0.0,0.0,0.0,0.0,0.0,0.0,14.716010093688965,0
2013-09-30,14.731443297731683,14.867567718136256,14.643779665539446,14.716010093688965,260156400.0,-0.012428503433364657,43.94920713246804,281344000.0,0.0,0.0,0.0,0.0,0.0,0.0,0.0,0.0,15.062029838562012,1
2013-10-01,14.768480851353678,15.098453314997638,14.766319675630342,15.062029838562012,353883600.0,0.023513149465794303,59.48055472598493,279251840.0,0.0,0.0,0.0,0.0,0.0,0.0,0.0,0.0,15.11141300201416,1
2013-10-02,14.990105301696545,15.180555770090338,14.932075029140512,15.11141300201416,289184000.0,0.0032786526106671765,58.19100730691061,273697200.0,0.0,0.0,0.0,0.0,0.0,0.0,0.0,0.0,14.921574592590332,0
2013-10-03,15.14073186319002,15.197529045471596,14.839159827077326,14.921574592590332,322753200.0,-0.012562584941495869,59.19260823795353,290803520.0,0.0,0.0,0.0,0.0,0.0,0.0,0.0,0.0,14.90985107421875,0
2013-10-04,14.93547031541143,14.95831184465445,14.77310851859602,14.90985107421875,258868400.0,-0.0007856756871625903,68.52685205873732,296969120.0,0.0,0.0,0.0,0.0,0.0,0.0,0.0,0.0,15.055546760559082,1
2013-10-07,15.01881501865877,15.206796079262682,14.981465091532147,15.055546760559082,312292400.0,0.009771773414441354,68.23913507496265,307396320.0,0.0,0.0,0.0,0.0,0.0,0.0,0.0,0.0,14.84533405303955,0
2013-10-08,15.123138126799132,15.144746575641053,14.832986838985082,14.84533405303955,290917200.0,-0.013962475814576436,59.709498446393674,294803040.0,0.0,0.0,0.0,0.0,0.0,0.0,0.0,0.0,15.019737243652344,1
2013-10-09,14.959545794876837,15.056777247556074,14.76322998265166,15.019737243652344,301725200.0,0.011748013887035613,58.68898216692204,297311280.0,0.0,0.0,0.0,0.0,0.0,0.0,0.0,0.0,15.11388111114502,1
2013-10-10,15.165739418994098,15.19845706906342,15.033625854633971,15.11388111114502,278602800.0,0.0062680102831000895,63.516375323109216,288481200.0,0.0,0.0,0.0,0.0,0.0,0.0,0.0,0.0,15.2117280960083,1
2013-10-11,15.032080253401393,15.243520935713164,14.9755929856773,15.2117280960083,267738800.0,0.006473981378027904,51.94492584198548,290255280.0,0.0,0.0,0.0,0.0,0.0,0.0,0.0,0.0,15.311434745788574,1
2013-10-14,15.119749533512875,15.35897071342832,15.104932871106648,15.311434745788574,261898000.0,0.006554590586353992,55.36664522129448,280176400.0,0.0,0.0,0.0,0.0,0.0,0.0,0.0,0.0,15.39292049407959,1
2013-10-15,15.356805301550969,15.495400732290944,15.295380790467847,15.39292049407959,320073600.0,0.005321888486866211,63.815321253589794,286007680.0,0.0,0.0,0.0,0.0,0.0,0.0,0.0,0.0,15.467934608459473,1
2013-10-16,15.458056832403887,15.511766415459135,15.409904322626906,15.467934608459473,251101200.0,0.004873286678037214,62.40284241717372,275882880.0,0.0,0.0,0.0,0.0,0.0,0.0,0.0,0.0,15.5725679397583,1
2013-10-17,15.433047707963372,15.581210990213796,15.423788121007716,15.5725679397583,253593200.0,0.006764531525857542,68.03140388526727,270880960.0,0.0,0.0,0.0,0.0,0.0,0.0,0.0,0.0,15.70807933807373,1
2013-10-18,15.618564482013774,15.719500102383474,15.609921429577865,15.70807933807373,290542000.0,0.008701930140208702,77.35062713518548,275441600.0,0.0,0.0,0.0,0.0,0.0,0.0,0.0,0.0,16.092992782592773,1
2013-10-21,15.796974478092732,16.183742342164454,15.789257880665756,16.092992782592773,398106800.0,0.024504169875567028,77.535259047556,302683360.0,0.0,0.0,0.0,0.0,0.0,0.0,0.0,0.0,16.04701042175293,0
2013-10-22,16.248883403754636,16.31185259480226,15.681540850412349,16.04701042175293,534063600.0,-0.0028572908383815987,75.09865674855293,345481360.0,0.0,0.0,0.0,0.0,0.0,0.0,0.0,0.0,16.20411491394043,1
2013-10-23,16.020144697675292,16.22603163385051,16.020144697675292,16.20411491394043,313723200.0,0.009790265479888483,85.12775986081238,358005760.0,0.0,0.0,0.0,0.0,0.0,0.0,0.0,0.0,16.418643951416016,1
2013-10-24,16.20535032526298,16.435930054068063,16.126639706978846,16.418643951416016,384764800.0,0.013239170335124228,87.14393466727219,384240080.0,0.0,0.0,0.0,0.0,0.0,0.0,0.0,0.0,16.2349853515625,0
2013-10-25,16.400433120295016,16.45938984738518,16.20874792654385,16.2349853515625,337792000.0,-0.011185978598291957,78.82292533933928,393690080.0,0.0,0.0,0.0,0.0,0.0,0.0,0.0,0.0,16.355981826782227,1
2013-10-28,16.330052674768165,16.39055402946764,16.150096545932072,16.355981826782227,550440800.0,0.0074528231839816605,88.83113984810099,424156880.0,0.0,0.0,0.0,0.0,0.0,0.0,0.0,0.0,15.948532104492188,0
2013-10-29,16.553224200526778,16.64520848215821,15.882476975099696,15.948532104492188,635807200.0,-0.024911358217753587,71.9547649160755,444505600.0,0.0,0.0,0.0,0.0,0.0,0.0,0.0,0.0,16.202266693115234,1
2013-10-30,16.038978444584718,16.28313849807228,15.959031444605063,16.202266693115234,354163600.0,0.015909588854988055,73.77514179018385,452593680.0,0.0,0.0,0.0,0.0,0.0,0.0,0.0,0.0,16.134355545043945,0
2013-10-31,16.20535121774236,16.282210582079113,16.0902154811395,16.134355545043945,275696400.0,-0.004191459711013534,70.50008206075444,430780000.0,0.0,0.0,0.0,0.0,0.0,0.0,0.0,0.0,16.051942825317383,0
2013-11-01,16.1751034444991,16.199179696231095,15.92260859691031,16.051942825317383,274890000.0,-0.0051079027914366915,66.6781004263661,418199600.0,0.0,0.0,0.0,0.0,0.0,0.0,0.0,0.0,16.25937271118164,1
2013-11-04,16.084971942928806,16.261533886741496,16.014286171127825,16.25937271118164,244627600.0,0.01292241619108525,68.33980509982423,357036960.0,0.0,0.0,0.0,0.0,0.0,0.0,0.0,0.0,16.2192440032959,0
2013-11-05,16.19239003872597,16.32542843668097,16.14361934862153,16.2192440032959,265213200.0,-0.002468035427845572,66.18687601178885,282918160.0,0.0,0.0,0.0,0.0,0.0,0.0,0.0,0.0,16.17328643798828,0
2013-11-06,16.2735693949944,16.29561406948839,16.08883684666423,16.17328643798828,223375600.0,-0.0028335208039461657,63.33718074579377,256760560.0,0.0,0.0,0.0,0.0,0.0,0.0,0.0,0.0,15.911561012268066,0
2013-11-07,16.131689492567382,16.24377000467085,15.908146946517329,15.911561012268066,262620400.0,-0.016182575305502933,54.5847313644128,254145360.0,0.0,0.0,0.0,0.0,0.0,0.0,0.0,0.0,16.162111282348633,1
2013-11-08,15.976446846432784,16.179808374723848,15.914662057143437,16.162111282348633,279316800.0,0.01574642927160874,51.83791924863032,255030720.0,0.0,0.0,0.0,0.0,0.0,0.0,0.0,0.0,16.115232467651367,0
2013-11-11,16.144417005946774,16.19657642990897,15.971171842903823,16.115232467651367,227452400.0,-0.0029005377996910164,51.82244147620632,251595680.0,0.0,0.0,0.0,0.0,0.0,0.0,0.0,0.0,16.145038604736328,1
2013-11-12,16.072386498920487,16.26643441044874,16.051585406455185,16.145038604736328,204276800.0,0.0018495629613033415,49.027994006570616,239408400.0,0.0,0.0,0.0,0.0,0.0,0.0,0.0,0.0,16.164289474487305,1
2013-11-13,16.082633778027432,16.214586836636794,16.050343581202114,16.164289474487305,197220800.0,0.0011923706237115805,44.109875329593685,234177440.0,0.0,0.0,0.0,0.0,0.0,0.0,0.0,0.0,16.39807891845703,1
2013-11-14,16.231973582045615,16.43285132140266,16.202789038426047,16.39807891845703,282419200.0,0.014463329448456408,54.26947875122505,238137200.0,0.0,0.0,0.0,0.0,0.0,0.0,0.0,0.0,16.299654006958008,0
2013-11-15,16.34901949874289,16.426947732751554,16.28413070539647,16.299654006958008,317920400.0,-0.006002222088847264,49.00777952761266,245857920.0,0.0,0.0,0.0,0.0,0.0,0.0,0.0,0.0,16.102191925048828,0
2013-11-18,16.29965556923277,16.367960092392032,16.08884241502418,16.102191925048828,244944000.0,-0.012114495303083506,54.514640645877364,249356240.0,0.0,0.0,0.0,0.0,0.0,0.0,0.0,0.0,16.130756378173828,1
2013-11-19,16.114611280730873,16.249668328787116,16.08170094961782,16.130756378173828,208938800.0,0.0017739481219674058,48.06880215667798,250288640.0,0.0,0.0,0.0,0.0,0.0,0.0,0.0,0.0,15.989493370056152,0
2013-11-20,16.12082465672598,16.157772514321636,15.96869227175083,15.989493370056152,193916800.0,-0.008757370380276464,45.96480511919006,249627840.0,0.0,0.0,0.0,0.0,0.0,0.0,0.0,0.0,16.180124282836914,1
2013-11-21,16.070215897987918,16.182298076191927,15.948199931843494,16.180124282836914,262026800.0,0.01192226097280602,53.87457532040628,245549360.0,0.0,0.0,0.0,0.0,0.0,0.0,0.0,0.0,16.138513565063477,0
2013-11-22,16.129820053460758,16.211785790454307,16.099083523882353,16.138513565063477,223725600.0,-0.0025717180564290842,46.58529193859223,226710400.0,0.0,0.0,0.0,0.0,0.0,0.0,0.0,0.0,16.260852813720703,1
2013-11-25,16.1764031559824,16.326983572974925,16.175783019484115,16.260852813720703,229311600.0,0.0075805772423840345,51.49495250536972,223583920.0,0.0,0.0,0.0,0.0,0.0,0.0,0.0,0.0,16.560762405395508,1
2013-11-26,16.272641181058745,16.645833809920163,16.26891704792495,16.560762405395508,401382800.0,0.018443656990840385,60.05884911254424,262072720.0,0.0,0.0,0.0,0.0,0.0,0.0,0.0,0.0,16.95072364807129,1
2013-11-27,16.65111492212217,16.951965578736377,16.560765709825876,16.95072364807129,363448400.0,0.023547300126033566,74.89919780792303,295979040.0,0.0,0.0,0.0,0.0,0.0,0.0,0.0,0.0,17.264616012573242,1
2013-11-29,17.060012488133967,17.33478261043942,17.008163124632883,17.264616012573242,318127600.0,0.018517932981443552,75.42767244846456,307199200.0,0.0,0.0,0.0,0.0,0.0,0.0,0.0,0.0,17.114341735839844,0
2013-12-02,17.324533070562737,17.52106317066423,17.101612363563053,17.114341735839844,472544800.0,-0.008704177180886008,72.24263120183497,356963040.0,0.0,0.0,0.0,0.0,0.0,0.0,0.0,0.0,17.582857131958008,1
2013-12-03,17.33385575632362,17.58472085761884,17.314606653835522,17.582857131958008,450968000.0,0.027375601314365783,76.59035697740975,401294320.0,0.0,0.0,0.0,0.0,0.0,0.0,0.0,0.0,17.5418701171875,0
2013-12-04,17.557393422094517,17.67195945811731,17.4120908444074,17.5418701171875,377809600.0,-0.0023310781895629074,75.33231950624435,396579680.0,0.0,0.0,0.0,0.0,0.0,0.0,0.0,0.0,17.631906509399414,1
2013-12-05,17.779382871190776,17.85669098088204,17.585646665707827,17.631906509399414,447580000.0,0.0051326564163587385,73.84521844630136,413406000.0,0.0,0.0,0.0,0.0,0.0,0.0,0.0,0.0,17.387250900268555,0
2013-12-06,17.56639566177131,17.596201996706874,17.37328125341541,17.387250900268555,344352400.0,-0.013875731986239592,70.2705095745638,418650960.0,0.0,0.0,0.0,0.0,0.0,0.0,0.0,0.0,17.58626365661621,1
2013-12-09,17.414570507112074,17.684062775316445,17.414570507112074,17.58626365661621,320493600.0,0.011445901223210653,77.62680797573533,388240720.0,0.0,0.0,0.0,0.0,0.0,0.0,0.0,0.0,17.558942794799805,0
2013-12-10,17.497779788768575,17.631284833733208,17.42388575120028,17.558942794799805,278269600.0,-0.0015535341872421338,76.63592469687632,353701040.0,0.0,0.0,0.0,0.0,0.0,0.0,0.0,0.0,17.428850173950195,0
2013-12-11,17.603959029513685,17.72721853878886,17.377002485779762,17.428850173950195,359718800.0,-0.007408909657598328,77.28014803707816,350082880.0,0.0,0.0,0.0,0.0,0.0,0.0,0.0,0.0,17.403396606445312,0
2013-12-12,17.45307383307368,17.552424970093657,17.387563234046304,17.403396606445312,262290000.0,-0.0014604272370719595,74.72105450576447,313024880.0,0.0,0.0,0.0,0.0,0.0,0.0,0.0,0.0,17.21369171142578,0
2013-12-13,17.47511224410933,17.476044106392127,17.190096693126474,17.21369171142578,332822000.0,-0.010900452326028987,70.78916219687065,310718800.0,0.0,0.0,0.0,0.0,0.0,0.0,0.0,0.0,17.30900764465332,1
2013-12-16,17.232011276917113,17.468593212160663,17.231701208849955,17.30900764465332,282592800.0,0.00553721623608916,70.40711945029041,303138640.0,0.0,0.0,0.0,0.0,0.0,0.0,0.0,0.0,17.231075286865234,0
2013-12-17,17.256534024633847,17.369236278517693,17.18108801530666,17.231075286865234,229902400.0,-0.004502416278737931,64.3435670649917,293465200.0,0.0,0.0,0.0,0.0,0.0,0.0,0.0,0.0,17.100067138671875,0
2013-12-18,17.066846727141645,17.12117996622438,16.728427982320223,17.100067138671875,565863200.0,-0.007603016411472763,53.826527985621745,334694080.0,0.0,0.0,0.0,0.0,0.0,0.0,0.0,0.0,16.904150009155273,0
2013-12-19,17.060629937575897,17.07615323993119,16.88148519181982,16.904150009155273,320308800.0,-0.011457097093702906,41.488905227319876,346297840.0,0.0,0.0,0.0,0.0,0.0,0.0,0.0,0.0,17.045734405517578,1
2013-12-20,16.93427399375048,17.126148198669554,16.915334959472446,17.045734405517578,436413600.0,0.00837571816894811,48.64425959234995,367016160.0,0.0,0.0,0.0,0.0,0.0,0.0,0.0,0.0,17.699899673461914,1
2013-12-23,17.63500921679943,17.719458836022046,17.47232128921807,17.699899673461914,501306400.0,0.038377065627198004,52.991620570398325,410758880.0,0.0,0.0,0.0,0.0,0.0,0.0,0.0,0.0,17.624759674072266,0
2013-12-24,17.6936843101264,17.755469091416078,17.573840537991952,17.624759674072266,167554800.0,-0.004245221768251484,52.22245818920854,398289360.0,0.0,0.0,0.0,0.0,0.0,0.0,0.0,0.0,17.507720947265625,0
2013-12-26,17.638120379402597,17.681587962194083,17.491575845085933,17.507720947265625,204008000.0,-0.00664058568576209,47.78402071202177,325918320.0,0.0,0.0,0.0,0.0,0.0,0.0,0.0,0.0,17.389421463012695,0
2013-12-27,17.50522939938244,17.52354662907012,17.371104233325017,17.389421463012695,225884400.0,-0.006756989365392263,50.478063804334816,307033440.0,0.0,0.0,0.0,0.0,0.0,0.0,0.0,0.0,17.21648597717285,0
2013-12-30,17.307767029725344,17.389421049324394,17.148181465377476,17.21648597717285,253629600.0,-0.009944867125549761,41.91129009474225,270476640.0,0.0,0.0,0.0,0.0,0.0,0.0,0.0,0.0,17.418292999267578,1
2013-12-31,17.20561784437354,17.426364716395856,17.20033839750903,17.418292999267578,223084400.0,0.011721731273286462,47.440093075602505,214832240.0,0.0,0.0,0.0,0.0,0.0,0.0,0.0,0.0,17.173336029052734,0
2014-01-02,17.252507873191984,17.294421793694458,17.138873693277617,17.173336029052734,234684800.0,-0.014063201843323214,45.21049252150112,228258240.0,0.0,0.0,0.0,0.0,0.0,0.0,0.0,0.0,16.796106338500977,0
2014-01-03,17.16495143156784,17.191030315728433,16.779029378431677,16.796106338500977,392467600.0,-0.021966011141550168,39.49108696771423,265950160.0,0.0,0.0,0.0,0.0,0.0,0.0,0.0,0.0,16.8876895904541,1
2014-01-06,16.686501884269767,16.976795175344197,16.56696818221489,16.8876895904541,412610800.0,0.005452647780824771,44.34544165801985,303295440.0,0.0,0.0,0.0,0.0,0.0,0.0,0.0,0.0,16.766921997070312,0
2014-01-07,16.899805254968708,16.950722751425502,16.701101333420812,16.766921997070312,317209200.0,-0.0071512205821246955,40.39432269797781,316011360.0,0.0,0.0,0.0,0.0,0.0,0.0,0.0,0.0,16.873109817504883,1
2014-01-08,16.728737413126392,16.93830870704854,16.725013278289662,16.873109817504883,258529600.0,0.006333173163990624,43.88842105087802,323100400.0,0.0,0.0,0.0,0.0,0.0,0.0,0.0,0.0,16.657638549804688,0
2014-01-09,16.97680651498511,16.978670240478973,16.621312483862017,16.657638549804688,279148800.0,-0.012770098104657457,42.51615278181664,331993200.0,0.0,0.0,0.0,0.0,0.0,0.0,0.0,0.0,16.546483993530273,0
2014-01-10,16.760401157276178,16.790517560751177,16.489666910368108,16.546483993530273,304976000.0,-0.00667288799322141,43.78370661953536,314494880.0,0.0,0.0,0.0,0.0,0.0,0.0,0.0,0.0,16.633106231689453,1
2014-01-13,16.45240948178071,16.843297588601295,16.45147761933773,16.633106231689453,378492800.0,0.005235084274885837,42.66151813971668,307671280.0,0.0,0.0,0.0,0.0,0.0,0.0,0.0,0.0,16.964078903198242,1
2014-01-14,16.710419892642957,16.974634487334697,16.69303285914392,16.964078903198242,332561600.0,0.019898428285043845,35.03083315056185,310741760.0,0.0,0.0,0.0,0.0,0.0,0.0,0.0,0.0,17.30466079711914,1
2014-01-15,17.185438802576954,17.392836191764133,17.12768987172781,17.30466079711914,391638800.0,0.020076651132334034,44.424700065003364,337363600.0,0.0,0.0,0.0,0.0,0.0,0.0,0.0,0.0,17.208110809326172,0
2014-01-16,17.228291770942082,17.288834655789813,17.128317167403367,17.208110809326172,229278000.0,-0.005579420996743356,44.73156884659874,327389440.0,0.0,0.0,0.0,0.0,0.0,0.0,0.0,0.0,16.78648567199707,0
2014-01-17,17.122110459683405,17.140427697358707,16.762578916063106,16.78648567199707,426739600.0,-0.024501535467832736,40.09974609110956,351742160.0,0.0,0.0,0.0,0.0,0.0,0.0,0.0,0.0,17.047279357910156,1
2014-01-21,16.79641438435771,17.078325960671624,16.77871729018589,17.047279357910156,328526800.0,0.01553593116563623,47.61222185560808,341748960.0,0.0,0.0,0.0,0.0,0.0,0.0,0.0,0.0,17.123037338256836,1
2014-01-22,17.104408379681686,17.30249050245023,17.008161247554124,17.123037338256836,379985200.0,0.00444399242577842,45.36526330452018,351233680.0,0.0,0.0,0.0,0.0,0.0,0.0,0.0,0.0,17.268033981323242,1
2014-01-23,17.074297721327135,17.277969429238755,16.915023802698858,17.268033981323242,403239200.0,0.008467927751488968,52.072907403717814,353553760.0,0.0,0.0,0.0,0.0,0.0,0.0,0.0,0.0,16.95413589477539,0
2014-01-24,17.200341551631006,17.250638904192265,16.913152191232943,16.95413589477539,429354800.0,-0.018177986381504585,53.303457440074105,393569120.0,0.0,0.0,0.0,0.0,0.0,0.0,0.0,0.0,17.091684341430664,1
2014-01-27,17.07833482591138,17.225189445337097,16.944209585524483,17.091684341430664,554878800.0,0.00811297299425684,54.06579199408362,419196960.0,0.0,0.0,0.0,0.0,0.0,0.0,0.0,0.0,15.725584983825684,0
2014-01-28,15.79575156548183,15.98948773693268,15.588042433196886,15.725584983825684,1065523200.0,-0.07992771983820934,37.374427040735476,566596240.0,0.0,0.0,0.0,0.0,0.0,0.0,0.0,0.0,15.5470609664917,0
2014-01-29,15.646413745820498,15.752596313664714,15.48093024171374,15.5470609664917,502810000.0,-0.011352456364427943,33.96466754011446,591161200.0,0.0,0.0,0.0,0.0,0.0,0.0,0.0,0.0,15.516939163208008,0
2014-01-30,15.602630677544749,15.725580092948563,15.421313866704253,15.516939163208008,678501600.0,-0.001937459649036688,35.564903424192735,646213680.0,0.0,0.0,0.0,0.0,0.0,0.0,0.0,0.0,15.542401313781738,1
2014-01-31,15.374123902293658,15.571275778921644,15.323516485816397,15.542401313781738,464797200.0,0.0016409261070058356,37.09034318044368,653302160.0,0.0,0.0,0.0,0.0,0.0,0.0,0.0,0.0,15.571282386779783,1
2014-02-03,15.604814519335273,15.763778350027788,15.502047644414436,15.571282386779783,401464000.0,0.0018582117663141773,36.13130595537022,622619200.0,0.0,0.0,0.0,0.0,0.0,0.0,0.0,0.0,15.796686172485352,1
2014-02-04,15.705406748217191,15.81748892737851,15.609469669039504,15.796686172485352,376681200.0,0.014475608373587745,34.528499963031436,484850800.0,0.0,0.0,0.0,0.0,0.0,0.0,0.0,0.0,15.914665222167969,1
2014-02-05,15.727448750662598,15.998182979417209,15.717823374323345,15.914665222167969,328344800.0,0.00746859489353624,30.471760570843912,449957760.0,0.0,0.0,0.0,0.0,0.0,0.0,0.0,0.0,16.007429122924805,1
2014-02-06,15.930907629112545,16.038351312620534,15.86063129002144,16.007429122924805,257765200.0,0.005828831424466552,33.29551126158603,365810480.0,0.0,0.0,0.0,0.0,0.0,0.0,0.0,0.0,16.231380462646484,1
2014-02-07,16.284477648833104,16.33288929857846,16.159544466783423,16.231380462646484,370280400.0,0.013990462678416637,42.3475043918904,346907120.0,0.0,0.0,0.0,0.0,0.0,0.0,0.0,0.0,16.52215576171875,1
2014-02-10,16.19951445278133,16.61585643582112,16.17890077153098,16.52215576171875,345559200.0,0.01791439118449789,43.04855693992212,335726160.0,0.0,0.0,0.0,0.0,0.0,0.0,0.0,0.0,16.73985481262207,1
2014-02-11,16.57275521126562,16.79576096112984,16.538084925529432,16.73985481262207,282256800.0,0.013176189236014935,45.482422956181146,316841280.0,0.0,0.0,0.0,0.0,0.0,0.0,0.0,0.0,16.738603591918945,0
2014-02-12,16.77077514801626,16.852294104724493,16.65489949815013,16.738603591918945,308100800.0,-7.474501524240562e-05,43.10894811650489,312792480.0,0.0,0.0,0.0,0.0,0.0,0.0,0.0,0.0,17.004398345947266,1
2014-02-13,16.699246511029102,17.017515838184046,16.684879654386762,17.004398345947266,307398000.0,0.015879147419241235,51.82117262207463,322719040.0,0.0,0.0,0.0,0.0,0.0,0.0,0.0,0.0,16.99065399169922,0
2014-02-14,16.94317981143066,17.052810289065697,16.903827333973936,16.99065399169922,272924400.0,-0.0008082823025210573,49.49866614794374,303247840.0,0.0,0.0,0.0,0.0,0.0,0.0,0.0,0.0,17.053123474121094,1
2014-02-18,17.05343539824065,17.215535857804177,17.041253677143793,17.053123474121094,260251600.0,0.0036766967564871855,87.1251032918712,286186320.0,0.0,0.0,0.0,0.0,0.0,0.0,0.0,0.0,16.783893585205078,0
2014-02-19,17.01439553325854,17.08123571041305,16.689569052806753,16.783893585205078,313768000.0,-0.01578771709033744,83.75074267279952,292488560.0,0.0,0.0,0.0,0.0,0.0,0.0,0.0,0.0,16.589622497558594,0
2014-02-20,16.647091608778556,16.772338341575768,16.522470392386523,16.589622497558594,305858000.0,-0.011574852203408481,77.24966731704016,292040000.0,0.0,0.0,0.0,0.0,0.0,0.0,0.0,0.0,16.405349731445312,0
2014-02-21,16.640849214483087,16.696445127373796,16.385047965594943,16.405349731445312,278784800.0,-0.011107713038099543,70.54865644390561,286317360.0,0.0,0.0,0.0,0.0,0.0,0.0,0.0,0.0,16.477182388305664,1
2014-02-24,16.339757259339134,16.551206838440716,16.316956767904276,16.477182388305664,288909600.0,0.004378611735577076,71.09389046616491,289514400.0,0.0,0.0,0.0,0.0,0.0,0.0,0.0,0.0,16.305709838867188,0
2014-02-25,16.53433856452453,16.540271795549184,16.272602509832236,16.305709838867188,231952000.0,-0.01040666695297221,62.32385561431484,283854480.0,0.0,0.0,0.0,0.0,0.0,0.0,0.0,0.0,16.158605575561523,0
2014-02-26,16.354127038788043,16.397541223911205,16.103947104815152,16.158605575561523,276217200.0,-0.00902164117719173,56.01032649322753,276344320.0,0.0,0.0,0.0,0.0,0.0,0.0,0.0,0.0,16.480932235717773,1
2014-02-27,16.15204402741067,16.515600859349437,16.117999252183466,16.480932235717773,301882000.0,0.019947677950858722,60.214085047793176,275549120.0,0.0,0.0,0.0,0.0,0.0,0.0,0.0,0.0,16.436264038085938,0
2014-02-28,16.524965581422787,16.639593523166553,16.30758116274012,16.436264038085938,371968800.0,-0.0027102955702366094,54.93930187907997,294185920.0,0.0,0.0,0.0,0.0,0.0,0.0,0.0,0.0,16.48374366760254,1
2014-03-03,16.348190076744366,16.574008197421023,16.329137678851275,16.48374366760254,238781200.0,0.0028887117782108174,49.36392751935815,284160240.0,0.0,0.0,0.0,0.0,0.0,0.0,0.0,0.0,16.59243392944336,1
2014-03-04,16.584939408536005,16.63616169832524,16.484054449934252,16.59243392944336,259140000.0,0.006593785006159925,46.46198494664843,289597840.0,0.0,0.0,0.0,0.0,0.0,0.0,0.0,0.0,16.627410888671875,1
2014-03-05,16.582435437225236,16.702057494305098,16.526525961959557,16.627410888671875,200062800.0,0.0021080065394414316,47.45720678058623,274366960.0,0.0,0.0,0.0,0.0,0.0,0.0,0.0,0.0,16.57712745666504,0
2014-03-06,16.640843386363,16.692379261643072,16.49435913288859,16.57712745666504,185488800.0,-0.0030241287921196625,38.05793289761927,251088320.0,0.0,0.0,0.0,0.0,0.0,0.0,0.0,0.0,16.56744384765625,0
2014-03-07,16.58774560359763,16.615543546475212,16.430329014024075,16.56744384765625,220729600.0,-0.0005841548262268681,38.140100070229735,220840480.0,0.0,0.0,0.0,0.0,0.0,0.0,0.0,0.0,16.582439422607422,1
2014-03-10,16.502481747896226,16.65771156256815,16.5018562315091,16.582439422607422,178584000.0,0.0009051230285770373,36.44323919119668,208801040.0,0.0,0.0,0.0,0.0,0.0,0.0,0.0,0.0,16.743911743164062,1
2014-03-11,16.723923578682165,16.826680058409973,16.6345948486063,16.743911743164062,279224400.0,0.009737549249629662,49.01568083179324,212817920.0,0.0,0.0,0.0,0.0,0.0,0.0,0.0,0.0,16.760150909423828,1
2014-03-12,16.6945617835831,16.783263315711793,16.616165422214152,16.760150909423828,199326400.0,0.0009698549842389603,56.325090556178964,212670640.0,0.0,0.0,0.0,0.0,0.0,0.0,0.0,0.0,16.57400131225586,0
2014-03-13,16.786076330803223,16.85541355253499,16.527462905637396,16.57400131225586,257742800.0,-0.011106677867876558,56.32578152633887,227121440.0,0.0,0.0,0.0,0.0,0.0,0.0,0.0,0.0,16.38785171508789,0
2014-03-14,16.515907400651685,16.581498200023045,16.335066484272907,16.38785171508789,237199200.0,-0.011231421650143014,47.29586143595076,230415360.0,0.0,0.0,0.0,0.0,0.0,0.0,0.0,0.0,16.451881408691406,1
2014-03-17,16.481866158758617,16.552764679945568,16.424083463660807,16.451881408691406,199544800.0,0.0039071438231628175,55.53454983709741,234607520.0,0.0,0.0,0.0,0.0,0.0,0.0,0.0,0.0,16.597423553466797,1
2014-03-18,16.42564014120699,16.61522657681048,16.40377710110902,16.597423553466797,209647200.0,0.008846535004713996,66.11126053750043,220692080.0,0.0,0.0,0.0,0.0,0.0,0.0,0.0,0.0,16.593053817749023,0
2014-03-19,16.624287927784767,16.74859551561889,16.522465563089867,16.593053817749023,224756000.0,-0.00026327795417746547,55.423176058989704,225778000.0,0.0,0.0,0.0,0.0,0.0,0.0,0.0,0.0,16.513092041015625,0
2014-03-20,16.550259371645563,16.637089341843094,16.470927254027764,16.513092041015625,208398400.0,-0.0048189909833152855,53.6784576191247,215909120.0,0.0,0.0,0.0,0.0,0.0,0.0,0.0,0.0,16.643341064453125,1
2014-03-21,16.613981830781743,16.670827085272226,16.439075793336134,16.643341064453125,374046400.0,0.007887621719420146,56.89523276855259,243278560.0,0.0,0.0,0.0,0.0,0.0,0.0,0.0,0.0,16.84073829650879,1
2014-03-24,16.81668844392617,16.881653737901424,16.711743481016246,16.84073829650879,355700800.0,0.011860433027913286,59.83393739164853,274509760.0,0.0,0.0,0.0,0.0,0.0,0.0,0.0,0.0,17.02189064025879,1
2014-03-25,16.912887330651806,17.04562856795385,16.853229753249376,17.02189064025879,282293200.0,0.010756793470720671,63.87804566575769,289038960.0,0.0,0.0,0.0,0.0,0.0,0.0,0.0,0.0,16.859161376953125,0
2014-03-26,17.069675103664483,17.147134026735824,16.830427664421588,16.859161376953125,299768000.0,-0.009559999341130165,59.361401244432045,304041360.0,0.0,0.0,0.0,0.0,0.0,0.0,0.0,0.0,16.786697387695312,0
2014-03-27,16.866655027491614,16.912881502336194,16.71361208493793,16.786697387695312,222031600.0,-0.004298196549495814,57.068404956295645,306768000.0,0.0,0.0,0.0,0.0,0.0,0.0,0.0,0.0,16.767955780029297,0
2014-03-28,16.81355673564633,16.832921045170004,16.686436857578492,16.767955780029297,200564000.0,-0.001116455919420667,56.00394127942746,272071520.0,0.0,0.0,0.0,0.0,0.0,0.0,0.0,0.0,16.76421356201172,0
2014-03-31,16.84198441167663,16.891333471974683,16.738912681612838,16.76421356201172,168669200.0,-0.0002231767584952582,50.92702787208795,234665200.0,0.0,0.0,0.0,0.0,0.0,0.0,0.0,0.0,16.91756820678711,1
2014-04-01,16.796069604455873,16.924440544979625,16.7651490867193,16.91756820678711,200760000.0,0.009147738676086536,55.1502883110813,218358560.0,0.0,0.0,0.0,0.0,0.0,0.0,0.0,0.0,16.9456844329834,1
2014-04-02,16.940375049323585,16.97473174905377,16.874160379590638,16.9456844329834,180420800.0,0.0016619543573057616,63.178761621076056,194489120.0,0.0,0.0,0.0,0.0,0.0,0.0,0.0,0.0,16.828245162963867,0
2014-04-03,16.90945219991937,16.94412081909781,16.79232717909313,16.828245162963867,162344000.0,-0.0069303350055867075,66.52204200064045,182551600.0,0.0,0.0,0.0,0.0,0.0,0.0,0.0,0.0,16.61054039001465,0
2014-04-04,16.860096299093108,16.866029527945404,16.571811768284928,16.61054039001465,275251200.0,-0.012936867203976243,55.54421188617662,197489040.0,0.0,0.0,0.0,0.0,0.0,0.0,0.0,0.0,16.34974479675293,0
2014-04-07,16.49185707928785,16.581809648747583,16.30039740463216,16.34974479675293,289850400.0,-0.015700608597809085,42.52109844005031,221725280.0,0.0,0.0,0.0,0.0,0.0,0.0,0.0,0.0,16.348812103271484,0
2014-04-08,16.403470555459432,16.43251786644579,16.20076489489925,16.348812103271484,243888400.0,-5.704636329428858e-05,42.6115433219794,230350960.0,0.0,0.0,0.0,0.0,0.0,0.0,0.0,0.0,16.563692092895508,1
2014-04-09,16.32381916808937,16.569001473790873,16.30445485680621,16.563692092895508,206169600.0,0.013143461938805112,51.72648776023364,235500720.0,0.0,0.0,0.0,0.0,0.0,0.0,0.0,0.0,16.350059509277344,0
2014-04-10,16.57493844627162,16.623663661591312,16.340376517427327,16.350059509277344,239652000.0,-0.012897642773122775,42.22511674436579,250962320.0,0.0,0.0,0.0,0.0,0.0,0.0,0.0,0.0,16.229185104370117,0
2014-04-11,16.210131046319994,16.329756436070728,16.152038104035864,16.229185104370117,271717600.0,-0.0073929030557130515,32.799948093908185,250255600.0,0.0,0.0,0.0,0.0,0.0,0.0,0.0,0.0,16.293840408325195,1
2014-04-14,16.30071107929512,16.308831114808978,16.154226839616374,16.293840408325195,205674000.0,0.003983890967986348,28.204914070850506,233420320.0,0.0,0.0,0.0,0.0,0.0,0.0,0.0,0.0,16.177650451660156,0
2014-04-15,16.249799999819338,16.292588648484877,15.970572874865567,16.177650451660156,266490000.0,-0.007130912894278363,28.91399427409,237940640.0,0.0,0.0,0.0,0.0,0.0,0.0,0.0,0.0,16.2104549407959,1
2014-04-16,16.180470176269015,16.275420262559837,16.058347648158936,16.2104549407959,214765600.0,0.00202776597465526,31.758950794599798,239659840.0,0.0,0.0,0.0,0.0,0.0,0.0,0.0,0.0,16.395658493041992,1
2014-04-17,16.24136615096635,16.483737854234676,16.216378861543838,16.395658493041992,284334400.0,0.011424944760803912,39.547155694274906,248596320.0,0.0,0.0,0.0,0.0,0.0,0.0,0.0,0.0,16.590248107910156,1
2014-04-21,16.408156111223267,16.62054311861713,16.36505386055328,16.590248107910156,182548800.0,0.011868362283268041,45.79199285775005,230762560.0,0.0,0.0,0.0,0.0,0.0,0.0,0.0,0.0,16.606800079345703,1
2014-04-22,16.500917676615188,16.61086009743487,16.444386011430318,16.606800079345703,202563200.0,0.0009976928209805003,41.70711249428893,230140400.0,0.0,0.0,0.0,0.0,0.0,0.0,0.0,0.0,16.389728546142578,0
2014-04-23,16.524344675797757,16.588998049097814,16.38035747671018,16.389728546142578,394940000.0,-0.013071243837824098,36.33722124991616,255830400.0,0.0,0.0,0.0,0.0,0.0,0.0,0.0,0.0,17.733386993408203,1
2014-04-24,17.74713000344359,17.803037815964043,17.513503836972408,17.733386993408203,759911600.0,0.08198173895820027,64.44919658519251,364859600.0,0.0,0.0,0.0,0.0,0.0,0.0,0.0,0.0,17.863630294799805,1
2014-04-25,17.632189276498806,17.86518991535556,17.614387917599288,17.863630294799805,390275200.0,0.007344524846833567,70.2414861817357,386047760.0,0.0,0.0,0.0,0.0,0.0,0.0,0.0,0.0,18.55544853210449,1
2014-04-28,17.8904897516417,18.607296321303743,17.882679973015733,18.55544853210449,669485600.0,0.03872775163210118,80.87725909644662,483435120.0,0.0,0.0,0.0,0.0,0.0,0.0,0.0,0.0,18.500476837158203,0
2014-04-29,18.544516516582487,18.614479257060204,18.412399146352943,18.500476837158203,337377600.0,-0.00296256352150015,79.78405435430332,510398000.0,0.0,0.0,0.0,0.0,0.0,0.0,0.0,0.0,18.430513381958008,0
2014-04-30,18.51015911075148,18.72223412873762,18.42145590714548,18.430513381958008,456640800.0,-0.0037817109156708106,77.02410656054212,522738160.0,0.0,0.0,0.0,0.0,0.0,0.0,0.0,0.0,18.47393226623535,1
2014-05-01,18.49017233794,18.5776261916174,18.314016934032715,18.47393226623535,244048000.0,0.0023558152384322018,82.3947632233357,419565440.0,0.0,0.0,0.0,0.0,0.0,0.0,0.0,0.0,18.508285522460938,1
2014-05-02,18.50079100364433,18.558885617787396,18.418646540336383,18.508285522460938,191514400.0,0.0018595530031455532,85.7816328974801,379813280.0,0.0,0.0,0.0,0.0,0.0,0.0,0.0,0.0,18.770023345947266,1
2014-05-05,18.43207939677289,18.77127437858751,18.4277057866626,18.770023345947266,287067200.0,0.014141656890298782,86.50493801306845,303329600.0,0.0,0.0,0.0,0.0,0.0,0.0,0.0,0.0,18.56544685363769,0
2014-05-06,18.796260716487048,18.8777796744655,18.56544685363769,18.56544685363769,374564400.0,-0.010899106971742012,84.9026951262147,310766960.0,0.0,0.0,0.0,0.0,0.0,0.0,0.0,0.0,18.500476837158203,0
2014-05-07,18.591678773079803,18.655394691368144,18.35680326288914,18.500476837158203,282864400.0,-0.00349951266951376,83.30334919149553,276011680.0,0.0,0.0,0.0,0.0,0.0,0.0,0.0,0.0,18.46750259399414,0
2014-05-08,18.47566798342345,18.66914141775669,18.4175642262683,18.46750259399414,230297200.0,-0.0017823455824572676,81.56612662757158,273261520.0,0.0,0.0,0.0,0.0,0.0,0.0,0.0,0.0,18.390548706054688,0
2014-05-09,18.359140144923646,18.41284752643792,18.22691219926164,18.390548706054688,291597600.0,-0.00416698942089111,78.5877265637181,293278160.0,0.0,0.0,0.0,0.0,0.0,0.0,0.0,0.0,18.6195125579834,1
2014-05-12,18.451795026901863,18.645580406952167,18.44896699824468,18.6195125579834,213208800.0,0.012450082680422137,79.81984413439706,278506480.0,0.0,0.0,0.0,0.0,0.0,0.0,0.0,0.0,18.64872169494629,1
2014-05-13,18.59344429829948,18.67321953679204,18.55261568012985,18.64872169494629,159737200.0,0.0015687380038511556,85.55251283254549,235541040.0,0.0,0.0,0.0,0.0,0.0,0.0,0.0,0.0,18.652175903320312,1
2014-05-14,18.606949250197943,18.76304603342757,18.585277761181853,18.652175903320312,166404000.0,0.00018522494091155473,74.37495186207772,212248960.0,0.0,0.0,0.0,0.0,0.0,0.0,0.0,0.0,18.493560791015625,0
2014-05-15,18.67823972940278,18.73791346453744,18.46906295816084,18.493560791015625,230846000.0,-0.008503839612431063,66.6968184180401,212358720.0,0.0,0.0,0.0,0.0,0.0,0.0,0.0,0.0,18.766504287719727,1
2014-05-16,18.48760123883004,18.76713162039322,18.386154500614147,18.766504287719727,276256400.0,0.01475883956521229,57.06971118579154,209290480.0,0.0,0.0,0.0,0.0,0.0,0.0,0.0,0.0,18.98887252807617,1
2014-05-19,18.777182968497836,19.074929490249847,18.76085051277841,18.98887252807617,317755200.0,0.011849209471683775,64.45253517632892,230199760.0,0.0,0.0,0.0,0.0,0.0,0.0,0.0,0.0,18.99264907836914,1
2014-05-20,18.98636736214302,19.045727483778823,18.86764544151061,18.99264907836914,234836000.0,0.00019888228157771692,67.29555481943592,245219520.0,0.0,0.0,0.0,0.0,0.0,0.0,0.0,0.0,19.042888641357425,1
2014-05-21,18.96499708860029,19.055136721944727,18.90940603316008,19.042888641357425,196859600.0,0.0026452109329764273,67.40248750409856,251310640.0,0.0,0.0,0.0,0.0,0.0,0.0,0.0,0.0,19.07304000854492,1
2014-05-22,19.051997530097168,19.15407325954619,18.973478641407038,19.07304000854492,200760000.0,0.0015833399940179405,67.30044111492829,245293440.0,0.0,0.0,0.0,0.0,0.0,0.0,0.0,0.0,19.28850555419922,1
2014-05-23,19.072419601992152,19.30735069817785,19.04792175350013,19.28850555419922,232209600.0,0.011296864346625801,66.21102272991303,236484080.0,0.0,0.0,0.0,0.0,0.0,0.0,0.0,0.0,19.649688720703125,1
2014-05-27,19.343461543929894,19.656911431645447,19.33560982309362,19.649688720703125,348866000.0,0.018725305881734045,80.74043183497714,242706240.0,0.0,0.0,0.0,0.0,0.0,0.0,0.0,0.0,19.598812103271484,0
2014-05-28,19.66194122780066,19.781605774326216,19.591587713343035,19.598812103271484,315481600.0,-0.0025891818519260257,81.53671865979163,258835360.0,0.0,0.0,0.0,0.0,0.0,0.0,0.0,0.0,19.95591735839844,1
2014-05-29,19.71941631051777,20.00271570186825,19.716903625266237,19.95591735839844,376474000.0,0.018220760178998097,85.96683350825325,294758240.0,0.0,0.0,0.0,0.0,0.0,0.0,0.0,0.0,19.881166458129883,0
2014-05-30,20.03757691353402,20.231991312058568,19.75239386170067,19.881166458129883,564020800.0,-0.003745801254137704,86.30110035166176,367410400.0,0.0,0.0,0.0,0.0,0.0,0.0,0.0,0.0,19.74454498291016,0
2014-06-02,19.91132154647272,19.938645743081665,19.55138689913485,19.74454498291016,369350800.0,-0.006871904397936168,78.86891934191353,394838640.0,0.0,0.0,0.0,0.0,0.0,0.0,0.0,0.0,20.023759841918945,1
2014-06-03,19.73857675168066,20.06145012381482,19.731981371688917,20.023759841918945,292709200.0,0.014141367109267833,81.17279612624408,383607280.0,0.0,0.0,0.0,0.0,0.0,0.0,0.0,0.0,20.25240898132324,1
2014-06-04,20.02061962077429,20.348832026842405,19.97884664476996,20.25240898132324,335482000.0,0.011418891417466215,82.84406861098492,387607360.0,0.0,0.0,0.0,0.0,0.0,0.0,0.0,0.0,20.33186912536621,1
2014-06-05,20.29575053282017,20.395313589419587,20.182996717302725,20.33186912536621,303805600.0,0.003923490984023115,89.17193465742862,373073680.0,0.0,0.0,0.0,0.0,0.0,0.0,0.0,0.0,20.275957107543945,0
2014-06-06,20.41195406274161,20.45466970028896,20.24141021086111,20.275957107543945,349938400.0,-0.002749969394230889,85.4885124540843,330257200.0,0.0,0.0,0.0,0.0,0.0,0.0,0.0,0.0,20.60041046142578,1
2014-06-09,20.38055548669398,20.63998442397192,20.171693931642903,20.60041046142578,301660000.0,0.016001876121602088,86.01659822075747,316719040.0,0.0,0.0,0.0,0.0,0.0,0.0,0.0,0.0,20.72132873535156,1
2014-06-10,20.826859847851225,20.89721336373096,20.571827304437114,20.72132873535156,251108000.0,0.00586970216696403,86.67860294009833,308398800.0,0.0,0.0,0.0,0.0,0.0,0.0,0.0,0.0,20.635581970214844,0
2014-06-11,20.69494205782884,20.83345172452789,20.5498386895725,20.635581970214844,182724000.0,-0.004138092022565432,83.4304733833082,277847200.0,0.0,0.0,0.0,0.0,0.0,0.0,0.0,0.0,20.290414810180664,0
2014-06-12,20.675160996826783,20.692749796497072,20.20467150848835,20.290414810180664,218996000.0,-0.01672679551913725,73.00854386771803,260885280.0,0.0,0.0,0.0,0.0,0.0,0.0,0.0,0.0,20.068357467651367,0
2014-06-13,20.27062359791962,20.323389988097407,19.980415161381696,20.068357467651367,218100000.0,-0.010943952827316306,64.8954809568798,234517600.0,0.0,0.0,0.0,0.0,0.0,0.0,0.0,0.0,20.270627975463867,1
2014-06-16,20.11892918368255,20.391548882368134,20.10573674460914,20.270627975463867,142244000.0,0.010079076383732177,62.513439886048175,202634400.0,0.0,0.0,0.0,0.0,0.0,0.0,0.0,0.0,20.24424171447754,0
2014-06-17,20.29480740745114,20.38055069324112,20.182682604408832,20.24424171447754,118904000.0,-0.0013016992378463987,63.15153399713824,176193600.0,0.0,0.0,0.0,0.0,0.0,0.0,0.0,0.0,20.266233444213867,1
2014-06-18,20.28601958857032,20.290417627778744,20.08375339635543,20.266233444213867,134056000.0,0.0010863202507902514,57.359020540873395,166460000.0,0.0,0.0,0.0,0.0,0.0,0.0,0.0,0.0,20.19587516784668,0
2014-06-19,20.290412860289145,20.292611879376672,20.081549658336677,20.19587516784668,142112000.0,-0.003471699690071217,57.50362592688421,151083200.0,0.0,0.0,0.0,0.0,0.0,0.0,0.0,0.0,19.98701286315918,0
2014-06-20,20.19367536059797,20.34757482087625,19.984813844157483,19.98701286315918,403592000.0,-0.010341829851475026,55.725171316326026,188181600.0,0.0,0.0,0.0,0.0,0.0,0.0,0.0,0.0,19.96942710876465,0
2014-06-23,20.07715557322286,20.14311273444397,19.918859728180426,19.96942710876465,174776000.0,-0.0008798590622286495,48.90100590551473,194688000.0,0.0,0.0,0.0,0.0,0.0,0.0,0.0,0.0,19.84850311279297,0
2014-06-24,19.951835199836392,20.1694911141738,19.828716973925943,19.84850311279297,156144000.0,-0.00605545643913874,39.50041320098158,202136000.0,0.0,0.0,0.0,0.0,0.0,0.0,0.0,0.0,19.866090774536133,1
2014-06-25,19.83311220094936,19.94084064246355,19.709993982076004,19.866090774536133,147476000.0,0.0008860951197791067,37.470630009429314,204820000.0,0.0,0.0,0.0,0.0,0.0,0.0,0.0,0.0,19.98480796813965,1
2014-06-26,19.86828515571064,20.0177865340285,19.742967947220635,19.98480796813965,130516000.0,0.005975870892308777,42.55509071935447,202500800.0,0.0,0.0,0.0,0.0,0.0,0.0,0.0,0.0,20.22225379943848,1
2014-06-27,19.96722131838469,20.22665015926091,19.956227902789035,20.22225379943848,256116000.0,0.011881316631982441,39.914405060429566,173005600.0,0.0,0.0,0.0,0.0,0.0,0.0,0.0,0.0,20.431121826171875,1
2014-06-30,20.24864180389128,20.60700646792478,20.2464427845953,20.431121826171875,197929200.0,0.010328622556363909,42.76165602692862,177636240.0,0.0,0.0,0.0,0.0,0.0,0.0,0.0,0.0,20.56083869934082,1
2014-07-01,20.56083869934082,20.68175961932864,20.475095384207822,20.56083869934082,152892000.0,0.006348984371615796,48.37239839997447,176985840.0,0.0,0.0,0.0,0.0,0.0,0.0,0.0,0.0,20.552038192749023,0
2014-07-02,20.637781475412364,20.67955276865868,20.4662932327258,20.552038192749023,113860000.0,-0.0004280227436480599,58.22644771172287,170262640.0,0.0,0.0,0.0,0.0,0.0,0.0,0.0,0.0,20.67295837402344,1
2014-07-03,20.59381046666369,20.68834815171228,20.49047838331291,20.67295837402344,91567200.0,0.005883610186997457,70.00796720924396,162472880.0,0.0,0.0,0.0,0.0,0.0,0.0,0.0,0.0,21.099475860595703,1
2014-07-07,20.697140975026745,21.103872220732264,20.68834657739378,21.099475860595703,225872000.0,0.020631661848078853,73.70959999281249,156424080.0,0.0,0.0,0.0,0.0,0.0,0.0,0.0,0.0,20.96316909790039,0
2014-07-08,21.16543524885994,21.28195978106939,20.648776453042768,20.96316909790039,260888000.0,-0.0064601966226977,69.5155488392058,169015840.0,0.0,0.0,0.0,0.0,0.0,0.0,0.0,0.0,20.971969604492188,1
2014-07-09,20.982963026111925,21.095087875302163,20.833461549830968,20.971969604492188,145744000.0,0.00041980802381069715,69.28977292863277,167586240.0,0.0,0.0,0.0,0.0,0.0,0.0,0.0,0.0,20.89501571655273,0
2014-07-10,20.61360163455637,21.00714221644074,20.560835236161875,20.89501571655273,158744000.0,-0.0036693686568654016,69.13791206919049,176563040.0,0.0,0.0,0.0,0.0,0.0,0.0,0.0,0.0,20.934595108032227,1
2014-07-11,20.96537467640115,21.08189756770646,20.855447167266227,20.934595108032227,136072000.0,0.0018942025225729964,78.6001393200954,185464000.0,0.0,0.0,0.0,0.0,0.0,0.0,0.0,0.0,21.20501136779785,1
2014-07-14,21.075297739516003,21.30174809218453,21.029128396702447,21.20501136779785,171240000.0,0.012917195597533793,82.28516500076881,174537600.0,0.0,0.0,0.0,0.0,0.0,0.0,0.0,0.0,20.956573486328125,0
2014-07-15,21.281959546010157,21.2929512869469,20.89281535039853,20.956573486328125,181911600.0,-0.01171599850434446,77.60119312495272,158742320.0,0.0,0.0,0.0,0.0,0.0,0.0,0.0,0.0,20.837846755981445,0
2014-07-16,21.319329514548613,21.347910047153704,20.829052358866093,20.837846755981445,213585200.0,-0.005665369408989318,73.19238591931254,172310560.0,0.0,0.0,0.0,0.0,0.0,0.0,0.0,0.0,20.466297149658203,0
2014-07-17,20.89281630315313,20.9477800424237,20.3519733100139,20.466297149658203,229192000.0,-0.017830518223606262,60.569008227392516,186400160.0,0.0,0.0,0.0,0.0,0.0,0.0,0.0,0.0,20.760896682739254,1
2014-07-18,20.58281476414464,20.829051159759985,20.45090049236826,20.760896682739254,199952000.0,0.014394373878519051,61.40461043537581,199176160.0,0.0,0.0,0.0,0.0,0.0,0.0,0.0,0.0,20.65317726135254,0
2014-07-21,20.88402398285655,20.88622300230717,20.60480889760112,20.65317726135254,156316000.0,-0.005188572682232606,55.08241676819025,196191360.0,0.0,0.0,0.0,0.0,0.0,0.0,0.0,0.0,20.82466125488281,1
2014-07-22,20.81586685554786,20.862036194036243,20.692748619578843,20.82466125488281,220788000.0,0.00830303208848937,55.842985499140354,203966640.0,0.0,0.0,0.0,0.0,0.0,0.0,0.0,0.0,21.36770820617676,1
2014-07-23,20.978563912858803,21.519407017129364,20.923600162294388,21.36770820617676,371672000.0,0.026077108513187675,64.17606487217532,235584000.0,0.0,0.0,0.0,0.0,0.0,0.0,0.0,0.0,21.33252716064453,0
2014-07-24,21.33472617997345,21.396285302301017,21.19841549670508,21.33252716064453,182916000.0,-0.0016464585341942062,61.86316115587319,226328800.0,0.0,0.0,0.0,0.0,0.0,0.0,0.0,0.0,21.473228454589844,1
2014-07-25,21.29294749718472,21.510603386370946,21.246778167803388,21.473228454589844,173876000.0,0.006595622397935319,57.50333341577022,221113600.0,0.0,0.0,0.0,0.0,0.0,0.0,0.0,0.0,21.770034790039062,1
2014-07-28,21.50620954062665,21.818403143815345,21.446849446584867,21.770034790039062,221272000.0,0.01382215702109657,64.87139863577508,234104800.0,0.0,0.0,0.0,0.0,0.0,0.0,0.0,0.0,21.62933158874512,0
2014-07-29,21.83819481901743,21.86237900017907,21.60075104617242,21.62933158874512,172572000.0,-0.006463159230150617,61.68435614923899,224461600.0,0.0,0.0,0.0,0.0,0.0,0.0,0.0,0.0,21.578760147094727,0
2014-07-30,21.642518273445365,21.699679343392937,21.473229050324043,21.578760147094727,132040000.0,-0.0023380954442766555,62.29331124933024,176535200.0,0.0,0.0,0.0,0.0,0.0,0.0,0.0,0.0,21.01813507080078,0
2014-07-31,21.361109969081387,21.4248664351363,20.958774966164704,21.01813507080078,227372000.0,-0.02598041187131994,51.661308851802964,185426400.0,0.0,0.0,0.0,0.0,0.0,0.0,0.0,0.0,21.134653091430664,1
2014-08-01,20.864232476136664,21.24238321113115,20.844444660888843,21.134653091430664,194044000.0,0.00554368978205666,49.309666752121096,189460000.0,0.0,0.0,0.0,0.0,0.0,0.0,0.0,0.0,21.01593399047852,0
2014-08-04,21.187422261481945,21.23359159997358,20.923595313495245,21.01593399047852,159832000.0,-0.005617272279727192,51.376998524846,177172000.0,0.0,0.0,0.0,0.0,0.0,0.0,0.0,0.0,20.91259765625,0
2014-08-05,20.965362359976336,21.035715857398014,20.74550747086363,20.91259765625,223732000.0,-0.004917046954721949,51.642664780425626,187404000.0,0.0,0.0,0.0,0.0,0.0,0.0,0.0,0.0,20.87742042541504,0
2014-08-06,20.831251099196027,20.991745909027586,20.822456702198163,20.87742042541504,154232000.0,-0.00168210718788675,58.1290360807408,191842400.0,0.0,0.0,0.0,0.0,0.0,0.0,0.0,0.0,20.87521171569824,0
2014-08-07,20.9746378506708,21.200004543269987,20.791250220145145,20.87521171569824,186844000.0,-0.00010579418681977426,52.801304158157166,183736800.0,0.0,0.0,0.0,0.0,0.0,0.0,0.0,0.0,20.932661056518555,1
2014-08-08,20.826606717277382,20.95033734162653,20.61007643896305,20.932661056518555,167460000.0,0.002752036319570106,56.412190352244124,178420000.0,0.0,0.0,0.0,0.0,0.0,0.0,0.0,0.0,21.20884704589844,1
2014-08-11,21.0497638486634,21.22873328840449,20.954755921742663,21.20884704589844,146340000.0,0.013194021946573375,58.238442689359005,175721600.0,0.0,0.0,0.0,0.0,0.0,0.0,0.0,0.0,21.204429626464844,0
2014-08-12,21.21989595535819,21.40549190207833,21.12488802481237,21.204429626464844,135180000.0,-0.000208281922352338,46.12006194137242,158011200.0,0.0,0.0,0.0,0.0,0.0,0.0,0.0,0.0,21.485031127929688,1
2014-08-13,21.244198078121126,21.485031127929688,21.21989360887581,21.485031127929688,127664000.0,0.013233154883573572,53.82054383456396,152697600.0,0.0,0.0,0.0,0.0,0.0,0.0,0.0,0.0,21.54248046875,1
2014-08-14,21.504919625322025,21.55794679755584,21.387817180691624,21.54248046875,112464000.0,0.002673924020786256,51.98252721894572,137821600.0,0.0,0.0,0.0,0.0,0.0,0.0,0.0,0.0,21.648534774780277,1
2014-08-15,21.63085849020898,21.69493375750246,21.40107184789199,21.648534774780277,195804000.0,0.004923031318706306,47.21510720109053,143490400.0,0.0,0.0,0.0,0.0,0.0,0.0,0.0,0.0,21.909257888793945,1
2014-08-18,21.761221086850743,21.955656879598745,21.648538545912047,21.909257888793945,190288000.0,0.012043453135562876,57.09692833858288,152280000.0,0.0,0.0,0.0,0.0,0.0,0.0,0.0,0.0,22.211957931518555,1
2014-08-19,21.964496629135667,22.245100551860176,21.944610382649216,22.211957931518555,277596000.0,0.013816079223725408,63.904016367918,180763200.0,0.0,0.0,0.0,0.0,0.0,0.0,0.0,0.0,22.22078895568848,1
2014-08-20,22.19206625963811,22.33568142559309,22.083800288834023,22.22078895568848,210796000.0,0.00039757972697196386,84.55074121942036,197389600.0,0.0,0.0,0.0,0.0,0.0,0.0,0.0,0.0,22.222999572753903,1
2014-08-21,22.220789615852635,22.302541164167597,22.119153512535853,22.222999572753903,133912000.0,9.948418437488726e-05,83.43911938451109,201679200.0,0.0,0.0,0.0,0.0,0.0,0.0,0.0,0.0,22.38650321960449,1
2014-08-22,22.158926521436616,22.419645833620955,22.136832007326767,22.38650321960449,176736000.0,0.007357406740494454,91.06856933160931,197865600.0,0.0,0.0,0.0,0.0,0.0,0.0,0.0,0.0,22.43511199951172,1
2014-08-25,22.49034912723781,22.57430895452825,22.37766491467965,22.43511199951172,161080000.0,0.0021713431271688233,97.32621775675703,192024000.0,0.0,0.0,0.0,0.0,0.0,0.0,0.0,0.0,22.29149627685547,0
2014-08-26,22.40859872394545,22.42627501029579,22.284868090899952,22.29149627685547,132608000.0,-0.006401382023828339,91.53978941895424,163026400.0,0.0,0.0,0.0,0.0,0.0,0.0,0.0,0.0,22.565467834472656,1
2014-08-27,22.32021488487175,22.662685705868515,22.24951143813925,22.565467834472656,209476000.0,0.012290406808700638,92.78118127117557,162762400.0,0.0,0.0,0.0,0.0,0.0,0.0,0.0,0.0,22.59198570251465,1
2014-08-28,22.44615887319453,22.70908814597896,22.439530687444236,22.59198570251465,273840000.0,0.0011751525931795737,92.65467934983498,190748000.0,0.0,0.0,0.0,0.0,0.0,0.0,0.0,0.0,22.6472225189209,1
2014-08-29,22.726764118233863,22.735602261013454,22.58093729092564,22.6472225189209,178380000.0,0.0024449739449021735,91.65821879680819,191076800.0,0.0,0.0,0.0,0.0,0.0,0.0,0.0,0.0,22.823978424072266,1
2014-09-02,22.770949575710173,22.921194607996554,22.695827902418536,22.823978424072266,214256000.0,0.007804749787913012,92.62786300961127,201712000.0,0.0,0.0,0.0,0.0,0.0,0.0,0.0,0.0,21.86064910888672,0
2014-09-03,22.77979415964004,22.80188867652142,21.781107499550885,21.86064910888672,501684000.0,-0.04220689738163841,58.02606336222166,275527200.0,0.0,0.0,0.0,0.0,0.0,0.0,0.0,0.0,21.67946434020996,0
2014-09-04,21.840755778252035,22.114731407247465,21.60655094102232,21.67946434020996,342872000.0,-0.008288169659294464,53.140834943116985,302206400.0,0.0,0.0,0.0,0.0,0.0,0.0,0.0,0.0,21.86727905273437,1
2014-09-05,21.82971820244711,21.960077042515984,21.72145219533152,21.86727905273437,233828000.0,0.008663254293421963,54.541148609891124,294204000.0,0.0,0.0,0.0,0.0,0.0,0.0,0.0,0.0,21.73249244689941,0
2014-09-08,21.940184555796964,21.94239282687235,21.663998958094098,21.73249244689941,185426800.0,-0.006163848986877385,47.132869387007865,295613360.0,0.0,0.0,0.0,0.0,0.0,0.0,0.0,0.0,21.65074157714844,0
2014-09-09,21.891576302408527,22.77537024257162,21.24198721696364,21.65074157714844,759385200.0,-0.0037616886305479325,38.82245952608418,404639200.0,0.0,0.0,0.0,0.0,0.0,0.0,0.0,0.0,22.315797805786133,1
2014-09-10,21.65516228333452,22.34010227488632,21.599925160052862,22.315797805786133,403478400.0,0.030717480335160197,52.11480587165334,384998080.0,0.0,0.0,0.0,0.0,0.0,0.0,0.0,0.0,22.41080665588379,1
2014-09-11,22.18543992524556,22.41301661290373,22.010890406142867,22.41080665588379,249412400.0,0.0042574704666404894,53.50033214430747,366306160.0,0.0,0.0,0.0,0.0,0.0,0.0,0.0,0.0,22.46162414550781,1
2014-09-12,22.362196314280997,22.578726574676637,22.333473617634947,22.46162414550781,250504400.0,0.0022675439757398053,51.792883342868954,369641440.0,0.0,0.0,0.0,0.0,0.0,0.0,0.0,0.0,22.455005645751957,0
2014-09-15,22.71572506158191,22.76875393937054,22.41302655796601,22.455005645751957,245266000.0,-0.00029465811167428413,50.91576310510621,381609280.0,0.0,0.0,0.0,0.0,0.0,0.0,0.0,0.0,22.28486442565918,0
2014-09-16,22.05065956999941,22.373244157171428,21.849595638666464,22.28486442565918,267632400.0,-0.007576984071031134,50.481746342391425,283258720.0,0.0,0.0,0.0,0.0,0.0,0.0,0.0,0.0,22.44395065307617,1
2014-09-17,22.37545546685853,22.492559596294047,22.22521040859573,22.44395065307617,243706000.0,0.007138756798260593,48.560252068010506,251304240.0,0.0,0.0,0.0,0.0,0.0,0.0,0.0,0.0,22.4903507232666,1
2014-09-18,22.52128338213208,22.61408135872851,22.43953182044276,22.4903507232666,149197600.0,0.0020673753434792275,48.90364443880799,231261280.0,0.0,0.0,0.0,0.0,0.0,0.0,0.0,0.0,22.30695533752441,0
2014-09-19,22.60081718095945,22.614073548551048,22.205319252682056,22.30695533752441,283609600.0,-0.008154403103748264,45.145773063275456,237882320.0,0.0,0.0,0.0,0.0,0.0,0.0,0.0,0.0,22.329051971435547,1
2014-09-22,22.49255505391314,22.567676725021983,22.22299764919917,22.329051971435547,211153600.0,0.0009905714866413895,42.325788071685224,231059840.0,0.0,0.0,0.0,0.0,0.0,0.0,0.0,0.0,22.678152084350582,1
2014-09-23,22.227416978255008,22.74443730330996,22.21416060874439,22.678152084350582,253608800.0,0.015634345486840395,67.6911986680289,228255120.0,0.0,0.0,0.0,0.0,0.0,0.0,0.0,0.0,22.48151397705078,0
2014-09-24,22.57210368771765,22.72455703425656,22.3599916055961,22.48151397705078,240687200.0,-0.008670817029906686,67.44766675543246,227651360.0,0.0,0.0,0.0,0.0,0.0,0.0,0.0,0.0,21.624231338500977,0
2014-09-25,22.207535271607824,22.2517242994449,21.59108872477149,21.624231338500977,400368000.0,-0.038132780533594035,46.436086126499625,277885440.0,0.0,0.0,0.0,0.0,0.0,0.0,0.0,0.0,22.26056671142578,1
2014-09-26,21.77006065412644,22.26056671142578,21.741337949094056,22.26056671142578,249482000.0,0.029426959181288348,58.14283476686138,271059920.0,0.0,0.0,0.0,0.0,0.0,0.0,0.0,0.0,22.11915397644043,0
2014-09-29,21.79656937592077,22.192067384382725,21.79214946202553,22.11915397644043,199065200.0,-0.006352611630177751,57.21111137713053,268642240.0,0.0,0.0,0.0,0.0,0.0,0.0,0.0,0.0,22.26056671142578,1
2014-09-30,22.273823085178623,22.43511627055416,22.21195776006045,22.26056671142578,221056400.0,0.00639322530762132,49.63380227368834,262131760.0,0.0,0.0,0.0,0.0,0.0,0.0,0.0,0.0,21.913673400878903,0
2014-10-01,22.22520992500045,22.247306124675717,21.80761737382907,21.913673400878903,205965200.0,-0.015583309941917478,42.989582016073726,255187360.0,0.0,0.0,0.0,0.0,0.0,0.0,0.0,0.0,22.072755813598636,1
2014-10-02,21.93355717768977,22.14345926721621,21.661791462664173,22.072755813598636,191031200.0,0.00725950459375535,44.841486016160864,213320000.0,0.0,0.0,0.0,0.0,0.0,0.0,0.0,0.0,22.01090240478516,0
2014-10-03,21.971131585262757,22.141261283067127,21.88275179902361,22.01090240478516,173878400.0,-0.002802251306353365,44.12153852178575,198199280.0,0.0,0.0,0.0,0.0,0.0,0.0,0.0,0.0,22.01090240478516,0
2014-10-06,22.083814169156053,22.238479216500604,21.96671166881348,22.01090240478516,148204800.0,0.0,46.37115254307825,188027200.0,0.0,0.0,0.0,0.0,0.0,0.0,0.0,0.0,21.81866455078125,0
2014-10-07,21.968909599419824,22.12136460507312,21.81424632245509,21.81866455078125,168376800.0,-0.008733756139053916,41.12596207492017,177491280.0,0.0,0.0,0.0,0.0,0.0,0.0,0.0,0.0,22.271615982055664,1
2014-10-08,21.82088070806626,22.34010949764445,21.72145284259144,22.271615982055664,229618800.0,0.020759814617443917,47.64186606979519,182222000.0,0.0,0.0,0.0,0.0,0.0,0.0,0.0,0.0,22.320213317871094,1
2014-10-09,22.435107464309667,22.620703366813945,22.229625323278203,22.320213317871094,309506000.0,0.0021820300715755803,50.727625329781006,205916960.0,0.0,0.0,0.0,0.0,0.0,0.0,0.0,0.0,22.25614356994629,0
2014-10-10,22.247305427493824,22.54337561398651,22.16113564571143,22.25614356994629,265326400.0,-0.0028704809856591185,49.54790284025202,224206560.0,0.0,0.0,0.0,0.0,0.0,0.0,0.0,0.0,22.052867889404297,0
2014-10-13,22.38871053274504,22.488136677349384,22.052867889404297,22.052867889404297,214333600.0,-0.009133463751397009,41.70632606987706,237432320.0,0.0,0.0,0.0,0.0,0.0,0.0,0.0,0.0,21.81866455078125,0
2014-10-14,22.18101995884429,22.209742657222517,21.778893753032705,21.81866455078125,254754400.0,-0.010620085323939876,41.19901449502179,254707840.0,0.0,0.0,0.0,0.0,0.0,0.0,0.0,0.0,21.551326751708984,0
2014-10-15,21.646334717601903,21.90705413430545,21.029887918301892,21.551326751708984,403734400.0,-0.01225271136324857,49.13405741013562,289530960.0,0.0,0.0,0.0,0.0,0.0,0.0,0.0,0.0,21.268503189086918,0
2014-10-16,21.111629955581428,21.59108779842678,21.080697300281937,21.268503189086918,288618000.0,-0.013123255281702773,30.99488354712905,285353360.0,0.0,0.0,0.0,0.0,0.0,0.0,0.0,0.0,21.58004570007324,1
2014-10-17,21.542484849007973,21.873907692838863,21.390029801420564,21.58004570007324,272718800.0,0.014648069411211662,40.55227092762298,286831840.0,0.0,0.0,0.0,0.0,0.0,0.0,0.0,0.0,22.04182243347168,1
2014-10-20,21.72365605979921,22.08601145839141,21.70156154733934,22.04182243347168,310069200.0,0.021398320458462905,46.86221942299148,305978960.0,0.0,0.0,0.0,0.0,0.0,0.0,0.0,0.0,22.640594482421875,1
2014-10-21,22.76211515360929,22.76211515360929,22.37545525439741,22.640594482421875,378495600.0,0.027165269603158126,61.07460673949166,330727200.0,0.0,0.0,0.0,0.0,0.0,0.0,0.0,0.0,22.7554874420166,1
2014-10-22,22.722344827110096,23.002950389521303,22.669317654681738,22.7554874420166,273052400.0,0.0050746441169611245,60.51050346067114,304590800.0,0.0,0.0,0.0,0.0,0.0,0.0,0.0,0.0,23.162033081054688,1
2014-10-23,22.996321695884756,23.21064202375041,22.89689385336076,23.162033081054688,284298800.0,0.017865828630303282,65.78753530124368,303726960.0,0.0,0.0,0.0,0.0,0.0,0.0,0.0,0.0,23.248201370239254,1
2014-10-24,23.23936322798128,23.307856723351545,23.095746366269797,23.248201370239254,188215600.0,0.0037202385854049336,66.53822864053834,286826320.0,0.0,0.0,0.0,0.0,0.0,0.0,0.0,0.0,23.223896026611328,0
2014-10-27,23.16644894694764,23.305647575144143,23.13330633615308,23.223896026611328,136750800.0,-0.001045472001934722,69.69877357258461,252162640.0,0.0,0.0,0.0,0.0,0.0,0.0,0.0,0.0,23.58403968811035,1
2014-10-28,23.28796954151855,23.58403968811035,23.276921443516077,23.58403968811035,192243600.0,0.015507460982702836,68.6825200219366,214912240.0,0.0,0.0,0.0,0.0,0.0,0.0,0.0,0.0,23.71661758422852,1
2014-10-29,23.564164224345117,23.7232474570093,23.50008893976072,23.71661758422852,210751600.0,0.005621509201623631,69.3555469839902,202452080.0,0.0,0.0,0.0,0.0,0.0,0.0,0.0,0.0,23.637075424194336,0
2014-10-30,23.632655509424023,23.718825304705792,23.398450597704716,23.637075424194336,162619200.0,-0.003353857680240102,69.14670866145057,178116160.0,0.0,0.0,0.0,0.0,0.0,0.0,0.0,0.0,23.86244201660156,1
2014-10-31,23.864651973970467,23.871280160373622,23.68789246993644,23.86244201660156,178557200.0,0.009534453326512038,74.89897022299954,176184480.0,0.0,0.0,0.0,0.0,0.0,0.0,0.0,0.0,24.171764373779297,1
2014-11-03,23.911045096449584,24.37061834559063,23.8646461173108,24.171764373779297,209130400.0,0.012962728498723486,81.76358138665724,190660400.0,0.0,0.0,0.0,0.0,0.0,0.0,0.0,0.0,23.995006561279297,0
2014-11-04,24.16292789186552,24.191650589771044,23.8005724897659,23.995006561279297,166297600.0,-0.007312573867869654,84.31467050056173,185471200.0,0.0,0.0,0.0,0.0,0.0,0.0,0.0,0.0,24.052453994750977,1
2014-11-05,24.105481163084523,24.149671874781884,23.89116084703636,24.052453994750977,149743600.0,0.002394141186207621,92.0653509135981,173269600.0,0.0,0.0,0.0,0.0,0.0,0.0,0.0,0.0,24.12124252319336,1
2014-11-06,24.09905220567778,24.141214994066274,23.921527972540424,24.12124252319336,139874000.0,0.002859938052782285,91.37666633574608,168720560.0,0.0,0.0,0.0,0.0,0.0,0.0,0.0,0.0,24.19003677368164,1
2014-11-07,24.13234058880504,24.25882727175688,24.08795994998479,24.19003677368164,134766000.0,0.002852019352739932,90.01288397811756,159962320.0,0.0,0.0,0.0,0.0,0.0,0.0,0.0,0.0,24.15009307861328,0
2014-11-10,24.192254176815407,24.26104636664181,24.114587213798,24.15009307861328,108782000.0,-0.0016512457356748778,85.43622875637365,139892640.0,0.0,0.0,0.0,0.0,0.0,0.0,0.0,0.0,24.34315490722656,1
2014-11-11,24.12124829296556,24.354250915144856,24.054677324495128,24.34315490722656,109769200.0,0.00799424780620206,85.88534540517784,128586960.0,0.0,0.0,0.0,0.0,0.0,0.0,0.0,0.0,24.687105178833008,1
2014-11-12,24.272139295780622,24.72704842796646,24.26992144911573,24.687105178833008,187769600.0,0.014129239735657384,85.30538974316124,136192160.0,0.0,0.0,0.0,0.0,0.0,0.0,0.0,0.0,25.035499572753903,1
2014-11-13,24.809155612544952,25.175300104675955,24.764773282005,25.035499572753903,238091600.0,0.014112403677836394,86.8124149925501,155835680.0,0.0,0.0,0.0,0.0,0.0,0.0,0.0,0.0,25.337299346923828,1
2014-11-14,25.108735786508177,25.33951888729082,24.67823637802775,25.337299346923828,176254400.0,0.012054873252793863,89.03542615267735,164133360.0,0.0,0.0,0.0,0.0,0.0,0.0,0.0,0.0,25.29512596130371,0
2014-11-17,25.35725952147616,26.02519867935505,25.1420116003109,25.29512596130371,186986800.0,-0.0016644783267020236,85.80458722248815,179774320.0,0.0,0.0,0.0,0.0,0.0,0.0,0.0,0.0,25.62355613708496,1
2014-11-18,25.28403929984121,25.672375861423053,25.272943292305083,25.62355613708496,176896000.0,0.012983931223891965,86.79185803879247,193199680.0,0.0,0.0,0.0,0.0,0.0,0.0,0.0,0.0,25.446022033691406,0
2014-11-19,25.61689101420896,25.68346195908868,25.252964431226456,25.446022033691406,167476800.0,-0.006928550527637745,83.9567986093636,189141120.0,0.0,0.0,0.0,0.0,0.0,0.0,0.0,0.0,25.80995750427246,1
2014-11-20,25.499289601830977,25.93200681809811,25.485974053859845,25.80995750427246,173582000.0,0.014302254006508086,84.62657993585711,176239200.0,0.0,0.0,0.0,0.0,0.0,0.0,0.0,0.0,25.845458984375,1
2014-11-21,26.076242024851148,26.089555877547507,25.747819549900875,25.845458984375,228717200.0,0.0013754954883851145,82.89062790348646,186731760.0,0.0,0.0,0.0,0.0,0.0,0.0,0.0,0.0,26.32477188110352,1
2014-11-24,25.92977851603132,26.355838660849923,25.87874096059616,26.32477188110352,189803200.0,0.018545342801545628,91.0018085541803,187295040.0,0.0,0.0,0.0,0.0,0.0,0.0,0.0,0.0,26.096214294433597,0
2014-11-25,26.42241724822861,26.57331379511974,26.06292796777867,26.096214294433597,275361600.0,-0.008682224776807468,84.2458033824209,206988160.0,0.0,0.0,0.0,0.0,0.0,0.0,0.0,0.0,26.40687370300293,1
2014-11-26,26.17165335295859,26.429064014571072,26.14724350232996,26.40687370300293,163073200.0,0.011904386017997926,85.34881659149117,206107440.0,0.0,0.0,0.0,0.0,0.0,0.0,0.0,0.0,26.39134788513184,0
2014-11-28,26.466795304705684,26.495644241729703,26.196070717105936,26.39134788513184,99257600.0,-0.0005879460797104663,84.62419943407633,191242560.0,0.0,0.0,0.0,0.0,0.0,0.0,0.0,0.0,25.5347900390625,0
2014-12-01,26.364720172469745,26.462359609228077,24.69154435963458,25.5347900390625,335256000.0,-0.032456009817971476,68.09613948311488,212550320.0,0.0,0.0,0.0,0.0,0.0,0.0,0.0,0.0,25.437150955200195,0
2014-12-02,25.186397126334537,25.68568693720901,25.01996718937638,25.437150955200195,237395600.0,-0.003823766857410593,64.73939513211438,222068800.0,0.0,0.0,0.0,0.0,0.0,0.0,0.0,0.0,25.72563743591309,1
2014-12-03,25.685694172071837,25.81883782053822,25.543674054639244,25.72563743591309,172253600.0,0.011341147490179893,64.08731244590217,201447200.0,0.0,0.0,0.0,0.0,0.0,0.0,0.0,0.0,25.627988815307617,0
2014-12-04,25.69012238286197,26.007448839739737,25.583608179343862,25.627988815307617,168178000.0,-0.003795770691736311,58.7466538749373,202468160.0,0.0,0.0,0.0,0.0,0.0,0.0,0.0,0.0,25.519262313842773,0
2014-12-05,25.73894940232693,25.75892187928725,25.439375792027946,25.519262313842773,153275600.0,-0.0042424905929372425,53.118103615288206,213271760.0,0.0,0.0,0.0,0.0,0.0,0.0,0.0,0.0,24.94230079650879,0
2014-12-08,25.31954131840007,25.44159061884232,24.76921392898189,24.94230079650879,230659600.0,-0.022608863463150164,45.87406664479356,192352480.0,0.0,0.0,0.0,0.0,0.0,0.0,0.0,0.0,25.32398223876953,1
2014-12-09,24.451889217990043,25.363925495179775,24.265486790404555,25.32398223876953,240832000.0,0.015302575547247343,46.679078472277425,193039760.0,0.0,0.0,0.0,0.0,0.0,0.0,0.0,0.0,24.842439651489254,0
2014-12-10,25.388331299523497,25.48596903835633,24.75145883882539,24.842439651489254,178261200.0,-0.01901527898495614,43.32043214062423,194241280.0,0.0,0.0,0.0,0.0,0.0,0.0,0.0,0.0,24.769214630126957,0
2014-12-11,24.911234714836528,25.252971072735487,24.70707936168018,24.769214630126957,165606800.0,-0.0029475777093377342,37.3296089112195,193727040.0,0.0,0.0,0.0,0.0,0.0,0.0,0.0,0.0,24.34980773925781,0
2014-12-12,24.511798581071933,24.824687645445074,24.31652141642899,24.34980773925781,224112400.0,-0.01693258737235137,33.158016370978146,207894400.0,0.0,0.0,0.0,0.0,0.0,0.0,0.0,0.0,24.016950607299805,0
2014-12-15,24.56505845394901,24.76477472044716,23.599765141056377,24.016950607299805,268872400.0,-0.013669805343939467,23.03987184374003,215536960.0,0.0,0.0,0.0,0.0,0.0,0.0,0.0,0.0,23.68852424621582,0
2014-12-16,23.604200366580343,24.44522639543889,23.579790510604592,23.68852424621582,243162800.0,-0.013674773556979436,22.372282207636843,216003120.0,0.0,0.0,0.0,0.0,0.0,0.0,0.0,0.0,24.27880096435547,1
2014-12-17,23.770634667167645,24.374219173312525,23.70406201257912,24.27880096435547,213647200.0,0.02491825628326949,27.82368635154444,223080320.0,0.0,0.0,0.0,0.0,0.0,0.0,0.0,0.0,24.997772216796875,1
2014-12-18,24.82468538545969,24.997772216796875,24.556178673640154,24.997772216796875,236024800.0,0.029613128485914686,37.87176345941424,237163920.0,0.0,0.0,0.0,0.0,0.0,0.0,0.0,0.0,24.80471611022949,0
2014-12-19,24.91123200869719,25.12869949909178,24.778088405372145,24.80471611022949,353719200.0,-0.007722932463464338,42.81185318792635,263085280.0,0.0,0.0,0.0,0.0,0.0,0.0,0.0,0.0,25.062131881713867,1
2014-12-22,24.889045005038295,25.184179495594154,24.84688220938189,25.062131881713867,180670000.0,0.010377694723070041,46.67182741140476,245444800.0,0.0,0.0,0.0,0.0,0.0,0.0,0.0,0.0,24.97336769104004,0
2014-12-23,25.12648377898008,25.148674099243564,24.955614757624083,24.97336769104004,104113600.0,-0.003541765365084215,42.58343806800109,217634960.0,0.0,0.0,0.0,0.0,0.0,0.0,0.0,0.0,24.855758666992188,0
2014-12-24,24.98224536089992,25.011092609330458,24.855758666992188,24.855758666992188,57918400.0,-0.004709377826125016,42.37789534236846,186489200.0,0.0,0.0,0.0,0.0,0.0,0.0,0.0,0.0,25.29512596130371,1
2014-12-26,24.87572273712715,25.41273615634621,24.855751961219948,25.29512596130371,134884000.0,0.017676680088425156,48.28953096877614,166261040.0,0.0,0.0,0.0,0.0,0.0,0.0,0.0,0.0,25.27738380432129,0
2014-12-29,25.250754400534028,25.468221939250647,25.230781924440294,25.27738380432129,110395600.0,-0.000701406152693762,54.140628118912524,117596320.0,0.0,0.0,0.0,0.0,0.0,0.0,0.0,0.0,24.96893119812012,0
2014-12-30,25.2174672126547,25.279600793035076,24.87795036770974,24.96893119812012,119526000.0,-0.01220271087344238,46.47378259799301,105367520.0,0.0,0.0,0.0,0.0,0.0,0.0,0.0,0.0,24.49404525756836,0
2014-12-31,25.035497800742174,25.104288291944112,24.456321549039085,24.49404525756836,165613600.0,-0.019019073615274107,46.47279023382354,117667520.0,0.0,0.0,0.0,0.0,0.0,0.0,0.0,0.0,24.26104736328125,0
2015-01-02,24.718174386973395,24.7292703934372,23.821671579713147,24.26104736328125,212818400.0,-0.009512430137080585,44.81716171805022,148647520.0,0.0,0.0,0.0,0.0,0.0,0.0,0.0,0.0,23.57758140563965,0
2015-01-05,24.030271171789536,24.110157700699126,23.391180633526183,23.57758140563965,257142000.0,-0.028171329432216452,42.24089961937111,173099120.0,0.0,0.0,0.0,0.0,0.0,0.0,0.0,0.0,23.57979202270508,1
2015-01-06,23.64192558989593,23.83942229690088,23.218083238966894,23.57979202270508,263188400.0,9.375928036892134e-05,45.44445750649152,203657680.0,0.0,0.0,0.0,0.0,0.0,0.0,0.0,0.0,23.91042709350586,1
2015-01-07,23.78837783252896,24.01028434847797,23.67742457455445,23.91042709350586,160423600.0,0.01402196722016913,53.05033627090011,211837200.0,0.0,0.0,0.0,0.0,0.0,0.0,0.0,0.0,24.82913017272949,1
2015-01-08,24.23885947726525,24.88682636471152,24.12124755318299,24.82913017272949,237458000.0,0.03842269632536799,56.28869770994309,226206080.0,0.0,0.0,0.0,0.0,0.0,0.0,0.0,0.0,24.855758666992188,1
2015-01-09,25.002216142194985,25.13092237613984,24.456326110960923,24.855758666992188,214798000.0,0.0010724698802355714,48.82934346551906,226602000.0,0.0,0.0,0.0,0.0,0.0,0.0,0.0,0.0,24.243297576904297,0
2015-01-12,24.986684395122083,24.993341322659276,24.143440277820236,24.243297576904297,198603200.0,-0.02464061138882967,44.34378019249625,214894240.0,0.0,0.0,0.0,0.0,0.0,0.0,0.0,0.0,24.458541870117188,1
2015-01-13,24.72704861065984,25.031061214255764,24.16784481167261,24.458541870117188,268367600.0,0.008878507246388168,43.88699205265335,215930080.0,0.0,0.0,0.0,0.0,0.0,0.0,0.0,0.0,24.365345001220703,0
2015-01-14,24.19669551364108,24.51845940173482,24.076865748230265,24.365345001220703,195826400.0,-0.0038104016744493485,43.82254434574351,223010640.0,0.0,0.0,0.0,0.0,0.0,0.0,0.0,0.0,23.70405960083008,0
2015-01-15,24.409722557017083,24.42303640937501,23.668555430204687,23.70405960083008,240056000.0,-0.027140407835698266,39.036006086462955,223530240.0,0.0,0.0,0.0,0.0,0.0,0.0,0.0,0.0,23.51987838745117,0
2015-01-16,23.75066143820169,23.872710736727925,23.3445719827557,23.51987838745117,314053200.0,-0.007770028277032548,31.970788499650496,243381280.0,0.0,0.0,0.0,0.0,0.0,0.0,0.0,0.0,24.12567901611328,1
2015-01-20,23.930400179680525,24.18115565046122,23.633046232221588,24.12567901611328,199599600.0,0.02575696262891114,40.01860198214185,243580560.0,0.0,0.0,0.0,0.0,0.0,0.0,0.0,0.0,24.30986976623535,1
2015-01-21,24.17672444602464,24.64494752786325,24.02582788373049,24.30986976623535,194303600.0,0.007634634863501688,44.40059865503211,228767760.0,0.0,0.0,0.0,0.0,0.0,0.0,0.0,0.0,24.94230079650879,1
2015-01-22,24.467420834263702,24.95783418992754,24.34759107374211,24.94230079650879,215185600.0,0.026015401824646567,54.67637907890248,232639600.0,0.0,0.0,0.0,0.0,0.0,0.0,0.0,0.0,25.071008682250977,1
2015-01-23,24.92011212490945,25.2418760211608,24.74924309298661,25.071008682250977,185859200.0,0.0051602250647302395,58.12570144878347,221800240.0,0.0,0.0,0.0,0.0,0.0,0.0,0.0,0.0,25.09762954711914,1
2015-01-26,25.239649598476205,25.37723226392136,25.03105860036508,25.09762954711914,222460000.0,0.0010618186609703262,66.90960647271402,203481600.0,0.0,0.0,0.0,0.0,0.0,0.0,0.0,0.0,24.218881607055664,0
2015-01-27,24.94673484648506,24.960050391214992,24.194471750232253,24.218881607055664,382274800.0,-0.035013184747734294,56.54817535880009,240016640.0,0.0,0.0,0.0,0.0,0.0,0.0,0.0,0.0,25.588048934936523,1
2015-01-28,26.102872167761888,26.21160761831203,25.588048934936523,25.588048934936523,585908400.0,0.05653305342894033,63.41731924446878,318337600.0,0.0,0.0,0.0,0.0,0.0,0.0,0.0,0.0,26.384695053100582,1
2015-01-29,25.812175619330837,26.449048170199948,25.6435261294502,26.384695053100582,337745600.0,0.031133523317456335,62.39806905882699,342849600.0,0.0,0.0,0.0,0.0,0.0,0.0,0.0,0.0,25.99857521057129,0
2015-01-30,26.27373889027836,26.62878907264439,25.929783020884912,25.99857521057129,334982000.0,-0.014634235557856812,58.93319300202777,372674160.0,0.0,0.0,0.0,0.0,0.0,0.0,0.0,0.0,26.32477188110352,1
2015-02-02,26.196067376302334,26.444601614273594,25.75891122742608,26.32477188110352,250956400.0,0.0125467133444912,66.41128071446192,378373440.0,0.0,0.0,0.0,0.0,0.0,0.0,0.0,0.0,26.329214096069336,1
2015-02-03,26.29592777294408,26.42685183275398,26.09843106688366,26.329214096069336,207662800.0,0.00016874657018406403,65.26122777470192,343451040.0,0.0,0.0,0.0,0.0,0.0,0.0,0.0,0.0,26.531147003173828,1
2015-02-04,26.29592659815271,26.74195924487378,26.25376381121019,26.531147003173828,280598800.0,0.007669537965230733,67.2559027504679,282389120.0,0.0,0.0,0.0,0.0,0.0,0.0,0.0,0.0,26.72051429748535,1
2015-02-05,26.738335592846923,26.785121379792336,26.566793939593055,26.72051429748535,168984800.0,0.0071375464577114744,75.89888065490408,248636960.0,0.0,0.0,0.0,0.0,0.0,0.0,0.0,0.0,26.49551010131836,0
2015-02-06,26.738342094145025,26.789582792466167,26.38857380467608,26.49551010131836,174826400.0,-0.008420653646931009,75.69216411279055,216605840.0,0.0,0.0,0.0,0.0,0.0,0.0,0.0,0.0,26.67150115966797,1
2015-02-09,26.41084623817071,26.69823395180452,26.384111746339844,26.67150115966797,155559200.0,0.006642297418567145,73.57798648375355,197526400.0,0.0,0.0,0.0,0.0,0.0,0.0,0.0,0.0,27.18389892578125,1
2015-02-10,26.771751958752017,27.2128617162374,26.769525359250984,27.18389892578125,248034000.0,0.019211433321500326,74.90015841976275,205600640.0,0.0,0.0,0.0,0.0,0.0,0.0,0.0,0.0,27.8210563659668,1
2015-02-11,27.350985520323757,27.829967863004374,27.29083503993794,27.8210563659668,294247200.0,0.02343878050478132,74.61746273440744,208330320.0,0.0,0.0,0.0,0.0,0.0,0.0,0.0,0.0,28.173065185546875,1
2015-02-12,28.083951875848232,28.40030421026316,27.974788963807278,28.173065185546875,297898000.0,0.012652604378124321,75.4223906634681,234112960.0,0.0,0.0,0.0,0.0,0.0,0.0,0.0,0.0,28.31118392944336,1
2015-02-13,28.35573972347411,28.35573972347411,27.992605073009173,28.31118392944336,217088800.0,0.004902510358274492,75.81553153971177,242565440.0,0.0,0.0,0.0,0.0,0.0,0.0,0.0,0.0,28.478269577026367,1
2015-02-17,28.40252269054504,28.712191735645906,28.275536812930167,28.478269577026367,252609600.0,0.005901754161868222,89.07316952046479,261975520.0,0.0,0.0,0.0,0.0,0.0,0.0,0.0,0.0,28.67654800415039,1
2015-02-18,28.43371432798399,28.6899144029449,28.39361343190581,28.67654800415039,179566800.0,0.006962446457209559,85.71769760886882,248282080.0,0.0,0.0,0.0,0.0,0.0,0.0,0.0,0.0,28.61639404296875,0
2015-02-19,28.623077241953283,28.745608222318182,28.58966124703063,28.61639404296875,149449600.0,-0.0020976709321126608,81.00072209341569,219322560.0,0.0,0.0,0.0,0.0,0.0,0.0,0.0,0.0,28.85030937194824,1
2015-02-20,28.65425984980179,28.85030937194824,28.527275699784784,28.85030937194824,195793600.0,0.008174172071724106,91.64727456743363,198901680.0,0.0,0.0,0.0,0.0,0.0,0.0,0.0,0.0,29.63005828857422,1
2015-02-23,28.96616770882471,29.63005828857422,28.885965911316145,29.63005828857422,283896400.0,0.027027402256703192,92.50871835800253,212263200.0,0.0,0.0,0.0,0.0,0.0,0.0,0.0,0.0,29.445148468017575,0
2015-02-24,29.61669186241665,29.76372905761585,29.222366075069523,29.445148468017575,276912400.0,-0.0062406161592989395,88.55884265027792,217123760.0,0.0,0.0,0.0,0.0,0.0,0.0,0.0,0.0,28.692140579223636,0
2015-02-25,29.30924870977477,29.31816190843236,28.54955999520564,28.692140579223636,298846800.0,-0.025573241364764465,74.24785440146323,240979760.0,0.0,0.0,0.0,0.0,0.0,0.0,0.0,0.0,29.05527687072754,1
2015-02-26,28.692140512533417,29.155528259362143,28.206476567891038,29.05527687072754,365150000.0,0.012656298351153783,75.08433543562708,284119840.0,0.0,0.0,0.0,0.0,0.0,0.0,0.0,0.0,28.618629455566406,0
2015-02-27,28.961712866094807,29.08870046959938,28.56961705414953,28.618629455566406,248059200.0,-0.015028162254445587,72.2736045736808,294572960.0,0.0,0.0,0.0,0.0,0.0,0.0,0.0,0.0,28.75897216796875,1
2015-03-02,28.794618159106065,29.024083703045708,28.58297561073508,28.75897216796875,192386800.0,0.004903893550187055,71.99781696236714,276271040.0,0.0,0.0,0.0,0.0,0.0,0.0,0.0,0.0,28.81912040710449,1
2015-03-03,28.7300088408514,28.854766393361075,28.536185915198963,28.81912040710449,151265200.0,0.002091459972367593,68.95694449444858,251141600.0,0.0,0.0,0.0,0.0,0.0,0.0,0.0,0.0,28.636438369750977,0
2015-03-04,28.761199326409464,28.863677291571904,28.5874293860136,28.636438369750977,126665200.0,-0.006338917870251093,60.6701125297745,216705280.0,0.0,0.0,0.0,0.0,0.0,0.0,0.0,0.0,28.16192054748535,0
2015-03-05,28.64535788829404,28.683230483724483,28.017111665298497,28.16192054748535,226068400.0,-0.016570420390227825,50.26680719866429,188888960.0,0.0,0.0,0.0,0.0,0.0,0.0,0.0,0.0,28.20424461364746,1
2015-03-06,28.60525181591972,28.821350963107623,28.128499431995092,28.20424461364746,291368400.0,0.001502882805550998,49.06828785339552,197550800.0,0.0,0.0,0.0,0.0,0.0,0.0,0.0,0.0,28.32455062866211,1
2015-03-09,28.50723210564053,28.865913560085808,27.8611628871626,28.32455062866211,354114000.0,0.004265528705435839,48.47061229786407,229896240.0,0.0,0.0,0.0,0.0,0.0,0.0,0.0,0.0,27.738637924194336,0
2015-03-10,28.16192483671167,28.342378042171664,27.580462619457386,27.738637924194336,275426400.0,-0.020685684025464446,39.58153679974872,254728480.0,0.0,0.0,0.0,0.0,0.0,0.0,0.0,0.0,27.23291778564453,0
2015-03-11,27.792102038035758,27.796556937791426,27.203956687995984,27.23291778564453,275756000.0,-0.018231613965035476,35.80928121443225,284546640.0,0.0,0.0,0.0,0.0,0.0,0.0,0.0,0.0,27.72526741027832,1
2015-03-12,27.248513237592316,27.825520504346425,27.0970211462915,27.72526741027832,193450800.0,0.018079209451927536,39.357428710804605,278023120.0,0.0,0.0,0.0,0.0,0.0,0.0,0.0,0.0,27.533674240112305,0
2015-03-13,27.71412912836957,27.93691151412866,27.30866525427582,27.533674240112305,207309200.0,-0.006910417394026203,27.344559197292597,261211280.0,0.0,0.0,0.0,0.0,0.0,0.0,0.0,0.0,27.83666038513184,1
2015-03-16,27.598283283535316,27.83666038513184,27.37327428182012,27.83666038513184,143497200.0,0.011004203157823689,33.26588900519229,219087920.0,0.0,0.0,0.0,0.0,0.0,0.0,0.0,0.0,28.30227279663086,1
2015-03-17,28.048301028043767,28.36465158895827,27.99260543493792,28.30227279663086,204092400.0,0.01672659022515921,45.95627995007554,204821120.0,0.0,0.0,0.0,0.0,0.0,0.0,0.0,0.0,28.620849609375,1
2015-03-18,28.293359273393268,28.774569979250792,28.153007000698736,28.620849609375,261083600.0,0.011256227195367341,45.4636535678717,201886640.0,0.0,0.0,0.0,0.0,0.0,0.0,0.0,0.0,28.404748916625977,0
2015-03-19,28.683226847181132,28.794618019403195,28.382471022120445,28.404748916625977,183238000.0,-0.0075504639344542435,47.790297906586,199844080.0,0.0,0.0,0.0,0.0,0.0,0.0,0.0,0.0,28.04829788208008,0
2015-03-20,28.57183605861484,28.60525205097464,27.883439420892177,28.04829788208008,274780400.0,-0.01254899438090984,42.224894351422535,213338320.0,0.0,0.0,0.0,0.0,0.0,0.0,0.0,0.0,28.34013938903809,1
2015-03-23,28.32008979562028,28.482719941212224,28.186419040724548,28.34013938903809,150838800.0,0.010404963188317629,45.18840022420099,214806640.0,0.0,0.0,0.0,0.0,0.0,0.0,0.0,0.0,28.22429847717285,0
2015-03-24,28.344601158711114,28.525052631476665,28.195335681804,28.22429847717285,131369200.0,-0.004087520893070962,45.82495398894186,200262000.0,0.0,0.0,0.0,0.0,0.0,0.0,0.0,0.0,27.48688507080078,0
2015-03-25,28.190878095742303,28.253256880292685,27.48688507080078,27.48688507080078,206620800.0,-0.02612689937957091,43.23951232981379,189369440.0,0.0,0.0,0.0,0.0,0.0,0.0,0.0,0.0,27.6784782409668,1
2015-03-26,27.34876132012194,27.821058806687997,27.313115328844432,27.6784782409668,190291600.0,0.0069703485743295435,45.014395898528136,190780160.0,0.0,0.0,0.0,0.0,0.0,0.0,0.0,0.0,27.457921981811523,0
2015-03-27,27.75199458738149,27.780955678190416,27.382176805990813,27.457921981811523,158184800.0,-0.007968511029946446,41.6918817115735,167461040.0,0.0,0.0,0.0,0.0,0.0,0.0,0.0,0.0,28.15300750732422,1
2015-03-30,27.63615249896945,28.15969070618787,27.62501270106702,28.15300750732422,188398800.0,0.025314571363890037,54.45781293516508,174973040.0,0.0,0.0,0.0,0.0,0.0,0.0,0.0,0.0,27.72081184387207,0
2015-03-31,28.09062971393237,28.17974300661866,27.70521714512907,27.72081184387207,168362400.0,-0.015351669385223254,55.327668561866815,182371680.0,0.0,0.0,0.0,0.0,0.0,0.0,0.0,0.0,27.68070602416992,0
2015-04-01,27.80769189126285,27.874527273814653,27.42450599064718,27.68070602416992,162485600.0,-0.0014467765204003724,49.90396720495875,173544640.0,0.0,0.0,0.0,0.0,0.0,0.0,0.0,0.0,27.919092178344727,1
2015-04-02,27.85448507403473,27.972559482027336,27.66734866129814,27.919092178344727,128880400.0,0.008611996889337226,54.59820047358944,161262400.0,0.0,0.0,0.0,0.0,0.0,0.0,0.0,0.0,28.37133026123047,1
2015-04-06,27.72971774291731,28.406976250983927,27.698528351730204,28.37133026123047,148776000.0,0.016198165756855065,55.98076457755995,159380640.0,0.0,0.0,0.0,0.0,0.0,0.0,0.0,0.0,28.07280540466309,0
2015-04-07,28.43594003627644,28.54287461627673,28.06612220587488,28.07280540466309,140049200.0,-0.010522060609026718,47.91717609662086,149710720.0,0.0,0.0,0.0,0.0,0.0,0.0,0.0,0.0,27.981470108032227,0
2015-04-08,28.037165710038536,28.15969671433038,27.84111780286648,27.981470108032227,149316800.0,-0.0032535151123760375,43.17061580218498,145901600.0,0.0,0.0,0.0,0.0,0.0,0.0,0.0,0.0,28.19533348083496,1
2015-04-09,28.037158217371275,28.19979007963362,27.772048378461868,28.19533348083496,129936000.0,0.007643035622397321,48.03039145497011,139391680.0,0.0,0.0,0.0,0.0,0.0,0.0,0.0,0.0,28.315635681152344,1
2015-04-10,28.059435644720505,28.34014187505331,27.905716982616923,28.315635681152344,160752000.0,0.004266741530088769,53.59489125083631,145766000.0,0.0,0.0,0.0,0.0,0.0,0.0,0.0,0.0,28.25994110107422,0
2015-04-13,28.598569529324852,28.6431287193776,28.206473812338743,28.25994110107422,145460400.0,-0.00196691964486595,49.384874607804555,145102880.0,0.0,0.0,0.0,0.0,0.0,0.0,0.0,0.0,28.137414932250977,0
2015-04-14,28.293361916479697,28.35796900985864,28.050529941081454,28.137414932250977,102098400.0,-0.004335683800083534,49.297320915900976,137512720.0,0.0,0.0,0.0,0.0,0.0,0.0,0.0,0.0,28.244354248046875,1
2015-04-15,28.16192584245836,28.322327753209635,28.072812536688804,28.244354248046875,115881600.0,0.003800609119685827,61.88278272214031,130825680.0,0.0,0.0,0.0,0.0,0.0,0.0,0.0,0.0,28.10845184326172,0
2015-04-16,28.13295804048505,28.31563951998062,28.09508544466522,28.10845184326172,113476000.0,-0.0048116662038593105,57.00409018823745,127533680.0,0.0,0.0,0.0,0.0,0.0,0.0,0.0,0.0,27.79210090637207,0
2015-04-17,27.97032748384589,28.101768267469502,27.727493814530177,27.79210090637207,207828000.0,-0.011254655313415518,55.42700050776647,136948880.0,0.0,0.0,0.0,0.0,0.0,0.0,0.0,0.0,28.42702865600586,1
2015-04-20,27.97478073938513,28.54287473476952,27.885667455885272,28.42702865600586,188217200.0,0.02284561904020066,54.480826941302425,145500240.0,0.0,0.0,0.0,0.0,0.0,0.0,0.0,0.0,28.2733097076416,0
2015-04-21,28.538421256044888,28.56069745208385,28.21984071824791,28.2733097076416,129740400.0,-0.005407492644567413,59.57430020567972,151028640.0,0.0,0.0,0.0,0.0,0.0,0.0,0.0,0.0,28.65427017211914,1
2015-04-22,28.29113548503806,28.70996577012086,28.1418716903202,28.65427017211914,150618000.0,0.01347420830517665,64.9031486400318,157975920.0,0.0,0.0,0.0,0.0,0.0,0.0,0.0,0.0,28.888185501098636,1
2015-04-23,28.58297478435791,29.055272255411648,28.54732879425117,28.888185501098636,183083600.0,0.008163367190105575,64.76964863612804,171897440.0,0.0,0.0,0.0,0.0,0.0,0.0,0.0,0.0,29.02408790588379,1
2015-04-24,29.070873700949942,29.102063097864274,28.790165729331637,29.02408790588379,178103600.0,0.004704428555403206,60.96571828338132,165952560.0,0.0,0.0,0.0,0.0,0.0,0.0,0.0,0.0,29.552082061767575,1
2015-04-27,29.47633686658962,29.659020054313498,29.217908483687783,29.552082061767575,387816800.0,0.018191584782815795,72.80926910610431,205872480.0,0.0,0.0,0.0,0.0,0.0,0.0,0.0,0.0,29.086462020874023,0
2015-04-28,29.95531519410584,29.97313478999959,28.86590967795397,29.086462020874023,475696000.0,-0.015755913235498853,65.62022611600487,275063600.0,0.0,0.0,0.0,0.0,0.0,0.0,0.0,0.0,28.65872573852539,0
2015-04-29,28.99735591399592,29.315933091372774,28.582980543827464,28.65872573852539,253544400.0,-0.014705682734519776,56.4362489805599,295648880.0,0.0,0.0,0.0,0.0,0.0,0.0,0.0,0.0,27.88121795654297,0
2015-04-30,28.65872806378421,28.65872806378421,27.75423205536205,27.88121795654297,332781600.0,-0.0271298797118964,45.46844946530309,325588480.0,0.0,0.0,0.0,0.0,0.0,0.0,0.0,0.0,28.72779083251953,1
2015-05-01,28.092861309640885,28.99067584164951,27.914636403052867,28.72779083251953,234050400.0,0.030363554321625186,54.9048259834903,336777840.0,0.0,0.0,0.0,0.0,0.0,0.0,0.0,0.0,28.67209243774414,0
2015-05-04,28.85031902666708,29.08869781172176,28.574067643867057,28.67209243774414,203953200.0,-0.0019388332051046842,55.625726944434305,300005120.0,0.0,0.0,0.0,0.0,0.0,0.0,0.0,0.0,28.026020050048828,0
2015-05-05,28.5495565280618,28.61639191231994,28.02156345126125,28.026020050048828,197085600.0,-0.022533144000499217,48.560586003740674,244283040.0,0.0,0.0,0.0,0.0,0.0,0.0,0.0,0.0,27.85002899169922,0
2015-05-06,28.19534070045974,28.23766990141353,27.48243768262942,27.85002899169922,288564000.0,-0.006279559424967385,48.20900777897058,251286960.0,0.0,0.0,0.0,0.0,0.0,0.0,0.0,0.0,28.02228546142578,1
2015-05-07,27.912664883644084,28.2057300178266,27.74488016595573,28.02228546142578,175763600.0,0.006185145077511445,52.57423184188273,219883360.0,0.0,0.0,0.0,0.0,0.0,0.0,0.0,0.0,28.55024719238281,1
2015-05-08,28.339956473953013,28.55024719238281,28.212440161176172,28.55024719238281,222201600.0,0.01884078055245686,51.593548019201634,217513600.0,0.0,0.0,0.0,0.0,0.0,0.0,0.0,0.0,28.259416580200195,0
2015-05-11,28.498789341360546,28.53682012892944,28.10505411598105,28.259416580200195,168143200.0,-0.010186623261889238,50.35107412826526,210351600.0,0.0,0.0,0.0,0.0,0.0,0.0,0.0,0.0,28.158748626708984,0
2015-05-12,28.098345176558336,28.38469746925894,27.923849354868548,28.158748626708984,192640000.0,-0.00356227996446834,45.85154566925086,209462480.0,0.0,0.0,0.0,0.0,0.0,0.0,0.0,0.0,28.190065383911133,1
2015-05-13,28.221385056008515,28.45404669644201,28.158745711813754,28.190065383911133,138776800.0,0.0011121501746154117,43.747774507248,179505040.0,0.0,0.0,0.0,0.0,0.0,0.0,0.0,0.0,28.8477840423584,1
2015-05-14,28.50326760345633,28.8477840423584,28.447339366300305,28.8477840423584,180814000.0,0.023331576195018133,48.983811626049,180515120.0,0.0,0.0,0.0,0.0,0.0,0.0,0.0,0.0,28.807514190673828,0
2015-05-15,28.874628750618022,28.968587769104577,28.68223549935843,28.807514190673828,152832000.0,-0.0013959426355050208,43.54829932141848,166641200.0,0.0,0.0,0.0,0.0,0.0,0.0,0.0,0.0,29.125186920166016,1
2015-05-18,28.72026706279976,29.243754500049334,28.715791848392342,29.125186920166016,203531600.0,0.011027425948297642,50.87592842940657,173718880.0,0.0,0.0,0.0,0.0,0.0,0.0,0.0,0.0,29.09834861755371,0
2015-05-19,29.237049571234245,29.279555583127085,29.002150262176887,29.09834861755371,178532800.0,-0.0009214808710368283,55.13107663859398,170897440.0,0.0,0.0,0.0,0.0,0.0,0.0,0.0,0.0,29.096099853515625,0
2015-05-20,29.082677625401065,29.30191531631098,28.935026288964824,29.096099853515625,145819600.0,-7.728150032293435e-05,65.95776489432689,172306000.0,0.0,0.0,0.0,0.0,0.0,0.0,0.0,0.0,29.393638610839844,1
2015-05-21,29.09833934970389,29.447330937222763,29.04464702332097,29.393638610839844,158921600.0,0.01022607012012533,60.129377585617725,167927520.0,0.0,0.0,0.0,0.0,0.0,0.0,0.0,0.0,29.650915145874023,1
2015-05-22,29.440627824296897,29.74711349675572,29.39588250002319,29.650915145874023,182384000.0,0.008752796427839993,63.87085335689925,173837920.0,0.0,0.0,0.0,0.0,0.0,0.0,0.0,0.0,28.99766540527344,0
2015-05-26,29.66433231424421,29.733682768025865,28.885808953731924,28.99766540527344,282790400.0,-0.022031351726811144,64.12946531933451,189689680.0,0.0,0.0,0.0,0.0,0.0,0.0,0.0,0.0,29.53905487060547,1
2015-05-27,29.158743558220227,29.58827199011764,29.093868308093384,29.53905487060547,183332800.0,0.018670105257286407,71.99627499802473,190649680.0,0.0,0.0,0.0,0.0,0.0,0.0,0.0,0.0,29.48090171813965,0
2015-05-28,29.498799169501325,29.51893252218704,29.328778501950097,29.48090171813965,122933200.0,-0.001968686971216882,69.61221461405061,186072400.0,0.0,0.0,0.0,0.0,0.0,0.0,0.0,0.0,29.14531898498535,0
2015-05-29,29.357845576562823,29.40706269211823,29.06030698291906,29.14531898498535,203538000.0,-0.011383055252608187,58.661841382506054,194995680.0,0.0,0.0,0.0,0.0,0.0,0.0,0.0,0.0,29.203481674194336,1
2015-06-01,29.145317546675717,29.39363901250951,29.09386453334816,29.203481674194336,128451200.0,0.0019956099721862852,64.50148902328363,184209120.0,0.0,0.0,0.0,0.0,0.0,0.0,0.0,0.0,29.0737361907959,0
2015-06-02,29.051363530586023,29.230334571499,28.930560040783256,29.0737361907959,134670400.0,-0.004442808732394665,64.01744959175791,154585120.0,0.0,0.0,0.0,0.0,0.0,0.0,0.0,0.0,29.10951805114746,1
2015-06-03,29.230324914627744,29.292964246214723,29.06030094581661,29.10951805114746,123934000.0,0.0012307279710026542,64.05377613742047,142705360.0,0.0,0.0,0.0,0.0,0.0,0.0,0.0,0.0,28.939502716064453,0
2015-06-04,28.98871983027314,29.212432744462387,28.83883258739693,28.939502716064453,153800400.0,-0.005840541048610981,51.92148691575228,148878800.0,0.0,0.0,0.0,0.0,0.0,0.0,0.0,0.0,28.780668258666992,0
2015-06-05,28.97082562239613,29.013331627012427,28.715793008286923,28.780668258666992,142507200.0,-0.005488499887362996,49.87940617267641,136672640.0,0.0,0.0,0.0,0.0,0.0,0.0,0.0,0.0,28.590511322021484,0
2015-06-08,28.83659348124912,28.90594735256136,28.373509520607943,28.590511322021484,210699200.0,-0.006607106372112925,41.02458874572722,153122240.0,0.0,0.0,0.0,0.0,0.0,0.0,0.0,0.0,28.50550842285156,0
2015-06-09,28.34443479896088,28.6531598136829,28.10282606991949,28.50550842285156,224301600.0,-0.002973115738033494,40.19688363796771,171048480.0,0.0,0.0,0.0,0.0,0.0,0.0,0.0,0.0,28.832124710083008,1
2015-06-10,28.617358786370456,28.9350307505541,28.601698948890817,28.832124710083008,156349200.0,0.011458006024183565,46.28461850259859,177531520.0,0.0,0.0,0.0,0.0,0.0,0.0,0.0,0.0,28.76725196838379,0
2015-06-11,28.899241810485695,29.12295479584728,28.742643403450447,28.76725196838379,141563600.0,-0.0022500159926309715,40.066869044586326,175084160.0,0.0,0.0,0.0,0.0,0.0,0.0,0.0,0.0,28.449573516845703,0
2015-06-12,28.677761666210326,28.709081340547552,28.436151286928105,28.449573516845703,147544800.0,-0.011043058679613416,31.06129026028151,176091680.0,0.0,0.0,0.0,0.0,0.0,0.0,0.0,0.0,28.39364624023437,0
2015-06-15,28.210201695735197,28.465234313531752,28.12295378474133,28.39364624023437,175955600.0,-0.0019658388403683835,38.19918381251977,169142960.0,0.0,0.0,0.0,0.0,0.0,0.0,0.0,0.0,28.545772552490234,1
2015-06-16,28.41825623714529,28.601700790918624,28.270606575227426,28.545772552490234,125976400.0,0.005357758949616542,27.082154677185684,149477920.0,0.0,0.0,0.0,0.0,0.0,0.0,0.0,0.0,28.478654861450195,0
2015-06-17,28.572613876447008,28.6084070554388,28.35337446799368,28.478654861450195,131672400.0,-0.0023512304988986266,26.942882347801074,144542560.0,0.0,0.0,0.0,0.0,0.0,0.0,0.0,0.0,28.608413696289062,1
2015-06-18,28.46300163271325,28.704610340676076,28.4607640251337,28.608413696289062,141628800.0,0.004556354064830348,36.40943112096398,144555600.0,0.0,0.0,0.0,0.0,0.0,0.0,0.0,0.0,28.32206153869629,0
2015-06-19,28.570383070870665,28.59499163400827,28.277319627606737,28.32206153869629,218867600.0,-0.010009368594593449,29.908060561698548,158820160.0,0.0,0.0,0.0,0.0,0.0,0.0,0.0,0.0,28.54800796508789,1
2015-06-22,28.521161798260287,28.648678103801466,28.429440381822584,28.54800796508789,136157200.0,0.007977753529095688,38.65610073621666,150860480.0,0.0,0.0,0.0,0.0,0.0,0.0,0.0,0.0,28.418256759643555,0
2015-06-23,28.51892861474224,28.548010684813725,28.38469947461066,28.418256759643555,121075600.0,-0.004545017838127663,35.608549844118244,149880320.0,0.0,0.0,0.0,0.0,0.0,0.0,0.0,0.0,28.65987014770508,1
2015-06-24,28.45852812333901,29.03794563197054,28.438394774299702,28.65987014770508,221123600.0,0.008502048176461052,44.48709320553629,167770560.0,0.0,0.0,0.0,0.0,0.0,0.0,0.0,0.0,28.523399353027344,0
2015-06-25,28.827649082669843,28.90371066168334,28.523399353027344,28.523399353027344,127752400.0,-0.004761738067004639,44.870356948106476,164995280.0,0.0,0.0,0.0,0.0,0.0,0.0,0.0,0.0,28.355619430541992,0
2015-06-26,28.561434956817404,28.63302304016514,28.301928794729825,28.355619430541992,176267200.0,-0.005882185373797144,45.25928563471088,156475200.0,0.0,0.0,0.0,0.0,0.0,0.0,0.0,0.0,27.85896873474121,0
2015-06-29,28.067021811744045,28.292972331386583,27.847784113186957,27.85896873474121,196645600.0,-0.017515071290096218,38.55538419427269,168572880.0,0.0,0.0,0.0,0.0,0.0,0.0,0.0,0.0,28.060312271118164,1
2015-06-30,28.09163194409706,28.21467473565285,27.93279597204861,28.060312271118164,177482800.0,0.007227242985698545,35.78824933654583,179854320.0,0.0,0.0,0.0,0.0,0.0,0.0,0.0,0.0,28.32206153869629,1
2015-07-01,28.38917611212512,28.39812483570193,28.185596491040297,28.32206153869629,120955200.0,0.009328095320148666,42.51443106666155,159820640.0,0.0,0.0,0.0,0.0,0.0,0.0,0.0,0.0,28.28626823425293,0
2015-07-02,28.284030626669352,28.342196476280925,28.136379248454087,28.28626823425293,108844000.0,-0.0012637958714429853,47.0710273471338,156038960.0,0.0,0.0,0.0,0.0,0.0,0.0,0.0,0.0,28.187824249267575,0
2015-07-06,27.95068913112239,28.239278965156352,27.930554083411515,28.187824249267575,112241600.0,-0.0034802747456854632,46.30251031501827,143233840.0,0.0,0.0,0.0,0.0,0.0,0.0,0.0,0.0,28.118486404418945,0
2015-07-07,28.16322831993203,28.221394175534783,27.68895616423781,28.118486404418945,187787200.0,-0.002459850900000893,41.83338777636532,141462160.0,0.0,0.0,0.0,0.0,0.0,0.0,0.0,0.0,27.42049598693848,0
2015-07-08,27.847788537173503,27.883581721345053,27.41378487158096,27.42049598693848,243046400.0,-0.024823185979554463,33.46464010143467,154574880.0,0.0,0.0,0.0,0.0,0.0,0.0,0.0,0.0,26.861215591430664,0
2015-07-09,27.70685032453723,27.75382984228821,26.67105991287828,26.861215591430664,314380000.0,-0.02039643614667741,25.77405599299125,193259840.0,0.0,0.0,0.0,0.0,0.0,0.0,0.0,0.0,27.57932472229004,1
2015-07-10,27.279550269862227,27.70684100093072,27.11623910966927,27.57932472229004,245418000.0,0.026734051868019915,41.24950508140965,220574640.0,0.0,0.0,0.0,0.0,0.0,0.0,0.0,0.0,28.111772537231445,1
2015-07-13,27.97083227424536,28.134143492799147,27.811996270881814,28.111772537231445,165762000.0,0.01930604974207628,45.50966072929917,231278720.0,0.0,0.0,0.0,0.0,0.0,0.0,0.0,0.0,28.10058212280273,0
2015-07-14,28.196778753880743,28.270604432641733,27.97306581712205,28.10058212280273,127072400.0,-0.0003980686174767101,46.75064320444167,219135760.0,0.0,0.0,0.0,0.0,0.0,0.0,0.0,0.0,28.37127494812012,1
2015-07-15,28.125191055777417,28.44510062786121,28.093871380758944,28.37127494812012,134596800.0,0.009632997072246852,47.143715958580515,197445840.0,0.0,0.0,0.0,0.0,0.0,0.0,0.0,0.0,28.74934959411621,1
2015-07-16,28.57709137589152,28.762775238352575,28.48984346309281,28.74934959411621,144889600.0,0.013325966023290725,52.88537559922853,163547760.0,0.0,0.0,0.0,0.0,0.0,0.0,0.0,0.0,28.99766540527344,1
2015-07-17,28.87686193958732,28.99766540527344,28.70460204840876,28.99766540527344,184658800.0,0.008637267091706757,57.249505898968756,151395920.0,0.0,0.0,0.0,0.0,0.0,0.0,0.0,0.0,29.5457706451416,1
2015-07-20,29.299685037203812,29.74711093266257,29.239281585512053,29.5457706451416,235600800.0,0.018901702333887993,68.16344645503463,165363680.0,0.0,0.0,0.0,0.0,0.0,0.0,0.0,0.0,29.250463485717773,0
2015-07-21,29.720261970235317,29.73592009913888,29.15426857128515,29.250463485717773,307025600.0,-0.009994904616657418,62.76053353903975,201354320.0,0.0,0.0,0.0,0.0,0.0,0.0,0.0,0.0,28.01332664489746,0
2015-07-22,27.29073330341987,28.075965977177862,27.29073330341987,28.01332664489746,461802400.0,-0.04229460642305283,47.87425590168775,266795440.0,0.0,0.0,0.0,0.0,0.0,0.0,0.0,0.0,27.99991226196289,0
2015-07-23,28.23257221652284,28.43167659567125,27.977539602629506,27.99991226196289,203998000.0,-0.0004788571919577267,48.061339272012,278617120.0,0.0,0.0,0.0,0.0,0.0,0.0,0.0,0.0,27.85226058959961,0
2015-07-24,28.03570512922721,28.1296641529109,27.718033169080872,27.85226058959961,168649200.0,-0.005273290536837227,47.636115173659256,275415200.0,0.0,0.0,0.0,0.0,0.0,0.0,0.0,0.0,27.46523666381836,0
2015-07-27,27.53682473574972,27.6531564193846,27.31982461946616,27.46523666381836,177822000.0,-0.013895601922013112,45.09163783453205,263859440.0,0.0,0.0,0.0,0.0,0.0,0.0,0.0,0.0,27.60169982910156,1
2015-07-28,27.60169982910156,27.720269112015007,27.416019400149505,27.60169982910156,134472400.0,0.004968577804500329,52.258782624157774,229348800.0,0.0,0.0,0.0,0.0,0.0,0.0,0.0,0.0,27.514453887939453,0
2015-07-29,27.550248777438405,27.62854796472452,27.35338029878272,27.514453887939453,148046800.0,-0.003160890151776785,57.347450637919344,166597680.0,0.0,0.0,0.0,0.0,0.0,0.0,0.0,0.0,27.375751495361328,0
2015-07-30,27.364565166292053,27.420493398050077,27.22810014425895,27.375751495361328,134513200.0,-0.005041073798630724,48.144118344677246,152700720.0,0.0,0.0,0.0,0.0,0.0,0.0,0.0,0.0,27.136381149291992,0
2015-07-31,27.42720695626689,27.43615567896072,27.04913323652009,27.136381149291992,171540000.0,-0.00874388219479183,38.319445070224106,153278880.0,0.0,0.0,0.0,0.0,0.0,0.0,0.0,0.0,26.49656105041504,0
2015-08-03,27.18112209781548,27.42049487435575,26.290743849300853,26.49656105041504,279904000.0,-0.023577944876177703,33.030021589271286,173695280.0,0.0,0.0,0.0,0.0,0.0,0.0,0.0,0.0,25.646448135375977,0
2015-08-04,26.26836975862473,26.33100910099596,25.3354873237516,25.646448135375977,496554400.0,-0.03208389622417607,24.07494667530935,246111680.0,0.0,0.0,0.0,0.0,0.0,0.0,0.0,0.0,25.816478729248047,1
2015-08-05,25.2683808936433,26.272853422029552,25.078225198349664,25.816478729248047,397250400.0,0.006629791110821959,21.30708350876472,295952400.0,0.0,0.0,0.0,0.0,0.0,0.0,0.0,0.0,25.87264633178711,1
2015-08-06,26.061416644315035,26.180520885608846,25.64567481006549,25.87264633178711,211612000.0,0.0021756492482234435,18.43787217477697,311372160.0,0.0,0.0,0.0,0.0,0.0,0.0,0.0,0.0,25.96029663085937,1
2015-08-07,25.749055764685423,26.124347048434043,25.731077307919985,25.96029663085937,154681600.0,0.0033877593327040767,10.612902675654922,308000480.0,0.0,0.0,0.0,0.0,0.0,0.0,0.0,0.0,26.904142379760746,1
2015-08-10,26.187267346347056,26.96481752220185,26.187267346347056,26.904142379760746,219806400.0,0.036357279052790625,28.457123632698455,295980960.0,0.0,0.0,0.0,0.0,0.0,0.0,0.0,0.0,25.50410270690918,0
2015-08-11,26.474917034026078,26.558066106440315,25.46814750972999,25.50410270690918,388331200.0,-0.05203807105573366,27.055438269786407,274336320.0,0.0,0.0,0.0,0.0,0.0,0.0,0.0,0.0,25.89737319946289,1
2015-08-12,25.288367134192427,25.93782386907037,24.636662663636294,25.89737319946289,404870000.0,0.015419891343488423,32.403187539518086,275860240.0,0.0,0.0,0.0,0.0,0.0,0.0,0.0,0.0,25.877153396606445,0
2015-08-13,26.07715904509654,26.15806039892627,25.740070642312748,25.877153396606445,194143200.0,-0.0007807665549981468,33.102176040563776,272366480.0,0.0,0.0,0.0,0.0,0.0,0.0,0.0,0.0,26.05917358398437,1
2015-08-14,25.69062383312292,26.13782718059752,25.620959463911245,26.05917358398437,171718000.0,0.007034011221721093,37.72251906471605,275773760.0,0.0,0.0,0.0,0.0,0.0,0.0,0.0,0.0,26.32884979248047,1
2015-08-17,26.07715652549348,26.438964846684726,25.955804506474045,26.32884979248047,163538800.0,0.010348609391889418,39.3428672509978,264520240.0,0.0,0.0,0.0,0.0,0.0,0.0,0.0,0.0,26.18052864074707,0
2015-08-18,26.16479791958665,26.39177122306131,26.070413592624128,26.18052864074707,138242800.0,-0.005633407949927172,38.8779927287132,214502560.0,0.0,0.0,0.0,0.0,0.0,0.0,0.0,0.0,25.845684051513672,0
2015-08-19,26.090634059714336,26.18501837216672,25.771524214078337,25.845684051513672,193146000.0,-0.012789833002541107,37.48972036784323,172157760.0,0.0,0.0,0.0,0.0,0.0,0.0,0.0,0.0,25.315330505371094,0
2015-08-20,25.636688071797668,25.697363208610664,25.08610951181161,25.315330505371094,274006400.0,-0.020520004233028466,35.55996481940136,188130400.0,0.0,0.0,0.0,0.0,0.0,0.0,0.0,0.0,23.766977310180664,0
2015-08-21,24.816445334745744,25.146792204570744,23.742257359750216,23.766977310180664,513102000.0,-0.0611626695871863,30.542307295897814,256407200.0,0.0,0.0,0.0,0.0,0.0,0.0,0.0,0.0,23.173704147338867,0
2015-08-24,21.319717974691265,24.45014560508796,20.6747548949793,23.173704147338867,648825200.0,-0.024962078900444218,31.381363312452947,353464480.0,0.0,0.0,0.0,0.0,0.0,0.0,0.0,0.0,23.313032150268555,1
2015-08-25,24.96926036037767,24.96926036037767,23.259098488910645,23.313032150268555,414406400.0,0.006012331996811504,31.21753678956665,408697200.0,0.0,0.0,0.0,0.0,0.0,0.0,0.0,0.0,24.65014266967773,1
2015-08-26,24.065854950038663,24.69508708756398,23.60741640113609,24.65014266967773,387098400.0,0.0573546379891976,43.3122799494285,447487680.0,0.0,0.0,0.0,0.0,0.0,0.0,0.0,0.0,25.37601661682129,1
2015-08-27,25.22095710478576,25.44792874669121,24.72431197545734,25.37601661682129,338464400.0,0.029447048516942687,47.658890025203824,460379280.0,0.0,0.0,0.0,0.0,0.0,0.0,0.0,0.0,25.459163665771484,1
2015-08-28,25.207470374210768,25.46365742342423,25.065893862125524,25.459163665771484,212657600.0,0.0032765997203469954,42.01484645380487,400290400.0,0.0,0.0,0.0,0.0,0.0,0.0,0.0,0.0,25.340049743652344,0
2015-08-31,25.175999362069504,25.73781315383048,25.169257870891517,25.340049743652344,224917200.0,-0.004678626669865182,49.68501764438327,315508800.0,0.0,0.0,0.0,0.0,0.0,0.0,0.0,0.0,24.20743751525879,0
2015-09-01,24.753520692783827,25.142294950131475,24.12653617677212,24.20743751525879,307383600.0,-0.0446965274279808,39.30528486362861,294104240.0,0.0,0.0,0.0,0.0,0.0,0.0,0.0,0.0,25.24566650390625,1
2015-09-02,24.77149718879779,25.24566650390625,24.524297721583192,25.24566650390625,247555200.0,0.04288884306705443,47.26711291261644,266195600.0,0.0,0.0,0.0,0.0,0.0,0.0,0.0,0.0,24.80296516418457,0
2015-09-03,25.279382340331384,25.34455297027077,24.728805304475586,24.80296516418457,212935600.0,-0.017535735871864633,43.751839320125754,241089840.0,0.0,0.0,0.0,0.0,0.0,0.0,0.0,0.0,24.55575942993164,0
2015-09-04,24.48834279546704,24.82093564034,24.38496925100545,24.55575942993164,199985200.0,-0.009966781496346777,40.765391022425405,238555360.0,0.0,0.0,0.0,0.0,0.0,0.0,0.0,0.0,25.238927841186523,1
2015-09-08,25.11308207251206,25.295109232847626,24.79172444362976,25.238927841186523,219374400.0,0.027821107028038083,45.93629201222329,237446800.0,0.0,0.0,0.0,0.0,0.0,0.0,0.0,0.0,24.753522872924805,0
2015-09-09,25.56478235038033,25.62320976647334,24.668126055601,24.753522872924805,340043200.0,-0.019232392568974466,45.135472138661775,243978720.0,0.0,0.0,0.0,0.0,0.0,0.0,0.0,0.0,25.29735565185547,1
2015-09-10,24.780486189668327,25.45691059012578,24.697338831630518,25.29735565185547,251571200.0,0.021969914412687697,50.88080537857696,244781920.0,0.0,0.0,0.0,0.0,0.0,0.0,0.0,0.0,25.66591453552246,1
2015-09-11,25.12207891098724,25.66591453552246,25.115337416268957,25.66591453552246,199662000.0,0.014569067563390048,62.67947608273968,242127200.0,0.0,0.0,0.0,0.0,0.0,0.0,0.0,0.0,25.91309928894043,1
2015-09-14,26.198501660863435,26.268166023756923,25.811973490255067,25.91309928894043,233453600.0,0.009630857029304662,68.90451722764952,248820880.0,0.0,0.0,0.0,0.0,0.0,0.0,0.0,0.0,26.131088256835938,1
2015-09-15,26.05243465249272,26.1872696477268,25.713098571446302,26.131088256835938,173364800.0,0.008412307824118281,69.14410981661192,239618960.0,0.0,0.0,0.0,0.0,0.0,0.0,0.0,0.0,26.160306930541992,1
2015-09-16,26.124350012930844,26.1895206402109,25.942322832454952,26.160306930541992,148694000.0,0.0011181575531364896,62.34580355327023,201349120.0,0.0,0.0,0.0,0.0,0.0,0.0,0.0,0.0,25.60073471069336,0
2015-09-17,25.991758409268044,26.1782793161294,25.555790285682896,25.60073471069336,256450400.0,-0.021390124410021194,52.46506948208375,202324960.0,0.0,0.0,0.0,0.0,0.0,0.0,0.0,0.0,25.495119094848636,0
2015-09-18,25.21645982587937,25.68613722991624,25.140053943468565,25.495119094848636,297141200.0,-0.004125491593825581,50.96449198558382,221820800.0,0.0,0.0,0.0,0.0,0.0,0.0,0.0,0.0,25.8906364440918,1
2015-09-21,25.54455881068905,25.926593363441825,25.542312789119883,25.8906364440918,200888000.0,0.01551345368388879,54.82415502400537,215307680.0,0.0,0.0,0.0,0.0,0.0,0.0,0.0,0.0,25.48387336730957,0
2015-09-22,25.479377896945017,25.659158992096103,25.28611381973946,25.48387336730957,201384800.0,-0.01571081798860352,61.73681422657817,220911680.0,0.0,0.0,0.0,0.0,0.0,0.0,0.0,0.0,25.690629959106445,1
2015-09-23,25.535568749865988,25.780520540035987,25.461410606530325,25.690629959106445,143026800.0,0.008113232585047259,54.91692059937896,219778240.0,0.0,0.0,0.0,0.0,0.0,0.0,0.0,0.0,25.84344482421875,1
2015-09-24,25.45017501167629,25.955807627802308,25.252417094596534,25.84344482421875,200878000.0,0.005948272399530552,61.6255178867531,208663760.0,0.0,0.0,0.0,0.0,0.0,0.0,0.0,0.0,25.778268814086918,0
2015-09-25,26.167044787761764,26.223226177832004,25.62320762884666,25.778268814086918,224607600.0,-0.00252195520276588,64.23114427558423,194157040.0,0.0,0.0,0.0,0.0,0.0,0.0,0.0,0.0,25.268150329589844,0
2015-09-28,25.585012575633726,25.74681530319677,25.268150329589844,25.268150329589844,208436000.0,-0.019788702188500373,50.745568703627725,195666640.0,0.0,0.0,0.0,0.0,0.0,0.0,0.0,0.0,24.50856590270996,0
2015-09-29,25.35578211611089,25.508595546024186,24.238895950872276,24.50856590270996,293461600.0,-0.030060943004220797,47.67355653150492,214082000.0,0.0,0.0,0.0,0.0,0.0,0.0,0.0,0.0,24.787233352661133,1
2015-09-30,24.758017928562307,25.06589260520561,24.43441424366298,24.787233352661133,265892000.0,0.011370206280423734,44.377465758411574,238655040.0,0.0,0.0,0.0,0.0,0.0,0.0,0.0,0.0,24.62542724609375,0
2015-10-01,24.51081673056868,24.634416474225127,24.115299265388,24.62542724609375,255716400.0,-0.006527800189124799,37.51208636023205,249622720.0,0.0,0.0,0.0,0.0,0.0,0.0,0.0,0.0,24.805206298828125,1
2015-10-02,24.2726078274395,24.94678449665644,24.169234277235294,24.805206298828125,232079200.0,0.007300545527099134,36.589892256530916,251117040.0,0.0,0.0,0.0,0.0,0.0,0.0,0.0,0.0,24.895095825195312,1
2015-10-05,24.69284248996812,25.027684789490863,24.51081534552357,24.895095825195312,208258800.0,0.0036238169231204154,34.60679681916375,251081600.0,0.0,0.0,0.0,0.0,0.0,0.0,0.0,0.0,25.01420021057129,1
2015-10-06,24.861386769281232,25.11083226483588,24.668122660752044,25.01420021057129,192787200.0,0.004784250930877532,36.13593433364106,230946720.0,0.0,0.0,0.0,0.0,0.0,0.0,0.0,0.0,24.895095825195312,0
2015-10-07,25.1108321445977,25.117573636685297,24.587222923062672,24.895095825195312,187062400.0,-0.00476147085948575,40.423396447567896,215180800.0,0.0,0.0,0.0,0.0,0.0,0.0,0.0,0.0,24.607458114624023,0
2015-10-08,24.76251935823948,24.76251935823948,24.31756182698324,24.607458114624023,247918400.0,-0.011553990898086175,38.388660901870395,213621200.0,0.0,0.0,0.0,0.0,0.0,0.0,0.0,0.0,25.19622611999512,1
2015-10-09,24.719807396579416,25.232181311930823,24.605196900402497,25.19622611999512,211064400.0,0.023926404857769423,41.711471189989965,209418240.0,0.0,0.0,0.0,0.0,0.0,0.0,0.0,0.0,25.07937240600586,0
2015-10-12,25.33331338865947,25.33780714551601,25.04341720759365,25.07937240600586,121868800.0,-0.0046377466781236665,44.89858269952548,192140240.0,0.0,0.0,0.0,0.0,0.0,0.0,0.0,0.0,25.12206649780273,1
2015-10-13,24.904082465511085,25.27038445188055,24.872621029357617,25.12206649780273,132197200.0,0.0017023588591333905,42.348209865660316,180022240.0,0.0,0.0,0.0,0.0,0.0,0.0,0.0,0.0,24.767000198364254,0
2015-10-14,25.00970417972863,25.06139009096085,24.6209282624772,24.767000198364254,177849600.0,-0.01413364220931157,35.93033283229107,178179680.0,0.0,0.0,0.0,0.0,0.0,0.0,0.0,0.0,25.137794494628903,1
2015-10-15,24.92879971165116,25.191728134407825,24.82991994329023,25.137794494628903,150694000.0,0.014971304287757059,42.52704116530301,158734800.0,0.0,0.0,0.0,0.0,0.0,0.0,0.0,0.0,24.953523635864254,0
2015-10-16,25.119820051856813,25.16925994392697,24.83891313283977,24.953523635864254,156930400.0,-0.0073304306312163,46.13895609260591,147908000.0,0.0,0.0,0.0,0.0,0.0,0.0,0.0,0.0,25.10858917236328,1
2015-10-19,24.89959431967153,25.11308292946071,24.74453312474925,25.10858917236328,119036800.0,0.006214173948410284,60.154817681471705,147341600.0,0.0,0.0,0.0,0.0,0.0,0.0,0.0,0.0,25.567028045654297,1
2015-10-20,25.020944826997862,25.65691861902344,24.904088281782037,25.567028045654297,195871200.0,0.018258249005707272,62.2704685378313,160076400.0,0.0,0.0,0.0,0.0,0.0,0.0,0.0,0.0,25.564781188964844,0
2015-10-21,25.6187148454159,25.973781655635417,25.55129648896206,25.564781188964844,167180800.0,-8.788102729195835e-05,65.5231972578948,157942640.0,0.0,0.0,0.0,0.0,0.0,0.0,0.0,0.0,25.955808639526367,1
2015-10-22,25.69288008037709,25.955808639526367,25.641192434325,25.955808639526367,166616400.0,0.015295552411389801,67.62282857441849,161127120.0,0.0,0.0,0.0,0.0,0.0,0.0,0.0,0.0,26.76032066345215,1
2015-10-23,26.225472722023625,26.794029841070586,26.142325360354143,26.76032066345215,237467600.0,0.030995452120133216,73.20870863492286,177234560.0,0.0,0.0,0.0,0.0,0.0,0.0,0.0,0.0,25.906362533569336,0
2015-10-26,26.535594793476037,26.546830042872955,25.825461194023617,25.906362533569336,265335200.0,-0.03191135639301601,59.94374334521742,206494240.0,0.0,0.0,0.0,0.0,0.0,0.0,0.0,0.0,25.742311477661133,0
2015-10-27,25.933327845128844,26.189514825406917,25.61646400848397,25.742311477661133,279537600.0,-0.0063324619847972,59.441098119728814,223227520.0,0.0,0.0,0.0,0.0,0.0,0.0,0.0,0.0,26.803014755249023,1
2015-10-28,26.277157807676478,26.80975796173468,26.08164596806831,26.803014755249023,342205600.0,0.041204663322808255,70.30736338132743,258232480.0,0.0,0.0,0.0,0.0,0.0,0.0,0.0,0.0,27.08617401123047,1
2015-10-29,26.674925786399893,27.122130927170247,26.578293717961888,27.08617401123047,204909200.0,0.01056445547514362,68.35906228706877,265891040.0,0.0,0.0,0.0,0.0,0.0,0.0,0.0,0.0,26.854705810546875,0
2015-10-30,27.189546432219466,27.241234068084648,26.84346884615704,26.854705810546875,197461200.0,-0.008545621858134012,67.07194223844235,257889760.0,0.0,0.0,0.0,0.0,0.0,0.0,0.0,0.0,27.23224258422852,1
2015-11-02,27.146847491305937,27.27269325235393,26.87942353455905,27.23224258422852,128813200.0,0.014058495979999641,68.92213175210561,230585360.0,0.0,0.0,0.0,0.0,0.0,0.0,0.0,0.0,27.544612884521484,1
2015-11-03,27.144601646594364,27.75135999622224,27.124375453862758,27.544612884521484,182076000.0,0.01147060508611486,75.0471473514805,211093040.0,0.0,0.0,0.0,0.0,0.0,0.0,0.0,0.0,27.4165153503418,0
2015-11-04,27.670454588408827,27.825515756659545,27.33112026401867,27.4165153503418,179544400.0,-0.004650547630374091,71.5550380089417,178560800.0,0.0,0.0,0.0,0.0,0.0,0.0,0.0,0.0,27.290132522583008,0
2015-11-05,27.500021969809342,27.68960036820362,27.12312425203636,27.290132522583008,158210800.0,-0.004609733445108177,72.50841854244734,169221120.0,0.0,0.0,0.0,0.0,0.0,0.0,0.0,0.0,27.321727752685547,1
2015-11-06,27.33301281624479,27.490993374920475,27.22242642517181,27.321727752685547,132169200.0,0.0011577529012141152,71.8103818049303,156162720.0,0.0,0.0,0.0,0.0,0.0,0.0,0.0,0.0,27.21114158630371,0
2015-11-09,27.299159572843948,27.490993601922444,27.093784844869717,27.21114158630371,135485600.0,-0.004047553924219405,67.45554394523177,157497200.0,0.0,0.0,0.0,0.0,0.0,0.0,0.0,0.0,26.35352897644043,0
2015-11-10,26.382869453829933,26.646923419181427,26.19329105588032,26.35352897644043,236511600.0,-0.03151696547325111,57.65681015760733,168384320.0,0.0,0.0,0.0,0.0,0.0,0.0,0.0,0.0,26.204578399658203,0
2015-11-11,26.26325763768348,26.500228503413958,26.001459284846973,26.204578399658203,180872000.0,-0.00565201635482615,52.94729668208538,168649840.0,0.0,0.0,0.0,0.0,0.0,0.0,0.0,0.0,26.11655807495117,0
2015-11-12,26.238429532971637,26.36481398342589,26.10076001864439,26.11655807495117,130102400.0,-0.0033589674050311658,43.81027910185628,163028160.0,0.0,0.0,0.0,0.0,0.0,0.0,0.0,0.0,25.35373306274414,0
2015-11-13,25.9991994540376,26.082704449365423,25.33793500653174,25.35373306274414,183249600.0,-0.029208481838143396,44.481641013888456,173244240.0,0.0,0.0,0.0,0.0,0.0,0.0,0.0,0.0,25.76899528503418,1
2015-11-16,25.137069682949928,25.7825359821824,25.05130906457997,25.76899528503418,152426800.0,0.016378740805638614,50.87027801006884,176632480.0,0.0,0.0,0.0,0.0,0.0,0.0,0.0,0.0,25.658409118652344,0
2015-11-17,25.93600374362965,25.965344216837444,25.574904134546816,25.658409118652344,110467600.0,-0.0042914426875642064,35.87021240738768,151423680.0,0.0,0.0,0.0,0.0,0.0,0.0,0.0,0.0,26.470882415771484,1
2015-11-18,26.125580877133,26.51601921907192,26.06690165535549,26.470882415771484,186698800.0,0.0316649911287179,43.80150401489587,152589040.0,0.0,0.0,0.0,0.0,0.0,0.0,0.0,0.0,26.80715751647949,1
2015-11-19,26.54987393741683,27.02607463873744,26.35126958290528,26.80715751647949,173183200.0,0.012703584845650928,50.028168752113736,161205200.0,0.0,0.0,0.0,0.0,0.0,0.0,0.0,0.0,26.924524307250977,1
2015-11-20,26.90195417568265,27.064449480562576,26.822963880771372,26.924524307250977,137148400.0,0.004378188575172137,47.09798558563551,151984960.0,0.0,0.0,0.0,0.0,0.0,0.0,0.0,0.0,26.57470321655273,0
2015-11-23,26.91774746011661,27.021565225710173,26.48217051474164,26.57470321655273,129930000.0,-0.012992656312373008,39.78309348103458,147485600.0,0.0,0.0,0.0,0.0,0.0,0.0,0.0,0.0,26.829730987548828,1
2015-11-24,26.479916374706185,26.93580439440132,26.43252220348979,26.829730987548828,171212800.0,0.00959663665546584,44.229952375270784,159634640.0,0.0,0.0,0.0,0.0,0.0,0.0,0.0,0.0,26.63789367675781,0
2015-11-25,26.90420497890897,26.90871969286649,26.613067915568045,26.63789367675781,85553200.0,-0.007150176454622237,43.584548221252454,139405520.0,0.0,0.0,0.0,0.0,0.0,0.0,0.0,0.0,26.58824157714844,0
2015-11-27,26.69657232561183,26.723655443192385,26.54084741277659,26.58824157714844,52185600.0,-0.0018639649295053573,42.74615256974463,115206000.0,0.0,0.0,0.0,0.0,0.0,0.0,0.0,0.0,26.69883155822754,1
2015-11-30,26.62886726336058,26.949344817405905,26.574702746253053,26.69883155822754,156721200.0,0.0041593567125606246,45.09674445291746,119120560.0,0.0,0.0,0.0,0.0,0.0,0.0,0.0,0.0,26.4821720123291,0
2015-12-01,26.800392232913318,26.81393293273083,26.373842970070832,26.4821720123291,139409600.0,-0.008114944859138329,52.06213309407882,121016480.0,0.0,0.0,0.0,0.0,0.0,0.0,0.0,0.0,26.24294090270996,0
2015-12-02,26.48216908966575,26.65594942015389,26.197804093726983,26.24294090270996,133546400.0,-0.009033666479764668,50.92552436680126,113483200.0,0.0,0.0,0.0,0.0,0.0,0.0,0.0,0.0,25.99920654296875,0
2015-12-03,26.303886130202947,26.358050663148365,25.77803369569027,25.99920654296875,166278000.0,-0.009287616073396787,49.04820071713956,129628160.0,0.0,0.0,0.0,0.0,0.0,0.0,0.0,0.0,26.863584518432617,1
2015-12-04,26.01951369811429,26.91323604701471,25.97888987671613,26.863584518432617,231108000.0,0.033246321345819396,68.01301913294299,165412640.0,0.0,0.0,0.0,0.0,0.0,0.0,0.0,0.0,26.694316864013672,0
2015-12-07,26.85229914499561,27.05090352244436,26.58824346494869,26.694316864013672,128336800.0,-0.00630100775653375,61.85958202253205,159735760.0,0.0,0.0,0.0,0.0,0.0,0.0,0.0,0.0,26.68303108215332,0
2015-12-08,26.522791458735053,26.766534346399656,26.373838619734773,26.68303108215332,137238000.0,-0.0004227784482309094,63.44532591159524,159301440.0,0.0,0.0,0.0,0.0,0.0,0.0,0.0,0.0,26.09398651123047,0
2015-12-09,26.54987445366925,26.561159516176545,25.972115067958608,26.09398651123047,185445600.0,-0.022075624358764423,45.34469960411531,169681280.0,0.0,0.0,0.0,0.0,0.0,0.0,0.0,0.0,26.218114852905277,1
2015-12-10,26.18877609957485,26.391895181482443,26.069162007412285,26.218114852905277,116850800.0,0.004756971175001734,42.08840295794809,159795840.0,0.0,0.0,0.0,0.0,0.0,0.0,0.0,0.0,25.54330825805664,0
2015-12-11,25.99694056081905,26.04207736666678,25.468830978734992,25.54330825805664,187544800.0,-0.02573818135417394,33.44921676903846,151083200.0,0.0,0.0,0.0,0.0,0.0,0.0,0.0,0.0,25.385326385498047,0
2015-12-14,25.31761945841563,25.430463188980536,24.7782265640641,25.385326385498047,257274800.0,-0.0061848634077680265,34.98854003718483,176870800.0,0.0,0.0,0.0,0.0,0.0,0.0,0.0,0.0,24.936208724975582,0
2015-12-15,25.263456598079,25.457547965062044,24.904612616104743,24.936208724975582,213292400.0,-0.017692018361403994,27.022576918505635,192081680.0,0.0,0.0,0.0,0.0,0.0,0.0,0.0,0.0,25.128042221069336,1
2015-12-16,25.06710736145312,25.27473942174533,24.55479755936229,25.128042221069336,224954000.0,0.007692969617374867,31.84232472382834,199983360.0,0.0,0.0,0.0,0.0,0.0,0.0,0.0,0.0,24.59542465209961,0
2015-12-17,25.281513140894017,25.333422023816897,24.59542465209961,24.59542465209961,179091200.0,-0.021196142711155552,28.3427632638585,212431440.0,0.0,0.0,0.0,0.0,0.0,0.0,0.0,0.0,23.92964553833008,0
2015-12-18,24.57962664544879,24.717294437424854,23.879994012440843,23.92964553833008,385813200.0,-0.027069226215319375,22.984621432180816,252085120.0,0.0,0.0,0.0,0.0,0.0,0.0,0.0,0.0,24.223041534423828,1
2015-12-21,24.211756469866728,24.23206924169769,23.825831023669416,24.223041534423828,190362400.0,0.012260774846154288,28.556149742678727,238702640.0,0.0,0.0,0.0,0.0,0.0,0.0,0.0,0.0,24.200469970703125,0
2015-12-22,24.23883643021858,24.31105635713073,24.02443228461205,24.200469970703125,131157600.0,-0.0009318220293940138,29.74347322728326,222275680.0,0.0,0.0,0.0,0.0,0.0,0.0,0.0,0.0,24.51192283630371,1
2015-12-23,24.209500649931822,24.566087361527327,24.19370259166413,24.51192283630371,130629600.0,0.012869703190790505,35.69205259597855,203410800.0,0.0,0.0,0.0,0.0,0.0,0.0,0.0,0.0,24.381031036376957,0
2015-12-24,24.59994828283182,24.59994828283182,24.36297561521661,24.381031036376957,54281600.0,-0.005339923791408796,22.037164290740748,178448880.0,0.0,0.0,0.0,0.0,0.0,0.0,0.0,0.0,24.10794258117676,0
2015-12-28,24.281721226671767,24.30429135781022,23.963502695558784,24.10794258117676,106816800.0,-0.011200857535218378,21.421661520731476,122649600.0,0.0,0.0,0.0,0.0,0.0,0.0,0.0,0.0,24.541257858276367,1
2015-12-29,24.13953439047873,24.69698278167213,24.1169659852272,24.541257858276367,123724800.0,0.01797396337910362,28.787183242927966,109322080.0,0.0,0.0,0.0,0.0,0.0,0.0,0.0,0.0,24.220783233642575,0
2015-12-30,24.50514997518513,24.53223137409268,24.18918712034441,24.220783233642575,100855200.0,-0.013058606306347698,30.198175033894387,103261600.0,0.0,0.0,0.0,0.0,0.0,0.0,0.0,0.0,23.7558650970459,0
2015-12-31,24.15081819486197,24.155331186933395,23.65656205288588,23.7558650970459,163649200.0,-0.019195008357570598,25.60300958304228,109865520.0,0.0,0.0,0.0,0.0,0.0,0.0,0.0,0.0,23.77617454528809,1
2016-01-04,23.157791361555017,23.780689258914776,23.02012186753966,23.77617454528809,270597600.0,0.0008549235382178111,29.767228652387658,153128720.0,0.0,0.0,0.0,0.0,0.0,0.0,0.0,0.0,23.180362701416016,0
2016-01-05,23.866452901617503,23.88902130703448,23.1126574851651,23.180362701416016,223164000.0,-0.025059197085603113,26.847006175915283,176398160.0,0.0,0.0,0.0,0.0,0.0,0.0,0.0,0.0,22.726730346679688,0
2016-01-06,22.695134234726723,23.103629776733975,22.539411032061107,22.726730346679688,273829600.0,-0.019569683208995547,26.58752734496332,206419120.0,0.0,0.0,0.0,0.0,0.0,0.0,0.0,0.0,21.767559051513672,0
2016-01-07,22.27084294257667,22.598089134324237,21.763046059055892,21.767559051513672,324377600.0,-0.042204544188035764,19.21432112500183,251123600.0,0.0,0.0,0.0,0.0,0.0,0.0,0.0,0.0,21.88266372680664,1
2016-01-08,22.24150781167588,22.36789228339873,21.83752690743685,21.88266372680664,283192000.0,0.005287899990098488,23.134234855635057,275032160.0,0.0,0.0,0.0,0.0,0.0,0.0,0.0,0.0,22.23699378967285,1
2016-01-11,22.336296861612475,22.356607914404123,21.968425057032142,22.23699378967285,198957600.0,0.01619227290104308,32.3959421066543,260704160.0,0.0,0.0,0.0,0.0,0.0,0.0,0.0,0.0,22.559720993041992,1
2016-01-12,22.692877505733563,22.724473616163657,22.306950387742376,22.559720993041992,196616800.0,0.014513077011291786,33.14141902239716,255394720.0,0.0,0.0,0.0,0.0,0.0,0.0,0.0,0.0,21.97970199584961,0
2016-01-13,22.640966334684357,22.837315048364253,21.95939095056826,21.97970199584961,249758400.0,-0.02571037990103142,29.555878172692246,250580480.0,0.0,0.0,0.0,0.0,0.0,0.0,0.0,0.0,22.460420608520508,1
2016-01-14,22.108348638100864,22.67708213693469,21.607322082128857,22.460420608520508,252680400.0,0.021871025037631053,32.21977172090796,236241040.0,0.0,0.0,0.0,0.0,0.0,0.0,0.0,0.0,21.92102432250977,0
2016-01-15,21.711134897139864,22.05192347421547,21.521558240345804,21.92102432250977,319335600.0,-0.024015413398185248,29.875775036544496,243469760.0,0.0,0.0,0.0,0.0,0.0,0.0,0.0,0.0,21.814956665039062,0
2016-01-19,22.20990982785157,22.26407435091672,21.553158313482385,21.814956665039062,212350800.0,-0.004838626877567531,30.635034693104515,246148400.0,0.0,0.0,0.0,0.0,0.0,0.0,0.0,0.0,21.844297409057617,1
2016-01-20,21.46288491186867,22.16026031240673,21.083729772221595,21.844297409057617,289337600.0,0.0013449829155780524,25.69968400597668,264692560.0,0.0,0.0,0.0,0.0,0.0,0.0,0.0,0.0,21.733705520629883,0
2016-01-21,21.90522676969974,22.090290438750067,21.42677040290853,21.733705520629883,208646000.0,-0.005062734971822858,26.61006667339369,256470080.0,0.0,0.0,0.0,0.0,0.0,0.0,0.0,0.0,22.88923072814941,1
2016-01-22,22.25956226196709,22.8982584367017,22.200884739166256,22.88923072814941,263202000.0,0.05316742726741608,43.60223885429686,258574400.0,0.0,0.0,0.0,0.0,0.0,0.0,0.0,0.0,22.442367553710938,0
2016-01-25,22.91179628698908,22.91405364431104,22.39045866646073,22.442367553710938,207178000.0,-0.019522856829299884,40.370971272765,236142880.0,0.0,0.0,0.0,0.0,0.0,0.0,0.0,0.0,22.56649208068848,1
2016-01-26,22.552951382020684,22.76735381293576,22.133172504729767,22.56649208068848,300308000.0,0.00553081249919285,45.55372479998246,253734320.0,0.0,0.0,0.0,0.0,0.0,0.0,0.0,0.0,21.083724975585938,0
2016-01-27,21.675026821303355,21.80818161437232,21.065669563077257,21.083724975585938,533478800.0,-0.06570658389442086,38.66217134049621,302562560.0,0.0,0.0,0.0,0.0,0.0,0.0,0.0,0.0,21.23493385314941,1
2016-01-28,21.16722864326445,21.331979536990776,20.851265831558248,21.23493385314941,222715200.0,0.007171829348872949,46.336673233483154,305376400.0,0.0,0.0,0.0,0.0,0.0,0.0,0.0,0.0,21.96842193603516,1
2016-01-29,21.39291980452718,21.96842193603516,21.29361674669528,21.96842193603516,257666000.0,0.03454157606320796,51.58367907416381,304269200.0,0.0,0.0,0.0,0.0,0.0,0.0,0.0,0.0,21.76304817199707,0
2016-02-01,21.77207587964812,21.82624040369523,21.530590296024908,21.76304817199707,163774000.0,-0.009348589745593494,47.25249173090769,295588400.0,0.0,0.0,0.0,0.0,0.0,0.0,0.0,0.0,21.32295036315918,0
2016-02-02,21.53509538862485,21.675022223094214,21.277811841463315,21.32295036315918,149428800.0,-0.02022225036491776,41.47812174061774,265412560.0,0.0,0.0,0.0,0.0,0.0,0.0,0.0,0.0,21.744993209838867,1
2016-02-03,21.440315388168315,21.85557961761516,21.2326832734449,21.744993209838867,183857200.0,0.019792891672667956,49.09349014932682,195488240.0,0.0,0.0,0.0,0.0,0.0,0.0,0.0,0.0,21.919713973999023,1
2016-02-04,21.75179946290777,22.085360609990744,21.599768733525107,21.919713973999023,185886800.0,0.008034988214257188,46.562622797991914,188122560.0,0.0,0.0,0.0,0.0,0.0,0.0,0.0,0.0,21.33428382873535,0
2016-02-05,21.901564316675803,21.99232954098681,21.259404120041232,21.33428382873535,185672400.0,-0.026707928121603386,46.11645486612711,173723840.0,0.0,0.0,0.0,0.0,0.0,0.0,0.0,0.0,21.55891990661621,1
2016-02-08,21.132324034799613,21.715488084215156,21.111902776017924,21.55891990661621,216085600.0,0.010529347021168478,48.87383462135542,184186160.0,0.0,0.0,0.0,0.0,0.0,0.0,0.0,0.0,21.55438804626465,0
2016-02-09,21.395550208671985,21.7699556615148,21.31386168328073,21.55438804626465,177324800.0,-0.0002102081352495233,48.59704425311745,189765360.0,0.0,0.0,0.0,0.0,0.0,0.0,0.0,0.0,21.391002655029297,0
2016-02-10,21.76540796188972,21.86298023299635,21.352428013969025,21.391002655029297,169374400.0,-0.0075801452068441355,48.1723565530614,186868800.0,0.0,0.0,0.0,0.0,0.0,0.0,0.0,0.0,21.261667251586918,0
2016-02-11,21.28209024482134,21.49311860849828,21.0097946326434,21.261667251586918,200298800.0,-0.006046252507568739,35.52719373912271,189751200.0,0.0,0.0,0.0,0.0,0.0,0.0,0.0,0.0,21.32747459411621,1
2016-02-12,21.37285806730701,21.44320028674965,21.10510163468998,21.32747459411621,161405600.0,0.0030951167540438362,39.50523162021862,184897840.0,0.0,0.0,0.0,0.0,0.0,0.0,0.0,0.0,21.92879295349121,1
2016-02-16,21.561194598376883,21.976444303583385,21.468161504730983,21.92879295349121,196231600.0,0.028194541117441574,45.05189614810762,180927040.0,0.0,0.0,0.0,0.0,0.0,0.0,0.0,0.0,22.264619827270508,1
2016-02-17,21.93559618514665,22.285041088918412,21.817602633931287,22.264619827270508,179452800.0,0.015314425855155411,64.37047481422215,181352640.0,0.0,0.0,0.0,0.0,0.0,0.0,0.0,0.0,21.842559814453125,0
2016-02-18,22.42799173238463,22.43933803016862,21.80398344070875,21.842559814453125,156084000.0,-0.018956533553760813,57.29497972507894,178694560.0,0.0,0.0,0.0,0.0,0.0,0.0,0.0,0.0,21.79264640808105,0
2016-02-19,21.783569712956343,21.95602345792064,21.738187968535385,21.79264640808105,141496800.0,-0.0022851445433170747,48.186308446327715,166934160.0,0.0,0.0,0.0,0.0,0.0,0.0,0.0,0.0,21.98324966430664,1
2016-02-22,21.8539098010207,21.9877888770268,21.76541419620413,21.98324966430664,137123200.0,0.008746218915152593,53.32897020868999,162077680.0,0.0,0.0,0.0,0.0,0.0,0.0,0.0,0.0,21.486305236816406,0
2016-02-23,21.874324682759408,21.89701554433702,21.454537684367395,21.486305236816406,127770400.0,-0.0226055944902952,52.61531630114142,148385440.0,0.0,0.0,0.0,0.0,0.0,0.0,0.0,0.0,21.80625915527344,1
2016-02-24,21.32520646362585,21.86979428577765,21.17544360069238,21.80625915527344,145022800.0,0.014891062699267543,51.27423687135387,141499440.0,0.0,0.0,0.0,0.0,0.0,0.0,0.0,0.0,21.95602035522461,1
2016-02-25,21.794912934733603,21.95602035522461,21.613382520297414,21.95602035522461,110330800.0,0.006867807948386817,50.943645458388275,132348800.0,0.0,0.0,0.0,0.0,0.0,0.0,0.0,0.0,21.990053176879883,1
2016-02-26,22.0558561646213,22.24192402359157,21.915171765888896,21.990053176879883,115964400.0,0.0015500450949059719,60.725186062729016,127242320.0,0.0,0.0,0.0,0.0,0.0,0.0,0.0,0.0,21.940134048461918,0
2016-02-29,21.978708694448848,22.28957893074847,21.93105735566461,21.940134048461918,140865200.0,-0.0022700776581318083,56.74728835281246,127990720.0,0.0,0.0,0.0,0.0,0.0,0.0,0.0,0.0,22.81147575378418,1
2016-03-01,22.157969454022457,22.865934179297124,22.105778903304373,22.81147575378418,201628400.0,0.039714511470058556,66.45823343244447,142762320.0,0.0,0.0,0.0,0.0,0.0,0.0,0.0,0.0,22.86139488220215,1
2016-03-02,22.80693646101584,22.89316243882766,22.609522303812746,22.86139488220215,132678400.0,0.002188334019103788,69.79973823818443,140293440.0,0.0,0.0,0.0,0.0,0.0,0.0,0.0,0.0,23.031587600708008,1
2016-03-03,22.822828798535053,23.07923895351688,22.793329105461005,23.031587600708008,147822800.0,0.007444546554696618,73.51464393400263,147791840.0,0.0,0.0,0.0,0.0,0.0,0.0,0.0,0.0,23.374216079711918,1
2016-03-04,23.228992473127164,23.542130550225167,23.002080371438247,23.374216079711918,184220400.0,0.014876459449689738,75.19309553756614,161443040.0,0.0,0.0,0.0,0.0,0.0,0.0,0.0,0.0,23.11553955078125,0
2016-03-07,23.23353309790009,23.333374990140616,22.90904867932056,23.11553955078125,143315600.0,-0.011066746711355657,66.11865054218266,161933120.0,0.0,0.0,0.0,0.0,0.0,0.0,0.0,0.0,22.9249324798584,0
2016-03-08,22.868204446707725,23.09057909838733,22.781978459551485,22.9249324798584,126247600.0,-0.008245841309657442,59.53844903892727,146856960.0,0.0,0.0,0.0,0.0,0.0,0.0,0.0,0.0,22.945356369018555,1
2016-03-09,22.98846849868096,23.04973574635203,22.7524796638044,22.945356369018555,108806800.0,0.0008909029144621439,67.6466584921865,142082640.0,0.0,0.0,0.0,0.0,0.0,0.0,0.0,0.0,22.95670318603516,1
2016-03-10,23.011163351788888,23.19949913194601,22.72525354079028,22.95670318603516,134054400.0,0.0004945147433808028,68.84918504976723,139328960.0,0.0,0.0,0.0,0.0,0.0,0.0,0.0,0.0,23.20403289794922,1
2016-03-11,23.199493686267363,23.20857037842906,23.03157920928109,23.20403289794922,109632800.0,0.010773746992752464,69.28815549184239,124411440.0,0.0,0.0,0.0,0.0,0.0,0.0,0.0,0.0,23.26303482055664,1
2016-03-14,23.12461999007529,23.351532159235315,23.095120300114917,23.26303482055664,100304400.0,0.0025427443094443447,82.56894698436346,115809200.0,0.0,0.0,0.0,0.0,0.0,0.0,0.0,0.0,23.7304744720459,1
2016-03-15,23.5897883074565,23.866621423892376,23.5648278309777,23.7304744720459,160270800.0,0.02009366598532525,83.27183716837567,122613840.0,0.0,0.0,0.0,0.0,0.0,0.0,0.0,0.0,24.04587745666504,1
2016-03-16,23.73727683723696,24.12302674592102,23.73273762539715,24.04587745666504,153214000.0,0.01329105260793173,84.06515192950171,131495280.0,0.0,0.0,0.0,0.0,0.0,0.0,0.0,0.0,24.007301330566406,0
2016-03-17,23.943764487144428,24.159332024978852,23.81669426270441,24.007301330566406,137682800.0,-0.0016042719242894687,82.88754206129589,132220960.0,0.0,0.0,0.0,0.0,0.0,0.0,0.0,0.0,24.034534454345703,1
2016-03-18,24.129837141626503,24.166143916515757,23.86888955471988,24.034534454345703,176820800.0,0.0011343683908622282,84.43242409088967,145658560.0,0.0,0.0,0.0,0.0,0.0,0.0,0.0,0.0,24.03226661682129,0
2016-03-21,24.036804098088368,24.427093272745285,23.85754329199817,24.03226661682129,142010800.0,-9.435745588171063e-05,77.82259480419057,153999840.0,0.0,0.0,0.0,0.0,0.0,0.0,0.0,0.0,24.216068267822266,1
2016-03-22,23.882507084284505,24.34540814192848,23.873430389287265,24.216068267822266,129777600.0,0.007648119668925757,79.03100058614741,147901200.0,0.0,0.0,0.0,0.0,0.0,0.0,0.0,0.0,24.082185745239254,0
2016-03-23,24.161606382334952,24.29548371924061,24.029996920453165,24.082185745239254,102814000.0,-0.005528664732123767,72.9971415706684,137821200.0,0.0,0.0,0.0,0.0,0.0,0.0,0.0,0.0,23.97781181335449,0
2016-03-24,23.93243006573177,24.109421305144163,23.8008205739421,23.97781181335449,104532000.0,-0.004334072205443351,64.81322684078529,131191040.0,0.0,0.0,0.0,0.0,0.0,0.0,0.0,0.0,23.868894577026367,0
2016-03-28,24.05269290277023,24.095806774222314,23.839394883421186,23.868894577026367,77645600.0,-0.004542417680810207,70.01969529175514,111356000.0,0.0,0.0,0.0,0.0,0.0,0.0,0.0,0.0,24.433897018432617,1
2016-03-29,23.800811999319265,24.45885748999352,23.798542393394985,24.433897018432617,124760400.0,0.023671076998683427,83.3370010250598,107905920.0,0.0,0.0,0.0,0.0,0.0,0.0,0.0,0.0,24.860490798950195,1
2016-03-30,24.65400167424672,25.055635356609592,24.6426553760006,24.860490798950195,182404400.0,0.017459097097600074,85.77557099785312,118431280.0,0.0,0.0,0.0,0.0,0.0,0.0,0.0,0.0,24.73115539550781,0
2016-03-31,24.896802031102144,24.937646288426613,24.70619491985384,24.73115539550781,103553600.0,-0.005202447710640046,81.9316368888718,118579200.0,0.0,0.0,0.0,0.0,0.0,0.0,0.0,0.0,24.95805931091309,1
2016-04-01,24.68349590057624,24.96032891646017,24.551886478073747,24.95805931091309,103496000.0,0.009174820657448679,81.68327298811627,118372000.0,0.0,0.0,0.0,0.0,0.0,0.0,0.0,0.0,25.21448135375977,1
2016-04-04,25.05564179351767,25.45727731026458,25.02160462123704,25.21448135375977,149424800.0,0.010274117857174803,82.82483320955646,132727840.0,0.0,0.0,0.0,0.0,0.0,0.0,0.0,0.0,24.917221069335938,0
2016-04-05,24.84914846734152,25.12598154991124,24.828725474901645,24.917221069335938,106314800.0,-0.011789268248403095,71.40731860825142,129038720.0,0.0,0.0,0.0,0.0,0.0,0.0,0.0,0.0,25.178173065185547,1
2016-04-06,25.012528157863297,25.18271227785877,24.77880717885951,25.178173065185547,105616400.0,0.010472756778272752,70.69375502230388,113681120.0,0.0,0.0,0.0,0.0,0.0,0.0,0.0,0.0,24.629039764404297,0
2016-04-07,24.94898492807177,25.055633893028244,24.53373709703117,24.629039764404297,127207600.0,-0.021809894600357205,59.964749291303185,118411920.0,0.0,0.0,0.0,0.0,0.0,0.0,0.0,0.0,24.65627861022949,1
2016-04-08,24.71300665592076,24.90814954039236,24.545090394208763,24.65627861022949,94326800.0,0.0011059645883781943,59.95620614411098,116578080.0,0.0,0.0,0.0,0.0,0.0,0.0,0.0,0.0,24.73795890808105,1
2016-04-11,24.72661434064299,25.098750084172945,24.694846781893023,24.73795890808105,117630000.0,0.0033127585530152714,60.97078344333437,110219120.0,0.0,0.0,0.0,0.0,0.0,0.0,0.0,0.0,25.060178756713867,1
2016-04-12,24.81057400319892,25.07379293192292,24.656275400956712,25.060178756713867,108929200.0,0.013025320715831512,62.45182773255476,110742000.0,0.0,0.0,0.0,0.0,0.0,0.0,0.0,0.0,25.42323875427246,1
2016-04-13,25.141868159058266,25.49131136392623,25.141868159058266,25.42323875427246,133029200.0,0.014487526249641336,68.3541658026029,116224560.0,0.0,0.0,0.0,0.0,0.0,0.0,0.0,0.0,25.43684959411621,1
2016-04-14,25.327932740472825,25.502654319993415,25.262128014595618,25.43684959411621,101895600.0,0.0005353700201340406,70.48672788348614,111162160.0,0.0,0.0,0.0,0.0,0.0,0.0,0.0,0.0,24.926300048828125,0
2016-04-15,25.439122007327693,25.48223587105358,24.899071698013767,24.926300048828125,187756000.0,-0.020071256992696962,63.74637589042939,129848000.0,0.0,0.0,0.0,0.0,0.0,0.0,0.0,0.0,24.388517379760746,0
2016-04-18,24.70846259445394,24.722076768763625,24.265984617366893,24.388517379760746,243286000.0,-0.021574909553921606,49.812831442943036,154979200.0,0.0,0.0,0.0,0.0,0.0,0.0,0.0,0.0,24.25918197631836,0
2016-04-19,24.479285336540745,24.50651542135294,24.104881624787662,24.25918197631836,129539600.0,-0.005303126935863545,42.1147758562092,159101280.0,0.0,0.0,0.0,0.0,0.0,0.0,0.0,0.0,24.30909538269043,1
2016-04-20,24.19790892592696,24.526930815436103,24.066299477642445,24.30909538269043,122444000.0,0.0020575057485778814,44.447270336487954,156984240.0,0.0,0.0,0.0,0.0,0.0,0.0,0.0,0.0,24.04587745666504,0
2016-04-21,24.263712882519787,24.263712882519787,23.943765964694265,24.04587745666504,126210000.0,-0.010827960558862149,37.689855372907516,161847120.0,0.0,0.0,0.0,0.0,0.0,0.0,0.0,0.0,23.98007202148437,0
2016-04-22,23.82804132221133,24.16160240323268,23.73954573718959,23.98007202148437,134732400.0,-0.0027366618373257934,32.34642463777057,151242400.0,0.0,0.0,0.0,0.0,0.0,0.0,0.0,0.0,23.84392738342285,0
2016-04-25,23.82577399726974,23.97326723015994,23.71458753668576,23.84392738342285,112126400.0,-0.005677407388082201,33.83288473597371,125010480.0,0.0,0.0,0.0,0.0,0.0,0.0,0.0,0.0,23.67828369140625,0
2016-04-26,23.57844351762662,23.89385128341724,23.57844351762662,23.67828369140625,224064800.0,-0.006946997000660371,26.66543300393066,143915520.0,0.0,0.0,0.0,0.0,0.0,0.0,0.0,0.0,22.1965446472168,0
2016-04-27,21.783564636890503,22.398496305875128,21.71095282401562,22.1965446472168,458408400.0,-0.06257797497067863,20.279778769130544,211108400.0,0.0,0.0,0.0,0.0,0.0,0.0,0.0,0.0,21.518075942993164,0
2016-04-28,22.148891335793763,22.21015684415268,21.386466502871624,21.518075942993164,328970800.0,-0.030566410898946295,16.734242570558507,251660560.0,0.0,0.0,0.0,0.0,0.0,0.0,0.0,0.0,21.27074241638184,0
2016-04-29,21.32747044844157,21.493117063784947,20.99164146812114,21.27074241638184,274126000.0,-0.011494221289420792,14.48207561626694,279539280.0,0.0,0.0,0.0,0.0,0.0,0.0,0.0,0.0,21.248046875,0
2016-05-02,21.322928276332657,21.34788874344354,20.966676382624843,21.248046875,192640400.0,-0.001066983979099878,8.7178572340936,295642080.0,0.0,0.0,0.0,0.0,0.0,0.0,0.0,0.0,21.59749794006348,1
2016-05-03,21.37512327716407,21.724568186747558,21.257129723986328,21.59749794006348,227325200.0,0.016446267608466014,9.62141164733265,296294160.0,0.0,0.0,0.0,0.0,0.0,0.0,0.0,0.0,21.37285423278809,0
2016-05-04,21.60203423927497,21.76087377014154,21.28889612084995,21.37285423278809,164102000.0,-0.010401376488091918,8.906790315479299,237432880.0,0.0,0.0,0.0,0.0,0.0,0.0,0.0,0.0,21.286108016967773,0
2016-05-05,21.459611748580517,21.475592240851228,21.158264078802084,21.286108016967773,143562000.0,-0.00405870993529911,9.650625671583526,200351120.0,0.0,0.0,0.0,0.0,0.0,0.0,0.0,0.0,21.16739654541016,0
2016-05-06,21.315787829623478,21.334050005697478,20.96878035807143,21.16739654541016,174799600.0,-0.005576945840121916,10.529148670718811,180485840.0,0.0,0.0,0.0,0.0,0.0,0.0,0.0,0.0,21.183368682861328,1
2016-05-09,21.23131014191463,21.407095491776737,21.137708906327912,21.183368682861328,131745600.0,0.0007545631517273943,11.249686250951953,168306880.0,0.0,0.0,0.0,0.0,0.0,0.0,0.0,0.0,21.327198028564453,1
2016-05-10,21.306652430644743,21.361442433506756,21.02813382500346,21.327198028564453,134747200.0,0.006789729615549467,13.637027503626314,149791280.0,0.0,0.0,0.0,0.0,0.0,0.0,0.0,0.0,21.11945343017578,0
2016-05-11,21.340898626746917,21.36144422639103,21.10803804698932,21.11945343017578,114876400.0,-0.009740829438092624,13.721823054705311,139946160.0,0.0,0.0,0.0,0.0,0.0,0.0,0.0,0.0,20.62405776977539,0
2016-05-12,21.16739804191668,21.18109511037631,20.42544331013796,20.62405776977539,305258800.0,-0.023456840965995984,12.26791876038844,172285520.0,0.0,0.0,0.0,0.0,0.0,0.0,0.0,0.0,20.66514587402344,1
2016-05-13,20.54643391112598,20.92768398901416,20.54643391112598,20.66514587402344,177571200.0,0.001992241522338345,13.541871688507626,172839840.0,0.0,0.0,0.0,0.0,0.0,0.0,0.0,0.0,21.432209014892575,1
2016-05-16,21.09205193583078,21.548639273749824,20.923115108488627,21.432209014892575,245039200.0,0.03711868987256217,28.418746193493703,195498560.0,0.0,0.0,0.0,0.0,0.0,0.0,0.0,0.0,21.34317398071289,0
2016-05-17,21.58516644690868,21.61940910282761,21.233593998287464,21.34317398071289,187667600.0,-0.004154263058829599,38.56633315116159,206082640.0,0.0,0.0,0.0,0.0,0.0,0.0,0.0,0.0,21.587448120117188,1
2016-05-18,21.49613204871639,21.73583934875711,21.43449178460419,21.587448120117188,168249600.0,0.01144507089831337,51.59048254090166,216757280.0,0.0,0.0,0.0,0.0,0.0,0.0,0.0,0.0,21.505268096923828,0
2016-05-19,21.60571789280802,21.60571789280802,21.36144367787928,21.505268096923828,121768400.0,-0.0038068428809228116,54.48937463734946,180059200.0,0.0,0.0,0.0,0.0,0.0,0.0,0.0,0.0,21.73812484741211,1
2016-05-20,21.605714092806352,21.78606631199504,21.578318223726427,21.73812484741211,128104000.0,0.010827893399831146,58.24814171888673,170165760.0,0.0,0.0,0.0,0.0,0.0,0.0,0.0,0.0,22.01436233520508,1
2016-05-23,21.88651841606479,22.18786604099745,21.840858629412708,22.01436233520508,152074400.0,0.012707512250112796,57.155245735903655,151572800.0,0.0,0.0,0.0,0.0,0.0,0.0,0.0,0.0,22.349950790405277,1
2016-05-24,22.194711024100247,22.393325403609666,22.10795831420649,22.349950790405277,140560800.0,0.015244068853337955,65.60371940637032,142151440.0,0.0,0.0,0.0,0.0,0.0,0.0,0.0,0.0,22.742616653442383,1
2016-05-25,22.52573661597472,22.77001077987523,22.39789271464138,22.742616653442383,152675200.0,0.01756898110065075,71.00482318915928,139036560.0,0.0,0.0,0.0,0.0,0.0,0.0,0.0,0.0,22.9229736328125,1
2016-05-26,22.7563184481442,22.99602755472697,22.518892766486445,22.9229736328125,225324800.0,0.007930353051209593,74.832266948064,159747840.0,0.0,0.0,0.0,0.0,0.0,0.0,0.0,0.0,22.90927124023437,0
2016-05-27,22.70152488988064,22.936667109819066,22.6581485318072,22.90927124023437,145364800.0,-0.0005977580743937727,74.44224481493848,163200000.0,0.0,0.0,0.0,0.0,0.0,0.0,0.0,0.0,22.797407150268555,0
2016-05-31,22.73805030545224,22.920685947159715,22.559981512745864,22.797407150268555,169228800.0,-0.0048829178716673916,71.11647883337942,166630880.0,0.0,0.0,0.0,0.0,0.0,0.0,0.0,0.0,22.477792739868164,0
2016-06-01,22.60563662747681,22.72435030174969,22.44811519217111,22.477792739868164,116693200.0,-0.01401977024376766,69.28059757150328,161857360.0,0.0,0.0,0.0,0.0,0.0,0.0,0.0,0.0,22.308860778808597,0
2016-06-02,22.281464907614048,22.336254908260425,22.060019738583943,22.308860778808597,160766400.0,-0.007515504881399515,76.65267895397893,163475600.0,0.0,0.0,0.0,0.0,0.0,0.0,0.0,0.0,22.354511260986328,1
2016-06-03,22.324833716871023,22.434413681098395,22.24721297894635,22.354511260986328,114019600.0,0.0020462937408751714,76.66109964421665,141214560.0,0.0,0.0,0.0,0.0,0.0,0.0,0.0,0.0,22.516611099243164,1
2016-06-06,22.370503244008813,23.26084918429147,22.270055182124587,22.516611099243164,93170000.0,0.007251325531761221,70.85210111445704,130775600.0,0.0,0.0,0.0,0.0,0.0,0.0,0.0,0.0,22.60791778564453,1
2016-06-07,22.658142662668737,22.799685339578584,22.591937301295207,22.60791778564453,89638000.0,0.0040550812020037075,74.29278096134435,114857440.0,0.0,0.0,0.0,0.0,0.0,0.0,0.0,0.0,22.587377548217773,0
2016-06-08,22.605639719129243,22.72891851693019,22.52802070296341,22.587377548217773,83392400.0,-0.0009085417605242396,70.9852679232709,108197280.0,0.0,0.0,0.0,0.0,0.0,0.0,0.0,0.0,22.749467849731445,1
2016-06-09,22.486929742962527,22.82708687270618,22.47779778583443,22.749467849731445,106405600.0,0.007176145223926733,75.22934293258342,97325120.0,0.0,0.0,0.0,0.0,0.0,0.0,0.0,0.0,22.56226348876953,0
2016-06-10,22.493774692090504,22.680975429038394,22.48236105380564,22.56226348876953,126851600.0,-0.00822895560452086,67.17298142113685,99891520.0,0.0,0.0,0.0,0.0,0.0,0.0,0.0,0.0,22.222103118896484,0
2016-06-13,22.530300940677023,22.628467280129144,22.167313130426702,22.222103118896484,152082000.0,-0.015076517923051647,54.46314823647937,111673920.0,0.0,0.0,0.0,0.0,0.0,0.0,0.0,0.0,22.24950408935547,1
2016-06-14,22.21754311026916,22.482364641833097,22.087415769205567,22.24950408935547,127727600.0,0.0012330502793718168,47.98523252295499,119291840.0,0.0,0.0,0.0,0.0,0.0,0.0,0.0,0.0,22.176448822021484,0
2016-06-15,22.3316886002945,22.466382782582944,22.1513363768786,22.176448822021484,117780800.0,-0.0032834559835845933,35.26157821999776,126169520.0,0.0,0.0,0.0,0.0,0.0,0.0,0.0,0.0,22.27005386352539,1
2016-06-16,22.018929369326223,22.3157119124291,21.93217837971201,22.27005386352539,125307200.0,0.004220921133727851,32.27829891798305,129949840.0,0.0,0.0,0.0,0.0,0.0,0.0,0.0,0.0,21.76323127746582,0
2016-06-17,22.05773025715239,22.06457878709406,21.75638274752415,21.76323127746582,244032800.0,-0.022758031442827398,25.310441728484463,153386080.0,0.0,0.0,0.0,0.0,0.0,0.0,0.0,0.0,21.710729598999023,0
2016-06-20,21.916194268615826,22.046321602416025,21.694749110347864,21.710729598999023,137647600.0,-0.0024124027262972803,25.934579137419476,150499200.0,0.0,0.0,0.0,0.0,0.0,0.0,0.0,0.0,21.895648956298828,1
2016-06-21,21.67420379516088,21.99609699694683,21.61484694722616,21.895648956298828,142185600.0,0.008517417918020076,36.43737473044324,153390800.0,0.0,0.0,0.0,0.0,0.0,0.0,0.0,0.0,21.813461303710938,0
2016-06-22,21.97326617922649,22.119373991624283,21.76780152374756,21.813461303710938,116876400.0,-0.0037536066070444907,37.944975497243135,153209920.0,0.0,0.0,0.0,0.0,0.0,0.0,0.0,0.0,21.939023971557617,1
2016-06-23,21.9024978856802,21.982400331420813,21.744974677118226,21.939023971557617,128960800.0,0.005756201003520589,40.37775959320792,153940640.0,0.0,0.0,0.0,0.0,0.0,0.0,0.0,0.0,21.322633743286133,0
2016-06-24,21.21077030845251,21.6102843174583,21.151413453712223,21.322633743286133,301245600.0,-0.02809560849519055,26.809755534675276,165383200.0,0.0,0.0,0.0,0.0,0.0,0.0,0.0,0.0,21.01215171813965,0
2016-06-27,21.231313454466964,21.242728835816965,20.888872914878785,21.01215171813965,181958400.0,-0.014561147974707644,21.355220963715936,174245360.0,0.0,0.0,0.0,0.0,0.0,0.0,0.0,0.0,21.36600875854492,1
2016-06-28,21.208487273625018,21.38199099127223,21.034983555977806,21.36600875854492,161779600.0,0.016840590395118316,30.82452005972293,178164160.0,0.0,0.0,0.0,0.0,0.0,0.0,0.0,0.0,21.55091857910156,1
2016-06-29,21.4527522505418,21.585162971248856,21.37513151222512,21.55091857910156,146124000.0,0.008654392247344322,31.537657702340567,184013680.0,0.0,0.0,0.0,0.0,0.0,0.0,0.0,0.0,21.824874877929688,1
2016-06-30,21.56005512189434,21.863684384477043,21.528094146885635,21.824874877929688,143345600.0,0.012712047415639693,39.177999392250285,186890640.0,0.0,0.0,0.0,0.0,0.0,0.0,0.0,0.0,21.89108085632324,1
2016-07-01,21.79976303588937,22.023491608865225,21.76323695276136,21.89108085632324,104106000.0,0.003033510100921566,44.884826705982725,147462720.0,0.0,0.0,0.0,0.0,0.0,0.0,0.0,0.0,21.685619354248047,0
2016-07-05,21.77693718798217,21.7792206128048,21.56462396479103,21.685619354248047,110820800.0,-0.009385626201999231,41.487027496698,133235200.0,0.0,0.0,0.0,0.0,0.0,0.0,0.0,0.0,21.80888938903809,1
2016-07-06,21.596576251316726,21.83856867455596,21.544069693733288,21.80888938903809,123796400.0,0.005684413840174374,44.68974524577282,125638560.0,0.0,0.0,0.0,0.0,0.0,0.0,0.0,0.0,21.902494430541992,1
2016-07-07,21.847702697755288,22.03033832355948,21.8294405285688,21.902494430541992,100558400.0,0.0042920590697732575,44.716610850346896,116525440.0,0.0,0.0,0.0,0.0,0.0,0.0,0.0,0.0,22.071428298950195,1
2016-07-08,22.028051951733747,22.119369752416816,21.92760393855033,22.071428298950195,115648400.0,0.007712996752216261,55.705427683872145,110986000.0,0.0,0.0,0.0,0.0,0.0,0.0,0.0,0.0,22.13992118835449,1
2016-07-11,22.087412877163526,22.292877531346107,22.08284777006725,22.13992118835449,95179600.0,0.0031032377459483396,57.76322204970004,109200720.0,0.0,0.0,0.0,0.0,0.0,0.0,0.0,0.0,22.24036979675293,1
2016-07-12,22.18329637698601,22.304291748213068,22.17188273807816,22.24036979675293,96670000.0,0.004536990332706159,56.45103621977845,106370560.0,0.0,0.0,0.0,0.0,0.0,0.0,0.0,0.0,22.11480712890625,0
2016-07-13,22.238085912407072,22.29744100903377,22.10795685614867,22.11480712890625,103568800.0,-0.005645709536044263,55.62950366305568,102325040.0,0.0,0.0,0.0,0.0,0.0,0.0,0.0,0.0,22.55313873291016,1
2016-07-14,22.23352714928004,22.598796784110316,22.21754665718568,22.55313873291016,155676000.0,0.01982072922675271,59.96080688339034,113348560.0,0.0,0.0,0.0,0.0,0.0,0.0,0.0,0.0,22.550853729248047,0
2016-07-15,22.58281471119946,22.669567440847203,22.48693176534521,22.550853729248047,120548000.0,-0.00010131643711208671,74.42058799725831,114328480.0,0.0,0.0,0.0,0.0,0.0,0.0,0.0,0.0,22.79056167602539,1
2016-07-18,22.53258866687398,22.8590487445468,22.50975964403351,22.79056167602539,145975600.0,0.010629661726129891,86.5071686699336,124487680.0,0.0,0.0,0.0,0.0,0.0,0.0,0.0,0.0,22.79969024658203,1
2016-07-19,22.72891802202426,22.82936779769172,22.67869313419053,22.79969024658203,95119600.0,0.0004005417104855358,84.18959150519268,124177600.0,0.0,0.0,0.0,0.0,0.0,0.0,0.0,0.0,22.82023429870605,1
2016-07-20,22.829366254216836,22.93438112997714,22.77000941426799,22.82023429870605,105104000.0,0.0009010671593268071,82.79596525811999,124484640.0,0.0,0.0,0.0,0.0,0.0,0.0,0.0,0.0,22.699237823486328,0
2016-07-21,22.790555632375145,23.057658786437496,22.63074903138413,22.699237823486328,130808000.0,-0.00530215744658602,74.63090504940519,119511040.0,0.0,0.0,0.0,0.0,0.0,0.0,0.0,0.0,22.523462295532227,0
2016-07-22,22.660438197697463,22.669570156740896,22.443558089338,22.523462295532227,113254800.0,-0.007743675330465494,66.95000551223129,118052400.0,0.0,0.0,0.0,0.0,0.0,0.0,0.0,0.0,22.222103118896484,0
2016-07-25,22.42985117703049,22.564543594881684,22.126220203638788,22.222103118896484,161531600.0,-0.013379789158593058,63.95396954838437,121163600.0,0.0,0.0,0.0,0.0,0.0,0.0,0.0,0.0,22.06915283203125,0
2016-07-26,22.10339723735206,22.365935355821208,22.012079403744163,22.06915283203125,224959200.0,-0.006882799798331174,56.822256599983724,147131520.0,0.0,0.0,0.0,0.0,0.0,0.0,0.0,0.0,23.502832412719727,1
2016-07-27,23.80417998466664,23.822443896116138,23.45717437583844,23.502832412719727,369379200.0,0.06496305461293606,74.15664023723264,199986560.0,0.0,0.0,0.0,0.0,0.0,0.0,0.0,0.0,23.820165634155277,1
2016-07-28,23.475443374984227,23.8452780824052,23.47315995012255,23.820165634155277,159479200.0,0.01350191397628353,75.11006926310851,205720800.0,0.0,0.0,0.0,0.0,0.0,0.0,0.0,0.0,23.79048728942871,0
2016-07-29,23.7859221815995,23.86810805646754,23.66949190191264,23.79048728942871,110934800.0,-0.001245933600226956,74.00838820905327,205256800.0,0.0,0.0,0.0,0.0,0.0,0.0,0.0,0.0,24.210538864135746,1
2016-08-01,23.836137470286992,24.23336787756709,23.836137470286992,24.210538864135746,152671600.0,0.017656282933459888,76.03599221118088,203484800.0,0.0,0.0,0.0,0.0,0.0,0.0,0.0,0.0,23.852123260498047,0
2016-08-02,24.210544250512367,24.21510935751745,23.742541533208858,23.852123260498047,135266400.0,-0.014804115085956915,72.10909592501154,185546240.0,0.0,0.0,0.0,0.0,0.0,0.0,0.0,0.0,24.15118980407715,1
2016-08-03,23.92746122030641,24.162603443592992,23.918329263648157,24.15118980407715,120810400.0,0.012538361483079852,70.91467652969283,135832480.0,0.0,0.0,0.0,0.0,0.0,0.0,0.0,0.0,24.30038452148437,1
2016-08-04,24.23382049412938,24.330222843604336,24.16496067240269,24.30038452148437,109634800.0,0.006177530739377435,71.97561791498941,125863600.0,0.0,0.0,0.0,0.0,0.0,0.0,0.0,0.0,24.669925689697266,1
2016-08-05,24.392192392499588,24.70894543350336,24.37153549913559,24.669925689697266,162213600.0,0.015207214844118022,72.68552353982395,136119360.0,0.0,0.0,0.0,0.0,0.0,0.0,0.0,0.0,24.874216079711918,1
2016-08-08,24.6791137916981,24.874216079711918,24.59648443884624,24.874216079711918,112148800.0,0.00828094873832419,73.82691531615247,128014800.0,0.0,0.0,0.0,0.0,0.0,0.0,0.0,0.0,24.97520637512207,1
2016-08-09,24.84208005210165,25.00504645278835,24.7915830756002,24.97520637512207,105260800.0,0.0040600393229084375,74.25811589817528,122013680.0,0.0,0.0,0.0,0.0,0.0,0.0,0.0,0.0,24.789283752441406,0
2016-08-10,24.952250129931837,24.995861467280687,24.734196945543605,24.789283752441406,96034000.0,-0.007444287742337186,73.43768223028368,117058400.0,0.0,0.0,0.0,0.0,0.0,0.0,0.0,0.0,24.7732048034668,0
2016-08-11,24.90862683691933,25.00273509841185,24.754841959588667,24.7732048034668,109938000.0,-0.00064862499195939,76.22713320283201,117119040.0,0.0,0.0,0.0,0.0,0.0,0.0,0.0,0.0,24.83059883117676,1
2016-08-12,24.7387863206116,24.890277225720805,24.7387863206116,24.83059883117676,74641600.0,0.0023167784776045863,82.34442882843985,99604640.0,0.0,0.0,0.0,0.0,0.0,0.0,0.0,0.0,25.128990173339844,1
2016-08-15,24.821418511907183,25.14276143762645,24.80764724762058,25.128990173339844,103472800.0,0.012017081995961743,86.65118168090112,97869440.0,0.0,0.0,0.0,0.0,0.0,0.0,0.0,0.0,25.10603904724121,0
2016-08-16,25.163421657585115,25.30114132335312,25.067019292490144,25.10603904724121,135177600.0,-0.0009133326066951275,78.54997857230784,103852800.0,0.0,0.0,0.0,0.0,0.0,0.0,0.0,0.0,25.069305419921875,0
2016-08-17,25.04176114715433,25.103735323086894,24.867317588648465,25.069305419921875,101424000.0,-0.0014631390977372094,74.68883790011373,104930800.0,0.0,0.0,0.0,0.0,0.0,0.0,0.0,0.0,25.037172317504883,0
2016-08-18,25.071602222054533,25.156527335275623,25.02339930497841,25.037172317504883,87938800.0,-0.0012817707502760234,74.66329980633125,100530960.0,0.0,0.0,0.0,0.0,0.0,0.0,0.0,0.0,25.1014404296875,1
2016-08-19,24.966016606027736,25.177185869132227,24.871910068590267,25.1014404296875,101472400.0,0.0025669077708780907,70.40210496854579,105897120.0,0.0,0.0,0.0,0.0,0.0,0.0,0.0,0.0,24.90634536743164,0
2016-08-22,24.98668066097988,25.04176746924466,24.75485445573091,24.90634536743164,103280800.0,-0.007772265611702522,76.38913207612161,105858720.0,0.0,0.0,0.0,0.0,0.0,0.0,0.0,0.0,24.9843864440918,1
2016-08-23,24.9247080431829,25.092266024173128,24.91093677804168,24.9843864440918,85030800.0,0.003133381293355386,73.35897745717973,95829360.0,0.0,0.0,0.0,0.0,0.0,0.0,0.0,0.0,24.79617118835449,0
2016-08-24,24.920117826275312,24.96143337224892,24.715835890955297,24.79617118835449,94700400.0,-0.0075333151029538525,63.749910214014356,94484640.0,0.0,0.0,0.0,0.0,0.0,0.0,0.0,0.0,24.69058609008789,0
2016-08-25,24.64927054631367,24.761739956685368,24.48630416564258,24.69058609008789,100344800.0,-0.00425812104072687,50.832375356284494,96965840.0,0.0,0.0,0.0,0.0,0.0,0.0,0.0,0.0,24.54598045349121,0
2016-08-26,24.653860016920405,24.777804886415755,24.4013751871168,24.54598045349121,111065200.0,-0.005856711382591806,39.32733320119123,98884400.0,0.0,0.0,0.0,0.0,0.0,0.0,0.0,0.0,24.5184383392334,0
2016-08-29,24.47253295768013,24.66074782393342,24.396787502056984,24.5184383392334,99881200.0,-0.001122062095258225,34.34752566967319,98204480.0,0.0,0.0,0.0,0.0,0.0,0.0,0.0,0.0,24.33022689819336,0
2016-08-30,24.284321510177524,24.444992119411253,24.215461676975465,24.33022689819336,99455600.0,-0.007676322546973591,34.21142856444092,101089440.0,0.0,0.0,0.0,0.0,0.0,0.0,0.0,0.0,24.353179931640625,1
2016-08-31,24.252187726362475,24.46105952127762,24.247596136789912,24.353179931640625,118649600.0,0.0009433957826743278,35.643008554196015,105879280.0,0.0,0.0,0.0,0.0,0.0,0.0,0.0,0.0,24.497779846191406,1
2016-09-01,24.362356002433117,24.51384690380565,24.243000967467008,24.497779846191406,106806000.0,0.005937619438474595,39.3728978884416,107171520.0,0.0,0.0,0.0,0.0,0.0,0.0,0.0,0.0,24.727317810058597,1
2016-09-02,24.72043042510612,24.78929026520307,24.518444245962048,24.727317810058597,107210000.0,0.009369745556876419,36.690205966865136,106400480.0,0.0,0.0,0.0,0.0,0.0,0.0,0.0,0.0,24.72042465209961,0
2016-09-06,24.766331785169623,24.858144300131595,24.67681506465568,24.72042465209961,107521600.0,-0.00027876690921102565,37.083531858351705,107928560.0,0.0,0.0,0.0,0.0,0.0,0.0,0.0,0.0,24.87190818786621,1
2016-09-07,24.7502573858719,24.96372067559811,24.575813834299048,24.87190818786621,169457200.0,0.006127869480338166,43.97069570318257,121928880.0,0.0,0.0,0.0,0.0,0.0,0.0,0.0,0.0,24.22004127502441,0
2016-09-08,24.617129543067072,24.621719379456746,24.15577305850365,24.22004127502441,212008000.0,-0.02620896265449446,31.625587368850546,140600560.0,0.0,0.0,0.0,0.0,0.0,0.0,0.0,0.0,23.67147254943848,0
2016-09-09,24.018063988101478,24.265957272092685,23.67147254943848,23.67147254943848,186228000.0,-0.02264937203685169,23.433912802094326,156484960.0,0.0,0.0,0.0,0.0,0.0,0.0,0.0,0.0,24.20168876647949,1
2016-09-12,23.561298665452053,24.26595700580643,23.533754383807,24.20168876647949,181171200.0,0.022398953674455102,38.796000171685584,171277200.0,0.0,0.0,0.0,0.0,0.0,0.0,0.0,0.0,24.777809143066406,1
2016-09-13,24.67681694497313,24.97061561429576,24.614842748400825,24.777809143066406,248704800.0,0.023804965932165523,47.5718699493057,199513840.0,0.0,0.0,0.0,0.0,0.0,0.0,0.0,0.0,25.654613494873047,1
2016-09-14,24.95684258027059,25.943822305632303,24.927002505821523,25.654613494873047,443554800.0,0.03538667792394379,60.44035653337861,254333360.0,0.0,0.0,0.0,0.0,0.0,0.0,0.0,0.0,26.52682876586914,1
2016-09-15,26.134331984495255,26.563554471137767,26.049405104445068,26.52682876586914,359934400.0,0.03399837893369173,68.38210737002328,283918640.0,0.0,0.0,0.0,0.0,0.0,0.0,0.0,0.0,26.37762260437012,0
2016-09-16,26.423529716727465,26.65535406721727,26.17563656352963,26.37762260437012,319547600.0,-0.005624726680144909,68.46082405926308,310582560.0,0.0,0.0,0.0,0.0,0.0,0.0,0.0,0.0,26.0700626373291,0
2016-09-19,26.43960671270635,26.66684131301639,25.994317186833108,26.0700626373291,188092000.0,-0.011659882001271216,65.05891589216264,311966720.0,0.0,0.0,0.0,0.0,0.0,0.0,0.0,0.0,26.067773818969727,0
2016-09-20,25.948418752363203,26.1940162702464,25.82447209597658,26.067773818969727,138057200.0,-8.77948929857153e-05,67.47337380087461,289837200.0,0.0,0.0,0.0,0.0,0.0,0.0,0.0,0.0,26.06316947937012,0
2016-09-21,26.132027527154808,26.16416163302315,25.80839067485868,26.06316947937012,144012800.0,-0.00017662956689667997,67.26423727213987,229928800.0,0.0,0.0,0.0,0.0,0.0,0.0,0.0,0.0,26.308780670166016,1
2016-09-22,26.246806468334174,26.382230343730097,26.16647116149508,26.308780670166016,124296000.0,0.009423688511495332,67.81501480181672,182801120.0,0.0,0.0,0.0,0.0,0.0,0.0,0.0,0.0,25.8703727722168,0
2016-09-23,26.262869570325204,26.347796453996345,25.60411840237926,25.8703727722168,209924800.0,-0.0166639383043079,61.140455226370435,160876560.0,0.0,0.0,0.0,0.0,0.0,0.0,0.0,0.0,25.909393310546875,1
2016-09-26,25.624776078633623,26.026454315670296,25.604119181294397,25.909393310546875,119477600.0,0.0015083098598400735,61.4911696577883,147153680.0,0.0,0.0,0.0,0.0,0.0,0.0,0.0,0.0,25.957592010498047,1
2016-09-27,25.936935115131067,25.978250657042995,25.785444211061336,25.957592010498047,98429600.0,0.001860278987372288,60.713974444272715,139228160.0,0.0,0.0,0.0,0.0,0.0,0.0,0.0,0.0,26.15498924255371,1
2016-09-28,26.09531259743273,26.31336578415655,26.03563420113372,26.15498924255371,118564400.0,0.007604604925442571,70.51445461776667,134138480.0,0.0,0.0,0.0,0.0,0.0,0.0,0.0,0.0,25.748722076416016,0
2016-09-29,25.97366265408576,26.120561979886286,25.661501148965108,25.748722076416016,143548000.0,-0.015533065694277037,73.21621166136926,137988880.0,0.0,0.0,0.0,0.0,0.0,0.0,0.0,0.0,25.948410034179688,1
2016-09-30,25.81298620002111,26.02185968537793,25.661497060565043,25.948410034179688,145516400.0,0.0077552570248358155,70.92374689166932,125107200.0,0.0,0.0,0.0,0.0,0.0,0.0,0.0,0.0,25.826765060424805,0
2016-10-03,25.870376405621275,25.9484176680161,25.77167824361444,25.826765060424805,86807200.0,-0.004687954814751705,64.18137327911367,118573120.0,0.0,0.0,0.0,0.0,0.0,0.0,0.0,0.0,25.93693351745605,1
2016-10-04,25.950704780185752,26.237617761573546,25.85200664454124,25.93693351745605,118947200.0,0.004265670004489408,54.957458554622896,122676640.0,0.0,0.0,0.0,0.0,0.0,0.0,0.0,0.0,25.948410034179688,1
2016-10-05,26.028745316556225,26.08842370539786,25.865778957684444,25.948410034179688,85812400.0,0.00044247777848949177,37.64311599158986,116126240.0,0.0,0.0,0.0,0.0,0.0,0.0,0.0,0.0,26.14122009277344,1
2016-10-06,26.097608751430183,26.24450808406431,25.966776478578595,26.14122009277344,115117200.0,0.007430515331759535,45.21972094117116,110440080.0,0.0,0.0,0.0,0.0,0.0,0.0,0.0,0.0,26.18023681640625,1
2016-10-07,26.23761941630276,26.295002016199263,26.053996147340715,26.18023681640625,97433600.0,0.001492536442229575,52.93538244244058,100823520.0,0.0,0.0,0.0,0.0,0.0,0.0,0.0,0.0,26.637006759643555,1
2016-10-10,26.400588948792205,26.7976773581074,26.331730871384064,26.637006759643555,144944000.0,0.017447128016468527,61.51127017254633,112450880.0,0.0,0.0,0.0,0.0,0.0,0.0,0.0,0.0,26.69439125061035,1
2016-10-11,27.01573247021968,27.24296886988696,26.67143680534257,26.69439125061035,256164000.0,0.0021543145400908514,62.46559790484061,139894240.0,0.0,0.0,0.0,0.0,0.0,0.0,0.0,0.0,26.93309593200684,1
2016-10-12,26.93539172630569,27.07999699710833,26.79767383839961,26.93309593200684,150347200.0,0.008942128672480232,62.28075899719058,152801200.0,0.0,0.0,0.0,0.0,0.0,0.0,0.0,0.0,26.8504638671875,0
2016-10-13,26.80685253583808,26.95604762887441,26.56125510619776,26.8504638671875,140769600.0,-0.003068049251669591,72.33823891445138,157931680.0,0.0,0.0,0.0,0.0,0.0,0.0,0.0,0.0,26.99965476989746,1
2016-10-14,27.057037358098437,27.12360137055288,26.88488959349552,26.99965476989746,142608800.0,0.005556362208411603,73.60723052274409,166966720.0,0.0,0.0,0.0,0.0,0.0,0.0,0.0,0.0,26.98130416870117,0
2016-10-17,26.93080719125181,27.047866455871723,26.80456474762842,26.98130416870117,94499600.0,-0.0006796605865032612,72.46863461661049,156877840.0,0.0,0.0,0.0,0.0,0.0,0.0,0.0,0.0,26.96293830871582,0
2016-10-18,27.12590469430318,27.132790326610262,26.958346719725693,26.96293830871582,98214000.0,-0.0006806883711222289,69.24044344339515,125287840.0,0.0,0.0,0.0,0.0,0.0,0.0,0.0,0.0,26.88259506225586,0
2016-10-19,26.912433377154144,27.029494345286416,26.120554374843245,26.88259506225586,80138400.0,-0.0029797659861866554,82.10170056578913,111246080.0,0.0,0.0,0.0,0.0,0.0,0.0,0.0,0.0,26.86883354187012,0
2016-10-20,26.822928152981728,26.942283214798543,26.70127729636699,26.86883354187012,96503200.0,-0.0005119119026221197,79.10472918836257,102392800.0,0.0,0.0,0.0,0.0,0.0,0.0,0.0,0.0,26.76324462890625,0
2016-10-21,26.81144580337569,26.834400244608958,26.68979497002262,26.76324462890625,92770800.0,-0.003929791473802902,80.11133035634623,92425200.0,0.0,0.0,0.0,0.0,0.0,0.0,0.0,0.0,27.00425148010254,1
2016-10-24,26.87800906164218,27.02490837520808,26.85505637224337,27.00425148010254,94154800.0,0.009005143230502943,81.57683286672807,92356240.0,0.0,0.0,0.0,0.0,0.0,0.0,0.0,0.0,27.14197158813477,1
2016-10-25,27.073111763127034,27.167220073892395,26.926212437543427,27.14197158813477,192516000.0,0.005099941693762711,82.82078474084796,111216640.0,0.0,0.0,0.0,0.0,0.0,0.0,0.0,0.0,26.531423568725582,0
2016-10-26,26.23762487630496,26.55667205802845,26.008094428954056,26.531423568725582,264536800.0,-0.022494608301634633,59.134166335556145,148096320.0,0.0,0.0,0.0,0.0,0.0,0.0,0.0,0.0,26.276641845703125,0
2016-10-27,26.48551360611097,26.59339317792539,26.189419170017576,26.276641845703125,138248000.0,-0.009603017431857097,52.31004230546482,156445280.0,0.0,0.0,0.0,0.0,0.0,0.0,0.0,0.0,26.102197647094727,0
2016-10-28,26.13662755769821,26.444197456419214,26.040223457772857,26.102197647094727,151446800.0,-0.006638755425169562,37.8120542138384,168180480.0,0.0,0.0,0.0,0.0,0.0,0.0,0.0,0.0,26.06088638305664,0
2016-10-31,26.08613487156574,26.219262947126765,25.982845122798068,26.06088638305664,105677600.0,-0.0015826737884916398,35.4125179293314,170485040.0,0.0,0.0,0.0,0.0,0.0,0.0,0.0,0.0,25.590335845947266,0
2016-11-01,26.04251087348937,26.113664714980438,25.36998694062685,25.590335845947266,175303200.0,-0.01805581476366447,21.873714010460603,167042480.0,0.0,0.0,0.0,0.0,0.0,0.0,0.0,0.0,25.61330223083496,1
2016-11-02,25.56969263587081,25.78774586422669,25.530672879416112,25.61330223083496,113326800.0,0.0008974632074369993,23.438146107990633,136800480.0,0.0,0.0,0.0,0.0,0.0,0.0,0.0,0.0,25.33875274658203,0
2016-11-03,25.604068269086177,25.714807528457555,25.2741545519206,25.33875274658203,107730400.0,-0.010719019428990673,16.152917466622227,130696960.0,0.0,0.0,0.0,0.0,0.0,0.0,0.0,0.0,25.1103515625,0
2016-11-04,25.03883237891201,25.435651901081997,24.94193507982462,25.1103515625,123348000.0,-0.009013907920658815,14.822820847003115,125077200.0,0.0,0.0,0.0,0.0,0.0,0.0,0.0,0.0,25.472562789916992,1
2016-11-07,25.396428453502573,25.495633320905657,25.253388345102945,25.472562789916992,130240000.0,0.014424777228444707,25.598640884945652,129989680.0,0.0,0.0,0.0,0.0,0.0,0.0,0.0,0.0,25.62252426147461,1
2016-11-08,25.449492624354612,25.774792947021243,25.30876008535018,25.62252426147461,97016800.0,0.005887176441350395,29.962075639049246,114332400.0,0.0,0.0,0.0,0.0,0.0,0.0,0.0,0.0,25.58099365234375,0
2016-11-09,25.350284829418023,25.68250609768503,24.928089021192104,25.58099365234375,236705600.0,-0.0016208632961781655,29.68279800291299,139008160.0,0.0,0.0,0.0,0.0,0.0,0.0,0.0,0.0,24.86810302734375,0
2016-11-10,25.62944104994387,25.62944104994387,24.41591396757778,24.86810302734375,228538000.0,-0.02786798021564285,24.710810485318348,163169680.0,0.0,0.0,0.0,0.0,0.0,0.0,0.0,0.0,25.01576042175293,1
2016-11-11,24.71353239457752,25.11727287797562,24.58202842182032,25.01576042175293,136575600.0,0.005937621950770522,23.059314424848992,165815200.0,0.0,0.0,0.0,0.0,0.0,0.0,0.0,0.0,24.388233184814453,0
2016-11-14,24.849650901133337,24.8727214349155,24.012178379675365,24.388233184814453,204702000.0,-0.02508527529680038,16.985056749949564,180707600.0,0.0,0.0,0.0,0.0,0.0,0.0,0.0,0.0,24.711227416992188,1
2016-11-15,24.58664441491077,24.84273140360552,24.49205469269297,24.711227416992188,129058000.0,0.013243855335073995,26.823865227929986,187115840.0,0.0,0.0,0.0,0.0,0.0,0.0,0.0,0.0,25.375667572021484,1
2016-11-16,24.61663519484596,25.43103896695081,24.593564660376547,25.375667572021484,235362000.0,0.02688818907361945,40.07966805640545,186847120.0,0.0,0.0,0.0,0.0,0.0,0.0,0.0,0.0,25.366443634033203,0
2016-11-17,25.334144527849617,25.45872754891599,25.10805078456452,25.366443634033203,110528000.0,-0.00036349538242108625,41.63615839930315,163245120.0,0.0,0.0,0.0,0.0,0.0,0.0,0.0,0.0,25.39181900024414,1
2016-11-18,25.31337882521262,25.50256003812467,25.29953685554096,25.39181900024414,113715600.0,0.0010003517472545465,42.40806123402392,158673120.0,0.0,0.0,0.0,0.0,0.0,0.0,0.0,0.0,25.7771053314209,1
2016-11-21,25.405663873712317,25.837088376144266,25.38028575472583,25.7771053314209,117058400.0,0.015173640422257773,52.777109763724766,141144400.0,0.0,0.0,0.0,0.0,0.0,0.0,0.0,0.0,25.79325294494629,1
2016-11-22,25.82785786808237,25.936291321026165,25.70096904285567,25.79325294494629,103862000.0,0.0006264323832245733,52.69602867981143,136105200.0,0.0,0.0,0.0,0.0,0.0,0.0,0.0,0.0,25.661745071411133,0
2016-11-23,25.69173658697812,25.726343265043884,25.454106763185315,25.661745071411133,109705600.0,-0.0050985377383709896,54.64159110583605,110973920.0,0.0,0.0,0.0,0.0,0.0,0.0,0.0,0.0,25.79094123840332,1
2016-11-25,25.63867256028195,25.809398367903256,25.597144898991463,25.79094123840332,45903600.0,0.005034582279290101,59.504197483398706,98049040.0,0.0,0.0,0.0,0.0,0.0,0.0,0.0,0.0,25.740190505981445,0
2016-11-28,25.707891402547467,25.947828856749243,25.69866283582789,25.740190505981445,108776000.0,-0.0019677735664143103,54.34031288493255,97061120.0,0.0,0.0,0.0,0.0,0.0,0.0,0.0,0.0,25.71481132507324,0
2016-11-29,25.55792921766056,25.84631531509791,25.394126125536435,25.71481132507324,114115200.0,-0.0009859748669035495,51.87737797593884,96472480.0,0.0,0.0,0.0,0.0,0.0,0.0,0.0,0.0,25.497947692871094,0
2016-11-30,25.747113735513796,25.885538728036646,25.440270465972464,25.497947692871094,144649200.0,-0.008433413314243965,49.31093681782966,104629920.0,0.0,0.0,0.0,0.0,0.0,0.0,0.0,0.0,25.260313034057617,0
2016-12-01,25.463337960946383,25.594841943058903,25.154187167806192,25.260313034057617,148347600.0,-0.009319756306501281,56.98665631655371,112358320.0,0.0,0.0,0.0,0.0,0.0,0.0,0.0,0.0,25.35490608215332,1
2016-12-02,25.18648782648706,25.39873957212392,25.11266105582341,25.35490608215332,106112000.0,0.003744729844328054,56.180237229512734,124400000.0,0.0,0.0,0.0,0.0,0.0,0.0,0.0,0.0,25.17263984680176,0
2016-12-05,25.3779705586904,25.38489154176124,24.97423011798396,25.17263984680176,137298000.0,-0.007188598323377371,66.32908492958686,130104400.0,0.0,0.0,0.0,0.0,0.0,0.0,0.0,0.0,25.366443634033203,1
2016-12-06,25.26262532989586,25.461035130834613,25.191106131942103,25.366443634033203,104782000.0,0.007698985422701421,64.33280673070297,128237760.0,0.0,0.0,0.0,0.0,0.0,0.0,0.0,0.0,25.61560821533203,1
2016-12-07,25.207254247488017,25.652522483247672,25.18418371012533,25.61560821533203,119994800.0,0.009822605994501021,56.371907209983064,123306880.0,0.0,0.0,0.0,0.0,0.0,0.0,0.0,0.0,25.867074966430664,1
2016-12-08,25.57638134426404,25.93859414134256,25.516396554890573,25.867074966430664,108273200.0,0.009816934619889972,61.59566410327395,115292000.0,0.0,0.0,0.0,0.0,0.0,0.0,0.0,0.0,26.289268493652344,1
2016-12-09,25.91090618177377,26.462300103115176,25.91090618177377,26.289268493652344,137610400.0,0.01632165707833555,67.40800725510586,121591680.0,0.0,0.0,0.0,0.0,0.0,0.0,0.0,0.0,26.13931655883789,0
2016-12-12,26.137008977212552,26.531520947030724,25.95244117090472,26.13931655883789,105497600.0,-0.00570392191972402,57.82875938001672,115231600.0,0.0,0.0,0.0,0.0,0.0,0.0,0.0,0.0,26.57535552978516,1
2016-12-13,26.263897144439976,26.743772020655907,26.243134190840436,26.57535552978516,174935200.0,0.01668134551130196,64.10832744207468,129262240.0,0.0,0.0,0.0,0.0,0.0,0.0,0.0,0.0,26.57535552978516,0
2016-12-14,26.540748846950247,26.80837022319093,26.526906877883885,26.57535552978516,136127200.0,0.0,67.2903546586679,132488720.0,0.0,0.0,0.0,0.0,0.0,0.0,0.0,0.0,26.72069549560547,1
2016-12-15,26.61918305142382,26.930641366950493,26.584578136515177,26.72069549560547,186098000.0,0.005468975406835552,67.42809776524155,148053680.0,0.0,0.0,0.0,0.0,0.0,0.0,0.0,0.0,26.755306243896484,1
2016-12-16,26.870660671603087,26.877581655638465,26.681479480571014,26.755306243896484,177404400.0,0.0012952787211959471,69.13447172351916,156012480.0,0.0,0.0,0.0,0.0,0.0,0.0,0.0,0.0,26.90987205505371,1
2016-12-19,26.716077524038337,27.08059606001987,26.704541380929573,26.90987205505371,111117600.0,0.005777015211421377,71.43211395858661,157136480.0,0.0,0.0,0.0,0.0,0.0,0.0,0.0,0.0,26.98139953613281,1
2016-12-20,26.93295088843523,27.108290108794712,26.91910892056988,26.98139953613281,85700000.0,0.002658038690513287,78.11551786408069,139289440.0,0.0,0.0,0.0,0.0,0.0,0.0,0.0,0.0,27.00678062438965,1
2016-12-21,26.946797583589134,27.085222557991223,26.942182420346608,27.00678062438965,95132800.0,0.000940688351723562,86.15475655540098,131090560.0,0.0,0.0,0.0,0.0,0.0,0.0,0.0,0.0,26.82913398742676,0
2016-12-22,26.842975956003222,26.879890219099067,26.67917287389556,26.82913398742676,104343600.0,-0.00657785314857029,79.70819284099221,114739680.0,0.0,0.0,0.0,0.0,0.0,0.0,0.0,0.0,26.8821964263916,1
2016-12-23,26.66763710953097,26.8821964263916,26.66763710953097,26.8821964263916,56998000.0,0.0019777917166357017,86.46503398822365,90658400.0,0.0,0.0,0.0,0.0,0.0,0.0,0.0,0.0,27.05292320251465,1
2016-12-27,26.8821973675215,27.177506206360043,26.875276382891595,27.05292320251465,73187600.0,0.006350923615580539,86.26092444478547,83072400.0,0.0,0.0,0.0,0.0,0.0,0.0,0.0,0.0,26.93756675720215,0
2016-12-28,27.11290422198837,27.228258651006676,26.808368599786792,26.93756675720215,83623600.0,-0.004264102790258795,80.26364638018715,82657120.0,0.0,0.0,0.0,0.0,0.0,0.0,0.0,0.0,26.930644989013672,0
2016-12-29,26.866045032102345,27.01831371885434,26.85451064563767,26.930644989013672,60158000.0,-0.0002569559548887268,77.37739910480411,75662160.0,0.0,0.0,0.0,0.0,0.0,0.0,0.0,0.0,26.72069549560547,0
2016-12-30,26.91218423888681,27.039073033945257,26.630719196505776,26.72069549560547,122345200.0,-0.007795932607401412,62.586757172820995,79262480.0,0.0,0.0,0.0,0.0,0.0,0.0,0.0,0.0,26.79683494567871,1
2017-01-03,26.71608719519183,26.838362611667527,26.476149765052995,26.79683494567871,115127600.0,0.0028494561485408187,69.9578056933347,90888400.0,0.0,0.0,0.0,0.0,0.0,0.0,0.0,0.0,26.766845703125,0
2017-01-04,26.727625612712725,26.8798943310228,26.704555074833102,26.766845703125,84472400.0,-0.001119133756449342,57.71588555486161,93145360.0,0.0,0.0,0.0,0.0,0.0,0.0,0.0,0.0,26.9029598236084,1
2017-01-05,26.743770149805272,26.960637037575456,26.718392034846257,26.9029598236084,88774400.0,0.0050851759670549335,61.818005806356425,94175520.0,0.0,0.0,0.0,0.0,0.0,0.0,0.0,0.0,27.202880859375,1
2017-01-06,26.942178737053396,27.26055807083818,26.870659558093067,27.202880859375,127007600.0,0.011148254234220278,65.55051655682311,107545440.0,0.0,0.0,0.0,0.0,0.0,0.0,0.0,0.0,27.452045440673828,1
2017-01-09,27.21210802657213,27.553557897454613,27.209802205404447,27.452045440673828,134247600.0,0.009159492429749783,69.65777474318075,109925920.0,0.0,0.0,0.0,0.0,0.0,0.0,0.0,0.0,27.479734420776367,1
2017-01-10,27.40129248747833,27.542025042957096,27.29286079406513,27.479734420776367,97848400.0,0.0010086308563919122,67.2933746169987,106470080.0,0.0,0.0,0.0,0.0,0.0,0.0,0.0,0.0,27.627389907836918,1
2017-01-11,27.394373433303407,27.66891757894022,27.362074329130746,27.627389907836918,110354400.0,0.005373250148622777,68.68296434692576,111646480.0,0.0,0.0,0.0,0.0,0.0,0.0,0.0,0.0,27.51202964782715,0
2017-01-12,27.43128190445848,27.523565794095013,27.27209223883968,27.51202964782715,108344800.0,-0.0041755757744254,63.97282768702806,115560560.0,0.0,0.0,0.0,0.0,0.0,0.0,0.0,0.0,27.46358108520508,0
2017-01-13,27.47973063392785,27.59739263757596,27.410517276448072,27.46358108520508,104447600.0,-0.0017609955805603095,68.9169861121436,111048560.0,0.0,0.0,0.0,0.0,0.0,0.0,0.0,0.0,27.685060501098636,1
2017-01-17,27.30208298595244,27.740430129253586,27.274399051959332,27.685060501098636,137759200.0,0.008064476923326902,71.68245900226577,111750880.0,0.0,0.0,0.0,0.0,0.0,0.0,0.0,0.0,27.68275451660156,0
2017-01-18,27.685062097957,27.800416523365158,27.61815632000001,27.68275451660156,94852000.0,-8.329346063684628e-05,68.6924512089469,111151600.0,0.0,0.0,0.0,0.0,0.0,0.0,0.0,0.0,27.634307861328125,0
2017-01-19,27.54663912535861,27.70582704698302,27.539718140962197,27.634307861328125,102389200.0,-0.0017500662820377766,71.58853252080827,109558560.0,0.0,0.0,0.0,0.0,0.0,0.0,0.0,0.0,27.685060501098636,1
2017-01-20,27.788878773910252,27.788878773910252,27.622769889445408,27.685060501098636,130391600.0,0.0018365808192191135,72.74152535888183,113967920.0,0.0,0.0,0.0,0.0,0.0,0.0,0.0,0.0,27.703516006469727,1
2017-01-23,27.685058878110517,27.871932462283795,27.63199507411993,27.703516006469727,88200800.0,0.0006666232631262758,83.56342382351662,110718560.0,0.0,0.0,0.0,0.0,0.0,0.0,0.0,0.0,27.67813873291016,0
2017-01-24,27.5812414463439,27.70813024727532,27.569705300728,27.67813873291016,92844000.0,-0.0009160307866207251,81.19740858617409,101735520.0,0.0,0.0,0.0,0.0,0.0,0.0,0.0,0.0,28.118793487548828,1
2017-01-25,27.78195878395972,28.169549715243004,27.749659686366844,28.118793487548828,129510400.0,0.01592067873099845,87.02602502840881,108667200.0,0.0,0.0,0.0,0.0,0.0,0.0,0.0,0.0,28.13263511657715,1
2017-01-26,28.070342747174333,28.24798953085189,28.054193199582617,28.13263511657715,105350400.0,0.0004922554388562261,86.07041146464378,109259440.0,0.0,0.0,0.0,0.0,0.0,0.0,0.0,0.0,28.134944915771484,1
2017-01-27,28.17878016264809,28.227228812273783,28.05419716639532,28.134944915771484,82251600.0,8.210390476270923e-05,83.06501559287916,99631440.0,0.0,0.0,0.0,0.0,0.0,0.0,0.0,0.0,28.06112098693848,0
2017-01-30,27.89962547186265,28.06112098693848,27.837334847524577,28.06112098693848,121510000.0,-0.0026239229916394935,74.72904529454459,106293280.0,0.0,0.0,0.0,0.0,0.0,0.0,0.0,0.0,27.996522903442383,0
2017-01-31,27.950381830409945,28.005751470082693,27.828106402721776,27.996522903442383,196804000.0,-0.0023020492847083407,70.43962077952779,127085280.0,0.0,0.0,0.0,0.0,0.0,0.0,0.0,0.0,29.703771591186523,1
2017-02-01,29.306951991991745,30.10520635418734,29.30233858835497,29.703771591186523,447940000.0,0.06098074013091903,86.60972667044229,190771200.0,0.0,0.0,0.0,0.0,0.0,0.0,0.0,0.0,29.653011322021484,0
2017-02-02,29.526122497301248,29.851421094665223,29.4799796663556,29.653011322021484,134841600.0,-0.0017088829615192758,88.76359688900556,196669440.0,0.0,0.0,0.0,0.0,0.0,0.0,0.0,0.0,29.779903411865234,1
2017-02-03,29.602256584042724,29.80528153012559,29.567651659295976,29.779903411865234,98029200.0,0.004279231153482055,90.77324808729941,199824960.0,0.0,0.0,0.0,0.0,0.0,0.0,0.0,0.0,30.05905532836914,1
2017-02-06,29.79143573060696,30.107505737124622,29.738370159032435,30.05905532836914,107383600.0,0.00937383552401605,90.89052202815907,196999680.0,0.0,0.0,0.0,0.0,0.0,0.0,0.0,0.0,30.345129013061523,1
2017-02-07,30.116726027487772,30.47432538134433,30.095963079800253,30.345129013061523,152735200.0,0.009517055062684854,91.72881408245883,188185920.0,0.0,0.0,0.0,0.0,0.0,0.0,0.0,0.0,30.462799072265625,1
2017-02-08,30.30361290159567,30.504328501385984,30.273619620583087,30.462799072265625,92016400.0,0.003877724795747328,93.40981187433937,117001200.0,0.0,0.0,0.0,0.0,0.0,0.0,0.0,0.0,30.68292617797852,1
2017-02-09,30.504509136932317,30.689877169847744,30.38170356644108,30.68292617797852,113399600.0,0.007226095842036484,93.70587537141715,112712800.0,0.0,0.0,0.0,0.0,0.0,0.0,0.0,0.0,30.613405227661133,0
2017-02-10,30.69218900888991,30.80340838716544,30.59718742913776,30.613405227661133,80262000.0,-0.0022657861872145135,91.92484624637314,109159360.0,0.0,0.0,0.0,0.0,0.0,0.0,0.0,0.0,30.88450813293457,1
2017-02-13,30.83585119596343,31.00731722359672,30.75938675940807,30.88450813293457,92141600.0,0.00885569257184371,93.12723842511444,106110960.0,0.0,0.0,0.0,0.0,0.0,0.0,0.0,0.0,31.285356521606445,1
2017-02-14,30.926206791571133,31.301574316387672,30.87523051837389,31.285356521606445,132904800.0,0.012978946821704973,92.96749497258875,102144880.0,0.0,0.0,0.0,0.0,0.0,0.0,0.0,0.0,31.398900985717773,1
2017-02-15,31.40122033965837,31.57500217637817,31.19268001423429,31.398900985717773,142492400.0,0.0036293166112046915,93.13758874986382,112240080.0,0.0,0.0,0.0,0.0,0.0,0.0,0.0,0.0,31.36183357238769,0
2017-02-16,31.435978658815067,31.489270771147325,31.24365964798025,31.36183357238769,90338400.0,-0.001180532189548389,92.29266894690141,107627840.0,0.0,0.0,0.0,0.0,0.0,0.0,0.0,0.0,31.44756317138672,1
2017-02-17,31.30390464325276,31.473051316920237,31.30390464325276,31.44756317138672,88792800.0,0.002733564630433616,94.3035041767917,109334000.0,0.0,0.0,0.0,0.0,0.0,0.0,0.0,0.0,31.67462539672852,1
2017-02-21,31.56572186392585,31.68621155597124,31.507794603311645,31.67462539672852,98028800.0,0.007220344040787197,96.20460299432125,110511440.0,0.0,0.0,0.0,0.0,0.0,0.0,0.0,0.0,31.769643783569336,1
2017-02-22,31.61207971271287,31.77195960240499,31.53793461835786,31.769643783569336,83347600.0,0.00299982669568144,93.37776254328315,100600000.0,0.0,0.0,0.0,0.0,0.0,0.0,0.0,0.0,31.635236740112305,0
2017-02-23,31.83219084950716,31.85535963345978,31.581944647861764,31.635236740112305,83152800.0,-0.004230675180769361,90.44777207321226,88732080.0,0.0,0.0,0.0,0.0,0.0,0.0,0.0,0.0,31.66536521911621,1
2017-02-24,31.491583400896328,31.66536521911621,31.345605542199586,31.66536521911621,87106400.0,0.0009523709037304595,90.0352824823384,88085680.0,0.0,0.0,0.0,0.0,0.0,0.0,0.0,0.0,31.727928161621094,1
2017-02-27,31.77658863257294,31.846102075818177,31.57731864759024,31.727928161621094,81029600.0,0.0019757530687538605,88.97675433004903,86533040.0,0.0,0.0,0.0,0.0,0.0,0.0,0.0,0.0,31.7418212890625,1
2017-02-28,31.76267425321642,31.846089645431316,31.67462369043425,31.7418212890625,93931600.0,0.00043788322296478555,87.32426947626928,85713600.0,0.0,0.0,0.0,0.0,0.0,0.0,0.0,0.0,32.390621185302734,1
2017-03-01,31.95037520553905,32.47403662243283,31.883181106329225,32.390621185302734,145658400.0,0.02043990766414505,90.04625519710815,98175760.0,0.0,0.0,0.0,0.0,0.0,0.0,0.0,0.0,32.19830322265625,0
2017-03-02,32.43927916939308,32.5041574448838,32.151958566790725,32.19830322265625,104844000.0,-0.005937458301471188,82.04799407801143,102514000.0,0.0,0.0,0.0,0.0,0.0,0.0,0.0,0.0,32.3883056640625,1
2017-03-03,32.156596507195204,32.399891829026096,32.11257120169423,32.3883056640625,84432400.0,0.005901007891389698,85.72014825819981,101979200.0,0.0,0.0,0.0,0.0,0.0,0.0,0.0,0.0,32.28636169433594,0
2017-03-06,32.293312688050754,32.38599849691848,32.114899135234296,32.28636169433594,87000000.0,-0.003147554885517767,80.34814148457279,103173280.0,0.0,0.0,0.0,0.0,0.0,0.0,0.0,0.0,32.32805252075195,1
2017-03-07,32.22146478601568,32.434636719888175,32.15890234311395,32.32805252075195,69785200.0,0.001291282889373413,76.64817942065432,98344000.0,0.0,0.0,0.0,0.0,0.0,0.0,0.0,0.0,32.20757293701172,0
2017-03-08,32.195986772000474,32.39294097038813,32.16586698569264,32.20757293701172,74828800.0,-0.003726781366211185,70.69076098595842,84178080.0,0.0,0.0,0.0,0.0,0.0,0.0,0.0,0.0,32.1334228515625,0
2017-03-09,32.147328370305814,32.158910999190404,31.755739345659407,32.1334228515625,88623600.0,-0.002302256230055977,69.43800110804986,80934000.0,0.0,0.0,0.0,0.0,0.0,0.0,0.0,0.0,32.24000930786133,1
2017-03-10,32.26549745445585,32.29098560105037,32.12415473890458,32.24000930786133,78451200.0,0.0033169966608037615,69.71713105720835,79737760.0,0.0,0.0,0.0,0.0,0.0,0.0,0.0,0.0,32.25390625,1
2017-03-13,32.17281018576398,32.30719835342371,32.1658591955609,32.25390625,69686800.0,0.0004310464679451176,66.11586080236557,76275120.0,0.0,0.0,0.0,0.0,0.0,0.0,0.0,0.0,32.20524597167969,0
2017-03-14,32.277075220046925,32.35817127585512,32.17048748867623,32.20524597167969,61236400.0,-0.00150866310403297,62.493659124060045,74565360.0,0.0,0.0,0.0,0.0,0.0,0.0,0.0,0.0,32.54586410522461,1
2017-03-15,32.302568825435856,32.61305819344029,32.214518229649315,32.54586410522461,102767200.0,0.010576479802217653,73.16555672348187,80153040.0,0.0,0.0,0.0,0.0,0.0,0.0,0.0,0.0,32.59916687011719,1
2017-03-16,32.60611786304653,32.67563132794159,32.49953007879387,32.59916687011719,76928000.0,0.001637773841869583,73.45922042632473,77813920.0,0.0,0.0,0.0,0.0,0.0,0.0,0.0,0.0,32.436954498291016,0
2017-03-17,32.67097938989916,32.67097938989916,32.41378217668234,32.436954498291016,175540000.0,-0.004975966793030806,67.09076214754083,97231680.0,0.0,0.0,0.0,0.0,0.0,0.0,0.0,0.0,32.7775764465332,1
2017-03-20,32.53196178862959,32.78684325645368,32.492571659166025,32.7775764465332,86168000.0,0.010501045906148088,71.46587826631604,100527920.0,0.0,0.0,0.0,0.0,0.0,0.0,0.0,0.0,32.40219497680664,0
2017-03-21,32.9281755471775,33.08805536859066,32.3767068380944,32.40219497680664,158119600.0,-0.011452386369653844,50.453151929334624,119904560.0,0.0,0.0,0.0,0.0,0.0,0.0,0.0,0.0,32.7682991027832,1
2017-03-22,32.404517669781505,32.81000857751978,32.38366116461315,32.7682991027832,103440800.0,0.011298744614018252,62.377734459064804,120039280.0,0.0,0.0,0.0,0.0,0.0,0.0,0.0,0.0,32.6524543762207,0
2017-03-23,32.731234642011984,32.80538327023991,32.58062510237565,32.6524543762207,81385200.0,-0.0035352682236918787,56.028853037526,120930720.0,0.0,0.0,0.0,0.0,0.0,0.0,0.0,0.0,32.58758544921875,0
2017-03-24,32.78685552528414,32.84246701241944,32.52039132924886,32.58758544921875,89582400.0,-0.001986647810744535,56.9778320166062,103739200.0,0.0,0.0,0.0,0.0,0.0,0.0,0.0,0.0,32.643184661865234,1
2017-03-27,32.29793677164116,32.721964920648965,32.11951974448904,32.643184661865234,94300400.0,0.0017061470458781258,57.23666811946701,105365680.0,0.0,0.0,0.0,0.0,0.0,0.0,0.0,0.0,33.31977081298828,1
2017-03-28,32.65013162474638,33.37537873675065,32.582934002732934,33.31977081298828,133499200.0,0.020726720083578565,70.02984505087218,100441600.0,0.0,0.0,0.0,0.0,0.0,0.0,0.0,0.0,33.393917083740234,1
2017-03-29,33.29196450573039,33.479651861939736,33.178429300256255,33.393917083740234,116760000.0,0.0022252935402260476,72.6837948896099,103105440.0,0.0,0.0,0.0,0.0,0.0,0.0,0.0,0.0,33.349891662597656,0
2017-03-30,33.41013829607275,33.48196755696947,33.250258438928164,33.349891662597656,84829200.0,-0.0013183664866921463,70.46121005888274,103794240.0,0.0,0.0,0.0,0.0,0.0,0.0,0.0,0.0,33.28732681274414,0
2017-03-31,33.30122879165244,33.4286694909784,33.1367137915044,33.28732681274414,78646800.0,-0.0018760135860855787,68.76278757663145,101607120.0,0.0,0.0,0.0,0.0,0.0,0.0,0.0,0.0,33.29658889770508,1
2017-04-03,33.29890825092746,33.39390627186061,33.14597943342616,33.29658889770508,79942800.0,0.0002782465835433623,70.09974449716057,98735600.0,0.0,0.0,0.0,0.0,0.0,0.0,0.0,0.0,33.54452133178711,1
2017-04-04,33.19232257350005,33.57232528736779,33.17378542457971,33.54452133178711,79565600.0,0.007446181194227908,68.94372701031136,87948880.0,0.0,0.0,0.0,0.0,0.0,0.0,0.0,0.0,33.37074661254883,0
2017-04-05,33.4170877268738,33.704408292649255,33.322086144367354,33.37074661254883,110871600.0,-0.005180420299323529,64.11550610576467,86771200.0,0.0,0.0,0.0,0.0,0.0,0.0,0.0,0.0,33.28732681274414,0
2017-04-06,33.43330112688121,33.48659676016293,33.23866635096516,33.28732681274414,84596000.0,-0.002499788235883149,66.05088318213669,86724560.0,0.0,0.0,0.0,0.0,0.0,0.0,0.0,0.0,33.21318054199219,0
2017-04-07,33.303546946837955,33.407815331567654,33.19696274399432,33.21318054199219,66688800.0,-0.0022274624564795342,59.222752941772704,84332960.0,0.0,0.0,0.0,0.0,0.0,0.0,0.0,0.0,33.17378616333008,0
2017-04-10,33.27342289904574,33.338301153911864,33.1112237262807,33.17378616333008,75733600.0,-0.0011861067810805537,68.79880991417261,83491120.0,0.0,0.0,0.0,0.0,0.0,0.0,0.0,0.0,32.81696319580078,0
2017-04-11,33.12050157174401,33.21550315774776,32.45317818697687,32.81696319580078,121517600.0,-0.010756172532507713,51.44271217263385,91881520.0,0.0,0.0,0.0,0.0,0.0,0.0,0.0,0.0,32.85636138916016,1
2017-04-12,32.810020261750054,32.93745747822749,32.673309162828374,32.85636138916016,81400000.0,0.0012005435458581903,55.40480811871527,85987200.0,0.0,0.0,0.0,0.0,0.0,0.0,0.0,0.0,32.68256759643555,0
2017-04-13,32.881837553703654,32.99074110800135,32.68256759643555,32.68256759643555,71291600.0,-0.005289502104817823,52.54181224518001,83326320.0,0.0,0.0,0.0,0.0,0.0,0.0,0.0,0.0,32.86330795288086,1
2017-04-17,32.782208339141,32.8748941170724,32.64086562144642,32.86330795288086,66328400.0,0.005530176168442313,55.22086195730086,83254240.0,0.0,0.0,0.0,0.0,0.0,0.0,0.0,0.0,32.717323303222656,0
2017-04-18,32.76598376853385,32.91195809326705,32.69647033334651,32.717323303222656,58790000.0,-0.004442177575900597,32.41661707024906,79865520.0,0.0,0.0,0.0,0.0,0.0,0.0,0.0,0.0,32.59683990478516,0
2017-04-19,32.874893699446176,32.90269766467193,32.543547792902174,32.59683990478516,69313600.0,-0.0036825567092044764,27.318337827973878,69424720.0,0.0,0.0,0.0,0.0,0.0,0.0,0.0,0.0,33.00464630126953,1
2017-04-20,32.721960903303554,33.11586568446256,32.70805892235448,33.00464630126953,93278400.0,0.012510611386734594,42.06435534459795,71800400.0,0.0,0.0,0.0,0.0,0.0,0.0,0.0,0.0,32.96525192260742,0
2017-04-21,33.00464204208006,33.06024995870025,32.8679345329221,32.96525192260742,69283600.0,-0.0011936009949179427,42.51695137283667,71398800.0,0.0,0.0,0.0,0.0,0.0,0.0,0.0,0.0,33.28269958496094,1
2017-04-24,33.25026044789921,33.35452885019756,33.17611182855769,33.28269958496094,68537200.0,0.009629766006302276,49.90346254949783,71840560.0,0.0,0.0,0.0,0.0,0.0,0.0,0.0,0.0,33.488922119140625,1
2017-04-25,33.345263582026504,33.57465337056667,33.33599323637989,33.488922119140625,75486000.0,0.006196087960150587,49.02788945624777,75179760.0,0.0,0.0,0.0,0.0,0.0,0.0,0.0,0.0,33.291961669921875,0
2017-04-26,33.47501383819278,33.5051371524754,33.222451768654714,33.291961669921875,80164800.0,-0.005881361260838491,48.552081623143025,77350000.0,0.0,0.0,0.0,0.0,0.0,0.0,0.0,0.0,33.31745147705078,1
2017-04-27,33.34757479283859,33.403186252231365,33.20623209386567,33.31745147705078,56985200.0,0.0007656444934553974,50.83264197290802,70091360.0,0.0,0.0,0.0,0.0,0.0,0.0,0.0,0.0,33.28501510620117,0
2017-04-28,33.38696768908486,33.43562816204325,33.19696804102041,33.28501510620117,83441600.0,-0.0009735549812971422,51.753228289840095,72922960.0,0.0,0.0,0.0,0.0,0.0,0.0,0.0,0.0,33.96392059326172,1
2017-05-01,33.62099211229172,34.10757910510044,33.58855297943781,33.96392059326172,134411600.0,0.020396730627713078,63.57322988162839,86097840.0,0.0,0.0,0.0,0.0,0.0,0.0,0.0,0.0,34.179412841796875,1
2017-05-02,34.18636383291965,34.31380456283851,34.0241681473869,34.179412841796875,181408800.0,0.006344740088042311,74.46036792748453,107282400.0,0.0,0.0,0.0,0.0,0.0,0.0,0.0,0.0,34.075130462646484,0
2017-05-03,33.73451789493751,34.17476718720592,33.42866380418619,34.075130462646484,182788000.0,-0.003051028981482906,71.45827728723243,127807040.0,0.0,0.0,0.0,0.0,0.0,0.0,0.0,0.0,33.952335357666016,0
2017-05-04,33.95001953939907,34.093678055158506,33.78550451683552,33.952335357666016,93487600.0,-0.003603657662149762,72.88897934571833,135107520.0,0.0,0.0,0.0,0.0,0.0,0.0,0.0,0.0,34.5153923034668,1
2017-05-05,34.005629407550984,34.52002394026559,34.005629407550984,34.5153923034668,109310800.0,0.01658374718172806,76.03498482936426,140281360.0,0.0,0.0,0.0,0.0,0.0,0.0,0.0,0.0,35.453819274902344,1
2017-05-08,34.53161775666917,35.61369916990989,34.53161775666917,35.453819274902344,195009600.0,0.027188651462648705,84.41907596806382,152400960.0,0.0,0.0,0.0,0.0,0.0,0.0,0.0,0.0,35.680885314941406,1
2017-05-09,35.6530778189412,35.88710627097497,35.55576042194112,35.680885314941406,156521600.0,0.006404557948423983,87.8207843521652,147423520.0,0.0,0.0,0.0,0.0,0.0,0.0,0.0,0.0,35.511749267578125,0
2017-05-10,35.5974840722828,35.66931335565036,35.24528511271104,35.511749267578125,103222800.0,-0.004740242453918464,82.78630659673819,131510480.0,0.0,0.0,0.0,0.0,0.0,0.0,0.0,0.0,35.81886291503906,1
2017-05-11,35.469864568578416,35.846785196888355,35.437291531583206,35.81886291503906,109020400.0,0.008648226398166425,84.84332721573374,134617040.0,0.0,0.0,0.0,0.0,0.0,0.0,0.0,0.0,36.31908798217773,1
2017-05-12,35.993354134015604,36.39353910020161,35.98637445264443,36.31908798217773,130108000.0,0.013965408905502574,85.37011896232852,138776480.0,0.0,0.0,0.0,0.0,0.0,0.0,0.0,0.0,36.22602462768555,0
2017-05-15,36.29815037856705,36.447056185282094,36.07479344359172,36.22602462768555,104038800.0,-0.0025623813719619637,82.81542489223537,120582320.0,0.0,0.0,0.0,0.0,0.0,0.0,0.0,0.0,36.17251586914063,0
2017-05-16,36.28186896929443,36.30978770118227,35.998016694451984,36.17251586914063,80194000.0,-0.0014770806097234024,85.94074367882368,105316800.0,0.0,0.0,0.0,0.0,0.0,0.0,0.0,0.0,34.95799255371094,0
2017-05-17,35.737423425069245,35.963109251694405,34.83235474155996,34.95799255371094,203070800.0,-0.03357585963396659,66.5695642032749,125286400.0,0.0,0.0,0.0,0.0,0.0,0.0,0.0,0.0,35.49079513549805,1
2017-05-18,35.19531249558462,35.67692825249937,35.162739466373935,35.49079513549805,134272800.0,0.015241223619133493,70.07620403841055,130336880.0,0.0,0.0,0.0,0.0,0.0,0.0,0.0,0.0,35.61178970336914,1
2017-05-19,35.68624438594715,35.82584159048891,35.51174521762394,35.61178970336914,107843200.0,0.003409181659896676,66.61335772534831,125883920.0,0.0,0.0,0.0,0.0,0.0,0.0,0.0,0.0,35.82815933227539,1
2017-05-22,35.83048470905695,35.965431116451946,35.57688018231852,35.82815933227539,91865600.0,0.006075786437820696,66.5520757968059,123449280.0,0.0,0.0,0.0,0.0,0.0,0.0,0.0,0.0,35.7839469909668,0
2017-05-23,36.03987685635827,36.03987685635827,35.669939642171336,35.7839469909668,79675600.0,-0.0012340109604448424,67.3877216167149,123345600.0,0.0,0.0,0.0,0.0,0.0,0.0,0.0,0.0,35.67693328857422,0
2017-05-24,35.79326605934708,35.870046114080495,35.52104780176192,35.67693328857422,76712000.0,-0.0029905505510499086,67.67444456773647,98073840.0,0.0,0.0,0.0,0.0,0.0,0.0,0.0,0.0,35.80023956298828,1
2017-05-25,35.76766653480128,35.91192155979556,35.60480139386626,35.80023956298828,76942400.0,0.0034561904022605283,64.43433111141908,86607760.0,0.0,0.0,0.0,0.0,0.0,0.0,0.0,0.0,35.73975372314453,0
2017-05-26,35.83049314169039,35.88633414933184,35.669953351141324,35.73975372314453,87710400.0,-0.0016895372931047259,54.23385381550946,82581200.0,0.0,0.0,0.0,0.0,0.0,0.0,0.0,0.0,35.75371170043945,1
2017-05-30,35.695545317725745,35.9305362258192,35.67460627199543,35.75371170043945,80507600.0,0.00039054486505540886,51.4664232327268,80309600.0,0.0,0.0,0.0,0.0,0.0,0.0,0.0,0.0,35.54198455810547,0
2017-05-31,35.82351140731956,35.87004380259124,35.45357407214753,35.54198455810547,97804800.0,-0.005921822721733916,50.86216015998946,83935440.0,0.0,0.0,0.0,0.0,0.0,0.0,0.0,0.0,35.63969039916992,1
2017-06-01,35.63736502283909,35.674592345289625,35.41633356485247,35.63969039916992,65616400.0,0.00274902604002647,47.802436416924365,81716320.0,0.0,0.0,0.0,0.0,0.0,0.0,0.0,0.0,36.16786193847656,1
2017-06-02,35.732778461140875,36.16786193847656,35.57223865073289,36.16786193847656,111082800.0,0.014819756664298689,48.26894435160857,88544400.0,0.0,0.0,0.0,0.0,0.0,0.0,0.0,0.0,35.8141975402832,0
2017-06-05,35.90959124421167,35.935184590382875,35.70484802503569,35.8141975402832,101326800.0,-0.009778415953781372,44.88100739154153,91267680.0,0.0,0.0,0.0,0.0,0.0,0.0,0.0,0.0,35.93518829345703,1
2017-06-06,35.807221549414194,36.251613537729305,35.77930282351177,35.93518829345703,106499600.0,0.0033782902168264517,47.292432677993595,96466080.0,0.0,0.0,0.0,0.0,0.0,0.0,0.0,0.0,36.14923095703125,1
2017-06-07,36.06780017710927,36.29115702796211,35.942158842085554,36.14923095703125,84278400.0,0.005956352915874152,71.96245342302667,93760800.0,0.0,0.0,0.0,0.0,0.0,0.0,0.0,0.0,36.06082534790039,0
2017-06-08,36.12131709685279,36.1887885264461,35.92355001151078,36.06082534790039,85003200.0,-0.002445573717347993,62.57889928407186,97638160.0,0.0,0.0,0.0,0.0,0.0,0.0,0.0,0.0,34.66250228881836,0
2017-06-09,36.1073564847244,36.1073564847244,33.9738144546868,34.66250228881836,259530800.0,-0.03877679020353997,36.9506004136587,127327760.0,0.0,0.0,0.0,0.0,0.0,0.0,0.0,0.0,33.83422088623047,0
2017-06-12,33.90867555979091,33.99010636502912,33.15716334309144,33.83422088623047,289229200.0,-0.02389560325698359,26.174255573430003,164908240.0,0.0,0.0,0.0,0.0,0.0,0.0,0.0,0.0,34.106441497802734,1
2017-06-13,34.2390625629672,34.30653400914587,33.771402543907755,34.106441497802734,136661600.0,0.00804571834201906,31.212950818953615,170940640.0,0.0,0.0,0.0,0.0,0.0,0.0,0.0,0.0,33.77373504638672,0
2017-06-14,34.31817162899658,34.31817162899658,33.46661478940997,33.77373504638672,126124800.0,-0.009754944720264946,29.601940526064624,179309920.0,0.0,0.0,0.0,0.0,0.0,0.0,0.0,0.0,33.57130432128906,0
2017-06-15,33.34562204649527,33.615511335489884,33.08736319265339,33.57130432128906,128661600.0,-0.00599373225435762,26.452633239393492,188041600.0,0.0,0.0,0.0,0.0,0.0,0.0,0.0,0.0,33.101318359375,0
2017-06-16,33.45264195107154,33.62016137828679,33.08503007191551,33.101318359375,201444400.0,-0.013999633657844623,24.220826436773322,176424320.0,0.0,0.0,0.0,0.0,0.0,0.0,0.0,0.0,34.04826736450195,1
2017-06-19,33.42472554788732,34.141335691738696,33.42472554788732,34.04826736450195,130165600.0,0.028607591844110214,36.50100416936365,144611600.0,0.0,0.0,0.0,0.0,0.0,0.0,0.0,0.0,33.738826751708984,0
2017-06-20,34.171584773417386,34.171584773417386,33.72254201093951,33.738826751708984,99600400.0,-0.009088292496069461,35.84908072848566,137199360.0,0.0,0.0,0.0,0.0,0.0,0.0,0.0,0.0,33.938926696777344,1
2017-06-21,33.857495874666355,33.98546265249216,33.645769346826846,33.938926696777344,85063200.0,0.0059308507240318775,36.98010099588354,128987040.0,0.0,0.0,0.0,0.0,0.0,0.0,0.0,0.0,33.88307571411133,0
2017-06-22,33.91564874000118,34.132025936942306,33.76441404464621,33.88307571411133,76425200.0,-0.0016456319660609342,31.03383365286261,118539760.0,0.0,0.0,0.0,0.0,0.0,0.0,0.0,0.0,34.03430938720703,1
2017-06-23,33.76674547968061,34.239056165261644,33.762091175581055,34.03430938720703,141757600.0,0.0044633986114996915,34.80760909294678,106602400.0,0.0,0.0,0.0,0.0,0.0,0.0,0.0,0.0,33.92728805541992,0
2017-06-26,34.24138437938582,34.49964325030576,33.82491465791016,33.92728805541992,102769600.0,-0.003144513102044555,32.76931175665504,101123200.0,0.0,0.0,0.0,0.0,0.0,0.0,0.0,0.0,33.441009521484375,0
2017-06-27,33.73882106144362,34.00638850216209,33.4154161758538,33.441009521484375,99047600.0,-0.014332962102400093,27.65466198616282,101012640.0,0.0,0.0,0.0,0.0,0.0,0.0,0.0,0.0,33.92961883544922,1
2017-06-28,33.61784783898308,33.99476490783932,33.308402220032775,33.92961883544922,88329600.0,0.014611081452278851,33.82433964260572,101665920.0,0.0,0.0,0.0,0.0,0.0,0.0,0.0,0.0,33.42938232421875,0
2017-06-29,33.66903109115727,33.7667501897156,33.10365199569099,33.42938232421875,125997600.0,-0.014743357821274117,38.9610057622381,111580400.0,0.0,0.0,0.0,0.0,0.0,0.0,0.0,0.0,33.508487701416016,1
2017-06-30,33.608532166495024,33.727193848567445,33.452646701017585,33.508487701416016,92096400.0,0.0023663427708611184,46.826516141469334,101648160.0,0.0,0.0,0.0,0.0,0.0,0.0,0.0,0.0,33.38749694824219,0
2017-07-03,33.70857645216875,33.80629552940867,33.294432174735654,33.38749694824219,57111200.0,-0.003610749439125427,42.31458193140823,92516480.0,0.0,0.0,0.0,0.0,0.0,0.0,0.0,0.0,33.5247688293457,1
2017-07-05,33.4317040555682,33.68763395855312,33.2060182514545,33.5247688293457,86278400.0,0.004111475661572328,47.44644593678807,89962640.0,0.0,0.0,0.0,0.0,0.0,0.0,0.0,0.0,33.20835494995117,0
2017-07-06,33.27582995160863,33.38750842825488,33.133903815585256,33.20835494995117,96515200.0,-0.009438212117291678,46.19021422319315,91599760.0,0.0,0.0,0.0,0.0,0.0,0.0,0.0,0.0,33.54572296142578,1
2017-07-07,33.24791129113522,33.678344051421426,33.24791129113522,33.54572296142578,76806800.0,0.010159130495414948,55.64187970199789,81761600.0,0.0,0.0,0.0,0.0,0.0,0.0,0.0,0.0,33.750457763671875,1
2017-07-10,33.529426242805386,33.95752992219642,33.3572524901357,33.750457763671875,84362400.0,0.006103156652236041,46.020071891686534,80214800.0,0.0,0.0,0.0,0.0,0.0,0.0,0.0,0.0,33.85980987548828,1
2017-07-11,33.6736767657546,33.93426453945927,33.59224597100433,33.85980987548828,79127200.0,0.0032400186267729225,52.07864696454037,84618000.0,0.0,0.0,0.0,0.0,0.0,0.0,0.0,0.0,33.90867233276367,1
2017-07-12,33.93891643459937,34.011042173875566,33.69462049193969,33.90867233276367,99538000.0,0.0014430812652248548,49.77640076508309,87269920.0,0.0,0.0,0.0,0.0,0.0,0.0,0.0,0.0,34.380985260009766,1
2017-07-13,33.85283352978623,34.54850472025517,33.838874166464805,34.380985260009766,100797600.0,0.013928971403275092,57.16999530043339,88126400.0,0.0,0.0,0.0,0.0,0.0,0.0,0.0,0.0,34.67646789550781,1
2017-07-14,34.42751763264724,34.74394288511077,34.27861184032288,34.67646789550781,80528400.0,0.008594362065642569,58.780969960843166,88870720.0,0.0,0.0,0.0,0.0,0.0,0.0,0.0,0.0,34.79745864868164,1
2017-07-17,34.625288415989544,35.109229629681195,34.567122029227185,34.79745864868164,95174000.0,0.0034891314057248213,61.764087632822644,91033040.0,0.0,0.0,0.0,0.0,0.0,0.0,0.0,0.0,34.918434143066406,1
2017-07-18,34.71368739352508,34.93006812659822,34.59037497851314,34.918434143066406,71475200.0,0.003476561193912042,72.01616761181874,89502640.0,0.0,0.0,0.0,0.0,0.0,0.0,0.0,0.0,35.13716125488281,1
2017-07-19,35.011519837950374,35.230226078377214,34.88820734923234,35.13716125488281,83692000.0,0.006263943879048162,69.44841163517088,86333440.0,0.0,0.0,0.0,0.0,0.0,0.0,0.0,0.0,34.978939056396484,0
2017-07-20,35.24883195509608,35.30467296695641,34.94404064285544,34.978939056396484,68974800.0,-0.004502987516225132,78.25794917743944,79968880.0,0.0,0.0,0.0,0.0,0.0,0.0,0.0,0.0,34.962642669677734,0
2017-07-21,34.897496619300625,35.00219537525002,34.63923779452226,34.962642669677734,105010400.0,-0.00046589139517572153,77.14274628836966,84865280.0,0.0,0.0,0.0,0.0,0.0,0.0,0.0,0.0,35.3860969543457,1
2017-07-24,35.0347733084386,35.46753130382192,34.876558913791825,35.3860969543457,85972800.0,0.012111621214354606,83.50242537356432,83025040.0,0.0,0.0,0.0,0.0,0.0,0.0,0.0,0.0,35.53733444213867,1
2017-07-25,35.318628275219126,35.79326439582778,35.318628275219126,35.53733444213867,75415600.0,0.00427392396477333,83.53305713206305,83813120.0,0.0,0.0,0.0,0.0,0.0,0.0,0.0,0.0,35.70484161376953,1
2017-07-26,35.67924827219394,35.81419110938193,35.61177330340691,35.70484161376953,63124000.0,0.004713554751935467,93.9964965205312,79699520.0,0.0,0.0,0.0,0.0,0.0,0.0,0.0,0.0,35.030128479003906,0
2017-07-27,35.77233223287491,35.8281732490647,34.27163998094939,35.030128479003906,129905200.0,-0.018896964788815196,73.91829857886444,91885600.0,0.0,0.0,0.0,0.0,0.0,0.0,0.0,0.0,34.78348922729492,0
2017-07-28,34.874228622401866,34.95333403348105,34.7113634965937,34.78348922729492,68854800.0,-0.007040774967662866,66.56639831877521,84654480.0,0.0,0.0,0.0,0.0,0.0,0.0,0.0,0.0,34.604339599609375,0
2017-07-31,34.87655781471155,34.97660582806359,34.46474242658444,34.604339599609375,79383600.0,-0.005150421411574957,61.78462817895972,83336640.0,0.0,0.0,0.0,0.0,0.0,0.0,0.0,0.0,34.91146469116211,1
2017-08-01,34.69043314007424,34.95101740660357,34.529893350803725,34.91146469116211,141474400.0,0.008875334570933369,64.57509701798026,96548400.0,0.0,0.0,0.0,0.0,0.0,0.0,0.0,0.0,36.5610580444336,1
2017-08-02,37.05896209307738,37.16831516662853,36.33304683903064,36.5610580444336,279747200.0,0.04725076326256472,73.3120825681695,139873040.0,0.0,0.0,0.0,0.0,0.0,0.0,0.0,0.0,36.19578170776367,0
2017-08-03,36.54012573142104,36.57735307186901,36.06781494384535,36.19578170776367,108389200.0,-0.009990857929384811,66.26595093608849,135569840.0,0.0,0.0,0.0,0.0,0.0,0.0,0.0,0.0,36.38655471801758,1
2017-08-04,36.31210360961212,36.62154557760777,36.2236895900742,36.38655471801758,82239600.0,0.005270586826779056,66.70053210661595,138246800.0,0.0,0.0,0.0,0.0,0.0,0.0,0.0,0.0,36.94960784912109,1
2017-08-07,36.54244322013037,36.97520119637969,36.45170381624877,36.94960784912109,87481200.0,0.015474208412062262,69.35897226984328,139866320.0,0.0,0.0,0.0,0.0,0.0,0.0,0.0,0.0,37.24510192871094,1
2017-08-08,36.90075790637376,37.65226664403892,36.82397784831713,37.24510192871094,144823600.0,0.007997218287037366,69.70834088915099,140536160.0,0.0,0.0,0.0,0.0,0.0,0.0,0.0,0.0,37.473106384277344,1
2017-08-09,37.0543077572253,37.52196770334755,37.0194093508851,37.473106384277344,104526000.0,0.006121729939223108,72.95849140246838,105491920.0,0.0,0.0,0.0,0.0,0.0,0.0,0.0,0.0,36.27951431274414,0
2017-08-10,37.34930365452444,37.372662994549984,36.118344133318566,36.27951431274414,163217200.0,-0.031851964961036705,60.58209160407045,116457520.0,0.0,0.0,0.0,0.0,0.0,0.0,0.0,0.0,36.78404998779297,1
2017-08-11,36.57850272339743,37.03865401463654,36.45470603734179,36.78404998779297,105028400.0,0.013906902686169564,60.960895029388176,121015280.0,0.0,0.0,0.0,0.0,0.0,0.0,0.0,0.0,37.33763122558594,1
2017-08-14,37.21383455235602,37.421719868169966,37.080692716541634,37.33763122558594,88490800.0,0.01504949123265864,63.08988359998109,121217200.0,0.0,0.0,0.0,0.0,0.0,0.0,0.0,0.0,37.74639129638672,1
2017-08-15,37.52682632959984,37.88653664504959,37.40536417611742,37.74639129638672,117862000.0,0.010947670148948152,64.2188032548636,115824880.0,0.0,0.0,0.0,0.0,0.0,0.0,0.0,0.0,37.594573974609375,0
2017-08-16,37.825818680752455,37.95895698006928,37.40770988961722,37.594573974609375,110686400.0,-0.004022035393668966,69.27437542355386,117056960.0,0.0,0.0,0.0,0.0,0.0,0.0,0.0,0.0,36.87282180786133,0
2017-08-17,37.494143489490575,37.53852411876933,36.8681492247434,36.87282180786133,111762400.0,-0.01919830684171353,65.08653828677515,106766000.0,0.0,0.0,0.0,0.0,0.0,0.0,0.0,0.0,36.78872680664063,0
2017-08-18,36.87281546762125,37.255885242280506,36.60653530187195,36.78872680664063,109712400.0,-0.002280677124709918,66.02874895403441,107702800.0,0.0,0.0,0.0,0.0,0.0,0.0,0.0,0.0,36.72099685668945,0
2017-08-21,36.78873327354443,36.87982904194202,36.230478987387535,36.72099685668945,105474000.0,-0.0018410517522708947,63.81608737375402,111099440.0,0.0,0.0,0.0,0.0,0.0,0.0,0.0,0.0,37.3212776184082,1
2017-08-22,36.95922921030965,37.37266531835174,36.91017958299497,37.3212776184082,86418400.0,0.016347071515009803,56.84030410366355,104810720.0,0.0,0.0,0.0,0.0,0.0,0.0,0.0,0.0,37.36798477172852,1
2017-08-23,37.15543049178194,37.48243981795694,37.11104989091512,37.36798477172852,77596400.0,0.0012514885958052613,60.94360055062322,98192720.0,0.0,0.0,0.0,0.0,0.0,0.0,0.0,0.0,37.20215606689453,0
2017-08-24,37.47310520018072,37.54551773804493,37.03397877636636,37.20215606689453,79275600.0,-0.004437721376921888,57.78358834777736,91695360.0,0.0,0.0,0.0,0.0,0.0,0.0,0.0,0.0,37.3399658203125,1
2017-08-25,37.29091262696897,37.50347052456554,37.20215496702317,37.3399658203125,101920400.0,0.003704348564372628,54.207814410744135,90136960.0,0.0,0.0,0.0,0.0,0.0,0.0,0.0,0.0,37.71602630615234,1
2017-08-28,37.40536560343317,37.83982297272242,37.3563124128417,37.71602630615234,103864000.0,0.010071259509168096,54.88124362320395,89814960.0,0.0,0.0,0.0,0.0,0.0,0.0,0.0,0.0,38.05238723754883,1
2017-08-29,37.39603027460902,38.101436872228,37.372670929623744,38.05238723754883,118067600.0,0.008918249464197281,55.75850863739077,96144800.0,0.0,0.0,0.0,0.0,0.0,0.0,0.0,0.0,38.1551513671875,1
2017-08-30,38.26026126026012,38.28128252604773,37.98230153217536,38.1551513671875,109078400.0,0.002700596128099697,72.28753006628101,102441200.0,0.0,0.0,0.0,0.0,0.0,0.0,0.0,0.0,38.30698013305664,1
2017-08-31,38.22289149751624,38.42844228753387,38.18551797857941,38.30698013305664,107140400.0,0.003979246849475482,69.66106778127687,108014160.0,0.0,0.0,0.0,0.0,0.0,0.0,0.0,0.0,38.31867218017578,1
2017-09-01,38.49385659712495,38.52655754572336,38.22056933438058,38.31867218017578,66364400.0,0.0003052197557344982,64.69105799100383,100902960.0,0.0,0.0,0.0,0.0,0.0,0.0,0.0,0.0,37.85850524902344,0
2017-09-05,38.24858196256381,38.36537152580828,37.50346397880256,37.85850524902344,117874000.0,-0.012008947726284025,51.91549572667893,103704960.0,0.0,0.0,0.0,0.0,0.0,0.0,0.0,0.0,37.81880569458008,0
2017-09-06,38.00566975044558,38.07107163537819,37.494130778616245,37.81880569458008,86606800.0,-0.0010486297380793985,53.667804663066576,97412800.0,0.0,0.0,0.0,0.0,0.0,0.0,0.0,0.0,37.6669807434082,0
2017-09-07,37.86085190831144,37.895890927011024,37.45676088775377,37.6669807434082,87714000.0,-0.0040145358475356385,64.84446534143933,93139920.0,0.0,0.0,0.0,0.0,0.0,0.0,0.0,0.0,37.05267333984375,0
2017-09-08,37.573554009946434,37.6412904164968,37.02931399185474,37.05267333984375,114446000.0,-0.016308910123409848,54.3811371814866,94601040.0,0.0,0.0,0.0,0.0,0.0,0.0,0.0,0.0,37.72304916381836,1
2017-09-11,37.48946991203001,37.85151846512926,37.34698642587366,37.72304916381836,126323200.0,0.018092508948706065,63.34992791616775,106592800.0,0.0,0.0,0.0,0.0,0.0,0.0,0.0,0.0,37.573543548583984,0
2017-09-12,37.98230707562944,38.29764036500427,37.085363963104975,37.573543548583984,286856000.0,-0.003963243124518456,53.987080179797495,140389200.0,0.0,0.0,0.0,0.0,0.0,0.0,0.0,0.0,37.29090881347656,0
2017-09-13,37.342296510148905,37.36332134179477,36.88448338505789,37.29090881347656,179629600.0,-0.007522174072880916,49.21054625849994,158993760.0,0.0,0.0,0.0,0.0,0.0,0.0,0.0,0.0,36.97091293334961,0
2017-09-14,37.13675572209691,37.23252047872907,36.92653231815799,36.97091293334961,95042800.0,-0.008581069496791383,47.196136469043864,160459520.0,0.0,0.0,0.0,0.0,0.0,0.0,0.0,0.0,37.34464645385742,1
2017-09-15,37.0152989016184,37.59924694567227,36.90551638420538,37.34464645385742,196458400.0,0.010108852902322774,50.33841252262521,176862000.0,0.0,0.0,0.0,0.0,0.0,0.0,0.0,0.0,37.06201553344727,0
2017-09-18,37.39837019070752,37.48946594670416,36.90551787899848,37.06201553344727,113077600.0,-0.007568177697420797,41.95635635389674,174212880.0,0.0,0.0,0.0,0.0,0.0,0.0,0.0,0.0,37.07602310180664,1
2017-09-19,37.25821458129381,37.31894745054655,37.00828670625804,37.07602310180664,83242400.0,0.00037794944926106133,36.82372218473422,133490160.0,0.0,0.0,0.0,0.0,0.0,0.0,0.0,0.0,36.45470428466797,0
2017-09-20,36.88215104705756,36.9662396943106,35.931485639078424,36.45470428466797,211805600.0,-0.016757968227406717,29.70403093440558,139925360.0,0.0,0.0,0.0,0.0,0.0,0.0,0.0,0.0,35.828712463378906,0
2017-09-21,36.391639176912975,36.391639176912975,35.679221921624595,35.828712463378906,150046800.0,-0.017171770655463492,23.325963558342366,150926160.0,0.0,0.0,0.0,0.0,0.0,0.0,0.0,0.0,35.47834396362305,0
2017-09-22,35.39658981930944,35.56710519869088,35.1676832050213,35.47834396362305,186581600.0,-0.00977898661901333,21.439244226233683,148950800.0,0.0,0.0,0.0,0.0,0.0,0.0,0.0,0.0,35.16535568237305,0
2017-09-25,35.03455187679332,35.464336827737114,34.84068067776037,35.16535568237305,177549200.0,-0.008821952951662992,21.96436316268506,161845120.0,0.0,0.0,0.0,0.0,0.0,0.0,0.0,0.0,35.77030944824219,1
2017-09-26,35.4526416744668,35.95250089277595,35.43162040720556,35.77030944824219,146640000.0,0.01720311807260866,31.29968398892025,174524640.0,0.0,0.0,0.0,0.0,0.0,0.0,0.0,0.0,36.02492141723633,1
2017-09-27,35.924484065332535,36.139376515947696,35.86375118824096,36.02492141723633,102016800.0,0.007117969425524562,35.4145752431922,152566880.0,0.0,0.0,0.0,0.0,0.0,0.0,0.0,0.0,35.80301284790039,0
2017-09-28,35.94549627602914,36.036592004561605,35.66753650934068,35.80301284790039,88022000.0,-0.006159862689659179,37.99617079904558,140161920.0,0.0,0.0,0.0,0.0,0.0,0.0,0.0,0.0,35.99922561645508,1
2017-09-29,35.78667125052367,36.00156368953137,35.50403884674758,35.99922561645508,105199200.0,0.005480342377560454,31.819870482294263,123885440.0,0.0,0.0,0.0,0.0,0.0,0.0,0.0,0.0,35.92682266235352,0
2017-10-02,36.03193260848649,36.07631323475376,35.6722221438203,35.92682266235352,74795200.0,-0.0020112364324986753,32.31812081593175,103334640.0,0.0,0.0,0.0,0.0,0.0,0.0,0.0,0.0,36.08331298828125,1
2017-10-03,35.97353048167491,36.225796439570175,35.950174700693445,36.08331298828125,64921200.0,0.004355807564683678,36.745558007229405,86990880.0,0.0,0.0,0.0,0.0,0.0,0.0,0.0,0.0,35.84973907470703,0
2017-10-04,35.88477809754436,35.93850032226484,35.6114908272669,35.84973907470703,80655200.0,-0.0064731837026738015,37.394333192898706,82718560.0,0.0,0.0,0.0,0.0,0.0,0.0,0.0,0.0,36.295875549316406,1
2017-10-05,36.01324311947623,36.30755522336761,35.98288024390644,36.295875549316406,85135200.0,0.012444622642292513,38.59568776629711,82141200.0,0.0,0.0,0.0,0.0,0.0,0.0,0.0,0.0,36.274845123291016,0
2017-10-06,36.19776357096213,36.31922573500782,36.10199525769272,36.274845123291016,69630400.0,-0.0005794164132180146,40.94665265805869,75027440.0,0.0,0.0,0.0,0.0,0.0,0.0,0.0,0.0,36.40098571777344,1
2017-10-09,36.393978626125616,36.60887108630988,36.31923512717011,36.40098571777344,65051600.0,0.00347735721692799,42.49994823491628,73078720.0,0.0,0.0,0.0,0.0,0.0,0.0,0.0,0.0,36.415000915527344,1
2017-10-10,36.45237444811433,36.90551872935684,36.22814038086491,36.415000915527344,62468000.0,0.0003850224788572998,49.73774528131762,72588080.0,0.0,0.0,0.0,0.0,0.0,0.0,0.0,0.0,36.56682205200195,1
2017-10-11,36.43134569727457,36.667259390567565,36.37995799154572,36.56682205200195,67622400.0,0.004169192164152236,61.76195214404938,69981520.0,0.0,0.0,0.0,0.0,0.0,0.0,0.0,0.0,36.438358306884766,0
2017-10-12,36.52011245950976,36.75836069764605,36.37529091954937,36.438358306884766,64500400.0,-0.0035131230418246062,66.47032992087628,65854560.0,0.0,0.0,0.0,0.0,0.0,0.0,0.0,0.0,36.66959762573242,1
2017-10-13,36.60886475643748,36.73733402132811,36.53412127040553,36.66959762573242,65576800.0,0.006346041083963083,76.49561739817122,65043840.0,0.0,0.0,0.0,0.0,0.0,0.0,0.0,0.0,37.34464645385742,1
2017-10-16,36.88215703678882,37.37267481944848,36.82376223238343,37.34464645385742,96486000.0,0.018408951061172685,76.84585978754028,71330720.0,0.0,0.0,0.0,0.0,0.0,0.0,0.0,0.0,37.4824447631836,1
2017-10-17,37.32127458682832,37.57587499323616,37.19280534740493,37.4824447631836,75989200.0,0.0036899079897956266,75.82160312722496,74034960.0,0.0,0.0,0.0,0.0,0.0,0.0,0.0,0.0,37.31660461425781,0
2017-10-18,37.470767712340816,37.53850766337808,37.27923465810577,37.31660461425781,65496800.0,-0.004424475243639425,77.55843193002772,73609840.0,0.0,0.0,0.0,0.0,0.0,0.0,0.0,0.0,36.43367385864258,0
2017-10-19,36.6135307973593,36.690612342523615,36.20943987646902,36.43367385864258,170336800.0,-0.023660533018534213,56.71443738246193,94777120.0,0.0,0.0,0.0,0.0,0.0,0.0,0.0,0.0,36.49674987792969,1
2017-10-20,36.58083853221387,36.847118676757816,36.42901347837597,36.49674987792969,95896400.0,0.001731256077326604,58.732446934397395,100841040.0,0.0,0.0,0.0,0.0,0.0,0.0,0.0,0.0,36.478065490722656,0
2017-10-23,36.646242810247216,36.833106894622944,36.32156784474707,36.478065490722656,87937200.0,-0.0005119466053696842,56.39629676821424,99131280.0,0.0,0.0,0.0,0.0,0.0,0.0,0.0,0.0,36.6953010559082,1
2017-10-24,36.50609887234227,36.77004456144765,36.4850775955471,36.6953010559082,71028800.0,0.005955238093445336,63.392426929858104,98139200.0,0.0,0.0,0.0,0.0,0.0,0.0,0.0,0.0,36.53411102294922,0
2017-10-25,36.65090058297593,36.80039107724475,36.26783096865369,36.53411102294922,84828400.0,-0.004392661412244592,54.357682761760735,102005520.0,0.0,0.0,0.0,0.0,0.0,0.0,0.0,0.0,36.767704010009766,1
2017-10-26,36.72565789919243,36.865806849735726,36.62054796835289,36.767704010009766,68002000.0,0.006393832517611164,58.07152123838734,81538560.0,0.0,0.0,0.0,0.0,0.0,0.0,0.0,0.0,38.085079193115234,1
2017-10-27,37.20681935251125,38.21354843194133,37.06900851637727,38.085079193115234,177816800.0,0.035829683103052234,69.43122833318455,97922640.0,0.0,0.0,0.0,0.0,0.0,0.0,0.0,0.0,38.94232177734375,1
2017-10-30,38.2812922600184,39.25765510087755,38.24158422650019,38.94232177734375,178803200.0,0.022508620236333376,74.20947398018879,116095840.0,0.0,0.0,0.0,0.0,0.0,0.0,0.0,0.0,39.48422622680664,1
2017-10-31,39.2179460825386,39.62670968074788,38.993712047436944,39.48422622680664,144187200.0,0.01391556601481736,75.87103569976661,130727520.0,0.0,0.0,0.0,0.0,0.0,0.0,0.0,0.0,38.982025146484375,0
2017-11-01,39.67809003241036,39.69444228409179,38.68304411236308,38.982025146484375,134551200.0,-0.01271903056773871,71.51891683367809,140672080.0,0.0,0.0,0.0,0.0,0.0,0.0,0.0,0.0,39.266998291015625,1
2017-11-02,38.9142949925557,39.35809403375087,38.6059687469068,39.266998291015625,165573600.0,0.0073103730106476306,71.68903058193398,160186400.0,0.0,0.0,0.0,0.0,0.0,0.0,0.0,0.0,40.29240798950195,1
2017-11-03,40.64277675462806,40.70350605749451,39.970067585062615,40.29240798950195,237594400.0,0.026113778570157287,72.9785501434516,172141920.0,0.0,0.0,0.0,0.0,0.0,0.0,0.0,0.0,40.701171875,1
2017-11-06,40.26204187866605,40.87402175026953,40.11021683821548,40.701171875,140105200.0,0.010144935631659191,73.97178679116756,164402320.0,0.0,0.0,0.0,0.0,0.0,0.0,0.0,0.0,40.831974029541016,1
2017-11-07,40.62175420275063,40.93474943433108,40.54934523050362,40.831974029541016,97446000.0,0.0032137196182637773,76.3280422331304,155054080.0,0.0,0.0,0.0,0.0,0.0,0.0,0.0,0.0,41.16600036621094,1
2017-11-08,40.79694479466913,41.16600036621094,40.71986322933421,41.16600036621094,97638000.0,0.00818050913796764,88.91045061762176,147671440.0,0.0,0.0,0.0,0.0,0.0,0.0,0.0,0.0,41.081912994384766,0
2017-11-09,40.90205600297962,41.1333007062148,40.44190466967893,41.081912994384766,117930400.0,-0.00204264128353826,87.64933269056623,138142800.0,0.0,0.0,0.0,0.0,0.0,0.0,0.0,0.0,40.945945739746094,0
2017-11-10,41.04909062026387,41.11238472002674,40.852179617610815,40.945945739746094,100582000.0,-0.0033096622023724986,86.13592453682125,110740320.0,0.0,0.0,0.0,0.0,0.0,0.0,0.0,0.0,40.78184509277344,0
2017-11-13,40.671667953947,40.90608678941644,40.64822463962103,40.78184509277344,67928400.0,-0.004007738593112098,83.46371824601086,96304960.0,0.0,0.0,0.0,0.0,0.0,0.0,0.0,0.0,40.16533660888672,0
2017-11-14,40.56384805466482,40.66699295104361,40.12782872348555,40.16533660888672,99130000.0,-0.01511722881797628,78.22323867720375,96641760.0,0.0,0.0,0.0,0.0,0.0,0.0,0.0,0.0,39.63554000854492,0
2017-11-15,39.8441726441847,39.92622067333596,39.47144752719024,39.63554000854492,116632400.0,-0.013190393634708864,71.62973258471405,100440640.0,0.0,0.0,0.0,0.0,0.0,0.0,0.0,0.0,40.10906219482422,1
2017-11-16,40.127812553020064,40.289562113801495,39.92152642033926,40.10906219482422,94550000.0,0.011946908915009491,67.22200548383569,95764560.0,0.0,0.0,0.0,0.0,0.0,0.0,0.0,0.0,39.88636779785156,0
2017-11-17,40.09500044121785,40.17704847340767,39.76681546635447,39.88636779785156,87598000.0,-0.005552221487776232,59.09842662878682,93167760.0,0.0,0.0,0.0,0.0,0.0,0.0,0.0,0.0,39.84651565551758,0
2017-11-20,39.91918492767992,39.98247901957363,39.74806016643171,39.84651565551758,65049600.0,-0.0009991419257817657,54.02596023807546,92592000.0,0.0,0.0,0.0,0.0,0.0,0.0,0.0,0.0,40.5872917175293,1
2017-11-21,40.03406292254518,40.71856574058504,40.03406292254518,40.5872917175293,100525200.0,0.018590736224364024,65.91193930319828,92871040.0,0.0,0.0,0.0,0.0,0.0,0.0,0.0,0.0,41.01392364501953,1
2017-11-22,40.63885205355306,41.02329882517969,40.56618278223153,41.01392364501953,102355600.0,0.010511465767645056,66.732870354086,90015680.0,0.0,0.0,0.0,0.0,0.0,0.0,0.0,0.0,41.01628112792969,1
2017-11-24,41.04675673394351,41.14052287667197,40.94126535218767,41.01628112792969,56106800.0,5.748006288208707e-05,58.621514810842186,82327040.0,0.0,0.0,0.0,0.0,0.0,0.0,0.0,0.0,40.80997848510742,0
2017-11-27,41.035022164598566,41.0420544442438,40.63416434008082,40.80997848510742,82867200.0,-0.0050297744492926455,51.59804834250641,81380880.0,0.0,0.0,0.0,0.0,0.0,0.0,0.0,0.0,40.57086944580078,0
2017-11-28,40.85920361098861,40.992820486779046,40.28722108190557,40.57086944580078,105715200.0,-0.0058590827092422915,47.21213335661038,89514000.0,0.0,0.0,0.0,0.0,0.0,0.0,0.0,0.0,39.72930908203125,0
2017-11-29,40.46773066862532,40.53571056706128,39.18545916369933,39.72930908203125,166665600.0,-0.020742970886876932,35.146621003354966,102742080.0,0.0,0.0,0.0,0.0,0.0,0.0,0.0,0.0,40.28488540649414,1
2017-11-30,39.95200745374328,40.35286530690495,39.48551617818551,40.28488540649414,166108800.0,0.013984041940315661,42.73942979409864,115492720.0,0.0,0.0,0.0,0.0,0.0,0.0,0.0,0.0,40.09735107421875,0
2017-12-01,39.839488869427655,40.24268963858373,39.499582200892725,40.09735107421875,159037200.0,-0.004655203319634094,42.29789323169122,136078800.0,0.0,0.0,0.0,0.0,0.0,0.0,0.0,0.0,39.804325103759766,0
2017-12-04,40.43256596256573,40.46538446150413,39.76447432483086,39.804325103759766,130169600.0,-0.007307863552298066,41.25263627377766,145539280.0,0.0,0.0,0.0,0.0,0.0,0.0,0.0,0.0,39.76681518554688,0
2017-12-05,39.63085181779272,40.20752378606396,39.476134512043366,39.76681518554688,109400800.0,-0.0009423578496835505,46.15129206291061,146276400.0,0.0,0.0,0.0,0.0,0.0,0.0,0.0,0.0,39.61913299560547,0
2017-12-06,39.265161780095205,39.89809203071307,39.02136772260137,39.61913299560547,114240000.0,-0.003713704234355908,50.13117833488295,135791280.0,0.0,0.0,0.0,0.0,0.0,0.0,0.0,0.0,39.69180679321289,1
2017-12-07,39.6238233143829,39.95435479627094,39.59569419318333,39.69180679321289,102693200.0,0.0018343106502478612,45.07704363996243,123108160.0,0.0,0.0,0.0,0.0,0.0,0.0,0.0,0.0,39.70353317260742,1
2017-12-08,39.96608480747924,40.08563717450858,39.57460562220184,39.70353317260742,93420800.0,0.0002954357672761976,47.89648788120526,109984880.0,0.0,0.0,0.0,0.0,0.0,0.0,0.0,0.0,40.47710037231445,1
2017-12-11,39.663666717412646,40.52867280288643,39.56755413526053,40.47710037231445,141095200.0,0.01948358591523891,57.30306537308077,112170000.0,0.0,0.0,0.0,0.0,0.0,0.0,0.0,0.0,40.24972915649414,0
2017-12-12,40.35521695853212,40.411478788861885,40.19347090311334,40.24972915649414,77636800.0,-0.005617280233240929,46.15037130219667,105817200.0,0.0,0.0,0.0,0.0,0.0,0.0,0.0,0.0,40.383338928222656,1
2017-12-13,40.437254265698144,40.68104831176175,40.32004483304394,40.383338928222656,95273600.0,0.0033195197714008806,41.978971858093985,102023920.0,0.0,0.0,0.0,0.0,0.0,0.0,0.0,0.0,40.3716049194336,0
2017-12-14,40.41379858534653,40.584926880074136,40.23798449014877,40.3716049194336,81906000.0,-0.000290565592159453,41.812089443913685,97866480.0,0.0,0.0,0.0,0.0,0.0,0.0,0.0,0.0,40.78184509277344,1
2017-12-15,40.70214354718125,40.828728144477815,40.42787393891572,40.78184509277344,160677200.0,0.010161601803012843,49.97427206831498,111317760.0,0.0,0.0,0.0,0.0,0.0,0.0,0.0,0.0,41.35617446899414,1
2017-12-18,40.99517100179425,41.539020891945086,40.99048162309225,41.35617446899414,117684400.0,0.014082966940661468,59.34475838547126,106635600.0,0.0,0.0,0.0,0.0,0.0,0.0,0.0,0.0,40.91547393798828,0
2017-12-19,41.03034048867136,41.11473143720515,40.80998614655819,40.91547393798828,109745600.0,-0.010656220906898994,65.55782451398792,113057360.0,0.0,0.0,0.0,0.0,0.0,0.0,0.0,0.0,40.87092971801758,0
2017-12-20,40.99282494995297,41.121756038488414,40.61306754094667,40.87092971801758,93902400.0,-0.0010886888427155128,58.930892276795454,112783120.0,0.0,0.0,0.0,0.0,0.0,0.0,0.0,0.0,41.0256462097168,1
2017-12-21,40.8287352123028,41.2624115637736,40.8123277509924,41.0256462097168,83799600.0,0.003785489901175776,64.13559191849397,113161840.0,0.0,0.0,0.0,0.0,0.0,0.0,0.0,0.0,41.0256462097168,0
2017-12-22,40.94828755138669,41.12175880736465,40.90609387063292,41.0256462097168,65397600.0,0.0,70.36228762845046,94105920.0,0.0,0.0,0.0,0.0,0.0,0.0,0.0,0.0,39.98483657836914,0
2017-12-26,40.03875192798798,40.19581217388551,39.77620030738345,39.98483657836914,132742000.0,-0.025369731558332997,53.12275546452033,97117440.0,0.0,0.0,0.0,0.0,0.0,0.0,0.0,0.0,39.99185943603516,1
2017-12-27,39.87465000460123,40.034053114416345,39.783226791160686,39.99185943603516,85992800.0,0.00017563802348563584,55.25995817258941,92366880.0,0.0,0.0,0.0,0.0,0.0,0.0,0.0,0.0,40.10437774658203,1
2017-12-28,40.08562380913349,40.28488126469487,39.96372500419191,40.10437774658203,65920800.0,0.0028135303567675685,55.7109589435956,86770560.0,0.0,0.0,0.0,0.0,0.0,0.0,0.0,0.0,39.67070388793945,0
2017-12-29,39.97310622966674,39.98951369035496,39.66836098696915,39.67070388793945,103999600.0,-0.010813628910612882,49.9935981187501,90810560.0,0.0,0.0,0.0,0.0,0.0,0.0,0.0,0.0,40.380985260009766,1
2018-01-02,39.888707876686766,40.390364016042994,39.67772878930773,40.380985260009766,102223600.0,0.01790443078793591,49.2491751264463,98175760.0,0.0,0.0,0.0,0.0,0.0,0.0,0.0,0.0,40.373966217041016,0
2018-01-03,40.44429260255542,40.91781978294062,40.31067568933175,40.373966217041016,118071600.0,-0.0001738204980278324,51.913096005900506,95241680.0,0.0,0.0,0.0,0.0,0.0,0.0,0.0,0.0,40.56150817871094,1
2018-01-04,40.44664161245765,40.664653082783424,40.33881090507213,40.56150817871094,89738400.0,0.004645121082772485,52.53827416508701,95990800.0,0.0,0.0,0.0,0.0,0.0,0.0,0.0,0.0,41.02329635620117,1
2018-01-05,40.65760354385179,41.11003018101677,40.56618034076445,41.02329635620117,94640000.0,0.011384886761498958,57.45277123967724,101734640.0,0.0,0.0,0.0,0.0,0.0,0.0,0.0,0.0,40.87092971801758,0
2018-01-08,40.87092971801758,41.16629619425048,40.772470648992005,40.87092971801758,82271200.0,-0.003714149074238393,51.39568069925558,97388960.0,0.0,0.0,0.0,0.0,0.0,0.0,0.0,0.0,40.866249084472656,0
2018-01-09,40.91782153092313,41.03737388754082,40.65058411611103,40.866249084472656,86336000.0,-0.00011452231640474153,43.94339208248627,94211440.0,0.0,0.0,0.0,0.0,0.0,0.0,0.0,0.0,40.85686874389648,0
2018-01-10,40.59197781768653,40.859215222157154,40.554469935001535,40.85686874389648,95839600.0,-0.00022953759609278812,49.51651127313055,89765040.0,0.0,0.0,0.0,0.0,0.0,0.0,0.0,0.0,41.08893966674805,1
2018-01-11,40.92719007248573,41.13816920380759,40.90375033141539,41.08893966674805,74670800.0,0.005680095660444806,53.44094826424631,86751520.0,0.0,0.0,0.0,0.0,0.0,0.0,0.0,0.0,41.51322937011719,1
2018-01-12,41.29990737828252,41.57652345518903,41.175665685663965,41.51322937011719,101672400.0,0.010326129289544683,56.7033109021447,88158000.0,0.0,0.0,0.0,0.0,0.0,0.0,0.0,0.0,41.30226516723633,0
2018-01-16,41.7031194695957,42.05240490649083,41.29054350724283,41.30226516723633,118263600.0,-0.005081854774534156,53.77568165620191,95356480.0,0.0,0.0,0.0,0.0,0.0,0.0,0.0,0.0,41.98441696166992,1
2018-01-17,41.29287850091504,42.01957835796863,41.0397092936689,41.98441696166992,137547200.0,0.016516086749031933,77.52959385115638,105598720.0,0.0,0.0,0.0,0.0,0.0,0.0,0.0,0.0,42.02193832397461,1
2018-01-18,42.04772455071477,42.218852954058185,41.78517647986893,42.02193832397461,124773600.0,0.000893697352971401,77.70829379704749,111385520.0,0.0,0.0,0.0,0.0,0.0,0.0,0.0,0.0,41.83440399169922,0
2018-01-19,41.869565400562536,42.096952049742704,41.58826339880895,41.83440399169922,129700400.0,-0.00446277206038348,73.25419845662378,122391440.0,0.0,0.0,0.0,0.0,0.0,0.0,0.0,0.0,41.49214172363281,0
2018-01-22,41.56246810296082,41.67498816371669,41.39837560249429,41.49214172363281,108434400.0,-0.008181358771940817,75.41328653156535,123743840.0,0.0,0.0,0.0,0.0,0.0,0.0,0.0,0.0,41.50151824951172,1
2018-01-23,41.56246944947984,42.064125725414605,41.4499493850786,41.50151824951172,130756400.0,0.0002259831739070961,69.3452308568174,126242400.0,0.0,0.0,0.0,0.0,0.0,0.0,0.0,0.0,40.8404655456543,0
2018-01-24,41.55075460478756,41.56247626646925,40.601357239753824,40.8404655456543,204420400.0,-0.015928398086139883,56.84297189998095,139617040.0,0.0,0.0,0.0,0.0,0.0,0.0,0.0,0.0,40.11141204833984,0
2018-01-25,40.908434756873895,41.01157962956729,39.97544867769382,40.11141204833984,166116000.0,-0.01785125334821347,44.762455517548766,147885520.0,0.0,0.0,0.0,0.0,0.0,0.0,0.0,0.0,40.2051887512207,1
2018-01-26,40.32005531277849,40.32005531277849,39.86528202356672,40.2051887512207,156572000.0,0.002337905800171125,39.303502390949575,153259840.0,0.0,0.0,0.0,0.0,0.0,0.0,0.0,0.0,39.37299728393555,0
2018-01-29,39.88871811273601,39.88871811273601,39.1643646205002,39.37299728393555,202561600.0,-0.020698608640654315,33.15257831077804,172085280.0,0.0,0.0,0.0,0.0,0.0,0.0,0.0,0.0,39.14092254638672,0
2018-01-30,38.80335877077658,39.23468867207913,38.60879066186384,39.14092254638672,184192800.0,-0.005894261386178878,31.476288405276378,182772560.0,0.0,0.0,0.0,0.0,0.0,0.0,0.0,0.0,39.24874877929688,1
2018-01-31,39.11747478744508,39.48551412176701,39.030740952174725,39.24874877929688,129915600.0,0.0027548209366392573,33.15385524061038,167871600.0,0.0,0.0,0.0,0.0,0.0,0.0,0.0,0.0,39.330810546875,1
2018-02-01,39.18781484647107,39.52772160341341,39.091702219964496,39.330810546875,188923200.0,0.0020908123221854424,31.035156917428893,172433040.0,0.0,0.0,0.0,0.0,0.0,0.0,0.0,0.0,37.62423706054688,0
2018-02-02,38.91354113427278,39.101076987659056,37.530470922328185,37.62423706054688,346375200.0,-0.0433902445080353,16.963731539905297,210393680.0,0.0,0.0,0.0,0.0,0.0,0.0,0.0,0.0,36.68421936035156,0
2018-02-05,37.296052906008704,38.416575096607,36.56935279783622,36.68421936035156,290954000.0,-0.02498436576089491,14.9324476477247,228072160.0,0.0,0.0,0.0,0.0,0.0,0.0,0.0,0.0,38.217315673828125,1
2018-02-06,36.29508127376754,38.37906529853758,36.10051314382347,38.217315673828125,272975200.0,0.04179171153723771,26.16111892837752,245828640.0,0.0,0.0,0.0,0.0,0.0,0.0,0.0,0.0,37.3991813659668,0
2018-02-07,38.2313689901966,38.30403826062876,37.28900779840522,37.3991813659668,206434400.0,-0.021407424708836942,23.208137671167705,261132400.0,0.0,0.0,0.0,0.0,0.0,0.0,0.0,0.0,36.37009048461914,0
2018-02-08,37.57500347364013,37.74144246457728,36.3419613615672,36.37009048461914,217562000.0,-0.027516401262304813,20.931925303781057,266860160.0,0.0,0.0,0.0,0.0,0.0,0.0,0.0,0.0,36.814937591552734,1
2018-02-09,36.97028567071552,37.16329095175609,35.36267691633134,36.814937591552734,282690400.0,0.012231124558838236,25.69280890453311,254123200.0,0.0,0.0,0.0,0.0,0.0,0.0,0.0,0.0,38.29780960083008,1
2018-02-12,37.30688077719947,38.57554995460509,37.073858588541775,38.29780960083008,243278000.0,0.04027908523787893,36.3543352226128,244588000.0,0.0,0.0,0.0,0.0,0.0,0.0,0.0,0.0,38.68147659301758,1
2018-02-13,38.11893121448457,38.77798108013177,38.04831808753436,38.68147659301758,130196800.0,0.010017987874146872,40.80698149013462,216032320.0,0.0,0.0,0.0,0.0,0.0,0.0,0.0,0.0,39.394657135009766,1
2018-02-14,38.3754843889693,39.434670397688606,38.33782717155725,39.394657135009766,162579600.0,0.01843726260752221,47.45270905736902,207261360.0,0.0,0.0,0.0,0.0,0.0,0.0,0.0,0.0,40.71746444702149,1
2018-02-15,39.964262648464526,40.74099975851867,39.77831824404765,40.71746444702149,204588800.0,0.03357834306003271,52.83372696575111,204666720.0,0.0,0.0,0.0,0.0,0.0,0.0,0.0,0.0,40.58564376831055,0
2018-02-16,40.56916941260214,41.148192554732624,40.430299249571625,40.58564376831055,160704400.0,-0.0032374481196504323,56.04131374656774,180269520.0,0.0,0.0,0.0,0.0,0.0,0.0,0.0,0.0,40.44912338256836,0
2018-02-20,40.49619758069618,41.016373396035,40.34791044463898,40.44912338256836,135722000.0,-0.003363760509049296,56.53876077412711,158758320.0,0.0,0.0,0.0,0.0,0.0,0.0,0.0,0.0,40.26553726196289,0
2018-02-21,40.67979529295451,40.98342696716154,40.25141176812373,40.26553726196289,149886400.0,-0.0045386921953562975,55.22685307134786,162696240.0,0.0,0.0,0.0,0.0,0.0,0.0,0.0,0.0,40.60211944580078,1
2018-02-22,40.437357940269045,40.94341190544471,40.41617508774313,40.60211944580078,123967600.0,0.00835906352492266,56.1842663003724,154973840.0,0.0,0.0,0.0,0.0,0.0,0.0,0.0,0.0,41.30824661254883,1
2018-02-23,40.87751061859656,41.34355136962207,40.84691076811192,41.30824661254883,135249600.0,0.017391386863206737,68.1627666903237,141106000.0,0.0,0.0,0.0,0.0,0.0,0.0,0.0,0.0,42.12500762939453,1
2018-02-26,41.50832710445898,42.22386456603463,41.47537479224562,42.12500762939453,152648800.0,0.019772347747085917,77.0680895695717,139494880.0,0.0,0.0,0.0,0.0,0.0,0.0,0.0,0.0,41.98847198486328,0
2018-02-27,42.15558952013026,42.48040400449576,41.934336836057554,41.98847198486328,155712400.0,-0.003241201657040782,71.65935641402454,143492960.0,0.0,0.0,0.0,0.0,0.0,0.0,0.0,0.0,41.924930572509766,0
2018-02-28,42.19325752385664,42.51336718436975,41.90845621497436,41.924930572509766,151128400.0,-0.0015133061373707735,78.665538165405,143741360.0,0.0,0.0,0.0,0.0,0.0,0.0,0.0,0.0,41.1905517578125,0
2018-03-01,42.023776195954,42.31564196993197,40.63977609913264,41.1905517578125,195208000.0,-0.01751651832618173,82.73136521584507,157989440.0,0.0,0.0,0.0,0.0,0.0,0.0,0.0,0.0,41.47536087036133,1
2018-03-02,40.67273260257573,41.49654372291683,40.59035005392904,41.47536087036133,153816000.0,0.0069144281975976885,82.2434204813919,161702720.0,0.0,0.0,0.0,0.0,0.0,0.0,0.0,0.0,41.61894607543945,1
2018-03-05,41.23999275676447,41.835490315892,41.077583678542055,41.61894607543945,113605600.0,0.0034619398617634634,77.92380478062067,153894080.0,0.0,0.0,0.0,0.0,0.0,0.0,0.0,0.0,41.58363342285156,0
2018-03-06,41.87549924276711,41.955525751096125,41.45653270912497,41.58363342285156,95154000.0,-0.0008484754160732466,75.90321638439475,141782400.0,0.0,0.0,0.0,0.0,0.0,0.0,0.0,0.0,41.19762420654297,0
2018-03-07,41.17644135026552,41.39063314115637,41.01874076764662,41.19762420654297,126814000.0,-0.00928271977543138,67.26639342360903,136919520.0,0.0,0.0,0.0,0.0,0.0,0.0,0.0,0.0,41.64717864990234,1
2018-03-08,41.30353018373586,41.68954435025559,41.20702933575421,41.64717864990234,95096400.0,0.010912144863148843,60.54302844834439,116897200.0,0.0,0.0,0.0,0.0,0.0,0.0,0.0,0.0,42.36272430419922,1
2018-03-09,41.88727014420893,42.36743280236171,41.75310488306619,42.36272430419922,128740800.0,0.01718113153142875,67.57392625597862,111882160.0,0.0,0.0,0.0,0.0,0.0,0.0,0.0,0.0,42.77228927612305,1
2018-03-12,42.4357015992921,42.92998988862632,42.41687478449919,42.77228927612305,128828400.0,0.009668050831264097,71.7147654887031,114926720.0,0.0,0.0,0.0,0.0,0.0,0.0,0.0,0.0,42.36037063598633,0
2018-03-13,42.977050990910776,43.19124275701398,42.188548169066856,42.36037063598633,126774000.0,-0.0096305025311485,69.02370996789764,121250720.0,0.0,0.0,0.0,0.0,0.0,0.0,0.0,0.0,42.000247955322266,0
2018-03-14,42.44275339219184,42.48982759809608,41.85196079476881,42.000247955322266,117473600.0,-0.008501405329020661,62.7975692469205,119382640.0,0.0,0.0,0.0,0.0,0.0,0.0,0.0,0.0,42.04967880249024,1
2018-03-15,42.01437404242875,42.42392721680228,41.91316466923111,42.04967880249024,90975200.0,0.001176917984402337,57.754832638634454,118558400.0,0.0,0.0,0.0,0.0,0.0,0.0,0.0,0.0,41.9013900756836,0
2018-03-16,42.04967364127344,42.16029999793045,41.80723807452251,41.9013900756836,157618800.0,-0.0035265127113850436,47.7044653669294,124334000.0,0.0,0.0,0.0,0.0,0.0,0.0,0.0,0.0,41.26116943359375,0
2018-03-19,41.73662714660922,41.7719319011392,40.87515522076287,41.26116943359375,133787200.0,-0.015279222024220829,42.72871783591775,125325760.0,0.0,0.0,0.0,0.0,0.0,0.0,0.0,0.0,41.24705505371094,0
2018-03-20,41.24705505371094,41.61423893390935,41.176441940242285,41.24705505371094,78597600.0,-0.0003420741601987132,43.16678108026065,115690480.0,0.0,0.0,0.0,0.0,0.0,0.0,0.0,0.0,40.3126220703125,0
2018-03-21,41.19998201966833,41.21175147186423,40.31026602495378,40.3126220703125,148219600.0,-0.022654538176886563,41.30891830218853,121839680.0,0.0,0.0,0.0,0.0,0.0,0.0,0.0,0.0,39.74300384521485,0
2018-03-22,40.01368320676567,40.64448542985486,39.68416019344019,39.74300384521485,165963200.0,-0.01413002171141664,33.49260612310364,136837280.0,0.0,0.0,0.0,0.0,0.0,0.0,0.0,0.0,38.82269287109375,0
2018-03-23,39.63473464352793,39.99485754775119,38.82269287109375,38.82269287109375,164115200.0,-0.023156552979875178,26.617111949536266,138136560.0,0.0,0.0,0.0,0.0,0.0,0.0,0.0,0.0,40.66567611694336,1
2018-03-26,39.55941606646361,40.743350176373866,39.175754267573126,40.66567611694336,150164800.0,0.04747180346219215,44.792098166276524,141412080.0,0.0,0.0,0.0,0.0,0.0,0.0,0.0,0.0,39.62296295166016,0
2018-03-27,40.87986256946427,41.22586355065656,39.28873141985822,39.62296295166016,163690400.0,-0.02564111223147103,41.29078527971588,158430640.0,0.0,0.0,0.0,0.0,0.0,0.0,0.0,0.0,39.1851692199707,0
2018-03-28,39.36640869913229,40.0183974601968,38.8815375134174,39.1851692199707,166674000.0,-0.011048990259097113,36.052873851109155,162121520.0,0.0,0.0,0.0,0.0,0.0,0.0,0.0,0.0,39.49115753173828,1
2018-03-29,39.49821848374443,40.42559515689415,39.284026695472384,39.49115753173828,153594000.0,0.007808778623613399,33.05674523659361,159647680.0,0.0,0.0,0.0,0.0,0.0,0.0,0.0,0.0,39.23224258422852,0
2018-04-02,39.22282917906744,39.76419155989348,38.71206665019576,39.23224258422852,150347200.0,-0.006556276485480961,28.669586546401533,156894080.0,0.0,0.0,0.0,0.0,0.0,0.0,0.0,0.0,39.63473129272461,1
2018-04-03,39.45820033140096,39.71946629782122,38.8085676866813,39.63473129272461,121112000.0,0.01025913080629981,33.77145209001365,151083520.0,0.0,0.0,0.0,0.0,0.0,0.0,0.0,0.0,40.39264678955078,1
2018-04-04,38.80857628462199,40.48679521983576,38.78268492756375,40.39264678955078,138422000.0,0.01912250877213073,41.234235613186115,146029840.0,0.0,0.0,0.0,0.0,0.0,0.0,0.0,0.0,40.672733306884766,1
2018-04-05,40.62095060538697,41.00931727508891,40.503263300443166,40.672733306884766,107732800.0,0.00693409666351541,42.81569891291876,134241600.0,0.0,0.0,0.0,0.0,0.0,0.0,0.0,0.0,39.63238143920898,0
2018-04-06,40.24200087033369,40.59741526949399,39.59001213811566,39.63238143920898,140021200.0,-0.02557860716726612,38.814677746996026,131527040.0,0.0,0.0,0.0,0.0,0.0,0.0,0.0,0.0,40.02545928955078,1
2018-04-09,39.98544603069569,40.74099663345534,39.97838507863492,40.02545928955078,116070800.0,0.009918098183040902,44.017551017174576,124671760.0,0.0,0.0,0.0,0.0,0.0,0.0,0.0,0.0,40.778656005859375,1
2018-04-10,40.71981234639926,40.95518698423972,40.37381134145123,40.778656005859375,113634400.0,0.018817940622738227,48.30714670523775,123176240.0,0.0,0.0,0.0,0.0,0.0,0.0,0.0,0.0,40.58799362182617,0
2018-04-11,40.5385633791777,40.93634699864833,40.413815137649536,40.58799362182617,89726400.0,-0.004675543598244292,52.06500387173965,113437120.0,0.0,0.0,0.0,0.0,0.0,0.0,0.0,0.0,40.98814010620117,1
2018-04-12,40.81631762278455,41.19056244243671,40.72922656280733,40.98814010620117,91557200.0,0.009858740200447302,57.39128994919114,110202000.0,0.0,0.0,0.0,0.0,0.0,0.0,0.0,0.0,41.12699890136719,1
2018-04-13,41.13876834854279,41.38826482592905,40.91987171550689,41.12699890136719,100497200.0,0.0033877798506161128,64.50611314874413,102297200.0,0.0,0.0,0.0,0.0,0.0,0.0,0.0,0.0,41.383567810058594,1
2018-04-16,41.19761984721377,41.47065527100543,41.150545641067694,41.383567810058594,86313600.0,0.006238454434925433,55.6814727889486,96345760.0,0.0,0.0,0.0,0.0,0.0,0.0,0.0,0.0,41.95317840576172,1
2018-04-17,41.54127277320215,42.117939940479125,41.52244237044415,41.95317840576172,106421600.0,0.013764173217676978,68.91622258683691,94903200.0,0.0,0.0,0.0,0.0,0.0,0.0,0.0,0.0,41.85902404785156,0
2018-04-18,41.85196309615424,42.08969377507045,41.63306641047342,41.85902404785156,83018000.0,-0.0022442723409300536,73.09622740648244,93561520.0,0.0,0.0,0.0,0.0,0.0,0.0,0.0,0.0,40.672733306884766,0
2018-04-19,40.89869092111922,41.2823526845261,40.63978100516176,40.672733306884766,139235200.0,-0.028340143325144784,59.32615221732402,103097120.0,0.0,0.0,0.0,0.0,0.0,0.0,0.0,0.0,39.00628662109375,0
2018-04-20,40.15491604282429,40.30084717404898,38.93802596249815,39.00628662109375,261964400.0,-0.04097208498915739,49.1230568081,135390560.0,0.0,0.0,0.0,0.0,0.0,0.0,0.0,0.0,38.89330673217773,0
2018-04-23,39.26755154709441,39.28873440268623,38.62262374177616,38.89330673217773,146062000.0,-0.002896453333625648,45.67693667559585,147340240.0,0.0,0.0,0.0,0.0,0.0,0.0,0.0,0.0,38.35195541381836,0
2018-04-24,38.99452735964943,39.14987552856379,37.94711062960497,38.35195541381836,134768000.0,-0.013918881263739191,36.74807853205075,153009520.0,0.0,0.0,0.0,0.0,0.0,0.0,0.0,0.0,38.51905822753906,1
2018-04-25,38.27662263674322,38.93567234410934,38.22719597382165,38.51905822753906,113528400.0,0.0043570871919740295,35.86684193458248,159111600.0,0.0,0.0,0.0,0.0,0.0,0.0,0.0,0.0,38.65322113037109,1
2018-04-26,38.62968223130373,39.008635520485086,38.45315126289376,38.65322113037109,111852000.0,0.003483026558943836,42.87109428830444,153634960.0,0.0,0.0,0.0,0.0,0.0,0.0,0.0,0.0,38.20601272583008,0
2018-04-27,38.60144039126872,38.67911445230816,37.80822901544568,38.20601272583008,142623200.0,-0.01156975774496638,36.41236439322178,129766720.0,0.0,0.0,0.0,0.0,0.0,0.0,0.0,0.0,38.89801406860352,1
2018-04-30,38.161293843039125,39.368763377105935,38.09303318204824,38.89801406860352,169709600.0,0.01811236748883771,36.13849023166988,134496240.0,0.0,0.0,0.0,0.0,0.0,0.0,0.0,0.0,39.801856994628906,1
2018-05-01,39.1686985758024,39.82539230603594,38.90037160334224,39.801856994628906,214277600.0,0.023236222919537752,45.20128431906999,150398160.0,0.0,0.0,0.0,0.0,0.0,0.0,0.0,0.0,41.56010818481445,1
2018-05-02,41.244703390020206,41.83784857802126,40.908119327927295,41.56010818481445,266157600.0,0.04417510445361428,53.879314073895095,180924000.0,0.0,0.0,0.0,0.0,0.0,0.0,0.0,0.0,41.63542938232422,1
2018-05-03,41.3977022348823,41.7790080889956,41.05876210165591,41.63542938232422,136272800.0,0.001812343634304714,53.54154876783547,185808160.0,0.0,0.0,0.0,0.0,0.0,0.0,0.0,0.0,43.26891708374024,1
2018-05-04,41.95552626532032,43.36777399374625,41.93669586462417,43.26891708374024,224805200.0,0.039233117699261744,59.719654584085404,202244560.0,0.0,0.0,0.0,0.0,0.0,0.0,0.0,0.0,43.58197021484375,1
2018-05-07,43.58667512184981,44.17275928199006,43.48546574823855,43.58197021484375,169805600.0,0.007235058148038265,58.6310356447539,202263760.0,0.0,0.0,0.0,0.0,0.0,0.0,0.0,0.0,43.79144287109375,1
2018-05-08,43.54194638214318,43.83145612012062,43.23125020165524,43.79144287109375,113611200.0,0.004806406300985833,59.984395028001934,182130480.0,0.0,0.0,0.0,0.0,0.0,0.0,0.0,0.0,44.09978485107422,1
2018-05-09,43.909132001226254,44.109198254726,43.59608335471698,44.09978485107422,92844800.0,0.0070411468488973394,68.87706034591938,147467920.0,0.0,0.0,0.0,0.0,0.0,0.0,0.0,0.0,44.7306022644043,1
2018-05-10,44.18924337777579,44.80827633919342,44.16805692717325,44.7306022644043,111957200.0,0.01430431952129374,85.53119273099404,142604800.0,0.0,0.0,0.0,0.0,0.0,0.0,0.0,0.0,44.56046676635742,0
2018-05-11,44.77312294553845,44.90780194751032,44.29110515703281,44.56046676635742,104848800.0,-0.0038035592957411657,85.13753255187885,118613520.0,0.0,0.0,0.0,0.0,0.0,0.0,0.0,0.0,44.456504821777344,0
2018-05-14,44.65970770522713,44.78257548729426,44.38798455421709,44.456504821777344,83115200.0,-0.002333053312147282,90.45491868353194,101275440.0,0.0,0.0,0.0,0.0,0.0,0.0,0.0,0.0,44.05245971679688,0
2018-05-15,44.13279481003145,44.20131867602267,43.735842392603615,44.05245971679688,94780800.0,-0.00908854860723407,85.9147601181849,97509360.0,0.0,0.0,0.0,0.0,0.0,0.0,0.0,0.0,44.463600158691406,1
2018-05-16,43.96504798171152,44.52976251767143,43.948506490621085,44.463600158691406,76732400.0,0.009332973562376612,86.33497755060084,94286880.0,0.0,0.0,0.0,0.0,0.0,0.0,0.0,0.0,44.18242645263672,0
2018-05-17,44.42107026623604,44.636088014199295,44.03356745706499,44.18242645263672,69176000.0,-0.006323682856340329,88.70829932962026,85730640.0,0.0,0.0,0.0,0.0,0.0,0.0,0.0,0.0,44.02174758911133,0
2018-05-18,44.22967713307568,44.37617098156991,43.97921851259928,44.02174758911133,73190800.0,-0.003636714332510449,85.71941611764386,79399040.0,0.0,0.0,0.0,0.0,0.0,0.0,0.0,0.0,44.33364868164063,1
2018-05-21,44.42107197808811,44.72115150574485,44.16352513882592,44.33364868164063,73603200.0,0.007085159259021534,84.27977497225874,77496640.0,0.0,0.0,0.0,0.0,0.0,0.0,0.0,0.0,44.22258758544922,0
2018-05-22,44.51085222416071,44.62899335132505,44.13279917508237,44.22258758544922,60962800.0,-0.002505119688860802,76.64046074883805,70733040.0,0.0,0.0,0.0,0.0,0.0,0.0,0.0,0.0,44.506126403808594,1
2018-05-23,44.0312003616429,44.53920577581942,43.891791088886215,44.506126403808594,80233600.0,0.006411628849431361,77.51293725219088,71433280.0,0.0,0.0,0.0,0.0,0.0,0.0,0.0,0.0,44.456504821777344,0
2018-05-24,44.603002271489295,44.6195401545358,43.99812027574511,44.456504821777344,92936000.0,-0.0011149382352674264,66.1199308867123,76185280.0,0.0,0.0,0.0,0.0,0.0,0.0,0.0,0.0,44.5581169128418,1
2018-05-25,44.47541666504655,44.810937101007575,44.33837249733596,44.5581169128418,69844000.0,0.0022856518179241725,64.02576143325828,75515920.0,0.0,0.0,0.0,0.0,0.0,0.0,0.0,0.0,44.397438049316406,0
2018-05-29,44.32655625109124,44.59827942530477,44.15406759439294,44.397438049316406,90056400.0,-0.0036060514819261646,58.90627429061632,78806560.0,0.0,0.0,0.0,0.0,0.0,0.0,0.0,0.0,44.30292510986328,0
2018-05-30,44.35490749708936,44.421066243489584,44.1328015890109,44.30292510986328,74762000.0,-0.0021287926422272063,53.29857945430329,81566400.0,0.0,0.0,0.0,0.0,0.0,0.0,0.0,0.0,44.15406799316406,0
2018-05-31,44.23676823234885,44.47541203441879,43.981582940289385,44.15406799316406,109931200.0,-0.0033599839362769,39.85570289165211,87505920.0,0.0,0.0,0.0,0.0,0.0,0.0,0.0,0.0,44.950340270996094,1
2018-06-01,44.41870516434459,44.95506332051401,44.36199612169782,44.950340270996094,93770000.0,0.01803395052875567,55.85949344582596,87672720.0,0.0,0.0,0.0,0.0,0.0,0.0,0.0,0.0,45.32603073120117,1
2018-06-04,45.28113652061899,45.701718695470696,45.212616244991445,45.32603073120117,105064800.0,0.008357900250367756,61.85491256091513,94716880.0,0.0,0.0,0.0,0.0,0.0,0.0,0.0,0.0,45.67572784423828,1
2018-06-05,45.619022403397,45.82458683720972,45.45126039501794,45.67572784423828,86264000.0,0.0077151497140999226,72.3126721701177,93958400.0,0.0,0.0,0.0,0.0,0.0,0.0,0.0,0.0,45.83402633666992,1
2018-06-06,45.751329718729366,45.85765600201336,45.34728551579332,45.83402633666992,83734400.0,0.0034657026806768076,70.17604005856086,95752880.0,0.0,0.0,0.0,0.0,0.0,0.0,0.0,0.0,45.7111701965332,0
2018-06-07,45.87184041185582,45.886016771398246,45.44653159867628,45.7111701965332,85388800.0,-0.0026804570742768874,73.70797875982497,90844400.0,0.0,0.0,0.0,0.0,0.0,0.0,0.0,0.0,45.295318603515625,0
2018-06-08,45.17008926627047,45.36620401837072,44.83929547078931,45.295318603515625,106627200.0,-0.009097373601017922,68.53771263500518,93415840.0,0.0,0.0,0.0,0.0,0.0,0.0,0.0,0.0,45.18425369262695,0
2018-06-11,45.21261001430778,45.35910385569814,44.94324839331655,45.18425369262695,73234000.0,-0.0024520174338734657,63.197652759338254,87049680.0,0.0,0.0,0.0,0.0,0.0,0.0,0.0,0.0,45.432350158691406,1
2018-06-12,45.22205910310459,45.51032373283676,45.16535006589498,45.432350158691406,67644400.0,0.005490772687143819,67.92717045230485,83325760.0,0.0,0.0,0.0,0.0,0.0,0.0,0.0,0.0,45.05902099609375,0
2018-06-13,45.46542672423859,45.57411813750648,44.99758891360887,45.05902099609375,86553600.0,-0.008217254033604848,58.13543747244778,83889600.0,0.0,0.0,0.0,0.0,0.0,0.0,0.0,0.0,45.08266067504883,1
2018-06-14,45.25987238870438,45.264599043908696,44.94561651717608,45.08266067504883,86440400.0,0.0005246380953800589,59.25641383510417,84099920.0,0.0,0.0,0.0,0.0,0.0,0.0,0.0,0.0,44.61954498291016,0
2018-06-15,44.900721473557255,44.93143932374336,44.48250082757874,44.61954498291016,246876800.0,-0.010272590064653753,51.03837117198383,112149840.0,0.0,0.0,0.0,0.0,0.0,0.0,0.0,0.0,44.59592056274414,0
2018-06-18,44.392717649811416,44.70933505205634,44.23204381835266,44.59592056274414,73939600.0,-0.0005294634935222309,52.94571453374549,112290960.0,0.0,0.0,0.0,0.0,0.0,0.0,0.0,0.0,43.875244140625,0
2018-06-19,43.74528820408191,44.026464610771406,43.34597069242239,43.875244140625,134314000.0,-0.01616014229609153,45.23587743481738,125624880.0,0.0,0.0,0.0,0.0,0.0,0.0,0.0,0.0,44.0666389465332,1
2018-06-20,44.03119805173127,44.23203579791048,43.88470060732771,44.0666389465332,82514800.0,0.004362250504971854,49.25075001092851,124817120.0,0.0,0.0,0.0,0.0,0.0,0.0,0.0,0.0,43.82090759277344,0
2018-06-21,44.24385123314723,44.50376314983348,43.69803981348712,43.82090759277344,102847600.0,-0.005576357980419555,35.236377171903825,128098560.0,0.0,0.0,0.0,0.0,0.0,0.0,0.0,0.0,43.69330978393555,0
2018-06-22,43.97684774044916,43.98393591895845,43.641327404613634,43.69330978393555,108801600.0,-0.0029118020563073665,27.1326533995353,100483520.0,0.0,0.0,0.0,0.0,0.0,0.0,0.0,0.0,43.04354095458984,0
2018-06-25,43.33416713894759,43.69331720103491,42.703293906863045,43.04354095458984,126652400.0,-0.014871128613484164,15.983202906730554,111026080.0,0.0,0.0,0.0,0.0,0.0,0.0,0.0,0.0,43.57753372192383,1
2018-06-26,43.23729030978016,44.07372789004416,43.13096041276794,43.57753372192383,98276800.0,0.012405874505012182,23.84409155163536,103818640.0,0.0,0.0,0.0,0.0,0.0,0.0,0.0,0.0,43.51372146606445,0
2018-06-27,43.76654149093496,44.250920617916506,43.483003632944126,43.51372146606445,101141200.0,-0.0014643383966282952,24.15147413753806,107543920.0,0.0,0.0,0.0,0.0,0.0,0.0,0.0,0.0,43.83036422729492,1
2018-06-28,43.49957046773212,43.998126237389926,43.428685060573926,43.83036422729492,69460800.0,0.007276848556320603,32.492275282630786,100866560.0,0.0,0.0,0.0,0.0,0.0,0.0,0.0,0.0,43.73820877075195,0
2018-06-29,44.01702010364107,44.22967629833149,43.21838852603281,43.73820877075195,90950800.0,-0.002102548271446514,32.61547740627692,97296400.0,0.0,0.0,0.0,0.0,0.0,0.0,0.0,0.0,44.22731018066406,1
2018-07-02,43.43340527543501,44.25566650255156,43.33889021144508,44.22731018066406,70925200.0,0.011182474629349182,36.534766017609215,86150960.0,0.0,0.0,0.0,0.0,0.0,0.0,0.0,0.0,43.45703506469727,0
2018-07-03,44.371446304269696,44.40925233310828,43.36724664755097,43.45703506469727,55819200.0,-0.017416277698559912,33.395457000374165,77659440.0,0.0,0.0,0.0,0.0,0.0,0.0,0.0,0.0,43.80672836303711,1
2018-07-05,43.7736489917576,44.045375746550256,43.54209339280106,43.80672836303711,66416800.0,0.008046874293637929,37.76811887714749,70714560.0,0.0,0.0,0.0,0.0,0.0,0.0,0.0,0.0,44.41398239135742,1
2018-07-06,43.81146183008072,44.52267022587005,43.75947943778977,44.41398239135742,69940800.0,0.013862117784461114,48.351667521351985,70810560.0,0.0,0.0,0.0,0.0,0.0,0.0,0.0,0.0,45.03067779541016,1
2018-07-09,44.77549249786888,45.05430386041232,44.72823676248304,45.03067779541016,79026400.0,0.013885163429360636,53.99888666454252,68425680.0,0.0,0.0,0.0,0.0,0.0,0.0,0.0,0.0,44.9763298034668,0
2018-07-10,45.06139156160415,45.19607057551594,44.936158646379255,44.9763298034668,63756400.0,-0.0012069103687554206,60.925636003180045,66991920.0,0.0,0.0,0.0,0.0,0.0,0.0,0.0,0.0,44.3927116394043,0
2018-07-11,44.53920548515606,44.84164648596165,44.32891442044935,44.3927116394043,75326000.0,-0.012976118029477735,53.24874444385326,70893280.0,0.0,0.0,0.0,0.0,0.0,0.0,0.0,0.0,45.137001037597656,1
2018-07-12,44.78257763818897,45.2267894525032,44.73059525117853,45.137001037597656,72164400.0,0.016766026915389087,61.1737365352268,72042800.0,0.0,0.0,0.0,0.0,0.0,0.0,0.0,0.0,45.20788192749024,1
2018-07-13,45.14881136681647,45.32838457332759,45.10627868833329,45.20788192749024,50055600.0,0.0015703500069388365,62.944389205162416,68065760.0,0.0,0.0,0.0,0.0,0.0,0.0,0.0,0.0,45.108646392822266,0
2018-07-16,45.25277871330797,45.51977521113344,44.992866789356334,45.108646392822266,60172400.0,-0.002195093652632152,69.46534970427328,64294960.0,0.0,0.0,0.0,0.0,0.0,0.0,0.0,0.0,45.23623275756836,1
2018-07-17,44.83455368280384,45.3354708627186,44.70459773366159,45.23623275756836,62138000.0,0.0028284237047377925,66.87229034635716,63971280.0,0.0,0.0,0.0,0.0,0.0,0.0,0.0,0.0,44.9881477355957,0
2018-07-18,45.31421845793809,45.318945113367,44.877094767997406,44.9881477355957,65573600.0,-0.005484210484595464,64.57075485847693,62020800.0,0.0,0.0,0.0,0.0,0.0,0.0,0.0,0.0,45.33783721923828,1
2018-07-19,44.82037853844009,45.49614588688389,44.82037853844009,45.33783721923828,81147200.0,0.007772924675578441,64.72059522062798,63817360.0,0.0,0.0,0.0,0.0,0.0,0.0,0.0,0.0,45.233882904052734,0
2018-07-20,45.314218018656895,45.46780006748142,44.9338033814058,45.233882904052734,82704800.0,-0.002292882094989679,64.61574413873635,70347200.0,0.0,0.0,0.0,0.0,0.0,0.0,0.0,0.0,45.27404022216797,1
2018-07-23,45.05429586382263,45.35674044845101,44.78966090832627,45.27404022216797,63957600.0,0.000887770749206096,61.2174183116314,71104240.0,0.0,0.0,0.0,0.0,0.0,0.0,0.0,0.0,45.60247039794922,1
2018-07-24,45.47251445035042,45.75841753506778,45.37800300048623,45.60247039794922,74791600.0,0.007254271414028457,75.1051941942034,73634960.0,0.0,0.0,0.0,0.0,0.0,0.0,0.0,0.0,46.03249740600586,1
2018-07-25,45.61663844940574,46.03958558318608,45.46777951786092,46.03249740600586,66839600.0,0.009429905974479347,75.4550523979015,73888160.0,0.0,0.0,0.0,0.0,0.0,0.0,0.0,0.0,45.88837432861328,0
2018-07-26,45.98288578021978,46.30186823880807,45.74660354582276,45.88837432861328,76304000.0,-0.0031308985067964867,68.88022560900457,72919520.0,0.0,0.0,0.0,0.0,0.0,0.0,0.0,0.0,45.12517929077149,0
2018-07-27,46.072673340827535,46.119929065766975,44.91725337996181,45.12517929077149,96096000.0,-0.016631555355969718,51.43319700825745,75597760.0,0.0,0.0,0.0,0.0,0.0,0.0,0.0,0.0,44.87236785888672,0
2018-07-30,45.342567280247074,45.413452684057695,44.673891612522105,44.87236785888672,84118000.0,-0.0056024471449905855,49.04899912625878,79629840.0,0.0,0.0,0.0,0.0,0.0,0.0,0.0,0.0,44.96215057373047,1
2018-07-31,44.964515703822,45.399274205678445,44.73768314329012,44.96215057373047,157492000.0,0.002000846381142507,57.85557983470924,96169920.0,0.0,0.0,0.0,0.0,0.0,0.0,0.0,0.0,47.61087417602539,1
2018-08-01,47.05088638782584,47.67230626412179,46.62085095500786,47.61087417602539,271742800.0,0.05891007366187817,71.95283426205107,137150560.0,0.0,0.0,0.0,0.0,0.0,0.0,0.0,0.0,49.00257873535156,1
2018-08-02,47.3934970894928,49.2364994753582,47.33915317811474,49.00257873535156,249616000.0,0.02923081298992347,77.00188663325031,171812960.0,0.0,0.0,0.0,0.0,0.0,0.0,0.0,0.0,49.14435577392578,1
2018-08-03,48.91752318463968,49.3215674949556,48.55128490676838,49.14435577392578,133789600.0,0.0028932566863453246,78.52806330492493,179351680.0,0.0,0.0,0.0,0.0,0.0,0.0,0.0,0.0,49.399539947509766,1
2018-08-06,49.14671616741155,49.44206902899455,48.92697536897696,49.399539947509766,101701600.0,0.005192542857981097,78.85197876390771,182868400.0,0.0,0.0,0.0,0.0,0.0,0.0,0.0,0.0,48.936405181884766,0
2018-08-07,49.4585904152669,49.50111947946392,48.85370497210592,48.936405181884766,102349600.0,-0.009375284994903033,76.94158980840498,171839920.0,0.0,0.0,0.0,0.0,0.0,0.0,0.0,0.0,48.96950149536133,1
2018-08-08,48.68596348642828,49.101818992504654,48.32445189409689,48.96950149536133,90102000.0,0.0006763127236981692,75.8756149411995,135511760.0,0.0,0.0,0.0,0.0,0.0,0.0,0.0,0.0,49.35464859008789,1
2018-08-09,49.50823064484074,49.56730122057366,48.95769244636415,49.35464859008789,93970400.0,0.007865040136523449,78.16195365326097,104382640.0,0.0,0.0,0.0,0.0,0.0,0.0,0.0,0.0,49.2076416015625,0
2018-08-10,49.16733316895234,49.57990757841602,49.00372601316456,49.2076416015625,98444800.0,-0.002978584443916299,76.59716933990737,97313680.0,0.0,0.0,0.0,0.0,0.0,0.0,0.0,0.0,49.525352478027344,1
2018-08-13,49.629681852811935,50.01854358372029,49.24793315945479,49.525352478027344,103563600.0,0.006456535329154134,76.48075850600881,97686080.0,0.0,0.0,0.0,0.0,0.0,0.0,0.0,0.0,49.7340087890625,1
2018-08-14,49.83122512152923,49.92606802957845,49.38071226323283,49.7340087890625,82992000.0,0.004213121171176448,75.68998159105226,93814560.0,0.0,0.0,0.0,0.0,0.0,0.0,0.0,0.0,49.85021209716797,1
2018-08-15,49.60835789247975,49.96876758326642,49.39732927194555,49.85021209716797,115230400.0,0.0023364959096363602,77.5931454237393,98840240.0,0.0,0.0,0.0,0.0,0.0,0.0,0.0,0.0,50.58050537109375,1
2018-08-16,50.20823947399669,50.69668741136492,50.141848702977256,50.58050537109375,114001600.0,0.014649752592873488,88.2161786217193,102846480.0,0.0,0.0,0.0,0.0,0.0,0.0,0.0,0.0,51.590606689453125,1
2018-08-17,50.60896739168452,51.67833659296999,50.54257660772153,51.590606689453125,141708000.0,0.01997017054196215,92.5913301259543,111499120.0,0.0,0.0,0.0,0.0,0.0,0.0,0.0,0.0,51.08793258666992,0
2018-08-20,51.71390541988495,51.96998209063196,51.00494229768754,51.08793258666992,121150800.0,-0.009743519897120523,87.33612255570469,115016560.0,0.0,0.0,0.0,0.0,0.0,0.0,0.0,0.0,50.98833084106445,0
2018-08-21,51.40564837740656,51.49812149184136,50.74885011343215,50.98833084106445,104639200.0,-0.0019496139413450742,79.53987031003028,119346000.0,0.0,0.0,0.0,0.0,0.0,0.0,0.0,0.0,50.99070739746094,1
2018-08-22,50.76545273236503,51.3013221440488,50.7038015736051,50.99070739746094,76072400.0,4.660980968163031e-05,72.78113883527404,111514400.0,0.0,0.0,0.0,0.0,0.0,0.0,0.0,0.0,51.09503936767578,1
2018-08-23,50.895863422121245,51.46493186680774,50.88401076916968,51.09503936767578,75532800.0,0.002046097721327911,72.51760985500937,103820640.0,0.0,0.0,0.0,0.0,0.0,0.0,0.0,0.0,51.2538948059082,1
2018-08-24,51.358224184443145,51.42935456251213,51.00492762859079,51.2538948059082,73905600.0,0.0031090188049236467,71.84724230909374,90260160.0,0.0,0.0,0.0,0.0,0.0,0.0,0.0,0.0,51.67596435546875,1
2018-08-27,51.48864466679033,51.8656538513107,51.29421555662133,51.67596435546875,82100400.0,0.008234877586549727,82.59081764076453,82450080.0,0.0,0.0,0.0,0.0,0.0,0.0,0.0,0.0,52.0932731628418,1
2018-08-28,51.9296660342005,52.29244548552432,51.908326917775774,52.0932731628418,91107200.0,0.008075491431615234,83.99593080516125,79743680.0,0.0,0.0,0.0,0.0,0.0,0.0,0.0,0.0,52.87099838256836,1
2018-08-29,52.19997396289268,52.9919272820666,52.02451417621045,52.87099838256836,109019200.0,0.014929475007174453,85.14096251846567,86333040.0,0.0,0.0,0.0,0.0,0.0,0.0,0.0,0.0,53.35708236694336,1
2018-08-30,52.93502512126408,54.12294980245895,52.733479345484334,53.35708236694336,195175200.0,0.009193773509963865,88.85885903520597,110261520.0,0.0,0.0,0.0,0.0,0.0,0.0,0.0,0.0,53.97356414794922,1
2018-08-31,53.707997436279285,54.26757939647643,53.58707216000043,53.97356414794922,173360400.0,0.011553888512236155,89.37489125747587,130152480.0,0.0,0.0,0.0,0.0,0.0,0.0,0.0,0.0,54.14664459228516,1
2018-09-04,54.15850086074208,54.34107364648311,53.73644375345672,54.14664459228516,109560400.0,0.0032067632936285673,89.27683441860455,135644480.0,0.0,0.0,0.0,0.0,0.0,0.0,0.0,0.0,53.79335784912109,0
2018-09-05,54.296035502637366,54.45726920533211,53.3736740899167,53.79335784912109,133332000.0,-0.006524628549456124,83.91135655575769,144089440.0,0.0,0.0,0.0,0.0,0.0,0.0,0.0,0.0,52.89944839477539,0
2018-09-06,53.6416031238765,53.907169818025736,52.47264800955837,52.89944839477539,137160000.0,-0.016617468960627435,69.76145013716642,149717600.0,0.0,0.0,0.0,0.0,0.0,0.0,0.0,0.0,52.472652435302734,0
2018-09-07,52.60306417762202,53.43769209241373,52.332757847190166,52.472652435302734,150479200.0,-0.008068060677827615,58.46700053324542,140778400.0,0.0,0.0,0.0,0.0,0.0,0.0,0.0,0.0,51.7684211730957,0
2018-09-10,52.3896505486305,52.603052520961775,51.32739477190782,51.7684211730957,158066000.0,-0.013420919841537038,56.45715570416463,137719520.0,0.0,0.0,0.0,0.0,0.0,0.0,0.0,0.0,53.07728576660156,1
2018-09-11,51.69255511685615,53.18398496680129,51.34874497486776,53.07728576660156,142996000.0,0.025283069559518978,65.75011156589613,144406640.0,0.0,0.0,0.0,0.0,0.0,0.0,0.0,0.0,52.41812133789063,0
2018-09-12,53.33573958961606,53.34996566824342,52.12647225392544,52.41812133789063,197114800.0,-0.012418955098975726,60.01609286030304,157163200.0,0.0,0.0,0.0,0.0,0.0,0.0,0.0,0.0,53.68427658081055,1
2018-09-13,52.999026264822746,54.14427227864786,52.77377164667225,53.68427658081055,166825600.0,0.024154914571588693,65.38043457948022,163096320.0,0.0,0.0,0.0,0.0,0.0,0.0,0.0,0.0,53.07490921020508,0
2018-09-14,53.52779195062735,53.78624199360212,52.76192466688371,53.07490921020508,127997200.0,-0.011350946858493915,60.46945478381561,158599920.0,0.0,0.0,0.0,0.0,0.0,0.0,0.0,0.0,51.6617317199707,0
2018-09-17,52.67419280831236,52.86388228008055,51.51709390477536,51.6617317199707,148780400.0,-0.026626093407667195,50.3579222740706,156742800.0,0.0,0.0,0.0,0.0,0.0,0.0,0.0,0.0,51.747100830078125,1
2018-09-18,51.640397996198566,52.603071600232624,51.4815340760569,51.747100830078125,126286800.0,0.0016524631921004396,48.634408673015585,153400960.0,0.0,0.0,0.0,0.0,0.0,0.0,0.0,0.0,51.77790832519531,1
2018-09-19,51.80873390130288,52.07429696307462,51.04997971193693,51.77790832519531,108495200.0,0.0005953472682140859,44.32027836187308,135677040.0,0.0,0.0,0.0,0.0,0.0,0.0,0.0,0.0,52.1715202331543,1
2018-09-20,52.22131512286209,52.70501985218735,51.962861446608656,52.1715202331543,106435200.0,0.007601927553482435,43.796053581663585,123598960.0,0.0,0.0,0.0,0.0,0.0,0.0,0.0,0.0,51.60956573486328,0
2018-09-21,52.34935067644082,52.48687544958484,51.52183223077317,51.60956573486328,384986800.0,-0.010771288545544433,37.134367883487954,174996880.0,0.0,0.0,0.0,0.0,0.0,0.0,0.0,0.0,52.35172271728516,1
2018-09-24,51.410395616467255,52.46316514824328,51.36534395909791,52.35172271728516,110773600.0,0.014380221415436933,41.0483421634067,167395520.0,0.0,0.0,0.0,0.0,0.0,0.0,0.0,0.0,52.68366622924805,1
2018-09-25,52.10511511169496,52.83304723921335,52.09325884426481,52.68366622924805,98217600.0,0.006340641620438792,44.62714749119061,161781680.0,0.0,0.0,0.0,0.0,0.0,0.0,0.0,0.0,52.26398849487305,0
2018-09-26,52.40151326248517,53.05356829176948,52.10749441951869,52.26398849487305,95938800.0,-0.007965993341253252,46.889872503502474,159270400.0,0.0,0.0,0.0,0.0,0.0,0.0,0.0,0.0,53.33810043334961,1
2018-09-27,53.070167555499104,53.69139700467125,53.00377316968539,53.33810043334961,120724800.0,0.020551664145990856,54.916611301558376,162128320.0,0.0,0.0,0.0,0.0,0.0,0.0,0.0,0.0,53.52541732788086,1
2018-09-28,53.30015907231894,53.54912624771217,53.11758627931917,53.52541732788086,91717600.0,0.0035118778698413067,60.08595801447347,103474480.0,0.0,0.0,0.0,0.0,0.0,0.0,0.0,0.0,53.88582611083984,1
2018-10-01,54.0494332237167,54.39798656383898,53.67005792440383,53.88582611083984,94403200.0,0.006733413786411457,55.298604547831175,100200400.0,0.0,0.0,0.0,0.0,0.0,0.0,0.0,0.0,54.364784240722656,1
2018-10-02,53.88344942637787,54.5355043699314,53.73644183323563,54.364784240722656,99152800.0,0.008888387994602454,62.47195722904154,100387440.0,0.0,0.0,0.0,0.0,0.0,0.0,0.0,0.0,55.026344299316406,1
2018-10-03,54.54737912900366,55.35829820862648,54.48335815434162,55.026344299316406,114619200.0,0.012168908013401092,59.239141140443905,104123520.0,0.0,0.0,0.0,0.0,0.0,0.0,0.0,0.0,54.05891418457031,0
2018-10-04,54.72045198884526,55.09271783017239,53.7601521417154,54.05891418457031,128168000.0,-0.017581217270835725,56.70025915818565,105612160.0,0.0,0.0,0.0,0.0,0.0,0.0,0.0,0.0,53.18161392211914,0
2018-10-05,54.05181430129419,54.1585135062695,52.30193431480549,53.18161392211914,134322000.0,-0.016228595703122295,61.06813574315215,114133040.0,0.0,0.0,0.0,0.0,0.0,0.0,0.0,0.0,53.05832290649414,0
2018-10-08,52.68843037122642,53.30254691678055,52.21183500476307,53.05832290649414,118655600.0,-0.00231830150558332,59.55006450192087,118983520.0,0.0,0.0,0.0,0.0,0.0,0.0,0.0,0.0,53.79335784912109,1
2018-10-09,53.02749052526942,53.888204396023134,52.697906463089694,53.79335784912109,107564000.0,0.013853339162685385,63.15181144749733,120665760.0,0.0,0.0,0.0,0.0,0.0,0.0,0.0,0.0,51.30131912231445,0
2018-10-10,53.45902995525262,53.67005853067423,51.22781531553088,51.30131912231445,167962400.0,-0.04632614185930295,46.06569508869299,131334400.0,0.0,0.0,0.0,0.0,0.0,0.0,0.0,0.0,50.84843826293945,0
2018-10-11,50.86503776470746,52.04584918417597,50.34339444181971,50.84843826293945,212497600.0,-0.008827859928810522,46.547852814248856,148200320.0,0.0,0.0,0.0,0.0,0.0,0.0,0.0,0.0,52.66470718383789,1
2018-10-12,52.26398914560435,52.84728360735787,51.41513160820397,52.66470718383789,161351600.0,0.035719266568354335,52.05766815416886,153606240.0,0.0,0.0,0.0,0.0,0.0,0.0,0.0,0.0,51.53843307495117,0
2018-10-15,52.43945535328062,52.59831924587156,51.51709395908651,51.53843307495117,123164000.0,-0.02138574709919505,45.67528183784209,154507920.0,0.0,0.0,0.0,0.0,0.0,0.0,0.0,0.0,52.6741828918457,1
2018-10-16,51.91068553478381,52.87335878961951,51.39615533642037,52.6741828918457,116736000.0,0.022036948916216215,52.286000444786545,156342320.0,0.0,0.0,0.0,0.0,0.0,0.0,0.0,0.0,52.44655990600586,0
2018-10-17,52.709753146495686,52.79036998317992,52.007903299181095,52.44655990600586,91541600.0,-0.004321338715537637,46.79923268644409,141058160.0,0.0,0.0,0.0,0.0,0.0,0.0,0.0,0.0,51.22070693969727,0
2018-10-18,51.65699020665962,52.102759937440126,50.50463087851335,51.22070693969727,130325200.0,-0.023373372219370525,41.45774405576756,124623680.0,0.0,0.0,0.0,0.0,0.0,0.0,0.0,0.0,52.00080490112305,1
2018-10-19,51.70441619632158,52.4631705570081,51.55503513133327,52.00080490112305,132314800.0,0.015230128751330785,43.46136024184289,118816320.0,0.0,0.0,0.0,0.0,0.0,0.0,0.0,0.0,52.31852340698242,1
2018-10-22,52.11460786967312,52.96109559648838,51.91306575711629,52.31852340698242,115168400.0,0.00610987669255314,42.82141979108259,117217200.0,0.0,0.0,0.0,0.0,0.0,0.0,0.0,0.0,52.81171798706055,1
2018-10-23,51.17565396890587,52.93501668735266,50.90771745231698,52.81171798706055,155071200.0,0.00942676795829267,42.17549252964869,124884240.0,0.0,0.0,0.0,0.0,0.0,0.0,0.0,0.0,51.00018310546875,0
2018-10-24,52.78088829721114,53.16737660768849,50.86977138560359,51.00018310546875,163702000.0,-0.034301760113837676,39.45754511971359,139316320.0,0.0,0.0,0.0,0.0,0.0,0.0,0.0,0.0,52.11698532104492,1
2018-10-25,51.62142432490957,52.49162104030336,51.39379623064181,52.11698532104492,119423200.0,0.021898004037880003,46.8731825919546,137135920.0,0.0,0.0,0.0,0.0,0.0,0.0,0.0,0.0,51.28709411621094,0
2018-10-26,51.192247574812846,52.20945547540686,50.42638029540456,51.28709411621094,189033600.0,-0.01592362259101876,44.58525109573921,148479680.0,0.0,0.0,0.0,0.0,0.0,0.0,0.0,0.0,50.32443237304688,0
2018-10-29,51.97235285157306,52.09090833374079,48.8661977715681,50.32443237304688,183742000.0,-0.018770058233027798,38.92848391941712,162194400.0,0.0,0.0,0.0,0.0,0.0,0.0,0.0,0.0,50.57575225830078,1
2018-10-30,50.06596168711264,51.02151825976546,49.62019568564797,50.57575225830078,146640000.0,0.004993993442209188,47.62940884456529,160508160.0,0.0,0.0,0.0,0.0,0.0,0.0,0.0,0.0,51.89409637451172,1
2018-10-31,51.42461776343849,52.271101871009535,51.3629666083712,51.89409637451172,153435600.0,0.026066722833461453,54.50878887792004,158454880.0,0.0,0.0,0.0,0.0,0.0,0.0,0.0,0.0,52.69078826904297,1
2018-11-01,51.93914709626095,52.72398365270438,51.40801733965286,52.69078826904297,233292800.0,0.015352264519294279,50.63522711359747,181228800.0,0.0,0.0,0.0,0.0,0.0,0.0,0.0,0.0,49.195777893066406,0
2018-11-02,49.68659928624311,50.65875199066888,48.70969973184057,49.195777893066406,365314800.0,-0.0663305767628829,42.62569587265792,216485040.0,0.0,0.0,0.0,0.0,0.0,0.0,0.0,0.0,47.7991943359375,0
2018-11-05,48.4417665861533,48.46310570278856,46.98827534156456,47.7991943359375,264654800.0,-0.02838828080256328,34.10749435767393,232667600.0,0.0,0.0,0.0,0.0,0.0,0.0,0.0,0.0,48.31610107421875,1
2018-11-06,47.87744435335091,48.54135576141056,47.82290984588946,48.31610107421875,127531600.0,0.010814130770664843,37.003182554435696,228845920.0,0.0,0.0,0.0,0.0,0.0,0.0,0.0,0.0,49.781436920166016,1
2018-11-07,48.83773647180707,49.80751926608168,48.40145324742284,49.781436920166016,133697600.0,0.03032810622894333,46.134969847848765,224898320.0,0.0,0.0,0.0,0.0,0.0,0.0,0.0,0.0,49.60775375366211,0
2018-11-08,49.962279470457965,49.99559068473376,49.193739835677285,49.60775375366211,101450400.0,-0.0034889142871155077,42.776463551498395,198529840.0,0.0,0.0,0.0,0.0,0.0,0.0,0.0,0.0,48.65122604370117,0
2018-11-09,48.90819974593897,49.01764928927331,48.12300292754273,48.65122604370117,137463200.0,-0.019281818618734126,38.930454095333076,152959520.0,0.0,0.0,0.0,0.0,0.0,0.0,0.0,0.0,46.20047378540039,0
2018-11-12,47.34971607351598,47.551965056743214,46.11005608033646,46.20047378540039,204542000.0,-0.05037390539961695,31.605364924476604,140936960.0,0.0,0.0,0.0,0.0,0.0,0.0,0.0,0.0,45.73886489868164,0
2018-11-13,45.59610413918867,46.91665841008263,45.5532733698863,45.73886489868164,187531600.0,-0.00999143188147611,33.991490468719036,152936960.0,0.0,0.0,0.0,0.0,0.0,0.0,0.0,0.0,44.44687271118164,0
2018-11-14,46.1362323694825,46.27423701153808,44.2398639327732,44.44687271118164,243204000.0,-0.028247141470649884,26.66513155220659,174838240.0,0.0,0.0,0.0,0.0,0.0,0.0,0.0,0.0,45.54376220703125,1
2018-11-15,44.825187661199365,45.67700704876969,44.47065835463488,45.54376220703125,185915200.0,0.0246786653130191,33.29334964600537,191731200.0,0.0,0.0,0.0,0.0,0.0,0.0,0.0,0.0,46.04818344116211,1
2018-11-16,45.327230924778966,46.39081505897768,45.0797767733839,46.04818344116211,147713200.0,0.011075528451906846,37.43324637387783,193781200.0,0.0,0.0,0.0,0.0,0.0,0.0,0.0,0.0,44.22320938110352,0
2018-11-19,45.20827372655078,45.374829798360686,44.016204236900485,44.22320938110352,167701200.0,-0.03963183612640098,32.499831799056864,186413040.0,0.0,0.0,0.0,0.0,0.0,0.0,0.0,0.0,42.11030960083008,0
2018-11-20,42.44104361629007,43.1786536283531,41.760540090084326,42.11030960083008,271300800.0,-0.04777807422489522,23.913452318231208,203166880.0,0.0,0.0,0.0,0.0,0.0,0.0,0.0,0.0,42.062721252441406,0
2018-11-21,42.76463832556221,42.89312700672429,42.007996474505376,42.062721252441406,124496800.0,-0.0011300878297919592,20.696759807286284,179425440.0,0.0,0.0,0.0,0.0,0.0,0.0,0.0,0.0,40.99437713623047,0
2018-11-23,41.624915640839525,42.01989398446868,40.94917192107717,40.99437713623047,94496000.0,-0.02539883498738038,23.259183015756904,161141600.0,0.0,0.0,0.0,0.0,0.0,0.0,0.0,0.0,41.54876708984375,1
2018-11-26,41.45835304319055,41.6272871310825,40.5113563984192,41.54876708984375,179994000.0,0.013523560847648941,28.6372990894088,167597760.0,0.0,0.0,0.0,0.0,0.0,0.0,0.0,0.0,41.45836639404297,0
2018-11-27,40.80879228842579,41.58447338949613,40.65889364383332,41.45836639404297,165549600.0,-0.002175773245095325,25.9214936350337,167167440.0,0.0,0.0,0.0,0.0,0.0,0.0,0.0,0.0,43.05255126953125,1
2018-11-28,42.05082955267357,43.13582748586344,41.62253993940129,43.05255126953125,184250000.0,0.03845266985042972,27.83076271320762,149757280.0,0.0,0.0,0.0,0.0,0.0,0.0,0.0,0.0,42.72180938720703,0
2018-11-29,43.4617974184589,43.49510862501545,42.281622214964095,42.72180938720703,167080000.0,-0.0076822829907013945,27.46540030538273,158273920.0,0.0,0.0,0.0,0.0,0.0,0.0,0.0,0.0,42.49101638793945,0
2018-11-30,42.897888793561336,42.90740835745708,42.122211345951015,42.49101638793945,158126000.0,-0.005402229038938833,28.713046964808868,170999920.0,0.0,0.0,0.0,0.0,0.0,0.0,0.0,0.0,43.97574996948242,1
2018-12-03,43.89009205257784,44.00430139823407,43.11679272492388,43.97574996948242,163210000.0,0.034942293871896846,42.28483833344169,167643120.0,0.0,0.0,0.0,0.0,0.0,0.0,0.0,0.0,42.04130554199219,0
2018-12-04,43.05492107311704,43.397552697905496,41.94137192320376,42.04130554199219,165377200.0,-0.04398888998670103,37.84934892950184,167608640.0,0.0,0.0,0.0,0.0,0.0,0.0,0.0,0.0,41.57257461547852,0
2018-12-06,40.86827574233966,41.58685033070264,40.5494393335014,41.57257461547852,172393600.0,-0.011149295210289845,39.9572356453171,165237360.0,0.0,0.0,0.0,0.0,0.0,0.0,0.0,0.0,40.09021759033203,0
2018-12-07,41.27990885638041,41.517847109590086,40.045008741318256,40.09021759033203,169126400.0,-0.035657089772702544,30.816859484173918,165646640.0,0.0,0.0,0.0,0.0,0.0,0.0,0.0,0.0,40.35432052612305,1
2018-12-10,39.2598033442658,40.47090792153016,38.86244698245927,40.35432052612305,248104000.0,0.006587715199996902,29.82649142439334,183642240.0,0.0,0.0,0.0,0.0,0.0,0.0,0.0,0.0,40.123531341552734,0
2018-12-11,40.844484003983546,40.875413510017815,39.735690802451394,40.123531341552734,189126800.0,-0.005719070016825367,33.44431230666261,188825600.0,0.0,0.0,0.0,0.0,0.0,0.0,0.0,0.0,40.23536682128906,1
2018-12-12,40.54468369784362,40.90635091998998,40.21633132216028,40.23536682128906,142510800.0,0.0027872790852909723,41.0463428426838,184252320.0,0.0,0.0,0.0,0.0,0.0,0.0,0.0,0.0,40.675540924072266,1
2018-12-13,40.5660913681216,41.06100333718601,40.34242884424496,40.675540924072266,127594400.0,0.010939979862450322,43.874976612257484,175292480.0,0.0,0.0,0.0,0.0,0.0,0.0,0.0,0.0,39.37402725219727,0
2018-12-14,40.21157105042123,40.23060654931838,39.32644032027947,39.37402725219727,162814800.0,-0.03199745208808624,42.72155935124466,174030160.0,0.0,0.0,0.0,0.0,0.0,0.0,0.0,0.0,39.007591247558594,0
2018-12-17,39.36687664240765,40.05689963898235,38.71968441214055,39.007591247558594,177151600.0,-0.009306541144282643,37.97175078639425,159839680.0,0.0,0.0,0.0,0.0,0.0,0.0,0.0,0.0,39.51441192626953,1
2018-12-18,39.35023393206599,39.86179978211614,39.11467372768916,39.51441192626953,135366000.0,0.012992872989630255,41.42098818265416,149087520.0,0.0,0.0,0.0,0.0,0.0,0.0,0.0,0.0,38.28187942504883,0
2018-12-19,39.49774385397237,39.842753541024855,37.85358991014101,38.28187942504883,196189200.0,-0.031191973792258465,27.262437941580174,159823200.0,0.0,0.0,0.0,0.0,0.0,0.0,0.0,0.0,37.31585311889648,0
2018-12-20,38.16529071370509,38.57216668527929,36.9518079167429,37.31585311889648,259092000.0,-0.02523455798568386,25.476238853013157,186122720.0,0.0,0.0,0.0,0.0,0.0,0.0,0.0,0.0,35.86442947387695,0
2018-12-21,37.32299202961106,37.63231246407767,35.60269959136626,35.86442947387695,382978400.0,-0.03889563077641478,22.645076296717022,230155440.0,0.0,0.0,0.0,0.0,0.0,0.0,0.0,0.0,34.93647766113281,0
2018-12-24,35.25055429895659,36.05954661946022,34.87937116759668,34.93647766113281,148676800.0,-0.02587387632696192,11.394223313091786,224460480.0,0.0,0.0,0.0,0.0,0.0,0.0,0.0,0.0,37.396751403808594,1
2018-12-26,35.28624045251434,37.41102711679266,34.9102976111204,37.396751403808594,234330000.0,0.07042134489169927,32.542013809074575,244253280.0,0.0,0.0,0.0,0.0,0.0,0.0,0.0,0.0,37.15406036376953,0
2018-12-27,37.080300079076544,37.30158456380548,35.707398839936126,37.15406036376953,212468400.0,-0.0064896289364414494,33.02478149889416,247509120.0,0.0,0.0,0.0,0.0,0.0,0.0,0.0,0.0,37.17309188842773,1
2018-12-28,37.475274483383565,37.71797251566736,36.77335736998344,37.17309188842773,169165600.0,0.0005122327000564031,37.369193810967396,229523840.0,0.0,0.0,0.0,0.0,0.0,0.0,0.0,0.0,37.53238296508789,1
2018-12-31,37.720352595634594,37.91784178987847,37.2325784296732,37.53238296508789,140014000.0,0.009665353577220648,38.052654718093166,180930960.0,0.0,0.0,0.0,0.0,0.0,0.0,0.0,0.0,37.57520294189453,1
2019-01-02,36.854250431978905,37.79648737251912,36.697210336780685,37.57520294189453,148158800.0,0.0011408808453881036,39.091763551110176,180827360.0,0.0,0.0,0.0,0.0,0.0,0.0,0.0,0.0,33.83243942260742,0
2019-01-03,34.258347280967,34.6723611316717,33.7872305754406,33.83243942260742,365248800.0,-0.09960727358079302,28.234370284419683,207011120.0,0.0,0.0,0.0,0.0,0.0,0.0,0.0,0.0,35.2767219543457,1
2019-01-04,34.38921334078491,35.34572607671616,34.21551944315652,35.2767219543457,234428400.0,0.04268928154122964,33.84619923079475,211403120.0,0.0,0.0,0.0,0.0,0.0,0.0,0.0,0.0,35.198204040527344,0
2019-01-07,35.38141751200746,35.41235064672023,34.71518967715672,35.198204040527344,219111200.0,-0.002225771258451248,36.52438044682942,221392240.0,0.0,0.0,0.0,0.0,0.0,0.0,0.0,0.0,35.86919021606445,1
2019-01-08,35.58604312532892,36.1237858793811,35.33858894951646,35.86919021606445,164101200.0,0.01906307988795497,40.53977256507006,226209680.0,0.0,0.0,0.0,0.0,0.0,0.0,0.0,0.0,36.47832107543945,1
2019-01-09,35.99768468121847,36.7686060989209,35.60270985294818,36.47832107543945,180396400.0,0.016982007558737466,41.14797556567825,232657200.0,0.0,0.0,0.0,0.0,0.0,0.0,0.0,0.0,36.59490203857422,1
2019-01-10,36.28558160044058,36.63535110369678,35.895363032061816,36.59490203857422,143122800.0,0.0031958971711902873,45.21312619830678,188232000.0,0.0,0.0,0.0,0.0,0.0,0.0,0.0,0.0,36.23562240600586,0
2019-01-11,36.3760087634488,36.57111628310706,36.05003082093931,36.23562240600586,108092800.0,-0.00981775090392778,47.22432713929222,162964880.0,0.0,0.0,0.0,0.0,0.0,0.0,0.0,0.0,35.69073867797852,0
2019-01-14,35.892987649413605,35.99292128203398,35.505147127305,35.69073867797852,129756800.0,-0.015037239375168654,50.71556048802959,145094000.0,0.0,0.0,0.0,0.0,0.0,0.0,0.0,0.0,36.42121124267578,1
2019-01-15,35.75498338778188,36.49734959802523,35.70263668006988,36.42121124267578,114843600.0,0.020466725872164915,58.02975343912413,135242480.0,0.0,0.0,0.0,0.0,0.0,0.0,0.0,0.0,36.866153717041016,1
2019-01-16,36.42358841863822,37.08981625707733,36.40455292260857,36.866153717041016,122278800.0,0.012216575429097265,48.60182183803419,123618960.0,0.0,0.0,0.0,0.0,0.0,0.0,0.0,0.0,37.08505630493164,1
2019-01-17,36.69007793309382,37.51334588700581,36.46641539408566,37.08505630493164,119284800.0,0.005937765831791619,51.00205129459029,118851360.0,0.0,0.0,0.0,0.0,0.0,0.0,0.0,0.0,37.3134765625,1
2019-01-18,37.47527282308796,37.56569051615148,37.11360568148331,37.3134765625,135004000.0,0.006159361217903392,52.04933560053394,124233600.0,0.0,0.0,0.0,0.0,0.0,0.0,0.0,0.0,36.47593307495117,0
2019-01-22,37.215921149758586,37.29205949894824,36.314133183117846,36.47593307495117,121576000.0,-0.022446139162239254,46.15817783473493,122597440.0,0.0,0.0,0.0,0.0,0.0,0.0,0.0,0.0,36.62345123291016,1
2019-01-23,36.67817600819282,36.91373615846914,36.095228081853584,36.62345123291016,92522400.0,0.004044260023612578,46.7166962219836,118133200.0,0.0,0.0,0.0,0.0,0.0,0.0,0.0,0.0,36.33317947387695,0
2019-01-24,36.66867336476162,36.75670937829074,36.10476072778776,36.33317947387695,101766000.0,-0.00792584394046314,69.47375394994195,114030640.0,0.0,0.0,0.0,0.0,0.0,0.0,0.0,0.0,37.5371322631836,1
2019-01-25,36.99463341228096,37.62517187338516,36.71862783649916,37.5371322631836,134142000.0,0.03313645562377143,67.84148997929279,117002080.0,0.0,0.0,0.0,0.0,0.0,0.0,0.0,0.0,37.18975830078125,0
2019-01-28,37.0684074399732,37.19689615957579,36.561601312308746,37.18975830078125,104768400.0,-0.009254142270826993,65.27359452423187,110954960.0,0.0,0.0,0.0,0.0,0.0,0.0,0.0,0.0,36.80428695678711,0
2019-01-29,37.177851753922326,37.62517682803338,36.66866404152659,36.80428695678711,166348800.0,-0.010364986534102894,57.710518437910686,119909520.0,0.0,0.0,0.0,0.0,0.0,0.0,0.0,0.0,39.31930541992188,1
2019-01-30,38.84342880364445,39.53344844498653,38.12485409648342,39.31930541992188,244439200.0,0.06833493245196465,67.22136569031805,150292880.0,0.0,0.0,0.0,0.0,0.0,0.0,0.0,0.0,39.60243606567383,1
2019-01-31,39.52391602106797,40.21155729948408,39.15511107118552,39.60243606567383,162958400.0,0.007200804864891941,67.78637265627957,162531360.0,0.0,0.0,0.0,0.0,0.0,0.0,0.0,0.0,39.62148284912109,1
2019-02-01,39.72617627176372,40.206808976586736,39.481096506586674,39.62148284912109,130672400.0,0.0004809497934843421,70.84011246062855,161837440.0,0.0,0.0,0.0,0.0,0.0,0.0,0.0,0.0,40.74692535400391,1
2019-02-04,39.83324334442914,40.844480907959166,39.80231021008978,40.74692535400391,125982000.0,0.028404855748799696,78.85082316343491,166080160.0,0.0,0.0,0.0,0.0,0.0,0.0,0.0,0.0,41.44407272338867,1
2019-02-05,41.12999619649506,41.65821927552626,41.00864902507119,41.44407272338867,144406400.0,0.017109201818984676,78.54608535180876,161691680.0,0.0,0.0,0.0,0.0,0.0,0.0,0.0,0.0,41.45836639404297,1
2019-02-06,41.55591832761903,41.77482473586032,41.127632336612045,41.45836639404297,112958400.0,0.00034489058905240455,77.39437681449212,135395520.0,0.0,0.0,0.0,0.0,0.0,0.0,0.0,0.0,40.67316818237305,0
2019-02-07,41.02055602108315,41.38698298759363,40.53040376906899,40.67316818237305,126966800.0,-0.01893943924869035,70.5609003134442,128197200.0,0.0,0.0,0.0,0.0,0.0,0.0,0.0,0.0,40.72095489501953,1
2019-02-08,40.38163396229257,40.78069457288458,40.2454257465744,40.72095489501953,95280000.0,0.0011748952634378362,69.92057460826851,121118720.0,0.0,0.0,0.0,0.0,0.0,0.0,0.0,0.0,40.48677062988281,0
2019-02-11,40.873886201773935,40.91212046871485,40.44375981423957,40.48677062988281,83973600.0,-0.005750952199928938,75.41478877236273,112717040.0,0.0,0.0,0.0,0.0,0.0,0.0,0.0,0.0,40.83565521240234,1
2019-02-12,40.646879429338085,40.861940817256425,40.551293754313846,40.83565521240234,89134000.0,0.008617248970260283,75.93279515935347,101662560.0,0.0,0.0,0.0,0.0,0.0,0.0,0.0,0.0,40.6660041809082,0
2019-02-13,40.95514591438327,41.21561011429825,40.603876209601104,40.6660041809082,89960800.0,-0.004154482904993428,77.27556418084865,97063040.0,0.0,0.0,0.0,0.0,0.0,0.0,0.0,0.0,40.81414413452149,1
2019-02-14,40.55368004291788,40.92406308775779,40.474823239307405,40.81414413452149,87342800.0,0.0036428450888430497,73.62856641929085,89138240.0,0.0,0.0,0.0,0.0,0.0,0.0,0.0,0.0,40.72335815429688,0
2019-02-15,40.92169439533623,41.029225125816815,40.56325619625299,40.72335815429688,98507200.0,-0.0022243754499760016,76.55703431157804,89783680.0,0.0,0.0,0.0,0.0,0.0,0.0,0.0,0.0,40.84520721435547,1
2019-02-19,40.55368096648683,40.9670784800836,40.501109762882585,40.84520721435547,75891200.0,0.002992117192224475,81.65620517931919,88167200.0,0.0,0.0,0.0,0.0,0.0,0.0,0.0,0.0,41.10807418823242,1
2019-02-20,40.9073497098224,41.41633302299609,40.85955868823257,41.10807418823242,104457600.0,0.006435687117399835,71.09104252165741,91231920.0,0.0,0.0,0.0,0.0,0.0,0.0,0.0,0.0,40.876277923583984,0
2019-02-21,41.05310868843414,41.18931326234548,40.694670609628645,40.876277923583984,68998800.0,-0.005638704055730082,65.34063751608892,87039520.0,0.0,0.0,0.0,0.0,0.0,0.0,0.0,0.0,41.33269500732422,1
2019-02-22,41.00054249285786,41.33986347807937,40.952751472416445,41.33269500732422,75652800.0,0.011165818096096736,68.51683794202191,84701520.0,0.0,0.0,0.0,0.0,0.0,0.0,0.0,0.0,41.6337776184082,1
2019-02-25,41.6170524037,42.02566978139559,41.56686946713383,41.6337776184082,87493600.0,0.007284369214991537,61.552297446465026,82498800.0,0.0,0.0,0.0,0.0,0.0,0.0,0.0,0.0,41.65767288208008,1
2019-02-26,41.50951964678491,41.88946312542803,41.38047989985893,41.65767288208008,68280800.0,0.0005739393597883335,53.49877908820422,80976720.0,0.0,0.0,0.0,0.0,0.0,0.0,0.0,0.0,41.786720275878906,1
2019-02-27,41.390051476155634,41.81778608376061,41.27534863761778,41.786720275878906,111341600.0,0.003097806115193169,55.06579746770448,82353520.0,0.0,0.0,0.0,0.0,0.0,0.0,0.0,0.0,41.375709533691406,0
2019-02-28,41.65529450304115,41.79627930213446,41.32075003757768,41.375709533691406,112861600.0,-0.009835917714383413,61.97168637486554,91126080.0,0.0,0.0,0.0,0.0,0.0,0.0,0.0,0.0,41.81060409545898,1
2019-03-01,41.64572200880833,41.85361491133981,41.31356956114267,41.81060409545898,103544800.0,0.010510866560812682,66.30529243667073,96704480.0,0.0,0.0,0.0,0.0,0.0,0.0,0.0,0.0,42.0208854675293,1
2019-03-04,41.98265120351724,42.47490550245711,41.57164198093791,42.0208854675293,109744800.0,0.005029378948704588,73.08802505702991,101154720.0,0.0,0.0,0.0,0.0,0.0,0.0,0.0,0.0,41.944435119628906,0
2019-03-05,42.04240909629247,42.05674603995607,41.70786461051435,41.944435119628906,78949600.0,-0.0018193416690247544,68.18410612796939,103288480.0,0.0,0.0,0.0,0.0,0.0,0.0,0.0,0.0,41.703086853027344,0
2019-03-06,41.738929211148914,41.93487715880439,41.564490324587965,41.703086853027344,83241600.0,-0.005753999688235534,66.74918234558228,97668480.0,0.0,0.0,0.0,0.0,0.0,0.0,0.0,0.0,41.22037506103516,0
2019-03-07,41.54774730777287,41.68395551468205,41.10567590789397,41.22037506103516,99185600.0,-0.011574965510188329,56.10138699928352,94933280.0,0.0,0.0,0.0,0.0,0.0,0.0,0.0,0.0,41.31835174560547,1
2019-03-08,40.69944955693907,41.3565860145986,40.50350166301471,41.31835174560547,95997600.0,0.002376899395632126,58.82624902711866,93423840.0,0.0,0.0,0.0,0.0,0.0,0.0,0.0,0.0,42.74971008300781,1
2019-03-11,41.93486368501011,42.80228128884256,41.90140961277167,42.74971008300781,128044000.0,0.0346421935273491,70.08556838634543,97083680.0,0.0,0.0,0.0,0.0,0.0,0.0,0.0,0.0,43.23001480102539,1
2019-03-12,43.01256153152322,43.65058075669441,42.862016399372486,43.23001480102539,129870400.0,0.011235274276362617,71.27668790700662,107267840.0,0.0,0.0,0.0,0.0,0.0,0.0,0.0,0.0,43.42120361328125,1
2019-03-13,43.55023975636994,43.80114721672096,43.23242412608823,43.42120361328125,124130000.0,0.004422594189149365,75.70951379284297,115445520.0,0.0,0.0,0.0,0.0,0.0,0.0,0.0,0.0,43.90387344360352,1
2019-03-14,43.94449597813014,43.99229062695655,43.62429224982393,43.90387344360352,94318000.0,0.011115993803880508,75.69936689628082,114472000.0,0.0,0.0,0.0,0.0,0.0,0.0,0.0,0.0,44.47499465942383,1
2019-03-15,44.171519718082784,44.76413630754834,43.9062753998339,44.47499465942383,156171600.0,0.01300844711467053,76.81217782940841,126506800.0,0.0,0.0,0.0,0.0,0.0,0.0,0.0,0.0,44.92902374267578,1
2019-03-18,44.39853504313718,45.0174373105252,44.39614312213301,44.92902374267578,104879200.0,0.010208637161820189,78.47156886432265,121873840.0,0.0,0.0,0.0,0.0,0.0,0.0,0.0,0.0,44.57296752929688,0
2019-03-19,45.00787412821596,45.16080755554805,44.42720257150999,44.57296752929688,126585600.0,-0.007924859783692506,73.53416606248338,121216880.0,0.0,0.0,0.0,0.0,0.0,0.0,0.0,0.0,44.96247863769531,1
2019-03-20,44.501286360698266,45.28029420823643,44.14284824077957,44.96247863769531,124140800.0,0.008738729548182222,80.43311602561329,121219040.0,0.0,0.0,0.0,0.0,0.0,0.0,0.0,0.0,46.61845397949219,1
2019-03-21,45.40693521269051,46.914764093298665,45.35675227912356,46.61845397949219,204136800.0,0.036830161324970856,83.56028367373786,143182800.0,0.0,0.0,0.0,0.0,0.0,0.0,0.0,0.0,45.65306854248047,0
2019-03-22,46.67819994478431,47.23975444886868,45.58854866098074,45.65306854248047,169630800.0,-0.02070822506118286,73.50781374574953,145874640.0,0.0,0.0,0.0,0.0,0.0,0.0,0.0,0.0,45.10106658935547,0
2019-03-25,45.76297956658023,45.87529044787232,44.58969511449764,45.10106658935547,175381200.0,-0.012091234406540696,69.54697021765426,159975040.0,0.0,0.0,0.0,0.0,0.0,0.0,0.0,0.0,44.63510513305664,0
2019-03-26,45.79883677256588,46.09036675118269,44.1070083158494,44.63510513305664,199202000.0,-0.010331495273524283,67.91615509633858,174498320.0,0.0,0.0,0.0,0.0,0.0,0.0,0.0,0.0,45.03656005859375,1
2019-03-27,45.103468223068,45.34481527019143,44.57775965381826,45.03656005859375,119393600.0,0.00899415212175203,73.4952460103194,173548880.0,0.0,0.0,0.0,0.0,0.0,0.0,0.0,0.0,45.09629440307617,1
2019-03-28,45.15125389318565,45.29701887269252,44.81193291467582,45.09629440307617,83121600.0,0.0013263522881121759,73.34990342588169,149345840.0,0.0,0.0,0.0,0.0,0.0,0.0,0.0,0.0,45.39020538330078,1
2019-03-29,45.361531505429554,45.421271181808265,45.05327273343193,45.39020538330078,94256000.0,0.006517408672153779,68.76433058865123,134270880.0,0.0,0.0,0.0,0.0,0.0,0.0,0.0,0.0,45.698463439941406,1
2019-04-01,45.79404546216293,45.80360220589691,45.01504140701832,45.698463439941406,111448000.0,0.006791290192179611,67.89135918637668,121484240.0,0.0,0.0,0.0,0.0,0.0,0.0,0.0,0.0,46.36277770996094,1
2019-04-02,45.662626676214224,46.46792014338811,45.65306993054865,46.36277770996094,91062800.0,0.014536906057959653,69.81158937712812,99856400.0,0.0,0.0,0.0,0.0,0.0,0.0,0.0,0.0,46.68058395385742,1
2019-04-03,46.17876922052781,46.95538500302052,46.15487189180909,46.68058395385742,93087200.0,0.0068547714264368675,69.03130643152646,94595120.0,0.0,0.0,0.0,0.0,0.0,0.0,0.0,0.0,46.7618408203125,1
2019-04-04,46.54677574631455,46.924331028637695,46.15249524665033,46.7618408203125,76457200.0,0.0017406994423077027,66.75943821916495,93262240.0,0.0,0.0,0.0,0.0,0.0,0.0,0.0,0.0,47.07486343383789,1
2019-04-05,46.94343542089528,47.098760762089405,46.81917587718407,47.07486343383789,74106400.0,0.0066939754302703935,65.98099254718487,89232320.0,0.0,0.0,0.0,0.0,0.0,0.0,0.0,0.0,47.81564712524414,1
2019-04-08,46.93627703303892,47.84670928317847,46.91715989557565,47.81564712524414,103526800.0,0.015736289759977762,72.68320125435636,87648080.0,0.0,0.0,0.0,0.0,0.0,0.0,0.0,0.0,47.67226791381836,0
2019-04-09,47.86821582786071,48.47278113928064,47.60774803404576,47.67226791381836,143072800.0,-0.002998583519119302,69.6818465009251,98050080.0,0.0,0.0,0.0,0.0,0.0,0.0,0.0,0.0,47.93989944458008,1
2019-04-10,47.47631892306262,47.96857697172916,47.35683955756723,47.93989944458008,86781200.0,0.005613987806192489,61.85604069107376,96788880.0,0.0,0.0,0.0,0.0,0.0,0.0,0.0,0.0,47.54084396362305,0
2019-04-11,47.9948677895385,48.030710144590735,47.41897631022419,47.54084396362305,83603200.0,-0.008324078389408185,68.91293272437198,98218080.0,0.0,0.0,0.0,0.0,0.0,0.0,0.0,0.0,47.52171325683594,0
2019-04-12,47.60057006165645,47.82519181243846,46.88608591599646,47.52171325683594,111042800.0,-0.00040240570406679943,77.22897166470737,105605360.0,0.0,0.0,0.0,0.0,0.0,0.0,0.0,0.0,47.60774230957031,1
2019-04-15,47.4524206080684,47.75589918776008,47.316212394506586,47.60774230957031,70146400.0,0.0018103104210367427,86.7275212593434,98929280.0,0.0,0.0,0.0,0.0,0.0,0.0,0.0,0.0,47.61252212524414,1
2019-04-16,47.66270505779345,48.11911341469207,47.44764003486559,47.61252212524414,102785600.0,0.00010039996525668116,85.24173258452491,90871840.0,0.0,0.0,0.0,0.0,0.0,0.0,0.0,0.0,48.53968811035156,1
2019-04-17,47.68182349642656,48.5994277929976,47.459593627169305,48.53968811035156,115627200.0,0.019473154198144105,87.9859037056346,96641040.0,0.0,0.0,0.0,0.0,0.0,0.0,0.0,0.0,48.71411895751953,1
2019-04-18,48.537288213306425,48.78341537366424,48.39391518624901,48.71411895751953,96783200.0,0.003593571651540284,87.61485583584764,99277040.0,0.0,0.0,0.0,0.0,0.0,0.0,0.0,0.0,48.87422561645508,1
2019-04-22,48.46799653078765,48.97219956455611,48.35090544796784,48.87422561645508,77758000.0,0.0032866582083761475,87.13874115573748,92620080.0,0.0,0.0,0.0,0.0,0.0,0.0,0.0,0.0,49.57915878295898,1
2019-04-23,48.850333890412784,49.64367866425876,48.72368604881537,49.57915878295898,93292000.0,0.014423413519345063,87.12271018333,97249200.0,0.0,0.0,0.0,0.0,0.0,0.0,0.0,0.0,49.50270080566406,0
2019-04-24,49.55049183151781,49.81812449327605,49.47641519451127,49.50270080566406,70162400.0,-0.0015421394628662988,84.52617287775136,90724560.0,0.0,0.0,0.0,0.0,0.0,0.0,0.0,0.0,49.05345153808594,0
2019-04-25,49.42383832703479,49.646068212671416,49.01521726328142,49.05345153808594,74172800.0,-0.009075247618140492,75.99501075929484,82433680.0,0.0,0.0,0.0,0.0,0.0,0.0,0.0,0.0,48.81927108764648,0
2019-04-26,48.962644143257215,48.986541475636166,48.29833914079749,48.81927108764648,74596400.0,-0.004773985175286599,70.25212988998888,77996320.0,0.0,0.0,0.0,0.0,0.0,0.0,0.0,0.0,48.893348693847656,1
2019-04-29,48.84316575333386,49.21833273112545,48.71412963607433,48.893348693847656,88818800.0,0.001517384519490017,64.75423711677958,80208480.0,0.0,0.0,0.0,0.0,0.0,0.0,0.0,0.0,47.951847076416016,0
2019-04-30,48.52295828532061,48.604203377012624,47.57907204750367,47.951847076416016,186139600.0,-0.0192562310126676,53.45776726515937,98778000.0,0.0,0.0,0.0,0.0,0.0,0.0,0.0,0.0,50.30559158325195,1
2019-05-01,50.15265814578386,51.4502022665524,49.997332787495154,50.30559158325195,259309200.0,0.04908558586043643,68.26237450726705,136607360.0,0.0,0.0,0.0,0.0,0.0,0.0,0.0,0.0,49.978214263916016,0
2019-05-02,50.14309636224539,50.81456977445112,49.73447899755324,49.978214263916016,127985200.0,-0.006507771979863408,69.18181824406918,147369840.0,0.0,0.0,0.0,0.0,0.0,0.0,0.0,0.0,50.59951019287109,1
2019-05-03,50.39400554281509,50.62101560310211,50.23629190867938,50.59951019287109,83569600.0,0.012431335094812423,71.97973603903075,149164480.0,0.0,0.0,0.0,0.0,0.0,0.0,0.0,0.0,49.818115234375,0
2019-05-06,48.81687756775932,49.90414052341222,48.62810177454421,49.818115234375,129772400.0,-0.015442737598004963,64.73849047019797,157355200.0,0.0,0.0,0.0,0.0,0.0,0.0,0.0,0.0,48.47517013549805,0
2019-05-07,49.19682655113943,49.56482140635094,47.99008418506328,48.47517013549805,155054800.0,-0.026956963196197115,55.40546484932049,151138240.0,0.0,0.0,0.0,0.0,0.0,0.0,0.0,0.0,48.48471832275391,1
2019-05-08,48.24575962496562,49.067778128752565,48.209917278785525,48.48471832275391,105358000.0,0.0001969706806428384,50.291463653865904,120348000.0,0.0,0.0,0.0,0.0,0.0,0.0,0.0,0.0,47.96379852294922,0
2019-05-09,47.88732997606126,48.19319687117108,46.993626623189535,47.96379852294922,139634400.0,-0.010743999714240449,46.188742151938726,122677840.0,0.0,0.0,0.0,0.0,0.0,0.0,0.0,0.0,47.2993278503418,0
2019-05-10,47.3569001139016,47.699928903019405,46.24146450186388,47.2993278503418,164834800.0,-0.013853587352750885,41.793119644063566,138930880.0,0.0,0.0,0.0,0.0,0.0,0.0,0.0,0.0,44.55031967163086,0
2019-05-13,45.02768010823459,45.4522632218253,43.86186824428685,44.55031967163086,229722400.0,-0.058119392043138096,27.55135427418344,158920880.0,0.0,0.0,0.0,0.0,0.0,0.0,0.0,0.0,45.25556945800781,1
2019-05-14,44.715841750470574,45.50504198786496,44.47596276934291,45.25556945800781,146118800.0,0.015830409109859778,32.43002820075105,157133680.0,0.0,0.0,0.0,0.0,0.0,0.0,0.0,0.0,45.797698974609375,1
2019-05-15,44.68226307084137,45.99679898703123,44.62229331988045,45.797698974609375,106178800.0,0.01197928836371398,36.90416767484634,157297840.0,0.0,0.0,0.0,0.0,0.0,0.0,0.0,0.0,45.596187591552734,0
2019-05-16,45.555408612560825,46.16949808957643,45.298736399758674,45.596187591552734,132125600.0,-0.004400032917993513,36.960193584625806,155796080.0,0.0,0.0,0.0,0.0,0.0,0.0,0.0,0.0,45.33712387084961,0
2019-05-17,44.84057266200479,45.79289243507591,44.79979367764875,45.33712387084961,131516400.0,-0.005681696966066463,35.73995675464579,149132400.0,0.0,0.0,0.0,0.0,0.0,0.0,0.0,0.0,43.91943740844727,0
2019-05-20,44.02258726341064,44.22168723717779,43.245378124155245,43.91943740844727,154449200.0,-0.031269880869391975,34.10426953810523,134077760.0,0.0,0.0,0.0,0.0,0.0,0.0,0.0,0.0,44.76141357421875,1
2019-05-21,44.43037945163815,45.09724264041479,44.30564137265292,44.76141357421875,113459200.0,0.019170923296242703,25.628879360784083,127545840.0,0.0,0.0,0.0,0.0,0.0,0.0,0.0,0.0,43.84507751464844,0
2019-05-22,44.29605114614716,44.54792479480895,43.78990637683612,43.84507751464844,118994400.0,-0.020471562142489907,24.177335804187763,130108960.0,0.0,0.0,0.0,0.0,0.0,0.0,0.0,0.0,43.09664535522461,0
2019-05-23,43.13022825582932,43.3077363046278,42.65286791270511,43.09664535522461,146118800.0,-0.01706992442136246,18.78183266620684,132907600.0,0.0,0.0,0.0,0.0,0.0,0.0,0.0,0.0,42.93113708496094,0
2019-05-24,43.22618717622051,43.69155293690162,42.84717798618397,42.93113708496094,94858800.0,-0.003840397991525024,19.691376976908273,125576080.0,0.0,0.0,0.0,0.0,0.0,0.0,0.0,0.0,42.75362014770508,0
2019-05-28,42.919137193028746,43.31973456201257,42.67686079437729,42.75362014770508,111792800.0,-0.0041349227928566545,21.764597140851322,117044800.0,0.0,0.0,0.0,0.0,0.0,0.0,0.0,0.0,42.54972076416016,0
2019-05-29,42.31943540796257,43.02228249343371,42.21868670845787,42.54972076416016,113924800.0,-0.004769172361088536,21.226005898479386,117137920.0,0.0,0.0,0.0,0.0,0.0,0.0,0.0,0.0,42.77041244506836,1
2019-05-30,42.68645335841983,42.99349808518756,42.37940863165211,42.77041244506836,84873600.0,0.005186677537355022,24.176389594003524,110313760.0,0.0,0.0,0.0,0.0,0.0,0.0,0.0,0.0,41.99560546875,0
2019-05-31,42.2738622420187,42.69605149572367,41.97641471537596,41.99560546875,108174400.0,-0.018115489938598905,23.70812235073703,102724880.0,0.0,0.0,0.0,0.0,0.0,0.0,0.0,0.0,41.571022033691406,0
2019-06-03,42.12274434101084,42.67926159185684,40.84418912083457,41.571022033691406,161584400.0,-0.010110187252200364,30.324435493533684,116070000.0,0.0,0.0,0.0,0.0,0.0,0.0,0.0,0.0,43.09185791015625,1
2019-06-04,42.08436697087955,43.13743549997744,41.863678758296096,43.09185791015625,123872000.0,0.036584038641924055,37.8251584755577,118485840.0,0.0,0.0,0.0,0.0,0.0,0.0,0.0,0.0,43.78749847412109,1
2019-06-05,44.20488913194507,44.375204783547744,43.4516694346733,43.78749847412109,119093600.0,0.01614320193423091,39.13967053807569,119519600.0,0.0,0.0,0.0,0.0,0.0,0.0,0.0,0.0,44.43037796020508,1
2019-06-06,43.91703717038729,44.49034769574577,43.6939478508396,44.43037796020508,90105200.0,0.014681804361670547,44.28253546452079,120565920.0,0.0,0.0,0.0,0.0,0.0,0.0,0.0,0.0,45.61298370361328,1
2019-06-07,44.73982441794124,46.03757049628516,44.562316326514456,45.61298370361328,122737600.0,0.026617053414837555,51.88507252327682,123478560.0,0.0,0.0,0.0,0.0,0.0,0.0,0.0,0.0,46.19588851928711,1
2019-06-10,46.01118070335726,46.8651491776644,45.965603117324754,46.19588851928711,104883600.0,0.012779361671700018,62.555496263378046,112138400.0,0.0,0.0,0.0,0.0,0.0,0.0,0.0,0.0,46.73081207275391,1
2019-06-11,46.74280675087126,47.016268574742455,46.44056062772791,46.73081207275391,107731600.0,0.011579462385347794,61.148855805021135,108910320.0,0.0,0.0,0.0,0.0,0.0,0.0,0.0,0.0,46.58209609985352,0
2019-06-12,46.524523831423096,47.00908035832402,46.39019219868125,46.58209609985352,73012800.0,-0.003182396502522944,66.86988662413384,99694160.0,0.0,0.0,0.0,0.0,0.0,0.0,0.0,0.0,46.57249450683594,0
2019-06-13,46.70442865523664,47.20577475889717,46.440564018697366,46.57249450683594,86698400.0,-0.0002061219614721832,73.58505730740588,99012800.0,0.0,0.0,0.0,0.0,0.0,0.0,0.0,0.0,46.2342643737793,0
2019-06-14,45.94880787324303,46.4381592596896,45.6489592231439,46.2342643737793,75046000.0,-0.007262443994856094,72.11550365258958,89474480.0,0.0,0.0,0.0,0.0,0.0,0.0,0.0,0.0,46.51012802124024,1
2019-06-17,46.27264655043855,46.76680024667599,46.09753594726315,46.51012802124024,58676400.0,0.005966649436243587,74.7980198596849,80233040.0,0.0,0.0,0.0,0.0,0.0,0.0,0.0,0.0,47.603965759277344,1
2019-06-18,47.02825787805972,48.04534204556162,46.82676048565969,47.603965759277344,106204000.0,0.023518269774221334,79.74469826438198,79927520.0,0.0,0.0,0.0,0.0,0.0,0.0,0.0,0.0,47.46485900878906,0
2019-06-19,47.89903943555879,47.94701816624584,47.33052734749712,47.46485900878906,84496800.0,-0.002922167266309561,77.96219458609237,82224320.0,0.0,0.0,0.0,0.0,0.0,0.0,0.0,0.0,47.84626388549805,1
2019-06-20,48.06455097971471,48.12212325372135,47.50323503413559,47.84626388549805,86056000.0,0.008035521113385347,86.81246619574907,82095840.0,0.0,0.0,0.0,0.0,0.0,0.0,0.0,0.0,47.68314743041992,0
2019-06-21,47.68794603530397,48.1796987184213,47.532022488808536,47.68314743041992,191202400.0,-0.0034091785195283775,90.17725841850333,105327120.0,0.0,0.0,0.0,0.0,0.0,0.0,0.0,0.0,47.635162353515625,0
2019-06-24,47.62556514576405,48.01417153393236,47.5368111055046,47.635162353515625,72881600.0,-0.0010063319954773942,86.89924566166937,108168160.0,0.0,0.0,0.0,0.0,0.0,0.0,0.0,0.0,46.91312789916992,0
2019-06-25,47.59917818072037,47.79827814798816,46.84595842588504,46.91312789916992,84281200.0,-0.015157594068584412,75.68575717147274,103783600.0,0.0,0.0,0.0,0.0,0.0,0.0,0.0,0.0,47.92781066894531,1
2019-06-26,47.44085673668173,48.21326717963679,47.34010802589567,47.92781066894531,104270000.0,0.02162897285289178,76.86474329964798,107738240.0,0.0,0.0,0.0,0.0,0.0,0.0,0.0,0.0,47.91343307495117,0
2019-06-27,48.04536359755922,48.352412086906185,47.87265408392975,47.91343307495117,83598800.0,-0.0002999843680207004,71.40235561749566,107246800.0,0.0,0.0,0.0,0.0,0.0,0.0,0.0,0.0,47.47683334350586,0
2019-06-28,47.65913999708732,47.85584245986299,47.26813986346088,47.47683334350586,124442400.0,-0.009112261497988161,62.43315900324421,93894800.0,0.0,0.0,0.0,0.0,0.0,0.0,0.0,0.0,48.34760665893555,1
2019-07-01,48.73620941522062,49.05285140942517,48.13171339190629,48.34760665893555,109012000.0,0.018341015061586807,64.54904806480502,101120880.0,0.0,0.0,0.0,0.0,0.0,0.0,0.0,0.0,48.63066101074219,1
2019-07-02,48.3140226837871,48.726614791836525,48.30202800361749,48.63066101074219,67740800.0,0.005854568020366102,67.91416407552833,97812800.0,0.0,0.0,0.0,0.0,0.0,0.0,0.0,0.0,49.03365707397461,1
2019-07-03,48.76259268904688,49.04085314965744,48.62106498693476,49.03365707397461,45448000.0,0.008286872003310908,70.05396452063516,86048400.0,0.0,0.0,0.0,0.0,0.0,0.0,0.0,0.0,48.99048614501953,0
2019-07-05,48.77939511830769,49.19438475496231,48.671446642300936,48.99048614501953,69062000.0,-0.0008804346143292952,73.64732330376378,83141040.0,0.0,0.0,0.0,0.0,0.0,0.0,0.0,0.0,47.980587005615234,0
2019-07-08,48.17008975928739,48.31161745661008,47.59438176256944,47.980587005615234,101354400.0,-0.020614188975688785,61.59980180010904,78523440.0,0.0,0.0,0.0,0.0,0.0,0.0,0.0,0.0,48.27323532104492,1
2019-07-09,47.78388027305323,48.337999994247646,47.69032764038744,48.27323532104492,82312000.0,0.00609930669242198,56.101236710058636,73183440.0,0.0,0.0,0.0,0.0,0.0,0.0,0.0,0.0,48.75060272216797,1
2019-07-10,48.419572227970285,48.870542208826045,48.35000527596152,48.75060272216797,71588400.0,0.009888862802509113,60.75112676738201,73952960.0,0.0,0.0,0.0,0.0,0.0,0.0,0.0,0.0,48.39557266235352,0
2019-07-11,48.7697831961826,49.02885287197086,48.38597911595923,48.39557266235352,80767200.0,-0.007282577855247885,54.82435361308198,81016800.0,0.0,0.0,0.0,0.0,0.0,0.0,0.0,0.0,48.76740264892578,1
2019-07-12,48.56350402973276,48.93531722106307,48.50353427823636,48.76740264892578,70380800.0,0.007683140546066891,58.865617122502236,81280560.0,0.0,0.0,0.0,0.0,0.0,0.0,0.0,0.0,49.225563049316406,1
2019-07-15,48.95689612482575,49.38388038130091,48.93530789686365,49.225563049316406,67789600.0,0.009394808324915349,62.03721862524082,74567600.0,0.0,0.0,0.0,0.0,0.0,0.0,0.0,0.0,49.05524826049805,0
2019-07-16,49.07683648884896,49.44145353991296,48.81536929589903,49.05524826049805,67467200.0,-0.0034598850326552633,67.67030804616947,71598640.0,0.0,0.0,0.0,0.0,0.0,0.0,0.0,0.0,48.77937698364258,0
2019-07-17,48.947291485736685,49.19676393738198,48.7601862319373,48.77937698364258,56430000.0,-0.005623685265855993,58.099316144872276,68566960.0,0.0,0.0,0.0,0.0,0.0,0.0,0.0,0.0,49.3335075378418,1
2019-07-18,48.93530758783078,49.38628120159084,48.86334316814913,49.3335075378418,74162400.0,0.011359935047654313,62.08229797385951,67246000.0,0.0,0.0,0.0,0.0,0.0,0.0,0.0,0.0,48.59708023071289,0
2019-07-19,49.36469221177238,49.53500789300967,48.54190909183151,48.59708023071289,83717200.0,-0.014927527838234922,59.29868980114404,69913280.0,0.0,0.0,0.0,0.0,0.0,0.0,0.0,0.0,49.70772171020508,1
2019-07-22,48.85135200877527,49.71011918227102,48.84175846024879,49.70772171020508,89111600.0,0.022854078356548513,60.66734909470895,74177680.0,0.0,0.0,0.0,0.0,0.0,0.0,0.0,0.0,50.09632873535156,1
2019-07-23,50.00517720568815,50.113122022027696,49.72451555883711,50.09632873535156,73420800.0,0.007817840202213544,61.234426396268816,75368400.0,0.0,0.0,0.0,0.0,0.0,0.0,0.0,0.0,50.0555534362793,0
2019-07-24,49.81567442216365,50.170694338181086,49.69573491510583,50.0555534362793,59966400.0,-0.0008139378693331478,58.351087170029274,76075680.0,0.0,0.0,0.0,0.0,0.0,0.0,0.0,0.0,49.65975570678711,0
2019-07-25,50.10832830255519,50.19228742359547,49.59018874129354,49.65975570678711,55638400.0,-0.007907169181458285,55.33018663126756,72370880.0,0.0,0.0,0.0,0.0,0.0,0.0,0.0,0.0,49.83245086669922,1
2019-07-26,49.77008000154202,50.30980760087417,49.6885220427725,49.83245086669922,70475600.0,0.003477567649180058,66.25796877318669,69722560.0,0.0,0.0,0.0,0.0,0.0,0.0,0.0,0.0,50.29780960083008,1
2019-07-29,50.005160689291245,50.52809497185388,50.000362086074006,50.29780960083008,86693600.0,0.009338467726094368,67.15509045943374,69238960.0,0.0,0.0,0.0,0.0,0.0,0.0,0.0,0.0,50.08193206787109,0
2019-07-30,50.07713346350136,50.41296622439202,49.72930968208036,50.08193206787109,135742800.0,-0.004291986761893241,61.880946047341155,81703360.0,0.0,0.0,0.0,0.0,0.0,0.0,0.0,0.0,51.10380935668945,1
2019-07-31,51.91460137039336,53.102001428275486,50.68642233067423,51.10380935668945,277125600.0,0.020404110756620186,71.37765169070938,125135200.0,0.0,0.0,0.0,0.0,0.0,0.0,0.0,0.0,49.99797058105469,0
2019-08-01,51.31010880358232,52.30081009363934,49.592578207557416,49.99797058105469,216071600.0,-0.021639067411126645,59.06549971975193,157221840.0,0.0,0.0,0.0,0.0,0.0,0.0,0.0,0.0,48.94011688232422,0
2019-08-02,49.302332871485405,49.5182225174267,48.36680619205547,48.94011688232422,163448400.0,-0.021157932740800356,48.526762337391546,175816400.0,0.0,0.0,0.0,0.0,0.0,0.0,0.0,0.0,46.37819290161133,0
2019-08-05,47.49363215723557,47.65194947419942,46.195886226790655,46.37819290161133,209572000.0,-0.05234813776340175,36.89520807614158,200392080.0,0.0,0.0,0.0,0.0,0.0,0.0,0.0,0.0,47.25614929199219,1
2019-08-06,47.090632244363086,47.51282150446329,46.546106047444944,47.25614929199219,143299200.0,0.01893037083707405,43.34845155638088,201903360.0,0.0,0.0,0.0,0.0,0.0,0.0,0.0,0.0,47.74550247192383,1
2019-08-07,46.874744411167086,47.87024054524412,46.493337776109705,47.74550247192383,133457600.0,0.01035533337487915,43.08529003084979,173169760.0,0.0,0.0,0.0,0.0,0.0,0.0,0.0,0.0,48.7985725402832,1
2019-08-08,48.02376456461598,48.82256189914169,47.829463202753935,48.7985725402832,108038000.0,0.022055900845919796,51.58363775545965,151563040.0,0.0,0.0,0.0,0.0,0.0,0.0,0.0,0.0,48.39645004272461,0
2019-08-09,48.47109445761,48.82264628400615,47.98710353990854,48.39645004272461,98478800.0,-0.008240456157332043,44.24770204509325,138569120.0,0.0,0.0,0.0,0.0,0.0,0.0,0.0,0.0,48.27365112304688,0
2019-08-12,48.06657126313836,48.65169375794879,47.953399498178506,48.27365112304688,89927600.0,-0.002537353867263392,41.554136559196586,114640240.0,0.0,0.0,0.0,0.0,0.0,0.0,0.0,0.0,50.31795501708984,1
2019-08-13,48.40367264885095,51.08125991414435,48.273643814503934,50.31795501708984,188874000.0,0.042348234419479436,51.793210168575754,123755200.0,0.0,0.0,0.0,0.0,0.0,0.0,0.0,0.0,48.82024002075195,0
2019-08-14,48.91896493909261,49.70875693748001,48.78171268566747,48.82024002075195,146189600.0,-0.029765021170458983,47.551430536964844,126301600.0,0.0,0.0,0.0,0.0,0.0,0.0,0.0,0.0,48.57704544067383,0
2019-08-15,48.99120512730545,49.39573114261871,48.07860766376741,48.57704544067383,108909600.0,-0.0049814294230169365,45.989294835818406,126475920.0,0.0,0.0,0.0,0.0,0.0,0.0,0.0,0.0,49.72320938110352,1
2019-08-16,49.18865448752808,49.88213190063552,49.08270614117341,49.72320938110352,110481600.0,0.023594764359011533,48.71348503335864,128876480.0,0.0,0.0,0.0,0.0,0.0,0.0,0.0,0.0,50.65026092529297,1
2019-08-19,50.71527168637045,51.2233395654569,50.5732062354932,50.65026092529297,97654400.0,0.01864424190892544,52.63694153433707,130421840.0,0.0,0.0,0.0,0.0,0.0,0.0,0.0,0.0,50.65266036987305,1
2019-08-20,50.7778723860711,51.37262487030023,50.64303037208981,50.65266036987305,107537200.0,4.737279801214633e-05,49.151770228148465,114154480.0,0.0,0.0,0.0,0.0,0.0,0.0,0.0,0.0,51.20166015625,1
2019-08-21,51.28593824887725,51.44485708837532,50.95123980751882,51.20166015625,86141600.0,0.010838518300284372,55.22567614840368,102144880.0,0.0,0.0,0.0,0.0,0.0,0.0,0.0,0.0,51.158321380615234,0
2019-08-22,51.33409731422995,51.63508526351441,50.746568249359605,51.158321380615234,89014800.0,-0.0008464330160879996,59.79416065075569,98165920.0,0.0,0.0,0.0,0.0,0.0,0.0,0.0,0.0,48.793758392333984,0
2019-08-23,50.42872331972758,51.0595965612192,48.39886234899058,48.793758392333984,187272000.0,-0.04622049599104372,61.32460394604304,113524000.0,0.0,0.0,0.0,0.0,0.0,0.0,0.0,0.0,49.72080612182617,1
2019-08-26,49.56910700903226,49.88935865039189,49.37647397317021,49.72080612182617,104174400.0,0.01899930974855657,61.33573763930036,114828000.0,0.0,0.0,0.0,0.0,0.0,0.0,0.0,0.0,49.159759521484375,0
2019-08-27,50.05068309585326,50.21682902786896,49.00806042283192,49.159759521484375,103493200.0,-0.011283940147050697,56.791335245649655,114019200.0,0.0,0.0,0.0,0.0,0.0,0.0,0.0,0.0,49.48964309692383,1
2019-08-28,49.14531464085439,49.53539385383809,48.95749845133117,49.48964309692383,63755200.0,0.006710439161023318,53.845175252855825,109541920.0,0.0,0.0,0.0,0.0,0.0,0.0,0.0,0.0,50.32759094238281,1
2019-08-29,50.20478918362739,50.40223903898198,49.76173581076194,50.32759094238281,83962000.0,0.016931781945121127,59.08665421778058,108531360.0,0.0,0.0,0.0,0.0,0.0,0.0,0.0,0.0,50.26258850097656,0
2019-08-30,50.60451042183316,50.67433801992344,49.89176923421205,50.26258850097656,84573600.0,-0.0012915865867823006,59.403243853567986,87991680.0,0.0,0.0,0.0,0.0,0.0,0.0,0.0,0.0,49.53056716918945,0
2019-09-03,49.70634307075737,49.838778479131264,49.17419853097585,49.53056716918945,80092000.0,-0.014563940171383849,46.77938991380322,83175200.0,0.0,0.0,0.0,0.0,0.0,0.0,0.0,0.0,50.37093734741211,1
2019-09-04,50.17830431941108,50.44076493705066,49.92066053786811,50.37093734741211,76752400.0,0.016966698066510633,58.739353232058896,77827040.0,0.0,0.0,0.0,0.0,0.0,0.0,0.0,0.0,51.355770111083984,1
2019-09-05,51.0475587296686,51.52191605519389,50.92957012499807,51.355770111083984,95654800.0,0.019551606849787406,64.06315520936387,84206960.0,0.0,0.0,0.0,0.0,0.0,0.0,0.0,0.0,51.350955963134766,0
2019-09-06,51.541182424007545,51.63027369034283,51.170363175155885,51.350955963134766,77449200.0,-9.374113052551536e-05,59.39663660860339,82904400.0,0.0,0.0,0.0,0.0,0.0,0.0,0.0,0.0,51.57007598876953,1
2019-09-09,51.73140510480001,52.11667118803408,50.82362800448683,51.57007598876953,109237600.0,0.004267107038709694,55.9345065903237,87837200.0,0.0,0.0,0.0,0.0,0.0,0.0,0.0,0.0,52.17927551269531,1
2019-09-10,51.49543170348089,52.198539184328496,50.97773384720419,52.17927551269531,127111600.0,0.011813042975900245,58.80879400908605,97241120.0,0.0,0.0,0.0,0.0,0.0,0.0,0.0,0.0,53.83831787109375,1
2019-09-11,52.509157675957375,53.867215213888514,52.42728615790325,53.83831787109375,177158400.0,0.03179504395370136,63.096294173874234,117322320.0,0.0,0.0,0.0,0.0,0.0,0.0,0.0,0.0,53.71792221069336,0
2019-09-12,54.12967535580594,54.51975457547197,53.662541454928665,53.71792221069336,128906800.0,-0.002236244837527379,62.66372796667408,123972720.0,0.0,0.0,0.0,0.0,0.0,0.0,0.0,0.0,52.672889709472656,0
2019-09-13,52.97387765066964,53.16410041287169,52.25632342762341,52.672889709472656,159053200.0,-0.019454075254844327,72.19599350948573,140293520.0,0.0,0.0,0.0,0.0,0.0,0.0,0.0,0.0,52.94979476928711,1
2019-09-16,52.42728016772022,53.0051791933835,52.38634625045487,52.94979476928711,84632400.0,0.005257069838806583,69.84056262497288,135372480.0,0.0,0.0,0.0,0.0,0.0,0.0,0.0,0.0,53.14242935180664,1
2019-09-17,52.96424684480587,53.17132669215555,52.76198015904004,53.14242935180664,73274800.0,0.0036380609851063284,75.64890865885785,124605120.0,0.0,0.0,0.0,0.0,0.0,0.0,0.0,0.0,53.640869140625,1
2019-09-18,53.22911601134843,53.66013281018693,52.839036806684845,53.640869140625,101360000.0,0.00937931883991694,76.062228514581,109445440.0,0.0,0.0,0.0,0.0,0.0,0.0,0.0,0.0,53.20503234863281,0
2019-09-19,53.4578592530188,53.879242325887176,53.06296326312604,53.20503234863281,88242400.0,-0.008125088183220885,69.16804715638648,101312560.0,0.0,0.0,0.0,0.0,0.0,0.0,0.0,0.0,52.42727279663086,0
2019-09-20,53.30615962641421,53.5902904266032,52.36466863917443,52.42727279663086,221652400.0,-0.014618157675491794,63.46962063274149,113832400.0,0.0,0.0,0.0,0.0,0.0,0.0,0.0,0.0,52.6656608581543,1
2019-09-23,52.72104160485233,52.93534484990348,52.408013443475554,52.6656608581543,76662000.0,0.004547023882935264,70.65596488264208,112238320.0,0.0,0.0,0.0,0.0,0.0,0.0,0.0,0.0,52.41524505615234,0
2019-09-24,53.22189425113329,53.57344980178492,52.29726012839584,52.41524505615234,124763200.0,-0.0047548212235750675,64.68000664448465,122536000.0,0.0,0.0,0.0,0.0,0.0,0.0,0.0,0.0,53.22189712524414,1
2019-09-25,52.624738014666015,53.33506889719885,52.285222698801874,53.22189712524414,87613600.0,0.015389646051022776,63.594078309635904,119786720.0,0.0,0.0,0.0,0.0,0.0,0.0,0.0,0.0,52.94739532470703,0
2019-09-26,52.97388241288026,53.20022595287514,52.69215811549392,52.94739532470703,75334000.0,-0.00515768537696315,61.300897416159906,117205040.0,0.0,0.0,0.0,0.0,0.0,0.0,0.0,0.0,52.689754486083984,0
2019-09-27,53.10391057336757,53.20504576963594,52.31893523088591,52.689754486083984,101408000.0,-0.004865977581012815,58.01494497384818,93156160.0,0.0,0.0,0.0,0.0,0.0,0.0,0.0,0.0,53.9298210144043,1
2019-09-30,53.190592793635226,54.0767032912969,53.1641057052064,53.9298210144043,103909600.0,0.023535249697316907,61.23685222301953,98605680.0,0.0,0.0,0.0,0.0,0.0,0.0,0.0,0.0,54.07910919189453,1
2019-10-01,54.1946912167675,54.9531794248776,53.98520109304119,54.07910919189453,139223200.0,0.002768193453680512,52.142833885857335,101497680.0,0.0,0.0,0.0,0.0,0.0,0.0,0.0,0.0,52.72346496582031,0
2019-10-02,53.71070335198189,53.83591538249209,52.475447485978464,52.72346496582031,138449200.0,-0.025067798755039505,44.01976615680308,111664800.0,0.0,0.0,0.0,0.0,0.0,0.0,0.0,0.0,53.171329498291016,1
2019-10-03,52.59583700593172,53.20504000200288,51.80123175069933,53.171329498291016,114426000.0,0.008494595959522844,53.84208321923682,119483200.0,0.0,0.0,0.0,0.0,0.0,0.0,0.0,0.0,54.66182327270508,1
2019-10-04,54.33194162523464,54.77740530141983,53.91055845690742,54.66182327270508,138478800.0,0.028031907204087547,60.47980276254175,126897360.0,0.0,0.0,0.0,0.0,0.0,0.0,0.0,0.0,54.673866271972656,1
2019-10-07,54.483643477353645,55.36493352699556,54.38010169736874,54.673866271972656,122306000.0,0.00022031828699708988,59.60813561484134,130576640.0,0.0,0.0,0.0,0.0,0.0,0.0,0.0,0.0,54.03335571289063,0
2019-10-08,54.37528125988171,54.91464931879182,54.01650229813436,54.03335571289063,111820000.0,-0.011715113686963985,52.759935135341934,125096000.0,0.0,0.0,0.0,0.0,0.0,0.0,0.0,0.0,54.666629791259766,1
2019-10-09,54.666629791259766,54.849629124264126,54.33193137055521,54.666629791259766,74770400.0,0.011720058286479151,58.865700040231175,112360240.0,0.0,0.0,0.0,0.0,0.0,0.0,0.0,0.0,55.4034538269043,1
2019-10-10,54.88334576021598,55.48773192375291,54.73165032972558,55.4034538269043,113013600.0,0.013478497548834456,67.72306598839535,112077760.0,0.0,0.0,0.0,0.0,0.0,0.0,0.0,0.0,56.87709045410156,1
2019-10-11,56.09211155799021,57.2214188925984,55.93800588024177,56.87709045410156,166795600.0,0.026598280890597792,71.63810575572114,117741120.0,0.0,0.0,0.0,0.0,0.0,0.0,0.0,0.0,56.79522705078125,0
2019-10-14,56.56166008291831,57.33941567346674,56.50627932302216,56.79522705078125,96427600.0,-0.0014393036399492631,72.96886496027867,112565440.0,0.0,0.0,0.0,0.0,0.0,0.0,0.0,0.0,56.66279220581055,0
2019-10-15,56.92043599375151,57.2238305403229,56.55684385407052,56.66279220581055,87360000.0,-0.002331795325904662,69.42557434453126,107673440.0,0.0,0.0,0.0,0.0,0.0,0.0,0.0,0.0,56.43403625488281,0
2019-10-16,56.1932458916511,56.64352636932957,56.15231197080203,56.43403625488281,73903200.0,-0.004037145753369331,69.89905030797082,107500000.0,0.0,0.0,0.0,0.0,0.0,0.0,0.0,0.0,56.65314483642578,1
2019-10-17,56.60739408885646,56.86263123406573,56.22935520609421,56.65314483642578,67585200.0,0.0038825608814043733,72.69719925471466,98414320.0,0.0,0.0,0.0,0.0,0.0,0.0,0.0,0.0,56.92525863647461,1
2019-10-18,56.487018350333805,57.20698296006375,56.41478049639996,56.92525863647461,97433600.0,0.004803154367414297,69.16000320992163,84541920.0,0.0,0.0,0.0,0.0,0.0,0.0,0.0,0.0,57.9124870300293,1
2019-10-21,57.19252621915649,58.028069045974206,57.14436888293073,57.9124870300293,87247200.0,0.01734253681409048,71.98397931800409,82705840.0,0.0,0.0,0.0,0.0,0.0,0.0,0.0,0.0,57.780052185058594,0
2019-10-22,58.0689998611354,58.31942020062354,57.69818067626545,57.780052185058594,82293600.0,-0.002286809836055448,84.00803879429489,81692560.0,0.0,0.0,0.0,0.0,0.0,0.0,0.0,0.0,58.555397033691406,1
2019-10-23,58.29534668236837,58.5698475413598,58.083449993262974,58.555397033691406,75828800.0,0.013418901840890118,84.56533355785092,82077680.0,0.0,0.0,0.0,0.0,0.0,0.0,0.0,0.0,58.65172958374024,1
2019-10-24,58.87566290554312,58.94549418325831,58.2255295214607,58.65172958374024,69275200.0,0.001645152367311331,81.02137194283917,82415680.0,0.0,0.0,0.0,0.0,0.0,0.0,0.0,0.0,59.37408828735352,1
2019-10-25,58.55058568488102,59.410205372219664,58.48316467701797,59.37408828735352,73477200.0,0.012316068234303756,82.82871793878434,77624400.0,0.0,0.0,0.0,0.0,0.0,0.0,0.0,0.0,59.968849182128906,1
2019-10-28,59.57635965879732,60.01700652675471,59.40780711552205,59.968849182128906,96572800.0,0.010017179411613286,91.94441327880948,79489520.0,0.0,0.0,0.0,0.0,0.0,0.0,0.0,0.0,58.58188629150391,0
2019-10-29,59.94957747544215,60.137393666231965,58.408520608918174,58.58188629150391,142839600.0,-0.02312805580798638,75.70085679782505,91598720.0,0.0,0.0,0.0,0.0,0.0,0.0,0.0,0.0,58.57466125488281,0
2019-10-30,58.93584679244088,59.06587564349659,58.08104395955555,58.57466125488281,124522000.0,-0.00012333226323835156,72.97043984195261,101337360.0,0.0,0.0,0.0,0.0,0.0,0.0,0.0,0.0,59.89901351928711,1
2019-10-31,59.53301478761967,59.997738456744734,57.12992415330036,59.89901351928711,139162000.0,0.022609644444062438,72.06736054948139,115314720.0,0.0,0.0,0.0,0.0,0.0,0.0,0.0,0.0,61.59898376464844,1
2019-11-01,60.08681711740279,61.62546717365194,59.99531929076373,61.59898376464844,151125200.0,0.02838060504642459,78.19402805435396,130844320.0,0.0,0.0,0.0,0.0,0.0,0.0,0.0,0.0,62.00352096557617,1
2019-11-04,61.96258336895109,62.087799065682624,61.49304655122489,62.00352096557617,103272000.0,0.006567270695136074,80.35623321260682,132184160.0,0.0,0.0,0.0,0.0,0.0,0.0,0.0,0.0,61.9144287109375,0
2019-11-05,61.89516136636196,62.16966591402172,61.719389100058784,61.9144287109375,79897600.0,-0.0014368902483479218,81.76843469694887,119595760.0,0.0,0.0,0.0,0.0,0.0,0.0,0.0,0.0,61.940914154052734,1
2019-11-06,61.8277423830643,62.00111174823086,61.49063732533464,61.940914154052734,75864400.0,0.0004277749737284786,81.33255453941433,109864240.0,0.0,0.0,0.0,0.0,0.0,0.0,0.0,0.0,62.65578842163086,1
2019-11-07,62.48914366890488,62.87798388206564,62.336989123337645,62.65578842163086,94940400.0,0.011541228884678123,82.16422229324068,101019920.0,0.0,0.0,0.0,0.0,0.0,0.0,0.0,0.0,62.82725524902344,1
2019-11-08,62.47705811703485,62.89970626993197,62.03267465786518,62.82725524902344,69986400.0,0.0027366478295465235,80.25763674815543,84792160.0,0.0,0.0,0.0,0.0,0.0,0.0,0.0,0.0,63.32478332519531,1
2019-11-11,62.38287566125335,63.38998925576352,62.37804804912244,63.32478332519531,81821200.0,0.007918984749530456,82.64660723372496,80502000.0,0.0,0.0,0.0,0.0,0.0,0.0,0.0,0.0,63.26681518554688,0
2019-11-12,63.16779385877103,63.467275330366334,63.01564668730592,63.26681518554688,87388800.0,-0.000915409995968619,80.26907248007551,82000240.0,0.0,0.0,0.0,0.0,0.0,0.0,0.0,0.0,63.87301635742188,1
2019-11-13,63.06636290054914,63.94788488330166,63.051872693630486,63.87301635742188,102734400.0,0.009581660940212622,81.40628248269024,87374240.0,0.0,0.0,0.0,0.0,0.0,0.0,0.0,0.0,63.43105697631836,0
2019-11-14,63.69913320290586,63.972044412574895,63.30063772993472,63.43105697631836,89182800.0,-0.006919344134781347,75.41795715082435,86222720.0,0.0,0.0,0.0,0.0,0.0,0.0,0.0,0.0,64.18457794189453,1
2019-11-15,63.6822261428361,64.18940555462353,63.52041635680175,64.18457794189453,100206400.0,0.01187936953119828,75.75914912244772,92266720.0,0.0,0.0,0.0,0.0,0.0,0.0,0.0,0.0,64.5081787109375,1
2019-11-18,64.19420712131594,64.5878748258364,63.8150369899025,64.5081787109375,86703200.0,0.005041721538403099,91.90645516307778,93243120.0,0.0,0.0,0.0,0.0,0.0,0.0,0.0,0.0,64.31256866455078,0
2019-11-19,64.7014014789589,64.72555427926248,64.09520820261831,64.31256866455078,76167200.0,-0.003032329392886002,89.65955943118234,90998800.0,0.0,0.0,0.0,0.0,0.0,0.0,0.0,0.0,63.56386947631836,0
2019-11-20,64.13142705771119,64.26183889908727,62.89004548094563,63.56386947631836,106234400.0,-0.011641568728774865,77.83247134240747,91698800.0,0.0,0.0,0.0,0.0,0.0,0.0,0.0,0.0,63.27889633178711,0
2019-11-21,63.68463686995975,63.76192288782129,63.07843618360873,63.27889633178711,121395200.0,-0.004483256712957351,66.20585930333849,98141280.0,0.0,0.0,0.0,0.0,0.0,0.0,0.0,0.0,63.22335433959961,0
2019-11-22,63.41897953212762,63.56147150135165,62.99633123733724,63.22335433959961,65325200.0,-0.0008777332634924973,62.63538433610833,91165040.0,0.0,0.0,0.0,0.0,0.0,0.0,0.0,0.0,64.3318862915039,1
2019-11-25,63.44794686989705,64.34879398870619,63.40205876057649,64.3318862915039,84020400.0,0.01753358333298638,70.51786532208149,90628480.0,0.0,0.0,0.0,0.0,0.0,0.0,0.0,0.0,63.82954788208008,0
2019-11-26,64.46955661049978,64.52268982778749,63.39723704007561,63.82954788208008,105207600.0,-0.007808544695045994,64.99096934236616,96436560.0,0.0,0.0,0.0,0.0,0.0,0.0,0.0,0.0,64.68692779541016,1
2019-11-27,64.14110532481291,64.72074319855238,64.07589938069799,64.68692779541016,65235600.0,0.013432335678047025,65.62877499359864,88236800.0,0.0,0.0,0.0,0.0,0.0,0.0,0.0,0.0,64.54442596435547,0
2019-11-29,64.3874438018525,64.72556092964365,64.21838155275661,64.54442596435547,46617600.0,-0.0022029463434311003,63.317925722279796,73281280.0,0.0,0.0,0.0,0.0,0.0,0.0,0.0,0.0,63.798152923583984,0
2019-12-02,64.54925573361756,64.78594141618035,63.62668054776039,63.798152923583984,94487200.0,-0.01156216093987128,53.75326359470334,79113680.0,0.0,0.0,0.0,0.0,0.0,0.0,0.0,0.0,62.66061782836914,0
2019-12-03,62.38528917605255,62.67993564606166,61.89743504751932,62.66061782836914,114430400.0,-0.017830219890180188,46.41053641265937,85195680.0,0.0,0.0,0.0,0.0,0.0,0.0,0.0,0.0,63.21369552612305,1
2019-12-04,63.05188572528826,63.59287321646405,62.95769199044866,63.21369552612305,67181600.0,0.008826559917886723,46.08174054059671,77590480.0,0.0,0.0,0.0,0.0,0.0,0.0,0.0,0.0,64.1410903930664,1
2019-12-05,63.708786950569554,64.21596628682174,63.45278347643845,64.1410903930664,74424400.0,0.014670790233425102,54.565553533604444,79428240.0,0.0,0.0,0.0,0.0,0.0,0.0,0.0,0.0,65.38007354736328,1
2019-12-06,64.59999018409937,65.4501144789685,64.5565121818328,65.38007354736328,106075600.0,0.019316527778124648,57.00951769733416,91319840.0,0.0,0.0,0.0,0.0,0.0,0.0,0.0,0.0,64.46473693847656,0
2019-12-09,65.20859470172705,65.40180240453456,63.97929281939081,64.46473693847656,128042400.0,-0.014000238287031341,50.115745304135565,98030880.0,0.0,0.0,0.0,0.0,0.0,0.0,0.0,0.0,64.84149169921875,1
2019-12-10,64.87047211517775,65.22549695147708,64.20872067904382,64.84149169921875,90420400.0,0.005844354272348085,53.07186259665652,93228880.0,0.0,0.0,0.0,0.0,0.0,0.0,0.0,0.0,65.39453125,1
2019-12-11,64.92116740740529,65.4742347391992,64.84629889961117,65.39453125,78756800.0,0.008529099752156322,60.001524456782896,95543920.0,0.0,0.0,0.0,0.0,0.0,0.0,0.0,0.0,65.56118774414062,1
2019-12-12,64.67242071287119,65.82685380522655,64.56132667656246,65.56118774414062,137310400.0,0.002548477540170735,62.560003644390186,108121120.0,0.0,0.0,0.0,0.0,0.0,0.0,0.0,0.0,66.45237731933594,1
2019-12-13,65.56119272916709,66.48860283714761,65.43319098596562,66.45237731933594,133587600.0,0.013593249388239803,66.13543459405463,113623520.0,0.0,0.0,0.0,0.0,0.0,0.0,0.0,0.0,67.58988952636719,1
2019-12-16,66.89916522108179,67.81450243348627,66.89433760978851,67.58988952636719,128186000.0,0.017117705233703706,66.04589209928344,113652240.0,0.0,0.0,0.0,0.0,0.0,0.0,0.0,0.0,67.72274780273438,1
2019-12-17,67.51987750779749,68.0512023648985,67.33390754297105,67.72274780273438,114158400.0,0.0019656531072647088,69.89205605704049,118399840.0,0.0,0.0,0.0,0.0,0.0,0.0,0.0,0.0,67.56094360351562,0
2019-12-18,67.57543381519078,68.08261333502914,67.41120650260393,67.56094360351562,116028400.0,-0.0023892149162355603,65.8221233363514,125854160.0,0.0,0.0,0.0,0.0,0.0,0.0,0.0,0.0,67.6285400390625,1
2019-12-19,67.50295579789868,67.90869630356615,67.3701264537908,67.6285400390625,98369200.0,0.0010005253322624696,67.10951673163277,118065920.0,0.0,0.0,0.0,0.0,0.0,0.0,0.0,0.0,67.48846435546875,0
2019-12-20,68.16228839852033,68.26371983787888,67.27593151247044,67.48846435546875,275978000.0,-0.0020712510356255542,72.02016734203666,146544000.0,0.0,0.0,0.0,0.0,0.0,0.0,0.0,0.0,68.58976745605469,1
2019-12-23,67.75171612929323,68.65014577247727,67.71307312233479,68.58976745605469,98572000.0,0.01631839027756299,85.59917954614433,140621200.0,0.0,0.0,0.0,0.0,0.0,0.0,0.0,0.0,68.65497589111328,1
2019-12-24,68.75641470938284,68.80472031244457,68.32893886684734,68.65497589111328,48478800.0,0.0009507020868728677,84.65650654640883,127485280.0,0.0,0.0,0.0,0.0,0.0,0.0,0.0,0.0,70.0171127319336,1
2019-12-26,68.78781107661511,70.03402042966727,68.758830663586,70.0171127319336,93121200.0,0.019840322178259262,85.28859985944047,122903840.0,0.0,0.0,0.0,0.0,0.0,0.0,0.0,0.0,69.99053955078125,0
2019-12-27,70.30933882174277,70.99765308437338,69.58479904432102,69.99053955078125,146266000.0,-0.00037952409226127415,82.317730926645,132483200.0,0.0,0.0,0.0,0.0,0.0,0.0,0.0,0.0,70.40594482421875,1
2019-12-30,69.90842808466655,70.68851858911005,68.88441419283483,70.40594482421875,144114400.0,0.005935163182105629,95.08548692074888,106110480.0,0.0,0.0,0.0,0.0,0.0,0.0,0.0,0.0,70.92036437988281,1
2019-12-31,70.02193479517499,70.92760948256597,69.92291347823897,70.92036437988281,100805600.0,0.007306478976291109,95.15738222794046,106557200.0,0.0,0.0,0.0,0.0,0.0,0.0,0.0,0.0,72.53852081298828,1
2020-01-02,71.5458973217052,72.59889913772518,71.29231130597061,72.53852081298828,135480400.0,0.02281652734379458,95.7630604321678,123957520.0,0.0,0.0,0.0,0.0,0.0,0.0,0.0,0.0,71.8332748413086,0
2020-01-03,71.76565143491464,72.59404000584014,71.60866931689996,71.8332748413086,146322800.0,-0.009722364941765038,88.0053479463894,134597840.0,0.0,0.0,0.0,0.0,0.0,0.0,0.0,0.0,72.40568542480469,1
2020-01-06,70.9541954829699,72.4443284378041,70.70301958367426,72.40568542480469,118387200.0,0.007968599298314727,87.4226539674371,129022080.0,0.0,0.0,0.0,0.0,0.0,0.0,0.0,0.0,72.06513977050781,0
2020-01-07,72.41532954893665,72.67133299565539,71.84536183598526,72.06513977050781,108872000.0,-0.004703299917663828,81.36207278152297,121973600.0,0.0,0.0,0.0,0.0,0.0,0.0,0.0,0.0,73.22442626953125,1
2020-01-08,71.76810120120939,73.52631792855652,71.76810120120939,73.22442626953125,132079200.0,0.016086647479144567,83.60216366955714,128228320.0,0.0,0.0,0.0,0.0,0.0,0.0,0.0,0.0,74.7797622680664,1
2020-01-09,74.20254195863613,74.97296995476395,73.95137344000949,74.7797622680664,170108400.0,0.021240671696219682,87.62184028620986,135153920.0,0.0,0.0,0.0,0.0,0.0,0.0,0.0,0.0,74.94881439208984,1
2020-01-10,75.01402769601006,75.51396196419593,74.44647000292952,74.94881439208984,140644800.0,0.002260666775289133,87.7351990279471,134018320.0,0.0,0.0,0.0,0.0,0.0,0.0,0.0,0.0,76.550048828125,1
2020-01-13,75.26520375211625,76.57661912211044,75.14685723047293,76.550048828125,121532000.0,0.021364373126149916,90.56355551755541,134647280.0,0.0,0.0,0.0,0.0,0.0,0.0,0.0,0.0,75.5163803100586,0
2020-01-14,76.48726853727727,76.69738393857047,75.39321353332888,75.5163803100586,161954400.0,-0.013503172550382914,81.62731347236486,145263760.0,0.0,0.0,0.0,0.0,0.0,0.0,0.0,0.0,75.19274139404297,0
2020-01-15,75.31591552157606,76.19743749233605,74.76043057245047,75.19274139404297,121923600.0,-0.004285678348019517,79.29399782536659,143232640.0,0.0,0.0,0.0,0.0,0.0,0.0,0.0,0.0,76.13463592529297,1
2020-01-16,75.73614052978684,76.24573732895618,75.37387064834499,76.13463592529297,108829200.0,0.01252640233335911,78.28505396801012,130976800.0,0.0,0.0,0.0,0.0,0.0,0.0,0.0,0.0,76.97753143310547,1
2020-01-17,76.38340344954888,76.97994155406593,76.07668423312775,76.97753143310547,137816400.0,0.011071117600661928,79.96499568608152,130411120.0,0.0,0.0,0.0,0.0,0.0,0.0,0.0,0.0,76.45584869384766,0
2020-01-21,76.60558572443774,77.04755171377299,76.31818437718287,76.45584869384766,110843200.0,-0.006777078058305408,75.87647593553555,128273360.0,0.0,0.0,0.0,0.0,0.0,0.0,0.0,0.0,76.72877502441406,1
2020-01-22,76.94130052804331,77.28183515069573,76.63458130371416,76.72877502441406,101832400.0,0.0035697246872412602,75.30557169235165,116248960.0,0.0,0.0,0.0,0.0,0.0,0.0,0.0,0.0,77.09827423095703,1
2020-01-23,76.78189247630218,77.17797035715289,76.23365270464286,77.09827423095703,104472000.0,0.004815653663510222,72.12804676296543,112758640.0,0.0,0.0,0.0,0.0,0.0,0.0,0.0,0.0,76.87608337402344,0
2020-01-24,77.34461967692074,78.08847725706723,76.68528583944577,76.87608337402344,146537600.0,-0.0028819173859585545,75.83619832922037,120300320.0,0.0,0.0,0.0,0.0,0.0,0.0,0.0,0.0,74.61553192138672,0
2020-01-27,74.88360812840847,75.29659377968004,73.63257108817264,74.61553192138672,161940000.0,-0.02940513295453029,60.155565035783994,125125040.0,0.0,0.0,0.0,0.0,0.0,0.0,0.0,0.0,76.72634887695312,1
2020-01-28,75.49704725649863,76.89782122944564,75.39802593452413,76.72634887695312,162234000.0,0.02828924355575624,68.07402041546945,135403200.0,0.0,0.0,0.0,0.0,0.0,0.0,0.0,0.0,78.33240509033203,1
2020-01-29,78.35897537992071,79.18011893979981,77.61752794800897,78.33240509033203,216229200.0,0.02093226429885986,68.91973681390769,158282560.0,0.0,0.0,0.0,0.0,0.0,0.0,0.0,0.0,78.21891784667969,0
2020-01-30,77.4146817332591,78.27205107194843,76.98237082631806,78.21891784667969,126743200.0,-0.0014487904912593441,64.26081290776574,162736800.0,0.0,0.0,0.0,0.0,0.0,0.0,0.0,0.0,74.75078582763672,0
2020-01-31,77.50886365949354,77.9315119457232,74.456139298992,74.75078582763672,199588400.0,-0.044338788038988275,49.98251064922951,173346960.0,0.0,0.0,0.0,0.0,0.0,0.0,0.0,0.0,74.54549407958984,0
2020-02-03,73.49249228699044,75.71200004458515,72.99014787932889,74.54549407958984,173788400.0,-0.0027463490286275816,43.519928339946304,175716640.0,0.0,0.0,0.0,0.0,0.0,0.0,0.0,0.0,77.00653076171875,1
2020-02-04,76.15157146520623,77.19732836608448,75.74583081853675,77.00653076171875,136616400.0,0.03301388920303272,55.41832605105804,170593120.0,0.0,0.0,0.0,0.0,0.0,0.0,0.0,0.0,77.6344223022461,1
2020-02-05,78.13434903256176,78.43383041711581,77.03063929280383,77.6344223022461,118826800.0,0.008153744030752863,58.280698781199874,151112640.0,0.0,0.0,0.0,0.0,0.0,0.0,0.0,0.0,78.54252624511719,1
2020-02-06,77.90493506301061,78.54494373627665,77.34704001476739,78.54252624511719,105425600.0,0.01169718168746936,58.115286325172704,146849120.0,0.0,0.0,0.0,0.0,0.0,0.0,0.0,0.0,77.47492980957031,0
2020-02-07,78.04141124169928,78.29076000098544,76.98349458931148,77.47492980957031,117684000.0,-0.01359259100242205,52.192419484754176,130468240.0,0.0,0.0,0.0,0.0,0.0,0.0,0.0,0.0,77.84290313720703,1
2020-02-10,76.05872699723375,77.84290313720703,75.97884171109904,77.84290313720703,109348800.0,0.004749579361235767,54.962846241308945,117580320.0,0.0,0.0,0.0,0.0,0.0,0.0,0.0,0.0,77.37323760986328,0
2020-02-11,78.33916745517011,78.41179042644524,77.15536130814662,77.37323760986328,94323200.0,-0.006033504769418885,52.64133745335536,109121680.0,0.0,0.0,0.0,0.0,0.0,0.0,0.0,0.0,79.21068572998047,1
2020-02-12,77.8235277760248,79.21552479911539,77.8235277760248,79.21068572998047,113730400.0,0.02374785102546828,56.52222016731304,108102400.0,0.0,0.0,0.0,0.0,0.0,0.0,0.0,0.0,78.64661407470703,0
2020-02-13,78.481997082219,78.97343221924942,78.27864537598826,78.64661407470703,94747600.0,-0.007121156067203982,55.50376854007281,105966800.0,0.0,0.0,0.0,0.0,0.0,0.0,0.0,0.0,78.6659927368164,1
2020-02-14,78.61514926442095,78.91534147799902,78.15760972810558,78.6659927368164,80113600.0,0.0002464017343577485,63.47547780900722,98452720.0,0.0,0.0,0.0,0.0,0.0,0.0,0.0,0.0,77.22557830810547,0
2020-02-18,76.34438007526671,77.40714314738784,76.16281523598434,77.22557830810547,152531200.0,-0.01831050977173787,52.28142111576088,107089200.0,0.0,0.0,0.0,0.0,0.0,0.0,0.0,0.0,78.34402465820312,1
2020-02-19,77.46767279180867,78.57400976696101,77.46767279180867,78.34402465820312,93984000.0,0.0144828484888182,50.65894226529392,107021360.0,0.0,0.0,0.0,0.0,0.0,0.0,0.0,0.0,77.540283203125,0
2020-02-20,78.10434874137093,78.59336068691168,77.0343234338156,77.540283203125,100566000.0,-0.01025912899655923,48.41039319316261,104388480.0,0.0,0.0,0.0,0.0,0.0,0.0,0.0,0.0,75.78516387939453,0
2020-02-21,77.13358724414647,77.57660960627356,75.1678463572217,75.78516387939453,129554000.0,-0.022634935690559077,54.35356857752406,111349760.0,0.0,0.0,0.0,0.0,0.0,0.0,0.0,0.0,72.18534088134766,0
2020-02-24,71.96262546916086,73.63785968182607,70.01867143670297,72.18534088134766,222195200.0,-0.047500365688668,43.3736100423624,139766080.0,0.0,0.0,0.0,0.0,0.0,0.0,0.0,0.0,69.74026489257812,0
2020-02-25,72.85592387195561,73.23841723217687,69.26820072326095,69.74026489257812,230673600.0,-0.03387219564133592,28.361978650676875,155394560.0,0.0,0.0,0.0,0.0,0.0,0.0,0.0,0.0,70.84658813476562,1
2020-02-26,69.36502045153675,72.11270274954929,69.35775815457548,70.84658813476562,198054800.0,0.015863479209486497,30.762161262003744,176208720.0,0.0,0.0,0.0,0.0,0.0,0.0,0.0,0.0,66.21548461914062,0
2020-02-27,68.05050408823062,69.23672624207228,66.07991679515257,66.21548461914062,320605600.0,-0.06536805282444413,20.822333559057398,220216640.0,0.0,0.0,0.0,0.0,0.0,0.0,0.0,0.0,66.1767578125,0
2020-02-28,62.27917132496963,67.3992989911438,62.0637108077199,66.1767578125,426510000.0,-0.0005848602764652044,21.822615850676115,279607840.0,0.0,0.0,0.0,0.0,0.0,0.0,0.0,0.0,72.33785247802734,1
2020-03-02,68.33616370279057,72.97454103190371,67.23225006740749,72.33785247802734,341397200.0,0.09310058197447058,41.055566711375754,303448240.0,0.0,0.0,0.0,0.0,0.0,0.0,0.0,0.0,70.04045104980469,0
2020-03-03,73.5143929639958,73.59427823904339,69.18830204720706,70.04045104980469,319475600.0,-0.031759325851157816,38.31116366097478,321208640.0,0.0,0.0,0.0,0.0,0.0,0.0,0.0,0.0,73.28926086425781,1
2020-03-04,71.76411894811032,73.44903883256075,70.962813265488,73.28926086425781,219178400.0,0.0463847643148807,41.73811796920771,325433360.0,0.0,0.0,0.0,0.0,0.0,0.0,0.0,0.0,70.91197967529297,0
2020-03-05,71.5413986547228,72.51700693831131,70.546426702123,70.91197967529297,187572800.0,-0.03243696499229143,39.296751432204005,298826800.0,0.0,0.0,0.0,0.0,0.0,0.0,0.0,0.0,69.97026062011719,0
2020-03-06,68.26839282499563,70.40359752261656,68.08198888011519,69.97026062011719,226176800.0,-0.013280112323586613,38.09267617229145,258760160.0,0.0,0.0,0.0,0.0,0.0,0.0,0.0,0.0,64.43614959716797,0
2020-03-09,63.850297174318,67.32181576257562,63.66873234822989,64.43614959716797,286744800.0,-0.07909233114044034,33.522500351516584,247829680.0,0.0,0.0,0.0,0.0,0.0,0.0,0.0,0.0,69.07694244384766,1
2020-03-10,67.0918381105168,69.34323899980069,65.21082178320125,69.07694244384766,285290000.0,0.0720215729166358,40.302561914095065,240992560.0,0.0,0.0,0.0,0.0,0.0,0.0,0.0,0.0,66.6778793334961,0
2020-03-11,67.15237416724361,68.07956216167183,65.81362880191305,66.6778793334961,255598800.0,-0.03473030255069198,38.62705906061933,248276640.0,0.0,0.0,0.0,0.0,0.0,0.0,0.0,0.0,60.0931282043457,0
2020-03-12,61.95961666217629,65.36335211068649,60.037449346112034,60.0931282043457,418474000.0,-0.09875465739118816,34.20391818633354,294456880.0,0.0,0.0,0.0,0.0,0.0,0.0,0.0,0.0,67.29278564453125,1
2020-03-13,64.12629743078345,67.76485728131117,61.23578029525555,67.29278564453125,370732000.0,0.11980833175639027,47.10334188034582,323367920.0,0.0,0.0,0.0,0.0,0.0,0.0,0.0,0.0,58.6357650756836,0
2020-03-16,58.572820229839216,62.7197589173465,58.10075235573811,58.6357650756836,322423600.0,-0.12864708283258874,41.73661921068793,330503680.0,0.0,0.0,0.0,0.0,0.0,0.0,0.0,0.0,61.213985443115234,1
2020-03-17,59.91882134064479,62.36389249089527,57.71341343349159,61.213985443115234,324056000.0,0.043970098524404255,43.640924732821325,338256880.0,0.0,0.0,0.0,0.0,0.0,0.0,0.0,0.0,59.71546173095703,0
2020-03-18,58.04506677199188,60.52161001969285,57.40353548941557,59.71546173095703,300233600.0,-0.02448008737399965,45.81952955575439,347183840.0,0.0,0.0,0.0,0.0,0.0,0.0,0.0,0.0,59.25791549682617,0
2020-03-19,59.88976122109357,61.209131513713295,58.73258839181393,59.25791549682617,271857200.0,-0.007662106611388109,45.427004461098,317860480.0,0.0,0.0,0.0,0.0,0.0,0.0,0.0,0.0,55.49589538574219,0
2020-03-20,59.83892290297791,60.96462703593952,55.19570687816326,55.49589538574219,401693200.0,-0.06348552897182957,35.42750367806023,324052720.0,0.0,0.0,0.0,0.0,0.0,0.0,0.0,0.0,54.316932678222656,0
2020-03-23,55.215074984673336,55.31675084492223,51.4699975094161,54.316932678222656,336752800.0,-0.021244142459992177,35.90145737502124,326918560.0,0.0,0.0,0.0,0.0,0.0,0.0,0.0,0.0,59.76631164550781,1
2020-03-24,57.21956082962695,59.962401104198456,56.72086326951332,59.76631164550781,287531200.0,0.10032560195487594,40.017862731219175,319613600.0,0.0,0.0,0.0,0.0,0.0,0.0,0.0,0.0,59.43706893920898,0
2020-03-25,60.70318009593795,62.518828553443576,59.14172316127237,59.43706893920898,303602000.0,-0.005508834278609598,41.34331406470361,320287280.0,0.0,0.0,0.0,0.0,0.0,0.0,0.0,0.0,62.564823150634766,1
2020-03-26,59.679153090462734,62.62292153490078,59.640418371654654,62.564823150634766,252087200.0,0.05262295512291826,45.60883468599745,316333280.0,0.0,0.0,0.0,0.0,0.0,0.0,0.0,0.0,59.9744987487793,0
2020-03-27,61.18735053944383,61.94265908510833,59.80745850642363,59.9744987487793,204216800.0,-0.04140224924185998,47.71890909439645,276838000.0,0.0,0.0,0.0,0.0,0.0,0.0,0.0,0.0,61.68605422973633,1
2020-03-30,60.70076419532565,61.85793725267391,60.376365510763634,61.68605422973633,167976400.0,0.028538053950669662,44.771003666787685,243082720.0,0.0,0.0,0.0,0.0,0.0,0.0,0.0,0.0,61.56016540527344,0
2020-03-31,61.87730177654374,63.54527367451045,61.005789027148815,61.56016540527344,197002000.0,-0.002040798784017639,46.752805508577616,224976880.0,0.0,0.0,0.0,0.0,0.0,0.0,0.0,0.0,58.32105255126953,0
2020-04-01,59.67431503612997,60.21174729667696,57.890138928877285,58.32105255126953,176218400.0,-0.05261702649236921,49.86836072044387,199500160.0,0.0,0.0,0.0,0.0,0.0,0.0,0.0,0.0,59.294227600097656,1
2020-04-02,58.18305177157115,59.34748691027914,57.35027386031046,59.294227600097656,165934000.0,0.016686513810302284,41.09478114830702,182269520.0,0.0,0.0,0.0,0.0,0.0,0.0,0.0,0.0,58.44208908081055,0
2020-04-03,58.77858908876302,59.4806382957601,57.85139756896397,58.44208908081055,129880000.0,-0.01437135710805193,50.982312435196064,167402160.0,0.0,0.0,0.0,0.0,0.0,0.0,0.0,0.0,63.54044342041016,1
2020-04-06,60.73950086568339,63.69537493741288,60.37153204839501,63.54044342041016,201820400.0,0.08723771548532233,55.07491087604486,174170960.0,0.0,0.0,0.0,0.0,0.0,0.0,0.0,0.0,62.80448913574219,0
2020-04-07,65.55701102978264,65.77489475614705,62.70039373005676,62.80448913574219,202887200.0,-0.011582454340121506,56.48061119259285,175348000.0,0.0,0.0,0.0,0.0,0.0,0.0,0.0,0.0,64.4119644165039,1
2020-04-08,63.6058121393102,64.72667394842254,63.24026650501276,64.4119644165039,168895200.0,0.025594910537165783,59.436389992582214,173883360.0,0.0,0.0,0.0,0.0,0.0,0.0,0.0,0.0,64.87675476074219,1
2020-04-09,65.04864148440106,65.38029878683781,64.080295544256,64.87675476074219,161834800.0,0.007215900779439455,68.14335710271405,173063520.0,0.0,0.0,0.0,0.0,0.0,0.0,0.0,0.0,66.15011596679688,1
2020-04-13,64.95420843019932,66.25905781375604,64.353831433513,66.15011596679688,131022800.0,0.01962738750960491,72.59766661889827,173292080.0,0.0,0.0,0.0,0.0,0.0,0.0,0.0,0.0,69.49092864990234,1
2020-04-14,67.7842217363413,69.78143541250135,67.31215009409136,69.49092864990234,194994800.0,0.05050350455594588,69.3122789883877,171926960.0,0.0,0.0,0.0,0.0,0.0,0.0,0.0,0.0,68.85665130615234,0
2020-04-15,68.365216078865,69.31661411100032,67.93672569645638,68.85665130615234,131154400.0,-0.009127484062639413,68.71391108760764,157580400.0,0.0,0.0,0.0,0.0,0.0,0.0,0.0,0.0,69.40377807617188,1
2020-04-16,69.57081834931556,69.76933104897813,68.35312357088294,69.40377807617188,157125200.0,0.007945881184184822,64.98145819520872,155226400.0,0.0,0.0,0.0,0.0,0.0,0.0,0.0,0.0,68.46205139160156,0
2020-04-17,68.91959837030558,69.46671616167201,67.02405715552152,68.46205139160156,215250000.0,-0.013568810094700456,70.19887278666971,165909440.0,0.0,0.0,0.0,0.0,0.0,0.0,0.0,0.0,67.04100036621094,0
2020-04-20,67.28793327913718,68.19091103013936,67.02163670043845,67.04100036621094,130015200.0,-0.020756769575341005,63.38940709999401,165707920.0,0.0,0.0,0.0,0.0,0.0,0.0,0.0,0.0,64.96873474121094,0
2020-04-21,66.8836393098129,67.11846344497374,64.25700003826536,64.96873474121094,180991600.0,-0.030910422184637243,58.413071204433116,162907280.0,0.0,0.0,0.0,0.0,0.0,0.0,0.0,0.0,66.84007263183594,1
2020-04-22,66.23727232674312,67.27582530173389,65.89593692179542,66.84007263183594,116862400.0,0.028803668381092384,70.83229513976781,160048880.0,0.0,0.0,0.0,0.0,0.0,0.0,0.0,0.0,66.58104705810547,0
2020-04-23,66.78439882318551,68.20786856663918,66.54231233315308,66.58104705810547,124814400.0,-0.003875303594555013,68.53342962935179,153586720.0,0.0,0.0,0.0,0.0,0.0,0.0,0.0,0.0,68.50323486328125,1
2020-04-24,67.10639805776478,68.51292039438879,67.0579777901227,68.50323486328125,126161200.0,0.02886989451364874,74.01156853281591,135768960.0,0.0,0.0,0.0,0.0,0.0,0.0,0.0,0.0,68.55162048339844,1
2020-04-27,68.21995585468255,68.88327772422247,67.77210185087893,68.55162048339844,117087600.0,0.0007063260620283618,65.3318579769449,133183440.0,0.0,0.0,0.0,0.0,0.0,0.0,0.0,0.0,67.44043731689453,0
2020-04-28,69.01399917951635,69.19556400981887,67.34845067537042,67.44043731689453,112004800.0,-0.016209436898329876,64.18558808749637,119386080.0,0.0,0.0,0.0,0.0,0.0,0.0,0.0,0.0,69.65553283691406,1
2020-04-29,68.92927352946674,70.125181113428,68.7259218099285,69.65553283691406,137280800.0,0.03284521287445186,65.14388289667374,123469760.0,0.0,0.0,0.0,0.0,0.0,0.0,0.0,0.0,71.12499237060547,1
2020-04-30,70.19538133730589,71.30171812959233,69.80562571918327,71.12499237060547,183064000.0,0.02109609206682661,66.84237696881851,135119680.0,0.0,0.0,0.0,0.0,0.0,0.0,0.0,0.0,69.97993469238281,0
2020-05-01,69.29724910279991,72.38385146458401,69.2004159964793,69.97993469238281,240616800.0,-0.01609923094622201,60.70374329905373,158010800.0,0.0,0.0,0.0,0.0,0.0,0.0,0.0,0.0,70.9700698852539,1
2020-05-04,70.00414724151751,71.09837541785019,69.31419932975179,70.9700698852539,133568000.0,0.014148844196890442,54.87184271238479,161306880.0,0.0,0.0,0.0,0.0,0.0,0.0,0.0,0.0,72.03523254394531,1
2020-05-05,71.43001651075052,72.86801039665262,71.28476318520556,72.03523254394531,147751200.0,0.015008617864031848,59.568589437014104,168456160.0,0.0,0.0,0.0,0.0,0.0,0.0,0.0,0.0,72.77845764160156,1
2020-05-06,72.7372996904726,73.41029979065098,72.35238308451844,72.77845764160156,142333600.0,0.010317522015395042,59.947272958170586,169466720.0,0.0,0.0,0.0,0.0,0.0,0.0,0.0,0.0,73.53133392333984,1
2020-05-07,73.40545163246576,73.87752315205448,73.10284357834273,73.53133392333984,115215200.0,0.010344768302810614,64.85842531921527,155896960.0,0.0,0.0,0.0,0.0,0.0,0.0,0.0,0.0,75.28150939941406,1
2020-05-08,74.19160117798899,75.33491288731747,73.86389829348582,75.28150939941406,133838400.0,0.023801764264182568,73.4843652356969,134541280.0,0.0,0.0,0.0,0.0,0.0,0.0,0.0,0.0,76.46609497070312,1
2020-05-11,74.78874828363153,76.96128289724894,74.57998648849065,76.46609497070312,145946400.0,0.01573541206518736,84.78783581210696,137016960.0,0.0,0.0,0.0,0.0,0.0,0.0,0.0,0.0,75.59222412109375,0
2020-05-12,77.15062231412254,77.60212591001033,75.47085322222706,75.59222412109375,162301200.0,-0.011428213379330865,78.40586358930418,139926960.0,0.0,0.0,0.0,0.0,0.0,0.0,0.0,0.0,74.67950439453125,0
2020-05-13,75.77184236444022,76.69426553932014,73.60173033825646,74.67950439453125,200622400.0,-0.01207425416006258,75.59481721816384,151584720.0,0.0,0.0,0.0,0.0,0.0,0.0,0.0,0.0,75.13829040527344,1
2020-05-14,73.91729958475361,75.19897584845612,73.19392643517533,75.13829040527344,158929200.0,0.0061433992426949136,72.90183456465812,160327520.0,0.0,0.0,0.0,0.0,0.0,0.0,0.0,0.0,74.6940689086914,0
2020-05-15,72.90749301488646,74.74019043820076,72.87350561087283,74.6940689086914,166348400.0,-0.005912052219794073,70.7701367271314,166829520.0,0.0,0.0,0.0,0.0,0.0,0.0,0.0,0.0,76.45394897460938,1
2020-05-18,76.01944652197729,76.8277733901168,75.3276309672179,76.45394897460938,135178400.0,0.023561175493991504,79.17148627716183,164675920.0,0.0,0.0,0.0,0.0,0.0,0.0,0.0,0.0,76.01216125488281,0
2020-05-19,76.47093934712166,77.31810575212776,75.98060363958615,76.01216125488281,101729600.0,-0.005778481368873156,73.20852494199892,152561600.0,0.0,0.0,0.0,0.0,0.0,0.0,0.0,0.0,77.49046325683594,1
2020-05-20,76.8714672558423,77.56085304131686,76.83262768101243,77.49046325683594,111504800.0,0.019448230093025654,72.9759211720904,134738080.0,0.0,0.0,0.0,0.0,0.0,0.0,0.0,0.0,76.9127197265625,0
2020-05-21,77.35208167148353,77.89339840392688,76.67483016093698,76.9127197265625,102688800.0,-0.007455672685276804,76.45779999867548,123490000.0,0.0,0.0,0.0,0.0,0.0,0.0,0.0,0.0,77.40792083740234,1
2020-05-22,76.65056034866812,77.49045214412094,76.54861296126474,77.40792083740234,81803200.0,0.006438481340932611,75.41126814575611,106580960.0,0.0,0.0,0.0,0.0,0.0,0.0,0.0,0.0,76.88359069824219,0
2020-05-26,78.52694954111867,78.70657605053346,76.82775743358286,76.88359069824219,125522000.0,-0.006773598017979721,70.08572863004427,104649680.0,0.0,0.0,0.0,0.0,0.0,0.0,0.0,0.0,77.21858215332031,1
2020-05-27,76.74038797022739,77.36422869926452,76.00002111496565,77.21858215332031,112945200.0,0.004357125519708349,68.9661181144009,106892800.0,0.0,0.0,0.0,0.0,0.0,0.0,0.0,0.0,77.2525634765625,1
2020-05-28,76.89330301256463,78.51239377679266,76.61658126415462,77.2525634765625,133560800.0,0.0004400666561672484,66.90796206132012,111304000.0,0.0,0.0,0.0,0.0,0.0,0.0,0.0,0.0,77.17731475830078,0
2020-05-29,77.49530586711329,77.95651372350704,76.82048407944905,77.17731475830078,153532400.0,-0.0009740611168785884,60.16736912761331,121472720.0,0.0,0.0,0.0,0.0,0.0,0.0,0.0,0.0,78.12646484375,1
2020-06-01,77.13122179067872,78.24783576710276,77.00013911924762,78.12646484375,80791200.0,0.012298304086138634,59.05503904186584,121270320.0,0.0,0.0,0.0,0.0,0.0,0.0,0.0,0.0,78.48812866210938,1
2020-06-02,77.8594283215851,78.51240432243173,77.41763649054919,78.48812866210938,87642800.0,0.004629210077311097,66.4888697715341,113694480.0,0.0,0.0,0.0,0.0,0.0,0.0,0.0,0.0,78.92021179199219,1
2020-06-03,78.80855263967156,79.182377080961,78.23567814710795,78.92021179199219,104491200.0,0.005505076210224447,75.48750643913519,112003680.0,0.0,0.0,0.0,0.0,0.0,0.0,0.0,0.0,78.24053955078125,0
2020-06-04,78.74301685979307,79.04158453578323,77.8667151007641,78.24053955078125,87560400.0,-0.00861214416152778,68.35011067992056,102803600.0,0.0,0.0,0.0,0.0,0.0,0.0,0.0,0.0,80.46890258789062,1
2020-06-05,78.49055850056602,80.5295880347895,78.46143067131722,80.46890258789062,137250400.0,0.028480926255155525,78.03829504243322,99547200.0,0.0,0.0,0.0,0.0,0.0,0.0,0.0,0.0,80.94468688964844,1
2020-06-08,80.16548770561455,80.97867430093662,79.4542559362644,80.94468688964844,95654400.0,0.005912648072193383,74.72848782893934,102519840.0,0.0,0.0,0.0,0.0,0.0,0.0,0.0,0.0,83.50074005126953,1
2020-06-09,80.62425597002903,83.89398053792564,80.59269835430385,83.50074005126953,147712400.0,0.03157777563715514,83.33455316032658,114533760.0,0.0,0.0,0.0,0.0,0.0,0.0,0.0,0.0,85.6490249633789,1
2020-06-10,84.44987975077672,86.11751490948136,84.01051763852004,85.6490249633789,166651600.0,0.02572773499720271,84.03604647616297,126965840.0,0.0,0.0,0.0,0.0,0.0,0.0,0.0,0.0,81.53695678710938,0
2020-06-11,84.7921247209598,85.2169228066109,81.43500939497191,81.53695678710938,201662400.0,-0.04801068287733268,66.07398475603503,149786240.0,0.0,0.0,0.0,0.0,0.0,0.0,0.0,0.0,82.24091339111328,1
2020-06-12,83.67794801073093,84.42558944538845,81.12915928074322,82.24091339111328,200146000.0,0.0086335893776599,66.46199145847929,162365360.0,0.0,0.0,0.0,0.0,0.0,0.0,0.0,0.0,83.25798797607422,1
2020-06-15,80.893685772192,83.91096385670902,80.73104554507634,83.25798797607422,138808800.0,0.012367014701357038,70.84091007488388,170996240.0,0.0,0.0,0.0,0.0,0.0,0.0,0.0,0.0,85.46452331542969,1
2020-06-16,85.31402459590804,85.73640033379766,83.6779473563593,85.46452331542969,165428800.0,0.026502386053210314,73.78045975158,174539520.0,0.0,0.0,0.0,0.0,0.0,0.0,0.0,0.0,85.34558868408203,0
2020-06-17,86.2097489005749,86.27043435065384,85.22421778392413,85.34558868408203,114406400.0,-0.001391625749888048,73.2627755588355,164090480.0,0.0,0.0,0.0,0.0,0.0,0.0,0.0,0.0,85.37956237792969,1
2020-06-18,85.3018832364117,85.79707850372552,84.77027818647716,85.37956237792969,96820400.0,0.00039807205470698825,73.63544908567455,143122080.0,0.0,0.0,0.0,0.0,0.0,0.0,0.0,0.0,84.89165496826172,0
2020-06-19,86.08594777647562,86.55200784219969,83.7823232639959,84.89165496826172,264476000.0,-0.005714569108567935,70.14523048022193,155988080.0,0.0,0.0,0.0,0.0,0.0,0.0,0.0,0.0,87.11273193359375,1
2020-06-22,85.28488682520853,87.25594867927818,85.23876529939096,87.11273193359375,135445200.0,0.026163666689763776,72.88102600639886,155315360.0,0.0,0.0,0.0,0.0,0.0,0.0,0.0,0.0,88.97215270996094,1
2020-06-23,88.35801624501319,90.39219373833416,87.93807025920542,88.97215270996094,212155600.0,0.021344994412350937,74.5935361481831,164660720.0,0.0,0.0,0.0,0.0,0.0,0.0,0.0,0.0,87.401611328125,0
2020-06-24,88.6007564046994,89.52074989472776,87.02778688442697,87.401611328125,192623200.0,-0.017652055547714207,71.99878159095904,180304080.0,0.0,0.0,0.0,0.0,0.0,0.0,0.0,0.0,88.5619125366211,1
2020-06-25,87.55696539217314,88.60075211142514,86.79718241483171,88.5619125366211,137522400.0,0.013275512783626597,70.25861708095066,188444480.0,0.0,0.0,0.0,0.0,0.0,0.0,0.0,0.0,85.84077453613281,0
2020-06-26,88.45753055778336,88.67842646058456,85.69269820221506,85.84077453613281,205256800.0,-0.030725826967242464,61.59542602678277,176600640.0,0.0,0.0,0.0,0.0,0.0,0.0,0.0,0.0,87.81912994384766,1
2020-06-29,85.74854264287053,87.91380280361521,85.27034099055639,87.81912994384766,130646000.0,0.023046802855700044,60.339926194110696,175640800.0,0.0,0.0,0.0,0.0,0.0,0.0,0.0,0.0,88.55221557617188,1
2020-06-30,87.40647385577275,88.83865656219116,87.38705776907462,88.55221557617188,140223200.0,0.008347675874185612,57.51001380452713,161254320.0,0.0,0.0,0.0,0.0,0.0,0.0,0.0,0.0,88.38471984863281,0
2020-07-01,88.62989145548384,89.17363075760089,88.33617592973944,88.38471984863281,110737200.0,-0.0018914910987741784,70.94249987640143,144877120.0,0.0,0.0,0.0,0.0,0.0,0.0,0.0,0.0,88.38471984863281,0
2020-07-02,89.2925792858583,89.92856166413286,88.27063830568181,88.38471984863281,114041600.0,0.0,69.61388917546908,140180960.0,0.0,0.0,0.0,0.0,0.0,0.0,0.0,0.0,90.74901580810548,1
2020-07-06,89.81445847482968,91.21750566495868,89.78290085821105,90.74901580810548,118655600.0,0.02675005321645818,71.76464912566591,122860720.0,0.0,0.0,0.0,0.0,0.0,0.0,0.0,0.0,90.46742248535156,0
2020-07-07,91.12768033499084,91.90687927040253,90.35576335568992,90.46742248535156,112424400.0,-0.0031029903767701983,66.36442465471225,119216400.0,0.0,0.0,0.0,0.0,0.0,0.0,0.0,0.0,92.5744171142578,1
2020-07-08,91.44566949367056,92.60597472603236,91.3582786143033,92.5744171142578,117092000.0,0.02329009240035984,70.70608842561553,114590160.0,0.0,0.0,0.0,0.0,0.0,0.0,0.0,0.0,92.97254943847656,1
2020-07-09,93.46773743138746,93.52114092959071,91.92390296897231,92.97254943847656,125642800.0,0.0043006733029427036,71.26211417550948,117571280.0,0.0,0.0,0.0,0.0,0.0,0.0,0.0,0.0,93.13514709472656,1
2020-07-10,92.56713232384764,93.19341014848403,91.95542581856796,93.13514709472656,90257200.0,0.0017488781068395465,73.53095822551792,112814400.0,0.0,0.0,0.0,0.0,0.0,0.0,0.0,0.0,92.70551300048828,0
2020-07-13,94.441115225536,97.0530191182004,92.49189905133328,92.70551300048828,191649200.0,-0.004613017830973121,67.80200919341009,127413120.0,0.0,0.0,0.0,0.0,0.0,0.0,0.0,0.0,94.23963165283205,1
2020-07-14,92.08650612178975,94.43139230039652,91.15195631671575,94.23963165283205,170989200.0,0.01654830012467201,66.9209495317285,139126080.0,0.0,0.0,0.0,0.0,0.0,0.0,0.0,0.0,94.88776397705078,1
2020-07-15,96.11603683855265,96.366060585272,93.6886189450088,94.88776397705078,153198000.0,0.006877492121429185,75.48406303852089,146347280.0,0.0,0.0,0.0,0.0,0.0,0.0,0.0,0.0,93.72018432617188,0
2020-07-16,93.75902390463284,94.57706261725646,93.12061176048546,93.72018432617188,110577600.0,-0.012304849455207822,67.81487383096447,143334240.0,0.0,0.0,0.0,0.0,0.0,0.0,0.0,0.0,93.53082275390624,0
2020-07-17,94.1716645273232,94.3270153946456,93.057473380001,93.53082275390624,92186800.0,-0.0020204993580316133,82.25129848923102,143720160.0,0.0,0.0,0.0,0.0,0.0,0.0,0.0,0.0,95.5019073486328,1
2020-07-20,93.61823596370868,95.64027195651477,93.27353933830152,95.5019073486328,90318000.0,0.021074171451616275,81.98779583968937,123453920.0,0.0,0.0,0.0,0.0,0.0,0.0,0.0,0.0,94.18382263183594,0
2020-07-21,96.29324956124736,96.36849892999707,93.93379886291764,94.18382263183594,103433200.0,-0.013801658557301422,72.72023528992858,109942720.0,0.0,0.0,0.0,0.0,0.0,0.0,0.0,0.0,94.44839477539062,1
2020-07-22,93.88523208886058,95.13049855916786,93.79784860710124,94.44839477539062,89001600.0,0.002809103900877963,74.2584328723106,97103440.0,0.0,0.0,0.0,0.0,0.0,0.0,0.0,0.0,90.1494369506836,0
2020-07-23,94.18137407038652,94.25905321228733,89.33868035280699,90.1494369506836,197004400.0,-0.045516473148436876,55.96435460374494,114388800.0,0.0,0.0,0.0,0.0,0.0,0.0,0.0,0.0,89.9261245727539,0
2020-07-24,88.34588050233073,90.27082118599914,86.55686722526087,89.9261245727539,185438800.0,-0.002477135581577139,47.76056989174212,133039200.0,0.0,0.0,0.0,0.0,0.0,0.0,0.0,0.0,92.0573959350586,1
2020-07-27,90.98933351898752,92.14963900239098,90.76601521608016,92.0573959350586,121214000.0,0.02370024697973494,55.41612617129941,139218400.0,0.0,0.0,0.0,0.0,0.0,0.0,0.0,0.0,90.54510498046876,0
2020-07-28,91.62773114046318,91.80493528958375,90.54024540428786,90.54510498046876,103625600.0,-0.01642769643035169,44.23073051243792,139256880.0,0.0,0.0,0.0,0.0,0.0,0.0,0.0,0.0,92.2807159423828,1
2020-07-29,91.02816746906156,92.4652020656453,90.9917576836522,92.2807159423828,90329200.0,0.019168468160575047,48.615810963187215,139522400.0,0.0,0.0,0.0,0.0,0.0,0.0,0.0,0.0,93.39734649658205,1
2020-07-30,91.4529821174024,93.50172370292267,91.04517763130929,93.39734649658205,158130000.0,0.012100367263041534,51.282799826061755,131747520.0,0.0,0.0,0.0,0.0,0.0,0.0,0.0,0.0,103.17496490478516,1
2020-07-31,99.89795098088912,103.32546361824969,97.89775374108596,103.17496490478516,374336800.0,0.10468839613726,69.1005936624181,169527120.0,0.0,0.0,0.0,0.0,0.0,0.0,0.0,0.0,105.77474212646484,1
2020-08-03,105.05865083451154,108.39635067212232,104.76008315372526,105.77474212646484,308151200.0,0.02519775242064659,69.96786781037414,206914560.0,0.0,0.0,0.0,0.0,0.0,0.0,0.0,0.0,106.48111724853516,1
2020-08-04,105.96407603717957,107.57345533183008,105.24070281740102,106.48111724853516,173071600.0,0.006678107720893944,69.9484242369752,220803760.0,0.0,0.0,0.0,0.0,0.0,0.0,0.0,0.0,106.86707305908205,1
2020-08-05,106.20196292493524,107.18749399981073,105.73589542861244,106.86707305908205,121776800.0,0.003624640880185659,73.18825219464759,227093280.0,0.0,0.0,0.0,0.0,0.0,0.0,0.0,0.0,110.59559631347656,1
2020-08-06,107.19964064495336,111.0907916971689,106.60977980419932,110.59559631347656,202428800.0,0.0348893550432805,76.44975978535777,235953040.0,0.0,0.0,0.0,0.0,0.0,0.0,0.0,0.0,108.08112335205078,0
2020-08-07,110.11653442162098,110.5737130335254,107.28349495082884,108.08112335205078,198045600.0,-0.022735742156483885,69.75610355874403,200694800.0,0.0,0.0,0.0,0.0,0.0,0.0,0.0,0.0,109.6520538330078,1
2020-08-10,109.52802993062932,110.67097638858232,106.99896497013046,109.6520538330078,212403600.0,0.014534734949414263,73.9478369201883,181545280.0,0.0,0.0,0.0,0.0,0.0,0.0,0.0,0.0,106.39100646972656,0
2020-08-11,108.9152102791965,109.41372516958415,106.1308026842326,106.39100646972656,187902400.0,-0.029739956975612825,67.6614738095752,184511440.0,0.0,0.0,0.0,0.0,0.0,0.0,0.0,0.0,109.92684936523438,1
2020-08-12,107.48289124635572,110.18461900895711,107.2883506394418,109.92684936523438,165598000.0,0.03323441532169302,79.55866497571377,193275680.0,0.0,0.0,0.0,0.0,0.0,0.0,0.0,0.0,111.87227630615234,1
2020-08-13,111.30809820079968,112.8766086225027,110.819305131281,111.87227630615234,210082000.0,0.017697468381489223,81.09217450915631,194806320.0,0.0,0.0,0.0,0.0,0.0,0.0,0.0,0.0,111.7725830078125,0
2020-08-14,111.69719796444708,111.86255822594228,109.9608929550016,111.7725830078125,165565200.0,-0.000891134976703456,79.56883827362154,188310240.0,0.0,0.0,0.0,0.0,0.0,0.0,0.0,0.0,111.48076629638672,0
2020-08-17,112.89607263916643,112.92039207121135,110.85336650862028,111.48076629638672,119561600.0,-0.002610807620016975,82.9227821605594,169741840.0,0.0,0.0,0.0,0.0,0.0,0.0,0.0,0.0,112.40969848632812,1
2020-08-18,111.23271086271058,112.83526251521091,110.8971220411062,112.40969848632812,105633600.0,0.00833266778478814,82.33896110337659,153288080.0,0.0,0.0,0.0,0.0,0.0,0.0,0.0,0.0,112.55072784423828,1
2020-08-19,112.81822669084652,113.96603385163618,112.45589172935948,112.55072784423828,145538000.0,0.0012546013360876795,81.71321339872227,149276080.0,0.0,0.0,0.0,0.0,0.0,0.0,0.0,0.0,115.0481948852539,1
2020-08-20,112.59208104980983,115.1624895192386,112.57505670786055,115.0481948852539,126907200.0,0.02218970138044707,74.96651742873375,132641120.0,0.0,0.0,0.0,0.0,0.0,0.0,0.0,0.0,120.9769287109375,1
2020-08-21,116.00876636301604,121.4608534946532,115.99661035768348,120.9769287109375,338054800.0,0.05153261058634384,77.60410056684371,167139040.0,0.0,0.0,0.0,0.0,0.0,0.0,0.0,0.0,122.423828125,1
2020-08-24,125.18634310109492,125.27146481367004,120.5562117393656,122.423828125,345937600.0,0.011960126856251474,78.06759040912709,212414240.0,0.0,0.0,0.0,0.0,0.0,0.0,0.0,0.0,121.41949462890624,0
2020-08-25,121.29547815768062,121.76481270817138,119.6953532443396,121.41949462890624,211495600.0,-0.008203741963274447,75.29652076125444,233586640.0,0.0,0.0,0.0,0.0,0.0,0.0,0.0,0.0,123.07068634033205,1
2020-08-26,122.737531682909,123.52786489142996,121.66997034058484,123.07068634033205,163022400.0,0.013599065919952524,73.09145903980941,237083520.0,0.0,0.0,0.0,0.0,0.0,0.0,0.0,0.0,121.59945678710938,0
2020-08-27,123.6737772419376,124.00693190797271,120.45407621046918,121.59945678710938,155552400.0,-0.011954345888298912,76.55173816057686,242812560.0,0.0,0.0,0.0,0.0,0.0,0.0,0.0,0.0,121.4024887084961,0
2020-08-28,122.57460810630094,122.99287708889368,121.17876033216808,121.4024887084961,187630000.0,-0.0016198105141055352,74.38800762593348,212727600.0,0.0,0.0,0.0,0.0,0.0,0.0,0.0,0.0,125.51949310302734,1
2020-08-31,124.0993334865447,127.426026441553,122.56243764607387,125.51949310302734,225702700.0,0.03391202633758805,88.45629919911158,188680620.0,0.0,0.0,0.0,0.0,0.0,0.0,0.0,0.0,130.51930236816406,1
2020-09-01,129.13804450192882,131.12239765919617,126.96888738067553,130.51930236816406,151948100.0,0.03983293065908766,88.79395129016217,176771120.0,0.0,0.0,0.0,0.0,0.0,0.0,0.0,0.0,127.81507873535156,0
2020-09-02,133.83620267880957,134.21556192546163,123.53512749914938,127.81507873535156,200119000.0,-0.020718955616116697,79.87914402916147,184190440.0,0.0,0.0,0.0,0.0,0.0,0.0,0.0,0.0,117.58212280273438,0
2020-09-03,123.44761726135523,125.32495545599748,117.21249271726688,117.58212280273438,257599600.0,-0.08006063160830268,59.33216236998289,204599880.0,0.0,0.0,0.0,0.0,0.0,0.0,0.0,0.0,117.6599349975586,1
2020-09-04,116.7942168169494,120.32517948321234,107.86466781430556,117.6599349975586,332607200.0,0.0006617689234507118,59.92666191991934,233595320.0,0.0,0.0,0.0,0.0,0.0,0.0,0.0,0.0,109.74201965332033,0
2020-09-08,110.841188073177,115.74368657539894,109.60583975780702,109.74201965332033,231366600.0,-0.06729491516719399,47.95644674348524,234728100.0,0.0,0.0,0.0,0.0,0.0,0.0,0.0,0.0,114.11924743652344,1
2020-09-09,114.06088674565608,115.88959346489294,112.11545122343698,114.11924743652344,176940500.0,0.03988652475169463,52.94010371337042,239726580.0,0.0,0.0,0.0,0.0,0.0,0.0,0.0,0.0,110.39373779296876,0
2020-09-10,117.07631155381702,117.2124914481067,109.43074927727804,110.39373779296876,182274400.0,-0.03264576070418723,46.24131793860471,236157660.0,0.0,0.0,0.0,0.0,0.0,0.0,0.0,0.0,108.94440460205078,0
2020-09-11,111.4442893036586,112.08628667869144,106.9989688055856,108.94440460205078,180860300.0,-0.013128762735038935,37.24637227150015,220809800.0,0.0,0.0,0.0,0.0,0.0,0.0,0.0,0.0,112.21272277832033,1
2020-09-14,111.59018399790295,112.76717161154352,109.72256765665088,112.21272277832033,140150100.0,0.029999871844799797,40.12313073661485,182318380.0,0.0,0.0,0.0,0.0,0.0,0.0,0.0,0.0,112.38783264160156,1
2020-09-15,115.10171660801636,115.58807558218572,110.51048670445796,112.38783264160156,184642000.0,0.0015605170157679815,41.21546731539241,172973460.0,0.0,0.0,0.0,0.0,0.0,0.0,0.0,0.0,109.07083892822266,0
2020-09-16,112.08626989830373,112.83525930246252,108.9832978926868,109.07083892822266,154679000.0,-0.029513815111610997,36.21078193402295,168521160.0,0.0,0.0,0.0,0.0,0.0,0.0,0.0,0.0,107.32966613769533,0
2020-09-17,106.72658592069985,109.13892163117578,105.74413897781598,107.32966613769533,178011000.0,-0.01596368752305244,35.853895496100264,167668480.0,0.0,0.0,0.0,0.0,0.0,0.0,0.0,0.0,103.92517852783205,0
2020-09-18,107.38805935339492,107.85495979692668,103.195640091221,103.92517852783205,287104900.0,-0.031719912419140406,33.383751968946825,188917400.0,0.0,0.0,0.0,0.0,0.0,0.0,0.0,0.0,107.07676696777344,1
2020-09-21,101.68790998043804,107.18376650924333,100.28719410755744,107.07676696777344,195713800.0,0.03032555233087586,32.83237892664626,200030140.0,0.0,0.0,0.0,0.0,0.0,0.0,0.0,0.0,108.75958251953124,1
2020-09-22,109.60584973691064,109.7809392501185,106.18188610459384,108.75958251953124,183055400.0,0.015715972749385188,28.8736986874561,199712820.0,0.0,0.0,0.0,0.0,0.0,0.0,0.0,0.0,104.1975555419922,0
2020-09-23,108.57478657183292,109.0514163171324,103.85709830267167,104.1975555419922,150718700.0,-0.04194597728176985,27.449746733453537,198920760.0,0.0,0.0,0.0,0.0,0.0,0.0,0.0,0.0,105.26752471923828,1
2020-09-24,102.300732370106,107.24214072616157,102.13537212015387,105.26752471923828,167743300.0,0.01026865910318664,35.609422908722635,196867220.0,0.0,0.0,0.0,0.0,0.0,0.0,0.0,0.0,109.21673583984376,1
2020-09-25,105.47177439610158,109.37237422502362,104.73250690899054,109.21673583984376,149981400.0,0.03751594930286939,41.57960214775561,169442520.0,0.0,0.0,0.0,0.0,0.0,0.0,0.0,0.0,111.82363891601562,1
2020-09-28,111.87227777517528,112.17381792247087,109.70311378636896,111.82363891601562,137672400.0,0.02386908065074067,53.4209184782597,157834240.0,0.0,0.0,0.0,0.0,0.0,0.0,0.0,0.0,110.97737121582033,0
2020-09-29,111.4248279384537,112.16408812965686,110.4715612207209,110.97737121582033,99382200.0,-0.007567878387778837,46.38992801395949,141099600.0,0.0,0.0,0.0,0.0,0.0,0.0,0.0,0.0,112.65045928955078,1
2020-09-30,110.68557236785256,114.06090471815104,110.52021210350766,112.65045928955078,142675200.0,0.01507593895404824,54.02593624663081,139490900.0,0.0,0.0,0.0,0.0,0.0,0.0,0.0,0.0,113.60369110107422,1
2020-10-01,114.43049958924504,114.50831877951316,112.66988308159635,113.60369110107422,116120400.0,0.008461854638988298,57.69305619286623,129166320.0,0.0,0.0,0.0,0.0,0.0,0.0,0.0,0.0,109.93657684326172,0
2020-10-02,109.81012618440236,112.22246990869148,109.1584069544176,109.93657684326172,144712000.0,-0.03227988652718894,47.316359242647145,128112440.0,0.0,0.0,0.0,0.0,0.0,0.0,0.0,0.0,113.3216323852539,1
2020-10-05,110.80229665236467,113.46754155068632,110.45211762382624,113.3216323852539,106243800.0,0.03079098548628001,51.96861607513689,121826720.0,0.0,0.0,0.0,0.0,0.0,0.0,0.0,0.0,110.07273864746094,0
2020-10-06,112.54343507820364,112.95198215292028,109.18756197702984,110.07273864746094,161498200.0,-0.028669669412701992,52.10148384054238,134249920.0,0.0,0.0,0.0,0.0,0.0,0.0,0.0,0.0,111.94034576416016,1
2020-10-07,111.49289654841668,112.39752423407646,111.0162595701548,111.94034576416016,96849000.0,0.016967026891924197,57.066926494619054,125084680.0,0.0,0.0,0.0,0.0,0.0,0.0,0.0,0.0,111.83336639404295,0
2020-10-08,113.07844398775582,113.224353141667,111.46372888130158,111.83336639404295,83477200.0,-0.0009556819695965002,62.911004279932264,118556040.0,0.0,0.0,0.0,0.0,0.0,0.0,0.0,0.0,113.77879333496094,1
2020-10-09,112.13489800701674,113.807973679274,111.78471903276537,113.77879333496094,100506900.0,0.017395764820879123,61.2428802787938,109715020.0,0.0,0.0,0.0,0.0,0.0,0.0,0.0,0.0,121.00609588623048,1
2020-10-12,116.78449677232146,121.76481458334484,116.0257780752071,121.00609588623048,240226800.0,0.06352064685721004,66.76884019506937,136511620.0,0.0,0.0,0.0,0.0,0.0,0.0,0.0,0.0,117.7961196899414,0
2020-10-13,121.8523509831308,121.96907978641414,116.38568190119372,117.7961196899414,262330500.0,-0.026527392465476196,69.98731194649011,156678080.0,0.0,0.0,0.0,0.0,0.0,0.0,0.0,0.0,117.88368225097656,1
2020-10-14,117.69886347897864,119.67347958796176,116.35651547623976,117.88368225097656,150712000.0,0.0007433399441818533,69.06613059149899,167450680.0,0.0,0.0,0.0,0.0,0.0,0.0,0.0,0.0,117.41676330566406,0
2020-10-15,115.48105698538242,117.89339294386204,114.92660814304054,117.41676330566406,112559200.0,-0.003960844591861523,63.88496635395957,173267080.0,0.0,0.0,0.0,0.0,0.0,0.0,0.0,0.0,115.77288055419922,0
2020-10-16,117.97122507402564,118.23386306147653,115.56861068687554,115.77288055419922,115393800.0,-0.01400040935539526,57.30447048042506,176244460.0,0.0,0.0,0.0,0.0,0.0,0.0,0.0,0.0,112.8158187866211,0
2020-10-19,116.68723164895508,117.1346809665428,112.50454937346234,112.8158187866211,120639300.0,-0.02554192098721919,53.689081865470754,152326960.0,0.0,0.0,0.0,0.0,0.0,0.0,0.0,0.0,114.30404663085938,1
2020-10-20,113.02978153535808,115.7339426824642,112.47533280323032,114.30404663085938,124423700.0,0.013191659292506763,53.380740746088144,124745600.0,0.0,0.0,0.0,0.0,0.0,0.0,0.0,0.0,113.68152618408205,0
2020-10-21,113.48697818121386,115.47132328298426,113.27297908868262,113.68152618408205,89946000.0,-0.005446180298303349,50.93349947541113,112592400.0,0.0,0.0,0.0,0.0,0.0,0.0,0.0,0.0,112.59210205078124,0
2020-10-22,114.24571958756312,114.81962703373966,111.46374567321324,112.59210205078124,101988000.0,-0.009583123748151734,55.426502217721904,110478160.0,0.0,0.0,0.0,0.0,0.0,0.0,0.0,0.0,111.90145874023438,0
2020-10-23,113.2146263110706,113.3702647242428,111.16219112016252,111.90145874023438,82572600.0,-0.006134029811747932,48.06548634106518,103913920.0,0.0,0.0,0.0,0.0,0.0,0.0,0.0,0.0,111.9111785888672,1
2020-10-26,110.89955125203169,113.37025519408712,109.80037545983436,111.9111785888672,111850700.0,8.686078575070866e-05,54.840784521218254,102156200.0,0.0,0.0,0.0,0.0,0.0,0.0,0.0,0.0,113.41889190673828,1
2020-10-27,112.3391745749253,114.08034029540528,111.41509565044464,113.41889190673828,92276800.0,0.013472410324709694,54.05391808190325,95726820.0,0.0,0.0,0.0,0.0,0.0,0.0,0.0,0.0,108.1662139892578,0
2020-10-28,111.9111833730848,112.28081345722651,108.06894369566764,108.1662139892578,143937800.0,-0.04631219569487277,44.08429633586589,106525180.0,0.0,0.0,0.0,0.0,0.0,0.0,0.0,0.0,112.17382049560548,1
2020-10-29,109.30430584931332,113.73989680449657,109.13893817712592,112.17382049560548,146129200.0,0.03705044633202825,48.22256232584371,115353420.0,0.0,0.0,0.0,0.0,0.0,0.0,0.0,0.0,105.89006805419922,0
2020-10-30,108.03004440237356,108.93467231945372,104.78117027471365,105.89006805419922,190272600.0,-0.056017994338103505,25.010661666828256,136893420.0,0.0,0.0,0.0,0.0,0.0,0.0,0.0,0.0,105.802490234375,0
2020-11-02,106.13321807788486,107.66038441516729,104.39205268090426,105.802490234375,122866900.0,-0.0008270635899430001,27.776881207318468,139096660.0,0.0,0.0,0.0,0.0,0.0,0.0,0.0,0.0,107.4269561767578,1
2020-11-03,106.66823748036964,108.44830541372347,105.7636096297727,107.4269561767578,107624400.0,0.015353759054104188,32.04935160209588,142166180.0,0.0,0.0,0.0,0.0,0.0,0.0,0.0,0.0,111.8139190673828,1
2020-11-04,111.02601994719268,112.4364579265143,109.28485402450514,111.8139190673828,138235500.0,0.040836704741096685,42.272266564528785,141025720.0,0.0,0.0,0.0,0.0,0.0,0.0,0.0,0.0,115.78260803222656,1
2020-11-05,114.7320709410606,116.35651544029348,113.68154127114308,115.78260803222656,126387100.0,0.035493693432318674,50.920756594834174,137077300.0,0.0,0.0,0.0,0.0,0.0,0.0,0.0,0.0,115.65106201171876,0
2020-11-06,115.2905328204704,116.14799861229584,113.15660323122869,115.65106201171876,114457900.0,-0.0011361466350039429,55.344300618214035,121914360.0,0.0,0.0,0.0,0.0,0.0,0.0,0.0,0.0,113.34171295166016,0
2020-11-09,117.41468746997222,118.86653505093012,113.0786293710495,113.34171295166016,154515300.0,-0.019968247760877467,49.45587365498212,128244040.0,0.0,0.0,0.0,0.0,0.0,0.0,0.0,0.0,113.00071716308594,0
2020-11-10,112.59147258432904,114.57923409087746,111.20782446930689,113.00071716308594,138023400.0,-0.0030085639231485217,49.87845470859003,134323840.0,0.0,0.0,0.0,0.0,0.0,0.0,0.0,0.0,116.43058013916016,1
2020-11-11,114.18947371911923,116.5669949893343,113.45867669287836,116.43058013916016,112295000.0,0.030352577064835184,56.411063540752004,129135740.0,0.0,0.0,0.0,0.0,0.0,0.0,0.0,0.0,116.15774536132812,0
2020-11-12,116.5572512865548,117.44394777392752,115.5341325209194,116.15774536132812,103162300.0,-0.002343325761204107,57.11852616837119,124490780.0,0.0,0.0,0.0,0.0,0.0,0.0,0.0,0.0,116.20647430419922,1
2020-11-13,116.38186588950428,116.6059728165846,114.85206439758592,116.20647430419922,81581900.0,0.0004195066176562179,57.16566658696132,117915580.0,0.0,0.0,0.0,0.0,0.0,0.0,0.0,0.0,117.21984100341795,1
2020-11-16,115.87516977446028,117.89216918384535,115.12488813037272,117.21984100341795,91183000.0,0.00872039794070334,56.482249797862075,105249120.0,0.0,0.0,0.0,0.0,0.0,0.0,0.0,0.0,116.3331298828125,0
2020-11-17,116.48903680048612,117.58035548799744,115.9141393341284,116.3331298828125,74271000.0,-0.007564513933947414,64.92924268913515,92498640.0,0.0,0.0,0.0,0.0,0.0,0.0,0.0,0.0,115.0079574584961,0
2020-11-18,115.57310891661412,116.75212717189736,114.97872676825747,115.0079574584961,76322100.0,-0.011391186892773408,56.19439206094541,85304060.0,0.0,0.0,0.0,0.0,0.0,0.0,0.0,0.0,115.60233306884766,1
2020-11-19,114.579214364051,116.01157757714591,113.81918672462538,115.60233306884766,74113000.0,0.0051681259582934125,74.67516511653778,79494200.0,0.0,0.0,0.0,0.0,0.0,0.0,0.0,0.0,114.33561706542967,0
2020-11-20,115.60233477250766,115.72900356959502,114.28690172841968,114.33561706542967,73604300.0,-0.01095752974694364,70.74969456415113,77898680.0,0.0,0.0,0.0,0.0,0.0,0.0,0.0,0.0,110.93498992919922,0
2020-11-23,114.17973059273324,114.60846723797194,110.83755181002276,110.93498992919922,127959300.0,-0.029742500399367322,58.42068584927375,85253940.0,0.0,0.0,0.0,0.0,0.0,0.0,0.0,0.0,112.22118377685548,1
2020-11-24,110.99345018861624,112.883773343832,109.70724035208704,112.22118377685548,113874200.0,0.011594122363711712,51.58450281082494,93174580.0,0.0,0.0,0.0,0.0,0.0,0.0,0.0,0.0,113.05915069580078,1
2020-11-25,112.5914448450371,113.76071690599676,112.22116965962786,113.05915069580078,76499200.0,0.0074671010476199395,42.5283287114829,93210000.0,0.0,0.0,0.0,0.0,0.0,0.0,0.0,0.0,113.60485076904295,1
2020-11-27,113.58536611578972,114.4818088465016,113.24432892845948,113.60485076904295,46691300.0,0.004826677627452147,44.64991781504995,87725660.0,0.0,0.0,0.0,0.0,0.0,0.0,0.0,0.0,116.0018310546875,1
2020-11-30,113.97508586515109,117.8726693370055,113.81917895793264,116.0018310546875,169410200.0,0.02109927762255137,57.966150333824125,106886840.0,0.0,0.0,0.0,0.0,0.0,0.0,0.0,0.0,119.577880859375,1
2020-12-01,117.91166455593012,120.30867787495882,116.93726853515172,119.577880859375,127728200.0,0.0308275289465183,66.023142460557,106840620.0,0.0,0.0,0.0,0.0,0.0,0.0,0.0,0.0,119.92864227294922,1
2020-12-02,118.89577762307528,120.21121795981708,117.7947129955284,119.92864227294922,89004200.0,0.002933330236774445,60.014828728691406,101866620.0,0.0,0.0,0.0,0.0,0.0,0.0,0.0,0.0,119.79225158691406,0
2020-12-03,120.35739564047256,120.61074069251367,119.08093920643188,119.79225158691406,78967600.0,-0.0011372653225302232,60.485299643509364,102360300.0,0.0,0.0,0.0,0.0,0.0,0.0,0.0,0.0,119.11988830566406,0
2020-12-04,119.46092535388048,119.71427034714844,118.4085760901983,119.11988830566406,78260400.0,-0.005612744333152286,58.24649151788898,108674120.0,0.0,0.0,0.0,0.0,0.0,0.0,0.0,0.0,120.58147430419922,1
2020-12-07,119.17834204249084,121.3804785234388,119.11988067626952,120.58147430419922,86712000.0,0.012269873816408428,59.157995603573454,92134480.0,0.0,0.0,0.0,0.0,0.0,0.0,0.0,0.0,121.19536590576172,1
2020-12-08,121.18562729875276,121.78000942455122,119.93839423484614,121.19536590576172,82225500.0,0.005091093844264982,63.251417261545114,83033940.0,0.0,0.0,0.0,0.0,0.0,0.0,0.0,0.0,118.66195678710938,0
2020-12-09,121.34154608285198,122.72518677139014,117.9019290126744,118.66195678710938,115089200.0,-0.020903514748428997,59.70448699251323,88250940.0,0.0,0.0,0.0,0.0,0.0,0.0,0.0,0.0,120.08454895019533,1
2020-12-10,117.4147062587099,120.6984231266018,117.07366917962338,120.08454895019533,81312200.0,0.011988612033747348,61.2620566054479,88719860.0,0.0,0.0,0.0,0.0,0.0,0.0,0.0,0.0,119.27581787109376,0
2020-12-11,119.29530252010171,119.61685498411975,117.46344071723956,119.27581787109376,86939800.0,-0.00673468057440918,62.764134888279266,90455740.0,0.0,0.0,0.0,0.0,0.0,0.0,0.0,0.0,118.66195678710938,0
2020-12-14,119.46096129793236,120.19175837858944,118.42810380283376,118.66195678710938,79184500.0,-0.005146567803440361,73.22079969835535,88950240.0,0.0,0.0,0.0,0.0,0.0,0.0,0.0,0.0,124.6057586669922,1
2020-12-15,121.15639591100933,124.62525075019607,120.95177364167792,124.6057586669922,157243700.0,0.05009020616899629,78.75941671195909,103953880.0,0.0,0.0,0.0,0.0,0.0,0.0,0.0,0.0,124.53754425048828,0
2020-12-16,124.14779181691584,125.0832036047306,123.31954931044656,124.53754425048828,98208600.0,-0.0005474419259082763,77.63379246540842,100577760.0,0.0,0.0,0.0,0.0,0.0,0.0,0.0,0.0,125.40476989746094,1
2020-12-17,125.59964613576102,126.26224318770603,124.76166492977713,125.40476989746094,94359800.0,0.006963567911925095,77.89734506094103,103187280.0,0.0,0.0,0.0,0.0,0.0,0.0,0.0,0.0,123.4169921875,0
2020-12-18,125.6581058023967,125.7945206380112,122.89081749267945,123.4169921875,192541500.0,-0.015850893961898538,68.23738780640245,124307620.0,0.0,0.0,0.0,0.0,0.0,0.0,0.0,0.0,124.94679260253906,1
2020-12-21,121.81898239256174,125.0247460652675,120.28918099826036,124.94679260253906,121251600.0,0.01239537917692024,64.52411863978475,132721040.0,0.0,0.0,0.0,0.0,0.0,0.0,0.0,0.0,128.5033416748047,1
2020-12-22,128.2402506072199,130.96856222026736,126.33042801765606,128.5033416748047,168904800.0,0.028464508757573004,69.46821852697916,135053260.0,0.0,0.0,0.0,0.0,0.0,0.0,0.0,0.0,127.60692596435548,0
2020-12-23,128.77619836723767,129.0392746219151,127.43152692646524,127.60692596435548,88223700.0,-0.006975816338828822,67.3226161395867,133056280.0,0.0,0.0,0.0,0.0,0.0,0.0,0.0,0.0,128.59104919433594,1
2020-12-24,127.95769770274158,130.04290467587725,127.7433293801488,128.59104919433594,54930100.0,0.0077121458928910425,70.61808624057991,125170340.0,0.0,0.0,0.0,0.0,0.0,0.0,0.0,0.0,133.190185546875,1
2020-12-28,130.55931944043445,133.82353697075987,130.09159867672324,133.190185546875,124486200.0,0.03576560251552596,73.834548847482,111559280.0,0.0,0.0,0.0,0.0,0.0,0.0,0.0,0.0,131.41676330566406,0
2020-12-29,134.5153498347467,135.236393246922,130.9003346955004,131.41676330566406,121047300.0,-0.013314961863964081,68.82537034056003,111518420.0,0.0,0.0,0.0,0.0,0.0,0.0,0.0,0.0,130.29623413085938,0
2020-12-30,132.10861128309938,132.50811721089653,129.9844202745973,130.29623413085938,96452100.0,-0.008526531521693581,72.87260965121054,97027880.0,0.0,0.0,0.0,0.0,0.0,0.0,0.0,0.0,129.2926025390625,0
2020-12-31,130.6470123311244,131.2901172342019,128.34743726674927,129.2926025390625,99116600.0,-0.007702690707000026,68.57302844634194,99206460.0,0.0,0.0,0.0,0.0,0.0,0.0,0.0,0.0,126.09656524658205,0
2021-01-04,130.10133261742502,130.18902467191572,123.51441486519408,126.09656524658205,143301900.0,-0.02471941340584316,63.071685362445464,116880820.0,0.0,0.0,0.0,0.0,0.0,0.0,0.0,0.0,127.65562438964844,1
2021-01-05,125.58990946914705,128.36694422919058,125.14168073283425,127.65562438964844,97664900.0,0.0123640095986568,66.447691401483,111516560.0,0.0,0.0,0.0,0.0,0.0,0.0,0.0,0.0,123.35853576660156,0
2021-01-06,124.44986199518104,127.69460255545032,123.14416745080456,123.35853576660156,155088000.0,-0.03366156911293383,48.22433360204158,118324700.0,0.0,0.0,0.0,0.0,0.0,0.0,0.0,0.0,127.56790924072266,1
2021-01-07,125.0734581195904,128.25973687058584,124.58626017036607,127.56790924072266,109578200.0,0.03412308234661099,55.439043885864656,120949920.0,0.0,0.0,0.0,0.0,0.0,0.0,0.0,0.0,128.66897583007812,1
2021-01-08,129.0392361452558,129.23412721104498,126.8955682344821,128.66897583007812,105158200.0,0.008631219214212615,55.73604553388183,122158240.0,0.0,0.0,0.0,0.0,0.0,0.0,0.0,0.0,125.6775894165039,0
2021-01-11,125.882219114398,126.8371230123308,125.20988350887804,125.6775894165039,100384500.0,-0.023248699962644337,54.13544212376591,113574760.0,0.0,0.0,0.0,0.0,0.0,0.0,0.0,0.0,125.50218200683594,0
2021-01-12,125.20986029323174,126.36939367406504,123.61185177604212,125.50218200683594,91951100.0,-0.0013956936195415048,51.5237245734032,112432000.0,0.0,0.0,0.0,0.0,0.0,0.0,0.0,0.0,127.5387191772461,1
2021-01-13,125.4632504946733,128.08437867528625,125.20017422332936,127.5387191772461,88636800.0,0.01622710567931973,48.992566956890705,99141760.0,0.0,0.0,0.0,0.0,0.0,0.0,0.0,0.0,125.60939025878906,0
2021-01-14,127.45099807958694,127.6458743033761,125.46322193987008,125.60939025878906,90221800.0,-0.015127397631896855,47.34582983009706,95270480.0,0.0,0.0,0.0,0.0,0.0,0.0,0.0,0.0,123.88469696044922,0
2021-01-15,125.48270567821912,126.8858381851589,123.74828212605794,123.88469696044922,111598500.0,-0.013730607996635502,43.09633405505499,96558540.0,0.0,0.0,0.0,0.0,0.0,0.0,0.0,0.0,124.55704498291016,1
2021-01-19,124.5083222083043,125.41451823804258,123.6898331200979,124.55704498291016,90757300.0,0.0054272080326078775,35.184490112285076,94633100.0,0.0,0.0,0.0,0.0,0.0,0.0,0.0,0.0,128.64947509765625,1
2021-01-20,125.36576603974312,129.09770370348497,125.25858190800798,128.64947509765625,104319500.0,0.032855870298686085,46.112554838410176,97106780.0,0.0,0.0,0.0,0.0,0.0,0.0,0.0,0.0,133.36557006835938,1
2021-01-21,130.3741822074859,136.0938817254987,130.1695525142569,133.36557006835938,120150900.0,0.03665848591393939,55.021363991866394,103409600.0,0.0,0.0,0.0,0.0,0.0,0.0,0.0,0.0,135.50929260253906,1
2021-01-22,132.7907187593955,136.2693204823604,131.56298484617028,135.50929260253906,114459400.0,0.016074032698850882,59.20303781869807,108257120.0,0.0,0.0,0.0,0.0,0.0,0.0,0.0,0.0,139.2606658935547,1
2021-01-25,139.40683420534555,141.37510329816405,133.04401504155618,139.2606658935547,157611700.0,0.02768351320391549,68.55653037920051,117459760.0,0.0,0.0,0.0,0.0,0.0,0.0,0.0,0.0,139.49452209472656,1
2021-01-26,139.92325867417892,140.60533283780688,137.7503450890547,139.49452209472656,98390600.0,0.0016792695889493725,67.29598496829809,118986420.0,0.0,0.0,0.0,0.0,0.0,0.0,0.0,0.0,138.42266845703125,0
2021-01-27,139.75758597887605,140.60532045654497,136.81492129375977,138.42266845703125,140843800.0,-0.007683840351576321,74.56360381911695,126291280.0,0.0,0.0,0.0,0.0,0.0,0.0,0.0,0.0,133.5799102783203,0
2021-01-28,135.9476996907254,138.35445839130662,133.19989652918113,133.5799102783203,142621100.0,-0.03498529708097786,60.16228081632146,130785320.0,0.0,0.0,0.0,0.0,0.0,0.0,0.0,0.0,128.58131408691406,0
2021-01-29,132.35222218300785,133.2389261898638,126.8761209359315,128.58131408691406,177523800.0,-0.037420269118248584,50.557681135598656,143398200.0,0.0,0.0,0.0,0.0,0.0,0.0,0.0,0.0,130.70547485351562,1
2021-02-01,130.32546101984542,131.91373120913244,127.5776572470742,130.70547485351562,106239800.0,0.016519980229520392,58.11906301574125,133123820.0,0.0,0.0,0.0,0.0,0.0,0.0,0.0,0.0,131.53372192382812,1
2021-02-02,132.25476545115475,132.81991691760996,131.16344668453948,131.53372192382812,83305400.0,0.006336743516220267,59.41001957046703,130106780.0,0.0,0.0,0.0,0.0,0.0,0.0,0.0,0.0,130.5105743408203,0
2021-02-03,132.283966945161,132.29372041863363,130.18902194631957,130.5105743408203,89880900.0,-0.007778595238111863,55.09866550259759,119914200.0,0.0,0.0,0.0,0.0,0.0,0.0,0.0,0.0,133.8722686767578,1
2021-02-04,132.8101805826387,133.8820072844467,131.14395684543172,133.8722686767578,84183100.0,0.025758022695989702,62.45317321017057,108226600.0,0.0,0.0,0.0,0.0,0.0,0.0,0.0,0.0,133.45751953125,0
2021-02-05,134.033283551068,134.1015854508509,132.57925865202728,133.45751953125,75693800.0,-0.0030980960404073388,65.00755115479281,87860600.0,0.0,0.0,0.0,0.0,0.0,0.0,0.0,0.0,133.60389709472656,1
2021-02-08,132.7451425942424,133.65269267140306,131.66194630942968,133.60389709472656,71297200.0,0.0010968101609463154,64.4147728374918,80872080.0,0.0,0.0,0.0,0.0,0.0,0.0,0.0,0.0,132.7256317138672,0
2021-02-09,133.3209020588762,134.5504851694013,132.56950670280034,132.7256317138672,76774200.0,-0.0065736509185557734,57.47059409243133,79565840.0,0.0,0.0,0.0,0.0,0.0,0.0,0.0,0.0,132.12059020996094,0
2021-02-10,133.18426522390598,133.68195923048688,131.15449145334966,132.12059020996094,73046600.0,-0.004558588240217265,48.23825556056267,76198980.0,0.0,0.0,0.0,0.0,0.0,0.0,0.0,0.0,131.86683654785156,0
2021-02-11,132.61823158774342,133.09640425065905,130.53967772516273,131.86683654785156,64280000.0,-0.0019206216207944271,43.18800296106297,72218360.0,0.0,0.0,0.0,0.0,0.0,0.0,0.0,0.0,132.10105895996094,1
2021-02-12,131.105700803104,132.25719882820738,130.46163501432542,132.10105895996094,60145100.0,0.0017762040725408657,33.824280590849526,69108620.0,0.0,0.0,0.0,0.0,0.0,0.0,0.0,0.0,129.97372436523438,0
2021-02-16,132.21818684146174,132.72561913740805,129.58337464875356,129.97372436523438,80576300.0,-0.016103842099943644,30.00267580266538,70964440.0,0.0,0.0,0.0,0.0,0.0,0.0,0.0,0.0,127.68049621582033,0
2021-02-17,128.08059918504722,129.02717699501204,126.34358348827772,127.68049621582033,97918500.0,-0.017643782700031974,28.356896815961633,75193300.0,0.0,0.0,0.0,0.0,0.0,0.0,0.0,0.0,126.57775115966795,0
2021-02-18,126.08005718186494,126.86074164698688,124.3332889063116,126.57775115966795,96856700.0,-0.008636754154592086,33.17040969983884,79955320.0,0.0,0.0,0.0,0.0,0.0,0.0,0.0,0.0,126.73387908935548,1
2021-02-19,127.09495441093767,127.55360598648208,125.68972531908408,126.73387908935548,87668800.0,0.0012334547600754142,44.29046089798589,84633080.0,0.0,0.0,0.0,0.0,0.0,0.0,0.0,0.0,122.95735168457033,0
2021-02-22,124.91880883902334,126.5875223064832,122.5670093965397,122.95735168457033,103916400.0,-0.029798878026312647,27.36008496967318,93387340.0,0.0,0.0,0.0,0.0,0.0,0.0,0.0,0.0,122.82073211669922,0
2021-02-23,120.77144442573533,123.65020481957036,115.53111655663116,122.82073211669922,158273000.0,-0.0011111134551887725,23.498988201546737,108926680.0,0.0,0.0,0.0,0.0,0.0,0.0,0.0,0.0,122.32303619384766,0
2021-02-24,121.92294077973033,122.52796420280912,119.27838298052396,122.32303619384766,111039900.0,-0.004052214266062726,24.20881909122231,111550960.0,0.0,0.0,0.0,0.0,0.0,0.0,0.0,0.0,118.06832885742188,0
2021-02-25,121.66922504247012,123.40624037390658,117.62919844492517,118.06832885742188,148199500.0,-0.03478255174833356,3.1018774808539575,121819520.0,0.0,0.0,0.0,0.0,0.0,0.0,0.0,0.0,118.33180236816406,1
2021-02-26,119.62967972466323,121.83510708261105,118.27324619200536,118.33180236816406,164560400.0,0.0022315341742522588,4.819041286840019,137197840.0,0.0,0.0,0.0,0.0,0.0,0.0,0.0,0.0,124.70410919189452,1
2021-03-01,120.76166681224149,124.84072785570578,119.82484992675346,124.70410919189452,116307900.0,0.05385117691273211,32.06760143202162,139676140.0,0.0,0.0,0.0,0.0,0.0,0.0,0.0,0.0,122.0986099243164,0
2021-03-02,125.30916402931616,125.61167577926304,121.99126560430425,122.0986099243164,102260900.0,-0.02089345158280853,29.75533988360928,128473720.0,0.0,0.0,0.0,0.0,0.0,0.0,0.0,0.0,119.11248016357422,0
2021-03-03,121.7960728802838,122.67434107660236,118.897791555012,119.11248016357422,112966300.0,-0.02445670562992619,27.045517691428827,128859000.0,0.0,0.0,0.0,0.0,0.0,0.0,0.0,0.0,117.22909545898438,0
2021-03-04,118.80997834389994,120.61530301450836,115.75556433244158,117.22909545898438,178155000.0,-0.015811816713105498,25.428816880643595,134850100.0,0.0,0.0,0.0,0.0,0.0,0.0,0.0,0.0,118.48796844482422,1
2021-03-05,118.05859855363884,118.99541574144496,114.73093908727516,118.48796844482422,153766600.0,0.010738571179031986,28.1980143750489,132691340.0,0.0,0.0,0.0,0.0,0.0,0.0,0.0,0.0,113.55014038085938,0
2021-03-08,118.0097837648902,118.0780931077246,113.40376109045415,113.55014038085938,154376600.0,-0.04167366635426972,25.496718251391712,140305080.0,0.0,0.0,0.0,0.0,0.0,0.0,0.0,0.0,118.1659164428711,1
2021-03-09,116.15566368258474,119.1124940848032,115.92146128458052,118.1659164428711,129525800.0,0.04064967288045529,37.49442050559308,145758060.0,0.0,0.0,0.0,0.0,0.0,0.0,0.0,0.0,117.08273315429688,0
2021-03-10,118.75143927948164,119.21984409787017,116.5655253098007,117.08273315429688,111943300.0,-0.009166630456404867,37.4260186931076,145553460.0,0.0,0.0,0.0,0.0,0.0,0.0,0.0,0.0,119.01490020751952,1
2021-03-11,119.58089611241736,120.23471511713066,118.33180683620104,119.01490020751952,103026500.0,0.016502578998359718,40.55125791190376,130527760.0,0.0,0.0,0.0,0.0,0.0,0.0,0.0,0.0,118.1073760986328,0
2021-03-12,117.49259196824356,118.24399479427488,116.28253747320228,118.1073760986328,88105100.0,-0.007625298238324141,43.72239569454167,117395460.0,0.0,0.0,0.0,0.0,0.0,0.0,0.0,0.0,120.9958953857422,1
2021-03-15,118.47820271779908,121.00565599103152,117.51210381348422,120.9958953857422,92403800.0,0.024456722200797865,48.365538971260094,105000900.0,0.0,0.0,0.0,0.0,0.0,0.0,0.0,0.0,122.5377426147461,1
2021-03-16,122.6646007020175,124.1478999993401,121.7082698545493,122.5377426147461,115227900.0,0.012742971355254484,51.071524525938074,102141320.0,0.0,0.0,0.0,0.0,0.0,0.0,0.0,0.0,121.74729919433594,0
2021-03-17,121.05444515870832,122.82073491932012,119.38573166517872,121.74729919433594,111932600.0,-0.006450611897554581,56.10876825297832,102139180.0,0.0,0.0,0.0,0.0,0.0,0.0,0.0,0.0,117.6194305419922,0
2021-03-18,119.9126810613654,120.20543961497016,117.41450253253257,117.6194305419922,121229700.0,-0.03390521744350761,49.836684881082085,105779820.0,0.0,0.0,0.0,0.0,0.0,0.0,0.0,0.0,117.0924835205078,0
2021-03-19,117.00466041109058,118.49771283246504,116.78997177230154,117.0924835205078,185549500.0,-0.004480101791483171,38.9868114385006,125268700.0,0.0,0.0,0.0,0.0,0.0,0.0,0.0,0.0,120.4103775024414,1
2021-03-22,117.42427276940472,120.87878973760397,117.35596342731434,120.4103775024414,111912300.0,0.028335670080415598,48.1689529488327,129170400.0,0.0,0.0,0.0,0.0,0.0,0.0,0.0,0.0,119.5809097290039,0
2021-03-23,120.3518337330818,121.23985521691417,119.19056742444847,119.5809097290039,95467100.0,-0.00688867347351918,51.43087166504804,125218240.0,0.0,0.0,0.0,0.0,0.0,0.0,0.0,0.0,117.19005584716795,0
2021-03-24,119.8541349180161,119.93220486001856,117.17054208424707,117.19005584716795,88530500.0,-0.01999360840500497,50.61499519867747,120537820.0,0.0,0.0,0.0,0.0,0.0,0.0,0.0,0.0,117.6780014038086,1
2021-03-25,116.65336116382848,118.72217030027896,116.12640013534126,117.6780014038086,98844700.0,0.004163711273224235,49.35174577192352,116060820.0,0.0,0.0,0.0,0.0,0.0,0.0,0.0,0.0,118.28301239013672,1
2021-03-26,117.44377912870549,118.54649658241551,116.04831056099164,118.28301239013672,94071200.0,0.0051412411760125565,59.8598391662707,97765160.0,0.0,0.0,0.0,0.0,0.0,0.0,0.0,0.0,118.45868682861328,1
2021-03-29,118.71241046141134,119.61995321991908,117.81462830863144,118.45868682861328,80819200.0,0.0014852042987976155,51.19058082490742,91546540.0,0.0,0.0,0.0,0.0,0.0,0.0,0.0,0.0,117.0046615600586,0
2021-03-30,117.20958959587136,117.49258758203952,115.98977454091904,117.0046615600586,85671900.0,-0.01227453475538165,50.32802322026932,89587500.0,0.0,0.0,0.0,0.0,0.0,0.0,0.0,0.0,119.20032501220705,1
2021-03-31,118.7123990051535,120.53723750663126,118.22447299809998,119.20032501220705,118323800.0,0.018765606625180675,50.93007749170343,95546160.0,0.0,0.0,0.0,0.0,0.0,0.0,0.0,0.0,120.02979278564452,1
2021-04-01,120.67385866207344,121.181298412614,119.53210619432762,120.02979278564452,75089100.0,0.006958603286966847,54.852918973433546,90795040.0,0.0,0.0,0.0,0.0,0.0,0.0,0.0,0.0,122.85977935791016,1
2021-04-05,120.87880081066228,123.1135029854138,120.09811616226364,122.85977935791016,88651200.0,0.023577367806670857,54.63851189776071,89711040.0,0.0,0.0,0.0,0.0,0.0,0.0,0.0,0.0,123.16230010986328,1
2021-04-06,123.44529812942912,124.06008230942048,122.61582528320432,123.16230010986328,80171300.0,0.002462325372340368,51.971890267388844,89581460.0,0.0,0.0,0.0,0.0,0.0,0.0,0.0,0.0,124.8114776611328,1
2021-04-07,122.79146423199435,124.83099142610236,122.11812394056145,124.8114776611328,83466700.0,0.01339027892300182,57.35275449233185,89140420.0,0.0,0.0,0.0,0.0,0.0,0.0,0.0,0.0,127.21204376220705,1
2021-04-08,125.83608912328933,127.24131812556128,125.41647998833378,127.21204376220705,88844600.0,0.019233536418756803,73.8936296066149,83244580.0,0.0,0.0,0.0,0.0,0.0,0.0,0.0,0.0,129.788330078125,1
2021-04-09,126.66560631746748,129.82735761061758,126.34357333569822,129.788330078125,106686700.0,0.0202519057136894,78.59373933437689,89564100.0,0.0,0.0,0.0,0.0,0.0,0.0,0.0,0.0,128.07083129882812,0
2021-04-12,129.31992075985053,129.64195373047176,127.4755609392533,128.07083129882812,91420000.0,-0.013233075564367258,68.78203137895076,90117860.0,0.0,0.0,0.0,0.0,0.0,0.0,0.0,0.0,131.1837921142578,1
2021-04-13,129.2418559434714,131.40824882078488,128.74416183713194,131.1837921142578,91266500.0,0.024306555863342627,75.43628808934642,92336900.0,0.0,0.0,0.0,0.0,0.0,0.0,0.0,0.0,128.8417510986328,0
2021-04-14,131.68148427288168,131.74003301621525,128.48069058786157,128.8417510986328,87222800.0,-0.01785312787409854,76.31816949100013,93088120.0,0.0,0.0,0.0,0.0,0.0,0.0,0.0,0.0,131.2520751953125,1
2021-04-15,130.58850307773702,131.7400011254066,130.41284199993794,131.2520751953125,89347100.0,0.018707632239758132,78.06085788377325,93188620.0,0.0,0.0,0.0,0.0,0.0,0.0,0.0,0.0,130.9203338623047,0
2021-04-16,131.05695257379082,131.41801312050643,130.06157916706454,130.9203338623047,84922400.0,-0.002527513050853969,76.47085326649467,88835760.0,0.0,0.0,0.0,0.0,0.0,0.0,0.0,0.0,131.58384704589844,1
2021-04-19,130.2859624251534,132.19863841633452,130.12006941367238,131.58384704589844,94264200.0,0.005068068221484978,76.89531162524158,89404600.0,0.0,0.0,0.0,0.0,0.0,0.0,0.0,0.0,129.89564514160156,0
2021-04-20,131.7595258175455,132.25720491889302,128.6270347117328,129.89564514160156,94812300.0,-0.012829856720240174,76.68090870276396,90113760.0,0.0,0.0,0.0,0.0,0.0,0.0,0.0,0.0,130.27621459960938,1
2021-04-21,129.1637441492029,130.52017754829777,128.12934362921473,130.27621459960938,68847100.0,0.0029298092141036847,74.66663337441248,86438620.0,0.0,0.0,0.0,0.0,0.0,0.0,0.0,0.0,128.75389099121094,0
2021-04-22,129.8273190546684,130.91051516608923,128.23669071993334,128.75389099121094,84566500.0,-0.01168535340911725,69.0896319753879,85482500.0,0.0,0.0,0.0,0.0,0.0,0.0,0.0,0.0,131.07647705078125,1
2021-04-23,128.9686326865185,131.85714691281353,128.9686326865185,131.07647705078125,78657500.0,0.018038958214698697,68.15167363252559,84229520.0,0.0,0.0,0.0,0.0,0.0,0.0,0.0,0.0,131.466796875,1
2021-04-26,131.57414120224303,131.79858301727063,130.33480485867753,131.466796875,66905100.0,0.0029778022189865805,68.24136801700126,78757700.0,0.0,0.0,0.0,0.0,0.0,0.0,0.0,0.0,131.14474487304688,0
2021-04-27,131.74976832594788,132.14011804581892,130.87150751429678,131.14474487304688,66015800.0,-0.0024496831869976754,64.79888581724444,72998400.0,0.0,0.0,0.0,0.0,0.0,0.0,0.0,0.0,130.3543243408203,0
2021-04-28,131.06669219926212,131.75955373687952,129.8663982944287,130.3543243408203,107760100.0,-0.006027085057748405,58.07968188933066,80781000.0,0.0,0.0,0.0,0.0,0.0,0.0,0.0,0.0,130.2567138671875,0
2021-04-29,133.17451655261294,133.76003367761894,129.25158755183847,130.2567138671875,151101000.0,-0.0007488088648106572,51.67678632037467,94087900.0,0.0,0.0,0.0,0.0,0.0,0.0,0.0,0.0,128.28549194335938,0
2021-04-30,128.59775679529238,130.33477191318826,127.9049103139399,128.28549194335938,109839500.0,-0.015133361385410216,50.981725797864435,100324300.0,0.0,0.0,0.0,0.0,0.0,0.0,0.0,0.0,129.33941650390625,1
2021-05-03,128.85149050777056,130.83248375117557,128.64656992797262,129.33941650390625,75135100.0,0.008215461815527902,44.681368199326776,101970300.0,0.0,0.0,0.0,0.0,0.0,0.0,0.0,0.0,124.76268768310548,0
2021-05-04,128.0220375212291,128.31479612503944,123.64045629537988,124.76268768310548,137564700.0,-0.035385414164618156,39.1927180767256,116280080.0,0.0,0.0,0.0,0.0,0.0,0.0,0.0,0.0,125.00666046142578,1
2021-05-05,126.08008884148607,127.29990397131918,124.87979492302028,125.00666046142578,84000900.0,0.001955494730443652,31.10642492919044,111528240.0,0.0,0.0,0.0,0.0,0.0,0.0,0.0,0.0,126.6070556640625,1
2021-05-06,124.80172333933864,126.6168088244582,124.0600736654329,126.6070556640625,78128300.0,0.012802479457729055,38.15704607075611,96933700.0,0.0,0.0,0.0,0.0,0.0,0.0,0.0,0.0,127.28153228759766,1
2021-05-07,127.90713783845663,128.30790544082245,126.56793953638302,127.28153228759766,78973300.0,0.005327322557163061,38.27449841109346,90760460.0,0.0,0.0,0.0,0.0,0.0,0.0,0.0,0.0,123.99710083007812,0
2021-05-10,126.49953067035334,126.62659678553494,123.9579995481262,123.99710083007812,88071200.0,-0.025804461955236557,34.95237148137228,93347680.0,0.0,0.0,0.0,0.0,0.0,0.0,0.0,0.0,123.0782470703125,0
2021-05-11,120.72244516785638,123.43014369302018,120.00885982186637,123.0782470703125,126142800.0,-0.007410284221280206,32.032272824971216,91063300.0,0.0,0.0,0.0,0.0,0.0,0.0,0.0,0.0,120.00885009765624,0
2021-05-12,120.6246859175598,121.83679573122356,119.50054838799284,120.00885009765624,112172300.0,-0.02493858212737443,29.493442409538318,96697580.0,0.0,0.0,0.0,0.0,0.0,0.0,0.0,0.0,122.15937042236328,1
2021-05-13,121.77814229209848,123.31283199690463,121.46533953245029,122.15937042236328,105861300.0,0.01791968111482678,29.443113128505217,102244180.0,0.0,0.0,0.0,0.0,0.0,0.0,0.0,0.0,124.58358764648438,1
2021-05-14,123.4105791838984,125.013694229742,123.01957387710112,124.58358764648438,81918000.0,0.01984470954409323,35.91222683128362,102833120.0,0.0,0.0,0.0,0.0,0.0,0.0,0.0,0.0,123.43013763427734,0
2021-05-17,123.96777091361952,124.07529756948796,122.35487853339956,123.43013763427734,74244600.0,-0.00925844273709664,34.6304965879971,100067800.0,0.0,0.0,0.0,0.0,0.0,0.0,0.0,0.0,122.04206848144533,0
2021-05-18,123.71360895337952,124.1339383673377,121.97364310976867,122.04206848144533,63342900.0,-0.01124578793669384,33.70837810492269,87507820.0,0.0,0.0,0.0,0.0,0.0,0.0,0.0,0.0,121.88567352294922,0
2021-05-19,120.39008503908885,122.1104965529405,120.09682917810171,121.88567352294922,92612000.0,-0.0012814840033613661,33.61701160923269,83595760.0,0.0,0.0,0.0,0.0,0.0,0.0,0.0,0.0,124.44671630859376,1
2021-05-20,122.41350247384848,124.84749873261764,122.28642148193616,124.44671630859376,76857100.0,0.02101184422763458,43.02192141511084,77794920.0,0.0,0.0,0.0,0.0,0.0,0.0,0.0,0.0,122.6090316772461,0
2021-05-21,124.94527906751188,125.12123109705438,122.393978368049,122.6090316772461,79295400.0,-0.014766839060588066,37.741308442863236,77270400.0,0.0,0.0,0.0,0.0,0.0,0.0,0.0,0.0,124.24147033691406,1
2021-05-24,123.17598843835246,125.06258229000034,123.1075630637458,124.24147033691406,63092900.0,0.01331417952932834,49.323054822170974,75040060.0,0.0,0.0,0.0,0.0,0.0,0.0,0.0,0.0,124.04596710205078,0
2021-05-25,124.94527412511384,125.43403637255952,123.47900975619554,124.04596710205078,72009500.0,-0.001573574703624514,48.37553568357404,76773380.0,0.0,0.0,0.0,0.0,0.0,0.0,0.0,0.0,123.99710083007812,0
2021-05-26,124.10462749099422,124.52495694971884,123.57677137135352,123.99710083007812,56575900.0,-0.00039393680515587004,44.469661547701826,69566160.0,0.0,0.0,0.0,0.0,0.0,0.0,0.0,0.0,122.46240997314452,0
2021-05-27,123.59632476739549,124.7693333854834,122.26691102273216,122.46240997314452,94625600.0,-0.012376828544053642,39.79803505536664,73119860.0,0.0,0.0,0.0,0.0,0.0,0.0,0.0,0.0,121.8074722290039,0
2021-05-28,122.74588055296678,122.9707110430963,121.74882403932074,121.8074722290039,71311100.0,-0.005348071659574849,44.86464333965772,71523000.0,0.0,0.0,0.0,0.0,0.0,0.0,0.0,0.0,121.48489379882812,0
2021-06-01,122.26690447420742,122.5308287889092,121.15254410936616,121.48489379882812,67637100.0,-0.002648264710471304,46.23485405351876,72431840.0,0.0,0.0,0.0,0.0,0.0,0.0,0.0,0.0,122.2473373413086,1
2021-06-02,121.48488111421776,122.42328935200692,121.26005810254009,122.2473373413086,59278900.0,0.006276035798681523,57.09356850418311,69885720.0,0.0,0.0,0.0,0.0,0.0,0.0,0.0,0.0,120.7615203857422,0
2021-06-03,121.87588058092216,122.04205540035304,120.3607379247326,120.7615203857422,76229200.0,-0.012154186650446763,45.96915690329344,73816380.0,0.0,0.0,0.0,0.0,0.0,0.0,0.0,0.0,123.0586929321289,1
2021-06-04,121.27962561409096,123.32262472191542,121.06457229139288,123.0586929321289,75169300.0,0.019022388415191882,45.62913953517127,69925120.0,0.0,0.0,0.0,0.0,0.0,0.0,0.0,0.0,123.0684585571289,1
2021-06-07,123.33238286431768,123.47901079400312,122.02252359682196,123.0684585571289,71057600.0,7.935745754572565e-05,49.14185450486591,69874420.0,0.0,0.0,0.0,0.0,0.0,0.0,0.0,0.0,123.88956451416016,1
2021-06-08,123.75271376689696,125.570889675836,123.37148561983427,123.88956451416016,74403800.0,0.006671944758697812,56.77074365031254,71227760.0,0.0,0.0,0.0,0.0,0.0,0.0,0.0,0.0,124.27080535888672,1
2021-06-09,124.34900792468662,124.87686405712522,123.674523845825,124.27080535888672,56877900.0,0.003077263579233769,58.5041312314159,70747560.0,0.0,0.0,0.0,0.0,0.0,0.0,0.0,0.0,123.2737274169922,0
2021-06-10,124.1632572111759,125.30694902913476,123.10755258677628,123.2737274169922,71186400.0,-0.008023428664641008,45.817520263161676,69739000.0,0.0,0.0,0.0,0.0,0.0,0.0,0.0,0.0,124.48584747314452,1
2021-06-11,123.68428989041196,124.57382721619663,123.2639604593567,124.48584747314452,53522400.0,0.009832752538196043,57.815895983559095,65409620.0,0.0,0.0,0.0,0.0,0.0,0.0,0.0,0.0,127.54541778564452,1
2021-06-14,124.94524675246014,127.6040659610548,124.21211472861349,127.54541778564452,96906500.0,0.024577655810714027,62.0561059219607,70579400.0,0.0,0.0,0.0,0.0,0.0,0.0,0.0,0.0,126.72433471679688,0
2021-06-15,127.01759055855872,127.66275042731246,126.47995733459727,126.72433471679688,62746300.0,-0.006437574027375659,59.4744975020716,68247900.0,0.0,0.0,0.0,0.0,0.0,0.0,0.0,0.0,127.22286224365234,1
2021-06-16,127.43791553837022,127.9462246818499,125.57088362966448,127.22286224365234,91815000.0,0.003933952606415936,60.9924706521673,75235320.0,0.0,0.0,0.0,0.0,0.0,0.0,0.0,0.0,128.82598876953125,1
2021-06-17,126.8807541337841,129.56890564121335,126.73411873855628,128.82598876953125,96721700.0,0.012600931134599591,71.32048859471408,80342380.0,0.0,0.0,0.0,0.0,0.0,0.0,0.0,0.0,127.5259017944336,0
2021-06-18,127.7702791806661,128.5522748841205,127.31084850130004,127.5259017944336,108953300.0,-0.010091806688349969,68.62311057345451,91428560.0,0.0,0.0,0.0,0.0,0.0,0.0,0.0,0.0,129.3245086669922,1
2021-06-21,127.36948968462076,129.43203530764706,126.304007918975,129.3245086669922,79663300.0,0.014103855352129768,73.18369631900745,87979920.0,0.0,0.0,0.0,0.0,0.0,0.0,0.0,0.0,130.9667510986328,1
2021-06-22,129.158367024724,131.06450803911002,128.65982751015113,130.9667510986328,74783600.0,0.012698617211601926,74.3855317971596,90387380.0,0.0,0.0,0.0,0.0,0.0,0.0,0.0,0.0,130.69300842285156,0
2021-06-23,130.76144124276647,131.29907441491832,130.23357779534092,130.69300842285156,60214200.0,-0.0020901692489500023,80.00402281678527,84067220.0,0.0,0.0,0.0,0.0,0.0,0.0,0.0,0.0,130.4095916748047,0
2021-06-24,131.42619534818903,131.6119246047728,129.94037621113517,130.4095916748047,68711000.0,-0.002168568552113337,75.245232991244,78465080.0,0.0,0.0,0.0,0.0,0.0,0.0,0.0,0.0,130.1163330078125,0
2021-06-25,130.45846741177152,130.87878947575115,129.8230770780785,130.1163330078125,70783700.0,-0.0022487507492813252,73.80143923093344,70831160.0,0.0,0.0,0.0,0.0,0.0,0.0,0.0,0.0,131.74876403808594,1
2021-06-28,130.40958044213394,132.2081948177629,130.35093224313096,131.74876403808594,62111300.0,0.012545934799556901,75.03818699523644,67320760.0,0.0,0.0,0.0,0.0,0.0,0.0,0.0,0.0,133.2638702392578,1
2021-06-29,131.76828191642397,133.4202753370262,131.3284056301101,133.2638702392578,64556100.0,0.011499965196894557,76.6207209077235,65275260.0,0.0,0.0,0.0,0.0,0.0,0.0,0.0,0.0,133.87973022460938,1
2021-06-30,133.10748923684247,134.31960659055045,132.81423335434383,133.87973022460938,63261400.0,0.004621357493564293,82.20430011702447,65884700.0,0.0,0.0,0.0,0.0,0.0,0.0,0.0,0.0,134.1827392578125,1
2021-07-01,133.52780965332033,134.24138744394435,132.70669030063868,134.1827392578125,52485800.0,0.002263292827784813,81.0991052969059,62639660.0,0.0,0.0,0.0,0.0,0.0,0.0,0.0,0.0,136.812255859375,1
2021-07-02,134.79857347065126,136.85134968212856,134.65195299080864,136.812255859375,78852600.0,0.019596533921626635,80.2937451202203,64253440.0,0.0,0.0,0.0,0.0,0.0,0.0,0.0,0.0,138.82589721679688,1
2021-07-06,136.9197567593555,139.9304727602518,136.9197567593555,138.82589721679688,108181800.0,0.014718281960730328,86.7398717441251,73467540.0,0.0,0.0,0.0,0.0,0.0,0.0,0.0,0.0,141.31857299804688,1
2021-07-07,140.3117243665474,141.6313683204944,139.45152604310684,141.31857299804688,104911600.0,0.01795540912195448,88.07551592530734,81538640.0,0.0,0.0,0.0,0.0,0.0,0.0,0.0,0.0,140.01846313476562,0
2021-07-08,138.39579381995796,140.8200131513889,137.50625661436462,140.01846313476562,105575500.0,-0.009199851340837006,81.00243556741275,90001460.0,0.0,0.0,0.0,0.0,0.0,0.0,0.0,0.0,141.84640502929688,1
2021-07-09,139.53948199823574,142.3742535997312,139.44172508137947,141.84640502929688,99890800.0,0.013055006129955027,88.68066619704194,99482460.0,0.0,0.0,0.0,0.0,0.0,0.0,0.0,0.0,141.25015258789062,0
2021-07-12,142.92170074885988,143.0292274131984,140.76139773464533,141.25015258789062,76299700.0,-0.004203507598822154,84.54909377835594,98971880.0,0.0,0.0,0.0,0.0,0.0,0.0,0.0,0.0,142.36453247070312,1
2021-07-13,140.79074103201313,144.14360753862073,140.39974306234285,142.36453247070312,100827100.0,0.007889406576881974,83.95011718195437,97500940.0,0.0,0.0,0.0,0.0,0.0,0.0,0.0,0.0,145.79554748535156,1
2021-07-14,144.76917436169552,146.20611463354894,144.35860721349815,145.79554748535156,127050800.0,0.024100209196096678,87.79957696392987,101928780.0,0.0,0.0,0.0,0.0,0.0,0.0,0.0,0.0,145.140625,0
2021-07-15,145.88354186128095,146.62644380694877,143.7818872173468,145.140625,106820300.0,-0.004492060948688148,86.42480614235704,102177740.0,0.0,0.0,0.0,0.0,0.0,0.0,0.0,0.0,143.09759521484375,0
2021-07-16,145.12104675803545,146.3917969988858,142.59907080876903,143.09759521484375,93251400.0,-0.014076209091398395,80.04479889713646,100849860.0,0.0,0.0,0.0,0.0,0.0,0.0,0.0,0.0,139.24623107910156,0
2021-07-19,140.5169964650382,140.82980667753233,138.48377483066196,139.24623107910156,121434600.0,-0.026914247789837642,66.2710066585273,109876840.0,0.0,0.0,0.0,0.0,0.0,0.0,0.0,0.0,142.86300659179688,1
2021-07-20,140.2335185818673,143.79165254365046,139.7447638348333,142.86300659179688,96350000.0,0.02597395624044374,68.85322856915192,108981420.0,0.0,0.0,0.0,0.0,0.0,0.0,0.0,0.0,142.12991333007812,0
2021-07-21,142.25699437204696,142.8435061950867,141.3772415531026,142.12991333007812,74993500.0,-0.005131442206122827,66.23014337281461,98569960.0,0.0,0.0,0.0,0.0,0.0,0.0,0.0,0.0,143.49838256835938,1
2021-07-22,142.65772388969611,144.86688975892292,142.53064289499747,143.49838256835938,77338200.0,0.009628298548970182,67.49307742543346,92673540.0,0.0,0.0,0.0,0.0,0.0,0.0,0.0,0.0,145.21881103515625,1
2021-07-23,144.23153179548808,145.3752161371665,143.6156960285799,145.21881103515625,71447400.0,0.011989183682800775,66.18691690998952,88312740.0,0.0,0.0,0.0,0.0,0.0,0.0,0.0,0.0,145.63912963867188,1
2021-07-26,144.9353216834007,146.4602339479517,144.37813417064035,145.63912963867188,72434100.0,0.002894381247990463,63.93454848398112,78512640.0,0.0,0.0,0.0,0.0,0.0,0.0,0.0,0.0,143.4691162109375,0
2021-07-27,145.7662552705701,145.85424248763383,142.2765530725893,143.4691162109375,104818600.0,-0.014899934056995079,54.761652920659095,80206360.0,0.0,0.0,0.0,0.0,0.0,0.0,0.0,0.0,141.71929931640625,0
2021-07-28,141.5531245192068,143.66454826410944,139.3341741507505,141.71929931640625,118931200.0,-0.012196470855501462,53.83685666759431,88993900.0,0.0,0.0,0.0,0.0,0.0,0.0,0.0,0.0,142.36453247070312,1
2021-07-29,141.4359011060239,143.25407000466194,141.32837442702208,142.36453247070312,56699500.0,0.004552895458905137,51.513670731323906,84866160.0,0.0,0.0,0.0,0.0,0.0,0.0,0.0,0.0,142.5795440673828,1
2021-07-30,141.13283410460213,143.03897475076792,140.86890234879084,142.5795440673828,70440600.0,0.0015102890653184708,53.25663762877975,84664800.0,0.0,0.0,0.0,0.0,0.0,0.0,0.0,0.0,142.24722290039062,0
2021-08-02,143.06832751008895,143.64505468245218,141.9832910916965,142.24722290039062,62880000.0,-0.002330777315679544,50.189205559304234,82753980.0,0.0,0.0,0.0,0.0,0.0,0.0,0.0,0.0,144.04580688476562,1
2021-08-03,142.53066410966022,144.710506214658,141.91482832443904,144.04580688476562,64786600.0,0.012644070989241474,46.3654220393475,74747580.0,0.0,0.0,0.0,0.0,0.0,0.0,0.0,0.0,143.64503479003906,0
2021-08-04,143.9578450260043,144.4661392860283,142.99010513855148,143.64503479003906,56368300.0,-0.00278225450218883,46.90279681275056,62235000.0,0.0,0.0,0.0,0.0,0.0,0.0,0.0,0.0,143.75257873535156,1
2021-08-05,143.67437616695372,144.51503513271194,142.882595670896,143.75257873535156,46397700.0,0.0007486784730825757,52.118762343692495,60174640.0,0.0,0.0,0.0,0.0,0.0,0.0,0.0,0.0,143.06727600097656,0
2021-08-06,143.2728671370131,144.01688208379585,142.56800458197282,143.06727600097656,54126800.0,-0.004767237849949368,62.420199840214615,56911880.0,0.0,0.0,0.0,0.0,0.0,0.0,0.0,0.0,143.0183563232422,0
2021-08-09,143.1260440970898,143.6155312622221,142.46034872273202,143.0183563232422,48908700.0,-0.0003419347813264917,50.878143171779364,54117620.0,0.0,0.0,0.0,0.0,0.0,0.0,0.0,0.0,142.53863525390625,0
2021-08-10,143.36096991463478,144.60427120704347,142.24494003565766,142.53863525390625,69023100.0,-0.003354262219681048,51.94641942409782,54964920.0,0.0,0.0,0.0,0.0,0.0,0.0,0.0,0.0,142.7931671142578,1
2021-08-11,142.9791745889206,143.6350854630747,142.4701038589951,142.7931671142578,48493500.0,0.0017857043453388677,47.03920360720901,53389960.0,0.0,0.0,0.0,0.0,0.0,0.0,0.0,0.0,145.75946044921875,1
2021-08-12,143.1162332344722,145.91609989817144,142.77358630713317,145.75946044921875,72282600.0,0.02077335628102861,52.47510631976656,58566940.0,0.0,0.0,0.0,0.0,0.0,0.0,0.0,0.0,145.9650421142578,1
2021-08-13,145.83777070300374,146.29788971819715,145.15249183078768,145.9650421142578,59375000.0,0.0014104173026263656,51.63650147603328,59616580.0,0.0,0.0,0.0,0.0,0.0,0.0,0.0,0.0,147.9425811767578,1
2021-08-16,145.41682586535111,148.01111654322713,143.3903569726172,147.9425811767578,103296000.0,0.013548032007225652,68.8530933170337,70494040.0,0.0,0.0,0.0,0.0,0.0,0.0,0.0,0.0,147.03211975097656,0
2021-08-17,147.0712721415507,148.4907815727172,145.95524228570045,147.03211975097656,92229700.0,-0.006154153986900224,74.2769545435179,75135360.0,0.0,0.0,0.0,0.0,0.0,0.0,0.0,0.0,143.28268432617188,0
2021-08-18,146.6503584300104,147.55101302601977,143.07709314303492,143.28268432617188,86326000.0,-0.02550079146757178,53.68099893935467,82701860.0,0.0,0.0,0.0,0.0,0.0,0.0,0.0,0.0,143.61550903320312,1
2021-08-19,141.9806239472667,144.888178453154,141.46176882757268,143.61550903320312,86960300.0,0.0023228536553210333,54.06323995109176,85637400.0,0.0,0.0,0.0,0.0,0.0,0.0,0.0,0.0,145.07421875,1
2021-08-20,144.33998794987892,145.37769842397583,143.69386126066104,145.07421875,60549600.0,0.010157048682392755,59.63842891487471,85872320.0,0.0,0.0,0.0,0.0,0.0,0.0,0.0,0.0,146.5622100830078,1
2021-08-23,145.191637464402,147.03211343952145,144.78047016020776,146.5622100830078,60131800.0,0.010256759235574453,58.711071643699626,77239480.0,0.0,0.0,0.0,0.0,0.0,0.0,0.0,0.0,146.47412109375,0
2021-08-24,146.30769726540868,147.68805452972137,146.01400200564578,146.47412109375,48606400.0,-0.0006010348043190561,59.97000688837883,68514820.0,0.0,0.0,0.0,0.0,0.0,0.0,0.0,0.0,145.24063110351562,0
2021-08-25,146.66014088374254,147.15942734858208,144.69240787291454,145.24063110351562,58991300.0,-0.008421214485013984,55.07955620421202,63047880.0,0.0,0.0,0.0,0.0,0.0,0.0,0.0,0.0,144.43785095214844,0
2021-08-26,145.23083262430814,145.98463202414845,144.40848292036043,144.43785095214844,48597200.0,-0.005527242241153751,54.69953915445659,55375260.0,0.0,0.0,0.0,0.0,0.0,0.0,0.0,0.0,145.4755859375,1
2021-08-27,144.379124571356,145.62242610628783,143.7427972559924,145.4755859375,55802400.0,0.007184647088770202,57.64123828290629,54425820.0,0.0,0.0,0.0,0.0,0.0,0.0,0.0,0.0,149.9005126953125,1
2021-08-30,145.86714409511154,150.26274327805922,145.48534478526688,149.9005126953125,90956700.0,0.030416971544033222,67.9269992935597,60590800.0,0.0,0.0,0.0,0.0,0.0,0.0,0.0,0.0,148.6376495361328,0
2021-08-31,149.45019988712295,149.587255672955,148.10899512080897,148.6376495361328,86453100.0,-0.008424675382842639,63.74956624150986,68160140.0,0.0,0.0,0.0,0.0,0.0,0.0,0.0,0.0,149.3033447265625,1
2021-09-01,149.61662363000326,151.72141211238971,149.1369209108447,149.3033447265625,80313700.0,0.004478644492207584,59.3546953421322,72424620.0,0.0,0.0,0.0,0.0,0.0,0.0,0.0,0.0,150.4193878173828,1
2021-09-02,150.63476334782075,151.46689743705474,149.19567000260434,150.4193878173828,71115500.0,0.007475003944916736,61.109508445462794,76928280.0,0.0,0.0,0.0,0.0,0.0,0.0,0.0,0.0,151.05572509765625,1
2021-09-03,150.5270706537238,151.3787883827347,149.87115971903515,151.05572509765625,57808700.0,0.0042304206226793095,58.346546602854595,77329540.0,0.0,0.0,0.0,0.0,0.0,0.0,0.0,0.0,153.3954620361328,1
2021-09-07,151.71162530218976,153.9534695341939,151.14381850232894,153.3954620361328,82278300.0,0.015489230460904002,65.49494372287221,75593860.0,0.0,0.0,0.0,0.0,0.0,0.0,0.0,0.0,151.84864807128906,0
2021-09-08,153.6793245546072,153.73806060079502,150.74240274156284,151.84864807128906,74420200.0,-0.010083831322724501,73.56831332591881,73187280.0,0.0,0.0,0.0,0.0,0.0,0.0,0.0,0.0,150.83053588867188,0
2021-09-09,152.22067721794593,152.8276363360627,150.71304884732544,150.83053588867188,57305700.0,-0.0067047826605556304,69.28364719674659,68585680.0,0.0,0.0,0.0,0.0,0.0,0.0,0.0,0.0,145.83778381347656,0
2021-09-10,151.74099688432676,152.21090030495253,145.57345660401688,145.83778381347656,140893200.0,-0.033101732654987504,52.187444040623895,82541220.0,0.0,0.0,0.0,0.0,0.0,0.0,0.0,0.0,146.40560913085938,1
2021-09-13,147.46290316436924,148.236286286438,145.62242670552294,146.40560913085938,102404300.0,0.0038935404977700205,50.10406694221782,91460340.0,0.0,0.0,0.0,0.0,0.0,0.0,0.0,0.0,145.0056915283203,0
2021-09-14,147.18881531881482,147.89367812161663,143.82114080275386,145.0056915283203,109296300.0,-0.009561912353288293,47.20733003041992,96863940.0,0.0,0.0,0.0,0.0,0.0,0.0,0.0,0.0,145.89651489257812,1
2021-09-15,145.43639585173057,146.2978978750979,143.29244009500678,145.89651489257812,83281300.0,0.006143368269678096,51.93419456046417,98636160.0,0.0,0.0,0.0,0.0,0.0,0.0,0.0,0.0,145.6615447998047,0
2021-09-16,145.31891283926268,145.837767899535,144.12456328294863,145.6615447998047,68034100.0,-0.0016105257411148655,53.301213982636014,100781840.0,0.0,0.0,0.0,0.0,0.0,0.0,0.0,0.0,142.98895263671875,0
2021-09-17,145.6909306748569,145.6909306748569,142.69525742327428,142.98895263671875,129868800.0,-0.018347959763567734,45.090026988481725,98576960.0,0.0,0.0,0.0,0.0,0.0,0.0,0.0,0.0,139.93460083007812,0
2021-09-20,140.77651939778278,141.79464618437362,138.2997154014584,139.93460083007812,123478900.0,-0.02136075375277824,27.639790631164615,102791880.0,0.0,0.0,0.0,0.0,0.0,0.0,0.0,0.0,140.41427612304688,1
2021-09-21,140.90376327110957,141.55968919492042,139.77794880575027,140.41427612304688,75834000.0,0.0034278533695266677,30.935643543294347,96099420.0,0.0,0.0,0.0,0.0,0.0,0.0,0.0,0.0,142.78338623046875,1
2021-09-22,141.41281345310648,143.35117809396385,140.67858283814957,142.78338623046875,76404300.0,0.016872288009702086,36.34272937458256,94724020.0,0.0,0.0,0.0,0.0,0.0,0.0,0.0,0.0,143.7427978515625,1
2021-09-23,143.56657471032472,143.9875414258644,142.57781604781135,143.7427978515625,64838200.0,0.006719350524052814,36.03740673386478,94084840.0,0.0,0.0,0.0,0.0,0.0,0.0,0.0,0.0,143.83087158203125,1
2021-09-24,142.59736960568088,144.3693103193918,142.4994662214484,143.83087158203125,53477900.0,0.000612717518965411,34.534139659038644,78806660.0,0.0,0.0,0.0,0.0,0.0,0.0,0.0,0.0,142.3134765625,0
2021-09-27,142.41137995898362,142.89108270101565,140.79607848273122,142.3134765625,74150700.0,-0.010549856250198886,25.28290383742754,68941020.0,0.0,0.0,0.0,0.0,0.0,0.0,0.0,0.0,138.92623901367188,0
2021-09-28,140.2380609198885,141.7065222907774,138.7108634842379,138.92623901367188,108972300.0,-0.023801242374544507,23.151378465597716,75568680.0,0.0,0.0,0.0,0.0,0.0,0.0,0.0,0.0,139.8268585205078,1
2021-09-29,139.4744272822133,141.41279162385416,139.0436763311914,139.8268585205078,74602000.0,0.0064827171111088155,27.172731454691956,75208220.0,0.0,0.0,0.0,0.0,0.0,0.0,0.0,0.0,138.5248565673828,0
2021-09-30,140.63944453543033,141.34430719144615,138.30948103704677,138.5248565673828,89056700.0,-0.009311529751160341,31.833619895596428,80051920.0,0.0,0.0,0.0,0.0,0.0,0.0,0.0,0.0,139.6506805419922,1
2021-10-01,138.91644980320578,139.91500779058484,136.18511802762384,139.6506805419922,94639600.0,0.00812723436433771,33.852768977356746,88284260.0,0.0,0.0,0.0,0.0,0.0,0.0,0.0,0.0,136.21446228027344,0
2021-10-04,138.77936976647533,139.219920083201,135.36275955212915,136.21446228027344,98322000.0,-0.024605811073620254,30.62894620685644,93118520.0,0.0,0.0,0.0,0.0,0.0,0.0,0.0,0.0,138.14306640625,1
2021-10-05,136.5571327935829,139.24931216410243,136.42986135228304,138.14306640625,80861100.0,0.014158585613385899,33.97872237006692,87496280.0,0.0,0.0,0.0,0.0,0.0,0.0,0.0,0.0,139.0143585205078,1
2021-10-06,136.53755459542597,139.16119869868928,135.46067682888463,139.0143585205078,83221100.0,0.006307172244863324,36.738958923576085,89220100.0,0.0,0.0,0.0,0.0,0.0,0.0,0.0,0.0,140.27719116210938,1
2021-10-07,140.05203130343006,141.18764483600611,139.71918369704164,140.27719116210938,61732700.0,0.009084188533051929,44.47498974778454,83755300.0,0.0,0.0,0.0,0.0,0.0,0.0,0.0,0.0,139.89537048339844,0
2021-10-08,141.00161581916532,141.14845593543666,139.56252292787886,139.89537048339844,58773200.0,-0.002721901369337365,50.28076471413082,76582020.0,0.0,0.0,0.0,0.0,0.0,0.0,0.0,0.0,139.8072967529297,0
2021-10-11,139.27865728167708,141.76524506387435,138.82832259745734,139.8072967529297,64452200.0,-0.0006295685851820387,48.83713400715405,69808060.0,0.0,0.0,0.0,0.0,0.0,0.0,0.0,0.0,138.53465270996094,0
2021-10-12,140.2184897604903,140.23807342981166,138.07453357766727,138.53465270996094,73035900.0,-0.009102844218623285,38.9457132325404,68243020.0,0.0,0.0,0.0,0.0,0.0,0.0,0.0,0.0,137.94723510742188,0
2021-10-13,138.27029833211344,138.4269228251495,136.27318293183075,137.94723510742188,78762700.0,-0.004240221425096391,34.51066503109203,67351340.0,0.0,0.0,0.0,0.0,0.0,0.0,0.0,0.0,140.73731994628906,1
2021-10-14,139.12201855652793,140.85480700337075,138.53462808500012,140.73731994628906,69907100.0,0.020225739477087057,43.11097095693357,68986220.0,0.0,0.0,0.0,0.0,0.0,0.0,0.0,0.0,141.79461669921875,1
2021-10-15,140.74712209396571,141.85335275996707,140.49257924677562,141.79461669921875,67940300.0,0.007512554263028326,49.14055578937794,70819640.0,0.0,0.0,0.0,0.0,0.0,0.0,0.0,0.0,143.46865844726562,1
2021-10-18,140.4338327387145,143.75255436574946,140.14993682023066,143.46865844726562,85589200.0,0.011806102283826059,62.318850419871936,75047040.0,0.0,0.0,0.0,0.0,0.0,0.0,0.0,0.0,145.63221740722656,1
2021-10-19,143.91901231262074,146.03360047164531,143.4686924815836,145.63221740722656,76378900.0,0.015080359594748627,64.58573452193559,75715640.0,0.0,0.0,0.0,0.0,0.0,0.0,0.0,0.0,146.12167358398438,1
2021-10-20,145.57345046006543,146.60137628639336,145.00564367087514,146.12167358398438,58418800.0,0.0033609058865673447,69.845658755366,71646860.0,0.0,0.0,0.0,0.0,0.0,0.0,0.0,0.0,146.33705139160156,1
2021-10-21,145.68114050530517,146.4936908403183,144.76090241654427,146.33705139160156,61421000.0,0.0014739620915538154,68.30605957435435,69949640.0,0.0,0.0,0.0,0.0,0.0,0.0,0.0,0.0,145.56365966796875,0
2021-10-22,146.5426337568644,147.02232150012944,145.51470797593214,145.56365966796875,58883400.0,-0.005285002781443171,80.19667019144494,68138260.0,0.0,0.0,0.0,0.0,0.0,0.0,0.0,0.0,145.5147247314453,0
2021-10-25,145.55387712680738,146.2293717159997,144.51616686316274,145.5147247314453,50720600.0,-0.00033617550311015876,77.03357729210342,61164540.0,0.0,0.0,0.0,0.0,0.0,0.0,0.0,0.0,146.18043518066406,1
2021-10-26,146.19021954502938,147.66846521408038,145.87694062980856,146.18043518066406,60893400.0,0.004574866567265579,76.61669546408947,58067440.0,0.0,0.0,0.0,0.0,0.0,0.0,0.0,0.0,145.72030639648438,0
2021-10-27,146.21957782913032,146.58179347999342,145.36787510933436,145.72030639648438,56094900.0,-0.0031476769350906597,71.54860958272093,57602660.0,0.0,0.0,0.0,0.0,0.0,0.0,0.0,0.0,149.36212158203125,1
2021-10-28,146.66994215860282,149.9494972207288,146.57203874983847,149.36212158203125,100077900.0,0.024991816690516755,79.6529134533575,65334040.0,0.0,0.0,0.0,0.0,0.0,0.0,0.0,0.0,146.65029907226562,0
2021-10-29,144.12454451670374,146.78735482622835,143.3315780160653,146.65029907226562,124953200.0,-0.018156025644535778,68.85557853560678,78548000.0,0.0,0.0,0.0,0.0,0.0,0.0,0.0,0.0,145.82798767089844,0
2021-11-01,145.85735569869297,146.55241894044252,144.69237413631248,145.82798767089844,74588300.0,-0.005607294404234242,70.76885821232835,83321540.0,0.0,0.0,0.0,0.0,0.0,0.0,0.0,0.0,146.86570739746094,1
2021-11-02,145.53430194477542,148.3831203302802,145.5245026428988,146.86570739746094,69122000.0,0.007116053256555954,74.71747154973168,84967260.0,0.0,0.0,0.0,0.0,0.0,0.0,0.0,0.0,148.30474853515625,1
2021-11-03,147.22787136403235,148.77465178348533,146.6698640575081,148.30474853515625,54511500.0,0.009798346824428261,72.48798132194378,84650580.0,0.0,0.0,0.0,0.0,0.0,0.0,0.0,0.0,147.78594970703125,0
2021-11-04,148.39290892226862,149.22502801768104,147.47267079725674,147.78594970703125,60394600.0,-0.003498194314405345,68.45881769566965,76713920.0,0.0,0.0,0.0,0.0,0.0,0.0,0.0,0.0,148.31533813476562,1
2021-11-05,148.9133844562671,149.21730693838492,147.11924549176268,148.31533813476562,65463900.0,0.0035821296191134167,66.0119095721021,64816060.0,0.0,0.0,0.0,0.0,0.0,0.0,0.0,0.0,147.4918212890625,0
2021-11-08,148.44281334152436,148.5996814029073,147.2173096615232,147.4918212890625,55020900.0,-0.00555247256325464,56.90045100449081,60902580.0,0.0,0.0,0.0,0.0,0.0,0.0,0.0,0.0,147.85455322265625,1
2021-11-09,147.25650687845393,148.46239820996468,147.11925107616622,147.85455322265625,56787900.0,0.002459335917229355,56.493906521876596,58435760.0,0.0,0.0,0.0,0.0,0.0,0.0,0.0,0.0,145.02120971679688,0
2021-11-10,147.08006199718062,147.18790692538667,144.95258928599077,145.02120971679688,65187100.0,-0.01916304533139812,46.36997746478782,60570880.0,0.0,0.0,0.0,0.0,0.0,0.0,0.0,0.0,144.97218322753906,0
2021-11-11,146.0408338404559,146.50160947604698,144.7859042685968,144.97218322753906,41000000.0,-0.0003380642690372637,48.487649670177156,56691960.0,0.0,0.0,0.0,0.0,0.0,0.0,0.0,0.0,147.05062866210938,1
2021-11-12,145.5211876519379,147.45258246065882,144.5898079376244,147.05062866210938,63804000.0,0.014336856825202915,54.65844837920556,56359980.0,0.0,0.0,0.0,0.0,0.0,0.0,0.0,0.0,147.06040954589844,1
2021-11-15,147.42315376898895,148.9035714659964,146.50157280893995,147.06040954589844,59222800.0,6.651371624899483e-05,52.923374337522155,57200360.0,0.0,0.0,0.0,0.0,0.0,0.0,0.0,0.0,148.04080200195312,1
2021-11-16,147.00157757351386,148.52120469197544,146.41332999225213,148.04080200195312,59256200.0,0.006666596802511249,56.88295308287451,57694020.0,0.0,0.0,0.0,0.0,0.0,0.0,0.0,0.0,150.48202514648438,1
2021-11-17,148.04081688648543,151.96242792983602,148.03101824439025,150.48202514648438,88807000.0,0.01649020480515251,53.634165435922746,62418000.0,0.0,0.0,0.0,0.0,0.0,0.0,0.0,0.0,154.77621459960938,1
2021-11-18,150.6977495476136,155.56053998029552,150.05067998656534,154.77621459960938,137827700.0,0.028536228489381976,72.27603206124766,81783540.0,0.0,0.0,0.0,0.0,0.0,0.0,0.0,0.0,157.40370178222656,1
2021-11-19,154.56052415802415,157.86449238063588,153.4624776050976,157.40370178222656,117305600.0,0.016976039822489852,78.784544693697,92483860.0,0.0,0.0,0.0,0.0,0.0,0.0,0.0,0.0,157.86447143554688,1
2021-11-22,158.5115259485219,162.45274960273852,157.84485918977177,157.86447143554688,117467900.0,0.0029273114170962344,78.1030112106103,104132880.0,0.0,0.0,0.0,0.0,0.0,0.0,0.0,0.0,158.246826171875,1
2021-11-23,157.96250097049108,158.6291826815126,155.94287351139204,158.246826171875,96041900.0,0.00242204425638759,76.79001065590566,111490020.0,0.0,0.0,0.0,0.0,0.0,0.0,0.0,0.0,158.76646423339844,1
2021-11-24,157.59978226969068,158.96254184147045,156.5115343411642,158.76646423339844,69463600.0,0.003283718694990112,79.59815293708107,107621340.0,0.0,0.0,0.0,0.0,0.0,0.0,0.0,0.0,153.73696899414062,0
2021-11-26,156.44289044282164,157.30563478087385,153.29579070221752,153.73696899414062,76959800.0,-0.031678574335850196,62.40339145295332,95447760.0,0.0,0.0,0.0,0.0,0.0,0.0,0.0,0.0,157.09976196289062,1
2021-11-29,156.2468012896149,158.0311417015208,155.67816582735122,157.09976196289062,88748200.0,0.021873678079851855,69.39347467921431,89736280.0,0.0,0.0,0.0,0.0,0.0,0.0,0.0,0.0,162.0605926513672,1
2021-11-30,156.85465595786593,162.27628247322406,156.78602057829323,162.0605926513672,174048100.0,0.03157758246411846,73.9326639303008,101052320.0,0.0,0.0,0.0,0.0,0.0,0.0,0.0,0.0,161.54100036621094,0
2021-12-01,164.1978840178816,166.96262755361067,161.30569826962912,161.54100036621094,152052500.0,-0.0032061605887991895,80.47295538702473,112254440.0,0.0,0.0,0.0,0.0,0.0,0.0,0.0,0.0,160.55076599121094,0
2021-12-02,155.62915443498412,160.98214564054786,154.70757335862984,160.55076599121094,136739200.0,-0.0061299259801236294,77.96941222327092,125709560.0,0.0,0.0,0.0,0.0,0.0,0.0,0.0,0.0,158.6684112548828,0
2021-12-03,160.80569748404918,161.72727865884264,156.58996176944189,158.6684112548828,118023100.0,-0.011724358490019071,71.26861775379788,133922220.0,0.0,0.0,0.0,0.0,0.0,0.0,0.0,0.0,162.08023071289062,1
2021-12-06,161.0704018625744,164.59005999270414,161.06060321811478,162.08023071289062,107497000.0,0.021502827380852185,74.27305280296494,137671980.0,0.0,0.0,0.0,0.0,0.0,0.0,0.0,0.0,167.82537841796875,1
2021-12-07,165.76654109310675,168.21754859396336,165.04103748733866,167.82537841796875,120405400.0,0.035446319886199396,77.44026269756468,126943440.0,0.0,0.0,0.0,0.0,0.0,0.0,0.0,0.0,171.64894104003906,1
2021-12-08,168.75675548519916,172.51170037671412,167.3547715631022,171.64894104003906,116998900.0,0.02278298227665987,78.0316099517859,119932720.0,0.0,0.0,0.0,0.0,0.0,0.0,0.0,0.0,171.13912963867188,0
2021-12-09,171.4822766412019,173.28621440591945,170.5116723744327,171.13912963867188,108923700.0,-0.0029700818325949507,74.0285850838976,114369620.0,0.0,0.0,0.0,0.0,0.0,0.0,0.0,0.0,175.93331909179688,1
2021-12-10,171.77641985782503,176.10979941461878,171.26660609827198,175.93331909179688,115402700.0,0.02801340326579327,75.29956697066531,113845540.0,0.0,0.0,0.0,0.0,0.0,0.0,0.0,0.0,172.29600524902344,0
2021-12-13,177.57056250136455,178.5607789713786,172.09011406463858,172.29600524902344,153237000.0,-0.02067438880565653,68.6034230615142,122993540.0,0.0,0.0,0.0,0.0,0.0,0.0,0.0,0.0,170.91360473632812,0
2021-12-14,171.81557342647733,174.25678153856327,168.83515579640857,170.91360473632812,139380400.0,-0.008023404319196459,66.08631339216527,126788540.0,0.0,0.0,0.0,0.0,0.0,0.0,0.0,0.0,175.7862091064453,1
2021-12-15,171.67831935304167,175.9822866567296,168.9331887697873,175.7862091064453,131063300.0,0.028509166240067607,69.20724663973347,129601420.0,0.0,0.0,0.0,0.0,0.0,0.0,0.0,0.0,168.88417053222656,0
2021-12-16,175.7666019527164,177.59015164670058,167.40376778099412,168.88417053222656,150185800.0,-0.039263822852219854,67.34371203142682,137853840.0,0.0,0.0,0.0,0.0,0.0,0.0,0.0,0.0,167.7861328125,0
2021-12-17,166.59983885479875,170.07047310742206,166.3645517595425,167.7861328125,195432700.0,-0.006501720772682074,63.01757598220362,153859840.0,0.0,0.0,0.0,0.0,0.0,0.0,0.0,0.0,166.42340087890625,0
2021-12-20,164.98220734461725,167.23713712314685,164.17828470413107,166.42340087890625,107499100.0,-0.008121838859690422,56.10181299107055,144712260.0,0.0,0.0,0.0,0.0,0.0,0.0,0.0,0.0,169.59988403320312,1
2021-12-21,168.19790026438204,169.80576024164466,165.8057150631417,169.59988403320312,91185900.0,0.019086757856896286,60.03511368664907,135073360.0,0.0,0.0,0.0,0.0,0.0,0.0,0.0,0.0,172.19798278808594,1
2021-12-22,169.64892899727565,172.41367264545124,168.7763709233024,172.19798278808594,92135300.0,0.015318988982174986,63.69351566616754,127287760.0,0.0,0.0,0.0,0.0,0.0,0.0,0.0,0.0,172.825439453125,1
2021-12-23,172.40387334427473,173.38427634319635,171.83523780972868,172.825439453125,68356600.0,0.003643809613096627,67.07634169570954,110921920.0,0.0,0.0,0.0,0.0,0.0,0.0,0.0,0.0,176.7960662841797,1
2021-12-27,173.61955533140323,176.8842989595941,173.5999580433746,176.7960662841797,74919600.0,0.022974782205785305,67.26178487223851,86819300.0,0.0,0.0,0.0,0.0,0.0,0.0,0.0,0.0,175.7764129638672,0
2021-12-28,176.62937357994824,177.77644307078862,175.03131221487746,175.7764129638672,79144300.0,-0.005767398233134435,60.577745501937684,81148340.0,0.0,0.0,0.0,0.0,0.0,0.0,0.0,0.0,175.86468505859375,1
2021-12-29,175.8156619193921,177.0901887398254,174.6489800212977,175.86468505859375,62348900.0,0.0005021839576662135,56.38253145419888,75380940.0,0.0,0.0,0.0,0.0,0.0,0.0,0.0,0.0,174.7078094482422,0
2021-12-30,175.95292543158308,177.03137470215592,174.5999645211849,174.7078094482422,59773000.0,-0.006578214437799823,55.4273442845712,68908480.0,0.0,0.0,0.0,0.0,0.0,0.0,0.0,0.0,174.0901336669922,0
2021-12-31,174.59993235574382,175.7175909576372,173.7861962305415,174.0901336669922,64062300.0,-0.0035354789416724985,47.76379526847876,68049620.0,0.0,0.0,0.0,0.0,0.0,0.0,0.0,0.0,178.44313049316406,1
2022-01-03,174.34505345884557,179.2960912081591,174.22740989529922,178.44313049316406,104487900.0,0.02500427068715161,59.658176867337126,73963280.0,0.0,0.0,0.0,0.0,0.0,0.0,0.0,0.0,176.17837524414062,0
2022-01-04,179.05096314693128,179.35488561287562,175.60973984086195,176.17837524414062,99310400.0,-0.012691748025067229,58.248026908364125,77996500.0,0.0,0.0,0.0,0.0,0.0,0.0,0.0,0.0,171.49209594726562,0
2022-01-05,176.09018854441808,176.6392118468071,171.21758429607112,171.49209594726562,94537600.0,-0.026599628305011613,44.2407628556056,84434240.0,0.0,0.0,0.0,0.0,0.0,0.0,0.0,0.0,168.62930297851562,0
2022-01-06,169.31558203356892,171.8646356206371,168.27635732737943,168.62930297851562,96904000.0,-0.016693439735148585,50.01194224080437,91860440.0,0.0,0.0,0.0,0.0,0.0,0.0,0.0,0.0,168.7959442138672,1
2022-01-07,169.50183540964022,170.727338880113,167.6782856471864,168.7959442138672,86709100.0,0.0009882104261131897,52.248045566647534,96389800.0,0.0,0.0,0.0,0.0,0.0,0.0,0.0,0.0,168.81558227539062,1
2022-01-10,165.76652857616685,169.1195047889858,164.87435832287932,168.81558227539062,106765600.0,0.00011634202240395908,54.94335832338594,96845340.0,0.0,0.0,0.0,0.0,0.0,0.0,0.0,0.0,171.64894104003906,1
2022-01-11,168.94303442923228,171.74697235390423,167.4724300834058,171.64894104003906,76138300.0,0.016783751395806235,54.283263581634344,92210920.0,0.0,0.0,0.0,0.0,0.0,0.0,0.0,0.0,172.0901336669922,1
2022-01-12,172.66856783412447,173.70779259806037,171.39405592953122,172.0901336669922,74805200.0,0.0025703195387043465,50.248446958525136,88264440.0,0.0,0.0,0.0,0.0,0.0,0.0,0.0,0.0,168.81558227539062,0
2022-01-13,172.3352251905114,173.15876005827155,168.42341212900857,168.81558227539062,84505800.0,-0.019028118125226645,43.13219274821548,85784800.0,0.0,0.0,0.0,0.0,0.0,0.0,0.0,0.0,169.6783447265625,1
2022-01-14,167.9822368621362,170.37442243944997,167.73713612609606,169.6783447265625,80440800.0,0.005110680184513106,35.97649894786504,84531140.0,0.0,0.0,0.0,0.0,0.0,0.0,0.0,0.0,166.47242736816406,0
2022-01-18,168.14890807010434,169.1587219328493,166.0900708080933,166.47242736816406,90956700.0,-0.01889408671191828,32.93160512399889,81369360.0,0.0,0.0,0.0,0.0,0.0,0.0,0.0,0.0,162.9723358154297,0
2022-01-19,166.6684581646365,167.72729487050043,162.6880256161482,162.9723358154297,94815000.0,-0.021025052665290422,28.797268923016247,85104700.0,0.0,0.0,0.0,0.0,0.0,0.0,0.0,0.0,161.28602600097656,0
2022-01-20,163.70762161465956,166.35470563713608,160.96249134848685,161.28602600097656,91420500.0,-0.01034721510258596,28.19223002260354,88427760.0,0.0,0.0,0.0,0.0,0.0,0.0,0.0,0.0,159.22723388671875,0
2022-01-21,161.19783827212862,163.0704113462842,159.1193889725066,159.22723388671875,122848900.0,-0.012764851148637901,26.8127382600112,96096380.0,0.0,0.0,0.0,0.0,0.0,0.0,0.0,0.0,158.4527130126953,0
2022-01-24,156.88407733764427,159.11939476840692,151.66832669269064,158.4527130126953,162294600.0,-0.004864248753918998,15.176670033249394,112467140.0,0.0,0.0,0.0,0.0,0.0,0.0,0.0,0.0,156.64877319335938,0
2022-01-25,155.86444788627315,159.5703696285005,153.942866591661,156.64877319335938,115798400.0,-0.011384720305744445,15.295329179401108,117435480.0,0.0,0.0,0.0,0.0,0.0,0.0,0.0,0.0,156.56056213378906,0
2022-01-26,160.29589528165266,161.1684533792907,154.727213256224,156.56056213378906,108275300.0,-0.0005631136316748275,18.11702088550662,120127540.0,0.0,0.0,0.0,0.0,0.0,0.0,0.0,0.0,156.0997314453125,0
2022-01-27,159.26642822820887,160.6291874906743,155.17815044081257,156.0997314453125,121954600.0,-0.002943465980166593,20.072589996012738,126234360.0,0.0,0.0,0.0,0.0,0.0,0.0,0.0,0.0,166.9920196533203,1
2022-01-28,162.4625632621154,167.01163189910224,159.6095873711376,166.9920196533203,179935700.0,0.06977775110281836,48.09963605994283,137651720.0,0.0,0.0,0.0,0.0,0.0,0.0,0.0,0.0,171.3548583984375,1
2022-01-31,166.82540071085162,171.5705482844906,166.1881296985076,171.3548583984375,115541600.0,0.02612603137667624,54.17530283244252,128301120.0,0.0,0.0,0.0,0.0,0.0,0.0,0.0,0.0,171.1881103515625,0
2022-02-01,170.59986276722478,171.41359877633036,168.9331812246113,171.1881103515625,86213900.0,-0.0009731153725870412,50.19304712562084,122384220.0,0.0,0.0,0.0,0.0,0.0,0.0,0.0,0.0,172.39404296875,1
2022-02-02,171.32540739423024,172.43326746235795,169.93323706636977,172.39404296875,84914300.0,0.007044488163990614,51.24994985452554,117712020.0,0.0,0.0,0.0,0.0,0.0,0.0,0.0,0.0,169.5116424560547,0
2022-02-03,171.06068071470264,172.78619926092313,168.74692944934694,169.5116424560547,89418100.0,-0.016719838244166008,51.81722706010172,111204720.0,0.0,0.0,0.0,0.0,0.0,0.0,0.0,0.0,169.22702026367188,0
2022-02-04,168.53004061879486,170.90565209755536,167.5483884297884,169.22702026367188,82465400.0,-0.0016790716452210752,50.19245805469239,91710660.0,0.0,0.0,0.0,0.0,0.0,0.0,0.0,0.0,168.51036071777344,0
2022-02-07,169.6883399458675,170.75833687095522,167.81338131131074,168.51036071777344,77251200.0,-0.004234900223272886,54.055880750670404,84052580.0,0.0,0.0,0.0,0.0,0.0,0.0,0.0,0.0,171.62220764160156,1
2022-02-08,168.57908068618394,172.13267083606547,168.2845821132694,171.62220764160156,74829200.0,0.018466798780639726,64.6204273277367,81775640.0,0.0,0.0,0.0,0.0,0.0,0.0,0.0,0.0,173.04562377929688,1
2022-02-09,172.81984799977465,173.4088302479398,171.6909391445202,173.04562377929688,71285000.0,0.008293892481955556,69.79743469611256,79049780.0,0.0,0.0,0.0,0.0,0.0,0.0,0.0,0.0,168.96192932128906,0
2022-02-10,170.94487045999796,172.26028048182204,168.40239549718422,168.96192932128906,90865900.0,-0.023598946733354942,65.95246289878602,79339340.0,0.0,0.0,0.0,0.0,0.0,0.0,0.0,0.0,165.54579162597656,0
2022-02-11,169.16808987950634,169.90432887481495,164.95679443820137,165.54579162597656,98670700.0,-0.02021838711853574,61.17639628858891,82580400.0,0.0,0.0,0.0,0.0,0.0,0.0,0.0,0.0,165.78140258789062,1
2022-02-14,164.2990984096048,166.46855602542965,163.50396264767951,165.78140258789062,86185500.0,0.001423237399150512,64.89667768495607,84367260.0,0.0,0.0,0.0,0.0,0.0,0.0,0.0,0.0,169.61964416503906,1
2022-02-15,167.83304529637556,169.77671208150778,167.12625465108732,169.61964416503906,62527400.0,0.023152425526823173,68.67705770391835,81906900.0,0.0,0.0,0.0,0.0,0.0,0.0,0.0,0.0,169.38404846191406,0
2022-02-16,168.69689508661867,170.1595469185717,166.92991856527323,169.38404846191406,61177400.0,-0.0013889647292018026,69.15558572273136,79885380.0,0.0,0.0,0.0,0.0,0.0,0.0,0.0,0.0,165.78140258789062,0
2022-02-17,167.89194849865083,168.75580709374077,165.37892165346722,165.78140258789062,69589300.0,-0.02126909769094043,48.40326631308063,75630060.0,0.0,0.0,0.0,0.0,0.0,0.0,0.0,0.0,164.2304229736328,0
2022-02-18,166.70419081590586,167.4109666491594,163.14078838658125,164.2304229736328,82772700.0,-0.009355570589020368,36.99233940383249,72450460.0,0.0,0.0,0.0,0.0,0.0,0.0,0.0,0.0,161.3050537109375,0
2022-02-22,161.95293260639133,163.6315640117695,159.17485582320555,161.3050537109375,91162800.0,-0.017812590442910725,33.42576458069398,73445920.0,0.0,0.0,0.0,0.0,0.0,0.0,0.0,0.0,157.13302612304688,0
2022-02-23,162.50264821161971,163.10145646710572,156.8188903266126,157.13302612304688,90009200.0,-0.02586420878893847,26.533441730877485,78942280.0,0.0,0.0,0.0,0.0,0.0,0.0,0.0,0.0,159.75405883789062,1
2022-02-24,149.7804704881103,159.86204116175165,149.21111050582687,159.75405883789062,141147500.0,0.01668034263396212,35.16193487963599,94936300.0,0.0,0.0,0.0,0.0,0.0,0.0,0.0,0.0,161.82534790039062,1
2022-02-25,160.83386973446065,162.09038317154068,157.91836192123637,161.82534790039062,91974200.0,0.012965486307936702,39.55659655082954,99413280.0,0.0,0.0,0.0,0.0,0.0,0.0,0.0,0.0,162.09036254882812,1
2022-02-28,160.06816196139965,162.38486112479202,159.44971644975743,162.09036254882812,95056600.0,0.0016376584501498481,40.87508981223173,101870060.0,0.0,0.0,0.0,0.0,0.0,0.0,0.0,0.0,160.20558166503906,0
2022-03-01,161.67805946523026,163.54320699943037,158.99815406295153,160.20558166503906,83474400.0,-0.011627963897121174,32.85034851463767,100332380.0,0.0,0.0,0.0,0.0,0.0,0.0,0.0,0.0,163.50396728515625,1
2022-03-02,161.37378407895594,164.28929194125575,159.96020269374122,163.50396728515625,79724800.0,0.020588456318666237,36.827429171680855,98275500.0,0.0,0.0,0.0,0.0,0.0,0.0,0.0,0.0,163.17999267578125,0
2022-03-03,165.37889834481186,165.8108275814803,162.5124765673441,163.17999267578125,76678400.0,-0.0019814480024816783,41.10841383051408,85381680.0,0.0,0.0,0.0,0.0,0.0,0.0,0.0,0.0,160.1761474609375,0
2022-03-04,161.4719352294381,162.51248390357455,159.1257876596409,160.1761474609375,83737200.0,-0.01840817103609038,41.512502018009826,83734280.0,0.0,0.0,0.0,0.0,0.0,0.0,0.0,0.0,156.3771514892578,0
2022-03-07,160.36265582763468,161.99220158513262,156.12191240746935,156.3771514892578,96418800.0,-0.023717613589165354,36.34021293276899,84006720.0,0.0,0.0,0.0,0.0,0.0,0.0,0.0,0.0,154.5513153076172,0
2022-03-08,155.90600005394768,159.8915053454628,152.94140639728047,154.5513153076172,131148300.0,-0.01167585011142791,26.60462269992368,93541500.0,0.0,0.0,0.0,0.0,0.0,0.0,0.0,0.0,159.96018981933594,1
2022-03-09,158.51716018630677,160.41175632836593,156.4851483427237,159.96018981933594,91454900.0,0.034997272594885276,38.0035691186446,95887520.0,0.0,0.0,0.0,0.0,0.0,0.0,0.0,0.0,155.61146545410156,0
2022-03-10,157.26063347822767,157.4471497383223,153.11806120676204,155.61146545410156,105342000.0,-0.027186291602591672,37.044611684364206,101620240.0,0.0,0.0,0.0,0.0,0.0,0.0,0.0,0.0,151.89100646972656,0
2022-03-11,156.01394178449013,156.3575259685623,151.665230708696,151.89100646972656,96970100.0,-0.023908643065072677,34.87995159987422,104266820.0,0.0,0.0,0.0,0.0,0.0,0.0,0.0,0.0,147.8564453125,0
2022-03-14,148.67121841249335,151.29222791354923,147.34599696795414,147.8564453125,108732100.0,-0.02656221227970268,33.69614838496244,106729480.0,0.0,0.0,0.0,0.0,0.0,0.0,0.0,0.0,152.244384765625,1
2022-03-15,148.1312610379761,152.71558844748628,147.62081285085458,152.244384765625,92964300.0,0.029677025197318407,44.548857183229636,99092680.0,0.0,0.0,0.0,0.0,0.0,0.0,0.0,0.0,156.66183471679688,1
2022-03-16,154.1684452970025,157.06431562049127,151.62597028281274,156.66183471679688,102300200.0,0.02901551973803418,47.04566548057172,101261740.0,0.0,0.0,0.0,0.0,0.0,0.0,0.0,0.0,157.67295837402344,1
2022-03-17,155.69984300954386,158.04599097202535,154.73782812813226,157.67295837402344,75615400.0,0.006454179852128039,45.756389069764666,95316420.0,0.0,0.0,0.0,0.0,0.0,0.0,0.0,0.0,160.9712677001953,1
2022-03-18,157.56493454998656,161.46209362986437,156.82869565548296,160.9712677001953,123511700.0,0.020918674706082552,49.4041095415378,100624740.0,0.0,0.0,0.0,0.0,0.0,0.0,0.0,0.0,162.34561157226562,1
2022-03-21,160.50991215775952,163.2978152048177,160.0190861607253,162.34561157226562,95811400.0,0.008537821014306779,52.95257327340478,98040600.0,0.0,0.0,0.0,0.0,0.0,0.0,0.0,0.0,165.7224884033203,1
2022-03-22,162.4732078859342,166.31147058252574,161.88422570672876,165.7224884033203,81532000.0,0.02080054273318943,52.9877271471499,95754140.0,0.0,0.0,0.0,0.0,0.0,0.0,0.0,0.0,167.08702087402344,1
2022-03-23,164.9077518788254,169.4724284348405,164.57397876026056,167.08702087402344,98062700.0,0.008233840101303791,54.68402056466092,94906640.0,0.0,0.0,0.0,0.0,0.0,0.0,0.0,0.0,170.87619018554688,1
2022-03-24,167.92140774440355,170.94489804434284,167.0870124371813,170.87619018554688,90131400.0,0.02267781956792625,61.59486970665518,97809840.0,0.0,0.0,0.0,0.0,0.0,0.0,0.0,0.0,171.5142364501953,1
2022-03-25,170.68965237563202,172.06395916657084,169.580380836561,171.5142364501953,80546200.0,0.0037339682255064233,67.4418295160165,89216740.0,0.0,0.0,0.0,0.0,0.0,0.0,0.0,0.0,172.3780975341797,1
2022-03-28,169.01102337849983,172.5057021088352,168.84414433562662,172.3780975341797,90371900.0,0.005036672767599892,70.99536586401761,88128840.0,0.0,0.0,0.0,0.0,0.0,0.0,0.0,0.0,175.6764678955078,1
2022-03-29,173.44811341555263,175.7255385178658,173.1045291861119,175.6764678955078,100589400.0,0.019134509595536642,69.16871111051256,91940320.0,0.0,0.0,0.0,0.0,0.0,0.0,0.0,0.0,174.5082550048828,0
2022-03-30,175.2739422558794,176.31449082883282,173.45788032690467,174.5082550048828,92633200.0,-0.00664979723590442,75.30891735046315,90854420.0,0.0,0.0,0.0,0.0,0.0,0.0,0.0,0.0,171.40621948242188,0
2022-03-31,174.57695056693356,174.7634668034609,171.20006601604496,171.40621948242188,103049300.0,-0.017775866948954056,77.359696207481,93438000.0,0.0,0.0,0.0,0.0,0.0,0.0,0.0,0.0,171.11178588867188,0
2022-04-01,170.8369244817349,171.67133481060853,168.785275058947,171.11178588867188,78751300.0,-0.0017177532684582442,86.95203753998511,93079020.0,0.0,0.0,0.0,0.0,0.0,0.0,0.0,0.0,175.16598510742188,1
2022-04-04,171.3669966643139,175.21507070313862,171.2393771112145,175.16598510742188,76468400.0,0.02369327862306192,86.55037274879547,90298320.0,0.0,0.0,0.0,0.0,0.0,0.0,0.0,0.0,171.84800720214844,0
2022-04-05,174.2432406248137,175.02856526846452,171.21975048299214,171.84800720214844,73401800.0,-0.018941907604028585,75.53787117490184,84860800.0,0.0,0.0,0.0,0.0,0.0,0.0,0.0,0.0,168.67726135253906,0
2022-04-06,169.19753570311426,170.44423791053993,167.00845598396842,168.67726135253906,89058800.0,-0.01845087354361674,67.63366133787116,84145920.0,0.0,0.0,0.0,0.0,0.0,0.0,0.0,0.0,168.9815673828125,1
2022-04-07,168.01955265843017,170.1791839693951,166.73359099058004,168.9815673828125,77594700.0,0.001804072628600606,64.1420752636024,79055000.0,0.0,0.0,0.0,0.0,0.0,0.0,0.0,0.0,166.96923828125,0
2022-04-08,168.62823308641478,168.62823308641478,166.0955683220528,166.96923828125,76575500.0,-0.011908571643224009,58.21611076309581,78619840.0,0.0,0.0,0.0,0.0,0.0,0.0,0.0,0.0,162.7088165283203,0
2022-04-11,165.61451299486157,165.928633841103,162.46340353204835,162.7088165283203,72246700.0,-0.02551620763672202,45.50754155784432,77775500.0,0.0,0.0,0.0,0.0,0.0,0.0,0.0,0.0,164.58380126953125,1
2022-04-12,164.93719663883124,166.7532441092378,163.5825118933774,164.58380126953125,79265200.0,0.01152355957849771,46.45822188090756,78948180.0,0.0,0.0,0.0,0.0,0.0,0.0,0.0,0.0,167.2734832763672,1
2022-04-13,164.3187163524491,167.90173991390134,163.71009694763094,167.2734832763672,70618900.0,0.016342325223313914,44.59675662529189,75260200.0,0.0,0.0,0.0,0.0,0.0,0.0,0.0,0.0,162.2572479248047,0
2022-04-14,167.4894547350742,168.12753750441655,162.01183493170848,162.2572479248047,75329400.0,-0.02998822798037115,37.18969214645241,74807140.0,0.0,0.0,0.0,0.0,0.0,0.0,0.0,0.0,162.04132080078125,0
2022-04-18,160.91241188828883,163.54324732904448,160.5688426374783,162.04132080078125,69023900.0,-0.0013307702847487057,35.40314085901498,73296820.0,0.0,0.0,0.0,0.0,0.0,0.0,0.0,0.0,164.32850646972656,1
2022-04-19,161.99218535509698,164.74081340994962,160.90255125037683,164.32850646972656,67723800.0,0.014114829832553966,33.779899353138745,72392240.0,0.0,0.0,0.0,0.0,0.0,0.0,0.0,0.0,164.1616668701172,0
2022-04-20,165.66359329680822,165.7814017275046,163.05241024771163,164.1616668701172,67929800.0,-0.0010152809344744496,34.76037501609143,70125160.0,0.0,0.0,0.0,0.0,0.0,0.0,0.0,0.0,163.36651611328125,0
2022-04-21,165.81083486701775,168.38275818896258,162.865879009956,163.36651611328125,87227800.0,-0.004843705427680978,37.24132538438699,73446940.0,0.0,0.0,0.0,0.0,0.0,0.0,0.0,0.0,158.82147216796875,0
2022-04-22,163.40580023778472,164.78991818851023,158.53679967564108,158.82147216796875,84882400.0,-0.027821147524263123,32.55174711610104,75357540.0,0.0,0.0,0.0,0.0,0.0,0.0,0.0,0.0,159.8914794921875,1
2022-04-25,158.16376241881838,160.17615197605645,155.55257953271186,159.8914794921875,96046400.0,0.006737170419167882,26.5431941160423,80762040.0,0.0,0.0,0.0,0.0,0.0,0.0,0.0,0.0,153.9230194091797,0
2022-04-26,159.27301921605053,159.36136429126918,153.84448546049006,153.9230194091797,95623200.0,-0.037328193484503,24.20504151251764,86341920.0,0.0,0.0,0.0,0.0,0.0,0.0,0.0,0.0,153.69725036621094,0
2022-04-27,153.0493564954022,156.85815581050312,152.52908216912786,153.69725036621094,88063200.0,-0.001466765944660775,26.349086839045583,90368600.0,0.0,0.0,0.0,0.0,0.0,0.0,0.0,0.0,160.6375274658203,1
2022-04-28,156.3280759248776,161.5013859909982,156.01394010524191,160.6375274658203,130216800.0,0.04515550592527151,39.93044681479459,98966400.0,0.0,0.0,0.0,0.0,0.0,0.0,0.0,0.0,154.7574462890625,0
2022-04-29,158.87057095053723,163.15057467016825,154.3647914438503,154.7574462890625,131747600.0,-0.036604654401250936,36.13456591476732,108339440.0,0.0,0.0,0.0,0.0,0.0,0.0,0.0,0.0,155.06175231933594,1
2022-05-02,153.83468735250372,155.326787567421,150.45780216717014,155.06175231933594,123055300.0,0.0019663417662310056,40.569060914967764,113741220.0,0.0,0.0,0.0,0.0,0.0,0.0,0.0,0.0,156.55384826660156,1
2022-05-03,155.2482493800242,157.7612909458003,153.4518394989138,156.55384826660156,88966500.0,0.009622591805829694,40.08695158915882,112409880.0,0.0,0.0,0.0,0.0,0.0,0.0,0.0,0.0,162.97386169433594,1
2022-05-04,156.74036579119067,163.42541320530594,156.33788489489382,162.97386169433594,108256500.0,0.04100833993426645,45.792727693859106,116448540.0,0.0,0.0,0.0,0.0,0.0,0.0,0.0,0.0,153.89361572265625,0
2022-05-05,160.84371492154636,161.06949072780478,152.10700157369598,153.89361572265625,130525300.0,-0.05571596498529352,41.6549900964512,116510240.0,0.0,0.0,0.0,0.0,0.0,0.0,0.0,0.0,154.62109375,1
2022-05-06,153.37255959944574,156.7445813601952,151.57349495754403,154.62109375,116124600.0,0.004727148841929818,42.8046151947901,113385640.0,0.0,0.0,0.0,0.0,0.0,0.0,0.0,0.0,149.48931884765625,0
2022-05-09,152.31079472594658,153.19558860822082,148.92896288962842,149.48931884765625,131577900.0,-0.033189358436702676,35.552189750831104,115090160.0,0.0,0.0,0.0,0.0,0.0,0.0,0.0,0.0,151.89791870117188,1
2022-05-10,152.89085370033473,154.0902301343912,150.3446276636097,151.89791870117188,115366700.0,0.01611218695812111,38.88602067176727,120370200.0,0.0,0.0,0.0,0.0,0.0,0.0,0.0,0.0,144.02334594726562,0
2022-05-11,150.90500752836363,152.8220388257889,143.3450083341386,144.02334594726562,142689800.0,-0.051841215608739555,33.93729865110333,127256860.0,0.0,0.0,0.0,0.0,0.0,0.0,0.0,0.0,140.14991760253906,0
2022-05-12,140.3563740008872,143.7283801675573,136.45348852465227,140.14991760253906,182602000.0,-0.02689444769700622,34.022673948839596,137672200.0,0.0,0.0,0.0,0.0,0.0,0.0,0.0,0.0,144.6230010986328,1
2022-05-13,142.14559929622243,145.59626984264398,140.69062395231782,144.6230010986328,113990900.0,0.03191641902194542,38.243899060570804,137245460.0,0.0,0.0,0.0,0.0,0.0,0.0,0.0,0.0,143.0795440673828,0
2022-05-16,143.08938461134267,145.02608166695018,141.7425351609862,143.0795440673828,86643800.0,-0.010672279094784964,41.02243526610881,128258640.0,0.0,0.0,0.0,0.0,0.0,0.0,0.0,0.0,146.71697998046875,1
2022-05-17,146.34339939395076,147.23801869280874,144.20024629343533,146.71697998046875,78336300.0,0.02542247346953319,45.01253417711863,120852560.0,0.0,0.0,0.0,0.0,0.0,0.0,0.0,0.0,138.4393310546875,0
2022-05-18,144.3673878211131,144.86876045778243,137.53487119903903,138.4393310546875,109742900.0,-0.05641916107381151,32.522111212221006,114263180.0,0.0,0.0,0.0,0.0,0.0,0.0,0.0,0.0,135.0280303955078,0
2022-05-19,137.51525818502847,139.26516512783357,134.29070954879225,135.0280303955078,136095600.0,-0.02464112353903336,33.51936925492933,104961900.0,0.0,0.0,0.0,0.0,0.0,0.0,0.0,0.0,135.2639617919922,1
2022-05-20,136.73860346717416,138.32138613190273,130.3681556306207,135.2639617919922,137426100.0,0.0017472771823250355,33.48202010986249,109648940.0,0.0,0.0,0.0,0.0,0.0,0.0,0.0,0.0,140.69061279296875,1
2022-05-23,135.46054440281267,140.8380709239281,135.32291181364158,140.69061279296875,117726300.0,0.04011897129940367,38.307020898552516,115865440.0,0.0,0.0,0.0,0.0,0.0,0.0,0.0,0.0,137.98712158203125,0
2022-05-24,138.42951103300464,139.5699040628069,135.0083469444269,137.98712158203125,104132700.0,-0.019215860655293238,30.113966756658854,121024720.0,0.0,0.0,0.0,0.0,0.0,0.0,0.0,0.0,138.1444091796875,1
2022-05-25,136.08973078213927,139.39292808535322,136.00125589921703,138.1444091796875,92482700.0,0.0011398715753538902,35.22209057600617,117572680.0,0.0,0.0,0.0,0.0,0.0,0.0,0.0,0.0,141.34930419921875,1
2022-05-26,135.0673319135833,141.89983463413682,134.82155832650707,141.34930419921875,90601500.0,0.02319959988654019,38.52279933662421,108473860.0,0.0,0.0,0.0,0.0,0.0,0.0,0.0,0.0,147.1102294921875,1
2022-05-27,142.93207874444667,147.1495466635664,142.80427168601537,147.1102294921875,90978500.0,0.04075665830550723,48.747542227592064,99184340.0,0.0,0.0,0.0,0.0,0.0,0.0,0.0,0.0,146.32371520996094,0
2022-05-31,146.5498376426855,148.11295358634777,144.35752710447642,146.32371520996094,103718400.0,-0.0053464282187686285,45.724112476984985,96382760.0,0.0,0.0,0.0,0.0,0.0,0.0,0.0,0.0,146.19595336914062,0
2022-06-01,147.36582293275725,149.17472776391935,145.18335248498283,146.19595336914062,74286600.0,-0.0008731451401229329,53.281648131016,90413540.0,0.0,0.0,0.0,0.0,0.0,0.0,0.0,0.0,148.6536865234375,1
2022-06-02,145.33082319437173,148.71266977766248,144.377220582194,148.6536865234375,72348100.0,0.016811225602744173,60.71885334097487,86386620.0,0.0,0.0,0.0,0.0,0.0,0.0,0.0,0.0,142.9222412109375,0
2022-06-03,144.4165336112239,145.46845161750497,142.01779633681872,142.9222412109375,88570300.0,-0.038555689041699925,48.929618347257815,85980380.0,0.0,0.0,0.0,0.0,0.0,0.0,0.0,0.0,143.6693878173828,1
2022-06-06,144.54434106770898,146.05831455755788,142.4503455918654,143.6693878173828,71598400.0,0.00522764406795595,51.56478982391888,82104360.0,0.0,0.0,0.0,0.0,0.0,0.0,0.0,0.0,146.19595336914062,1
2022-06-07,141.9096618141491,146.48104410293644,141.66388825021798,146.19595336914062,67808200.0,0.01758597005347662,50.2633069086665,74922320.0,0.0,0.0,0.0,0.0,0.0,0.0,0.0,0.0,145.45864868164062,0
2022-06-08,146.06816238698744,147.3363475160415,144.96710149969525,145.45864868164062,53950200.0,-0.005043263308652124,61.011218285307,70855040.0,0.0,0.0,0.0,0.0,0.0,0.0,0.0,0.0,140.22860717773438,0
2022-06-09,144.5935494161548,145.44883688149872,140.12046617630207,140.22860717773438,69473000.0,-0.035955521045386796,58.2673075572096,70280020.0,0.0,0.0,0.0,0.0,0.0,0.0,0.0,0.0,134.8117218017578,0
2022-06-10,137.9084627463307,138.38034379484614,134.7428980025847,134.8117218017578,91437900.0,-0.03862896084470746,50.21165440156907,70853540.0,0.0,0.0,0.0,0.0,0.0,0.0,0.0,0.0,129.65049743652344,0
2022-06-13,130.6237513157455,132.9143631237499,129.21793348983346,129.65049743652344,122207100.0,-0.038284685458019885,36.53594185016808,80975280.0,0.0,0.0,0.0,0.0,0.0,0.0,0.0,0.0,130.5155792236328,1
2022-06-14,130.8793342743823,131.62648045825296,129.25721986088914,130.5155792236328,84784300.0,0.006672413945290945,40.64249325611156,84370500.0,0.0,0.0,0.0,0.0,0.0,0.0,0.0,0.0,133.14047241210938,1
2022-06-15,132.0197453538818,135.0181863871141,129.9257644034857,133.14047241210938,91533000.0,0.02011172309153153,44.48521821408522,91887060.0,0.0,0.0,0.0,0.0,0.0,0.0,0.0,0.0,127.86123657226562,0
2022-06-16,129.84709117019267,130.1518479895085,126.85847623062334,127.86123657226562,108123900.0,-0.03965162316311255,34.62485309997275,99617240.0,0.0,0.0,0.0,0.0,0.0,0.0,0.0,0.0,129.3358917236328,1
2022-06-17,127.87109072638007,130.8301993524765,127.61547659200777,129.3358917236328,134520300.0,0.011533246438874656,27.80854675016495,108233720.0,0.0,0.0,0.0,0.0,0.0,0.0,0.0,0.0,133.57301330566406,1
2022-06-21,131.16443535080262,134.74289788395257,131.06613492456364,133.57301330566406,81000500.0,0.0327606012960826,35.97801972525659,99992400.0,0.0,0.0,0.0,0.0,0.0,0.0,0.0,0.0,133.0618133544922,0
2022-06-22,132.5112679712454,135.4310591073431,131.64615522779903,133.0618133544922,73409200.0,-0.003827120003664697,35.635903927654866,97717380.0,0.0,0.0,0.0,0.0,0.0,0.0,0.0,0.0,135.93246459960938,1
2022-06-23,134.5069807437755,136.24704700188127,133.33709602733944,135.93246459960938,72433800.0,0.021573817256416383,36.60777447985992,93897540.0,0.0,0.0,0.0,0.0,0.0,0.0,0.0,0.0,139.26513671875,1
2022-06-24,137.53488121755194,139.51091028418583,137.40708916408835,139.26513671875,89116800.0,0.02451711685620528,46.44815701211898,90096120.0,0.0,0.0,0.0,0.0,0.0,0.0,0.0,0.0,139.26513671875,0
2022-06-27,140.2875481505987,141.06420101783954,138.58679927801467,139.26513671875,70207900.0,0.0,45.50284654346715,77233640.0,0.0,0.0,0.0,0.0,0.0,0.0,0.0,0.0,135.11648559570312,0
2022-06-28,139.72720035167993,140.99538542275212,134.99851907769516,135.11648559570312,67083400.0,-0.029789588556001667,37.99871562186501,74450220.0,0.0,0.0,0.0,0.0,0.0,0.0,0.0,0.0,136.87619018554688,1
2022-06-29,135.13612439300184,138.29184811908073,134.35947163740929,136.87619018554688,66242400.0,0.013023611309053384,41.157183238232754,73016860.0,0.0,0.0,0.0,0.0,0.0,0.0,0.0,0.0,134.40863037109375,0
2022-06-30,134.92966905883227,136.03072968185316,131.508505693856,134.40863037109375,98964500.0,-0.018027677502625905,43.62988476184529,78323000.0,0.0,0.0,0.0,0.0,0.0,0.0,0.0,0.0,136.58128356933594,1
2022-07-01,133.74014164921843,136.68942454210836,133.36657601668242,136.58128356933594,71051600.0,0.016164536401000573,53.039883119392734,74709960.0,0.0,0.0,0.0,0.0,0.0,0.0,0.0,0.0,139.16680908203125,1
2022-07-05,135.4408887572933,139.215966790971,134.6150782492546,139.16680908203125,73353800.0,0.018930306152693088,64.4185803586623,75339140.0,0.0,0.0,0.0,0.0,0.0,0.0,0.0,0.0,140.5038299560547,1
2022-07-06,138.96037976700046,141.68354006887108,138.69494011634768,140.5038299560547,74064300.0,0.009607325790126797,64.82097329991878,76735320.0,0.0,0.0,0.0,0.0,0.0,0.0,0.0,0.0,143.8758544921875,1
2022-07-07,140.86757338185674,144.07247034886072,140.857747839313,143.8758544921875,66253700.0,0.02399952042010156,65.34020550488418,76737580.0,0.0,0.0,0.0,0.0,0.0,0.0,0.0,0.0,144.55418395996094,1
2022-07-08,142.8042772492725,145.0555716697527,142.54867812328092,144.55418395996094,64547800.0,0.0047146859364806115,77.395466324315,69854240.0,0.0,0.0,0.0,0.0,0.0,0.0,0.0,0.0,142.42088317871094,0
2022-07-11,143.20736171130733,144.16096449444552,141.3493138659739,142.42088317871094,63141600.0,-0.014757793394903684,71.34053281564029,68272240.0,0.0,0.0,0.0,0.0,0.0,0.0,0.0,0.0,143.39414978027344,1
2022-07-12,143.29583433994398,145.94036067600746,142.59784571642712,143.39414978027344,77588800.0,0.006833735192761203,67.72940585490576,69119240.0,0.0,0.0,0.0,0.0,0.0,0.0,0.0,0.0,143.03038024902344,0
2022-07-13,140.5726447543378,143.9741422785196,139.71734260162484,143.03038024902344,71185600.0,-0.002536850574499816,68.15678579087138,68543500.0,0.0,0.0,0.0,0.0,0.0,0.0,0.0,0.0,145.9600067138672,1
2022-07-14,141.64422349086814,146.4318877608006,140.82825345087886,145.9600067138672,78140700.0,0.020482546852935046,67.98592999199153,70920900.0,0.0,0.0,0.0,0.0,0.0,0.0,0.0,0.0,147.63128662109375,1
2022-07-15,147.24788039896364,148.30962416813094,145.69458942189468,147.63128662109375,76259900.0,0.011450259183002576,65.78791228994675,73263320.0,0.0,0.0,0.0,0.0,0.0,0.0,0.0,0.0,144.58370971679688,0
2022-07-18,148.19166459198905,149.0076347954927,144.21995456531678,144.58370971679688,81420900.0,-0.020643164291582083,59.35038685718616,76919180.0,0.0,0.0,0.0,0.0,0.0,0.0,0.0,0.0,148.44720458984375,1
2022-07-19,145.41927305374,148.67331202574297,144.42635344320428,148.44720458984375,82982400.0,0.026721508810463535,73.07973523823553,77997900.0,0.0,0.0,0.0,0.0,0.0,0.0,0.0,0.0,150.45277404785156,1
2022-07-20,148.56523442842325,151.12128610103343,147.8279135614201,150.45277404785156,64823400.0,0.013510321488027666,73.14261244444725,76725460.0,0.0,0.0,0.0,0.0,0.0,0.0,0.0,0.0,152.72372436523438,1
2022-07-21,151.88808810670997,152.9400063380094,149.37136878805202,152.72372436523438,65086600.0,0.015094107315432703,81.53398612408859,74114640.0,0.0,0.0,0.0,0.0,0.0,0.0,0.0,0.0,151.48500061035156,0
2022-07-22,152.76302623024424,153.63797957756256,150.8165036712,151.48500061035156,66675400.0,-0.008110879694895656,76.67157015024063,72197740.0,0.0,0.0,0.0,0.0,0.0,0.0,0.0,0.0,150.3642578125,0
2022-07-25,151.40633528462277,152.4189211302385,149.7055864857965,150.3642578125,53623900.0,-0.007398374712585087,71.24354103360723,66638340.0,0.0,0.0,0.0,0.0,0.0,0.0,0.0,0.0,149.03707885742188,0
2022-07-26,149.68590959456228,150.50187953761252,148.25060053874955,149.03707885742188,55138700.0,-0.008826425736979893,66.35323608351445,61069600.0,0.0,0.0,0.0,0.0,0.0,0.0,0.0,0.0,154.13934326171875,1
2022-07-27,150.0005248051165,154.67022256546406,149.5876270137746,154.13934326171875,78620700.0,0.03423486586970759,68.11646642921815,63829060.0,0.0,0.0,0.0,0.0,0.0,0.0,0.0,0.0,154.6898956298828,1
2022-07-28,154.3261405347344,154.97498637932796,151.7995959592648,154.6898956298828,81378700.0,0.003571783533742323,67.92879956060112,67087480.0,0.0,0.0,0.0,0.0,0.0,0.0,0.0,0.0,159.7626495361328,1
2022-07-29,158.51413057382698,160.86372535437394,156.8035410889223,159.7626495361328,101786900.0,0.03279305274332378,77.6088914877763,74109780.0,0.0,0.0,0.0,0.0,0.0,0.0,0.0,0.0,158.77955627441406,0
2022-08-01,158.28800912044616,160.82439423501998,158.17004260375904,158.77955627441406,67829400.0,-0.006153461178649344,74.62782330456047,76950880.0,0.0,0.0,0.0,0.0,0.0,0.0,0.0,0.0,157.30494689941406,0
2022-08-02,157.39343680580816,159.66438272023254,156.9313811867624,157.30494689941406,59907000.0,-0.009287148859715155,72.31993934219548,77904540.0,0.0,0.0,0.0,0.0,0.0,0.0,0.0,0.0,163.32147216796875,1
2022-08-03,158.1208945604064,163.77368717681702,158.0324196674791,163.32147216796875,82507500.0,0.03824752741184834,74.40318682520868,78681900.0,0.0,0.0,0.0,0.0,0.0,0.0,0.0,0.0,163.00685119628906,0
2022-08-04,163.2034670413035,164.36352602829535,161.65017636428277,163.00685119628906,55474100.0,-0.001926390740319306,72.47655051890246,73500980.0,0.0,0.0,0.0,0.0,0.0,0.0,0.0,0.0,162.7804412841797,0
2022-08-05,160.67369781797885,163.2726712063917,160.46695464111716,162.7804412841797,56697000.0,-0.001388959485124519,79.20937871540936,64483000.0,0.0,0.0,0.0,0.0,0.0,0.0,0.0,0.0,162.30789184570312,0
2022-08-08,163.7845816314674,165.20220622926757,161.64830554399492,162.30789184570312,60276900.0,-0.0029029865919308895,74.92746846378427,62972500.0,0.0,0.0,0.0,0.0,0.0,0.0,0.0,0.0,162.35711669921875,1
2022-08-09,161.47110884266755,163.24313957743516,160.71307055191537,162.35711669921875,63135500.0,0.0003032807151632788,72.98235912585665,63618200.0,0.0,0.0,0.0,0.0,0.0,0.0,0.0,0.0,166.61000061035156,1
2022-08-10,165.07423053223724,166.70843758837208,164.30635300401312,166.61000061035156,70170500.0,0.026194625758300782,74.6362149274602,61150800.0,0.0,0.0,0.0,0.0,0.0,0.0,0.0,0.0,165.87167358398438,0
2022-08-11,167.4172679985858,168.3328236251765,165.57633257470778,165.87167358398438,57149200.0,-0.004431468841380681,76.18195821996079,61485820.0,0.0,0.0,0.0,0.0,0.0,0.0,0.0,0.0,169.425537109375,1
2022-08-12,167.18096997345785,169.49444148391456,166.76748363956287,169.425537109375,68039400.0,0.021425379322475013,81.7844834229515,63754300.0,0.0,0.0,0.0,0.0,0.0,0.0,0.0,0.0,170.49859619140625,1
2022-08-15,168.85455011811328,170.6954851482581,168.68719375370597,170.49859619140625,54091700.0,0.006333514417832475,86.20973438492337,62517260.0,0.0,0.0,0.0,0.0,0.0,0.0,0.0,0.0,170.34107971191406,0
2022-08-16,170.09496475942944,171.01052019393777,168.99237457923107,170.34107971191406,56377100.0,-0.0009238579261694468,82.67020866441314,61165580.0,0.0,0.0,0.0,0.0,0.0,0.0,0.0,0.0,171.8374786376953,1
2022-08-17,170.0851412165275,173.4126054655057,169.88825224075944,171.8374786376953,79542000.0,0.008784721385540095,83.23098555616141,63039880.0,0.0,0.0,0.0,0.0,0.0,0.0,0.0,0.0,171.44369506835938,0
2022-08-18,171.04991709522417,172.18204003423804,170.4297025169527,171.44369506835938,62290100.0,-0.002291604674706571,77.55971102597458,64068060.0,0.0,0.0,0.0,0.0,0.0,0.0,0.0,0.0,168.85458374023438,0
2022-08-19,170.34111293537595,171.04008614629294,168.64784053029155,168.85458374023438,70346300.0,-0.01510181711314984,72.5861151686091,64529440.0,0.0,0.0,0.0,0.0,0.0,0.0,0.0,0.0,164.96592712402344,0
2022-08-22,167.052976982108,167.22033333660875,164.54260162126909,164.96592712402344,69026800.0,-0.023029618326460333,66.07857975015898,67516460.0,0.0,0.0,0.0,0.0,0.0,0.0,0.0,0.0,164.63125610351562,0
2022-08-23,164.4835930991685,166.08826784752824,164.0602674505921,164.63125610351562,54147100.0,-0.002028728152185022,53.85082570490847,67070460.0,0.0,0.0,0.0,0.0,0.0,0.0,0.0,0.0,164.9265594482422,1
2022-08-24,164.7198312893935,165.4975479706951,163.6664520268514,164.9265594482422,53841500.0,0.0017937258799805011,55.44588136328427,61930360.0,0.0,0.0,0.0,0.0,0.0,0.0,0.0,0.0,167.38772583007812,1
2022-08-25,166.15715087983543,167.49601702656614,165.73384030735204,167.38772583007812,51218200.0,0.014922801943299646,61.13220766654119,59715980.0,0.0,0.0,0.0,0.0,0.0,0.0,0.0,0.0,161.0773162841797,0
2022-08-26,167.91932427745144,168.3918608006587,161.01825109648692,161.0773162841797,78961000.0,-0.037699356476737056,48.260847604613126,61438920.0,0.0,0.0,0.0,0.0,0.0,0.0,0.0,0.0,158.87216186523438,0
2022-08-29,158.64572524641508,160.36853027090402,157.33640664687104,158.87216186523438,73314000.0,-0.013690036994749022,44.474788200322735,62296360.0,0.0,0.0,0.0,0.0,0.0,0.0,0.0,0.0,156.44052124023438,0
2022-08-30,159.61048321715364,160.0337937500244,155.26901159376436,156.44052124023438,77906200.0,-0.015305643206785846,31.74738941703916,67048180.0,0.0,0.0,0.0,0.0,0.0,0.0,0.0,0.0,154.7767791748047,0
2022-08-31,157.81875651310324,158.084564879281,154.69802058402368,154.7767791748047,87991100.0,-0.010634981603486193,30.615297083271614,73878100.0,0.0,0.0,0.0,0.0,0.0,0.0,0.0,0.0,155.50527954101562,1
2022-09-01,154.20578537018633,155.95812264539694,152.26639832599292,155.50527954101562,74229900.0,0.004706780759329288,23.238281344436103,78480440.0,0.0,0.0,0.0,0.0,0.0,0.0,0.0,0.0,153.38868713378906,0
2022-09-02,157.26746135406307,157.86798246463846,152.56174446332415,153.38868713378906,76957800.0,-0.013611064611271262,18.36078267515404,78079800.0,0.0,0.0,0.0,0.0,0.0,0.0,0.0,0.0,152.12860107421875,0
2022-09-06,154.03845585855234,154.6488162455041,151.3016582877034,152.12860107421875,73714800.0,-0.00821498692710787,17.581629761169978,78159960.0,0.0,0.0,0.0,0.0,0.0,0.0,0.0,0.0,153.53636169433594,1
2022-09-07,152.41407808901712,154.2353197614945,151.22287508520006,153.53636169433594,87449600.0,0.009253753798934783,17.806007444714766,80068640.0,0.0,0.0,0.0,0.0,0.0,0.0,0.0,0.0,152.05966186523438,0
2022-09-08,152.23685741248187,153.93012940950055,150.30730966413597,152.05966186523438,84923800.0,-0.009617915995960735,17.07970337993747,79455180.0,0.0,0.0,0.0,0.0,0.0,0.0,0.0,0.0,154.92446899414062,1
2022-09-09,153.05400095933032,155.36748802177215,152.34518854112125,154.92446899414062,68028800.0,0.018840020382560274,27.006948714912454,78214960.0,0.0,0.0,0.0,0.0,0.0,0.0,0.0,0.0,160.8902587890625,1
2022-09-12,157.10993674145692,161.70736223015916,156.82445000741808,160.8902587890625,104956000.0,0.03850773111345962,44.2719448300394,83814600.0,0.0,0.0,0.0,0.0,0.0,0.0,0.0,0.0,151.4492950439453,0
2022-09-13,157.41511914732905,158.04517283101427,150.98659772699438,151.4492950439453,122656600.0,-0.058679523646580134,34.454904972812486,93602960.0,0.0,0.0,0.0,0.0,0.0,0.0,0.0,0.0,152.89646911621094,1
2022-09-14,152.38454574724284,154.65866080063967,151.22289024182777,152.89646911621094,87965400.0,0.009555502201880284,36.387537445293,93706120.0,0.0,0.0,0.0,0.0,0.0,0.0,0.0,0.0,150.0021514892578,0
2022-09-15,152.24671887947383,152.82756164210238,149.0275457934619,150.0021514892578,90481100.0,-0.01892991802677446,30.258046927813524,94817580.0,0.0,0.0,0.0,0.0,0.0,0.0,0.0,0.0,148.35809326171875,0
2022-09-16,148.86017738849526,148.99800116372188,146.06430005699622,148.35809326171875,162278800.0,-0.010960230978132368,33.62206561820561,113667580.0,0.0,0.0,0.0,0.0,0.0,0.0,0.0,0.0,152.07933044433594,1
2022-09-19,146.98967559142943,152.15808902303615,146.7829474662964,152.07933044433594,81474200.0,0.025082805398776165,42.05884561160659,108971220.0,0.0,0.0,0.0,0.0,0.0,0.0,0.0,0.0,154.4617462158203,1
2022-09-20,151.0161367015711,155.6234166633189,150.7011173572486,154.4617462158203,107689800.0,0.015665611917961453,48.208913909646725,105977860.0,0.0,0.0,0.0,0.0,0.0,0.0,0.0,0.0,151.33114624023438,0
2022-09-21,154.8948855462308,156.27313813881415,151.21301588320202,151.33114624023438,101696800.0,-0.020267801266546148,46.43572170989245,108724140.0,0.0,0.0,0.0,0.0,0.0,0.0,0.0,0.0,150.36639404296875,0
2022-09-22,150.01198791697018,152.06950527712038,148.56483082094806,150.36639404296875,86652500.0,-0.006375106653418894,44.35595282396058,107958420.0,0.0,0.0,0.0,0.0,0.0,0.0,0.0,0.0,148.09226989746094,0
2022-09-23,148.84046890574132,149.1161164282667,146.25133501023848,148.09226989746094,96029900.0,-0.015123885626052602,44.102806848390145,94708640.0,0.0,0.0,0.0,0.0,0.0,0.0,0.0,0.0,148.42701721191406,1
2022-09-26,147.3342661670832,151.38039679019585,147.31457276382835,148.42701721191406,93339400.0,0.002260396944991916,45.98862592773316,97081680.0,0.0,0.0,0.0,0.0,0.0,0.0,0.0,0.0,149.40159606933594,1
2022-09-27,150.36637737417652,152.315603340256,147.6197264467502,149.40159606933594,84442700.0,0.006566047581690881,45.42252488121153,92432260.0,0.0,0.0,0.0,0.0,0.0,0.0,0.0,0.0,147.511474609375,0
2022-09-28,145.34566573388943,148.29904557000611,142.58917488251384,147.511474609375,146691400.0,-0.012651280238557439,44.89149909923753,101431180.0,0.0,0.0,0.0,0.0,0.0,0.0,0.0,0.0,140.26583862304688,0
2022-09-29,143.8295935811918,144.4399538960587,138.49380784574632,140.26583862304688,128138200.0,-0.04911913466742357,33.697942266791685,109728320.0,0.0,0.0,0.0,0.0,0.0,0.0,0.0,0.0,136.0523681640625,0
2022-09-30,139.084506748129,140.8762311475777,135.85547916959945,136.0523681640625,124925300.0,-0.030039177752380186,21.022154372268915,115507400.0,0.0,0.0,0.0,0.0,0.0,0.0,0.0,0.0,140.23629760742188,1
2022-10-03,136.0621976067289,140.84667290730152,135.55027429699052,140.23629760742188,114311700.0,0.03075234558441542,35.477788509713875,119701860.0,0.0,0.0,0.0,0.0,0.0,0.0,0.0,0.0,143.82960510253906,1
2022-10-04,142.77622574271777,143.9477354899333,142.01818737304887,143.82960510253906,87830100.0,0.025623234187031274,39.32582217740578,120379340.0,0.0,0.0,0.0,0.0,0.0,0.0,0.0,0.0,144.1249237060547,1
2022-10-05,141.83114535247526,145.0897052260287,140.7876052377075,144.1249237060547,79471000.0,0.002053253245777098,42.76691256108008,106935260.0,0.0,0.0,0.0,0.0,0.0,0.0,0.0,0.0,143.1699981689453,0
2022-10-06,143.54409774342406,145.24720918960443,142.9632699990137,143.1699981689453,68402200.0,-0.006625679393641559,43.513774308027415,94988060.0,0.0,0.0,0.0,0.0,0.0,0.0,0.0,0.0,137.91297912597656,0
2022-10-07,140.32490279514894,140.8762129387206,137.28292541213156,137.91297912597656,85925600.0,-0.03671871977511165,31.912082307582935,87188120.0,0.0,0.0,0.0,0.0,0.0,0.0,0.0,0.0,138.23782348632812,1
2022-10-10,138.23782348632812,139.68498038649952,136.41658213054245,138.23782348632812,74899000.0,0.002355429941476528,28.23603037319556,79305580.0,0.0,0.0,0.0,0.0,0.0,0.0,0.0,0.0,136.8202362060547,0
2022-10-11,137.72593753469053,139.15341644364526,136.0720520706598,136.8202362060547,77033700.0,-0.010254699072382634,29.431414189628512,77146300.0,0.0,0.0,0.0,0.0,0.0,0.0,0.0,0.0,136.19017028808594,0
2022-10-12,136.9679019716922,138.17878336551573,136.01297472776957,136.19017028808594,70433700.0,-0.004605063808104104,29.653332104603948,75338840.0,0.0,0.0,0.0,0.0,0.0,0.0,0.0,0.0,140.76791381835938,1
2022-10-13,132.8922353283637,141.35858069211028,132.2818600306571,140.76791381835938,113224000.0,0.033612877644473516,40.76159731755809,84303200.0,0.0,0.0,0.0,0.0,0.0,0.0,0.0,0.0,136.2295379638672,0
2022-10-14,142.06737676893815,142.274119915274,136.04248821757835,136.2295379638672,88598000.0,-0.03224013009348359,35.648694043733244,84837680.0,0.0,0.0,0.0,0.0,0.0,0.0,0.0,0.0,140.1969451904297,1
2022-10-17,138.87777246163483,140.67932095242676,138.09020149670755,140.1969451904297,85250900.0,0.029122958837420443,40.395882384489276,86908060.0,0.0,0.0,0.0,0.0,0.0,0.0,0.0,0.0,141.51611328125,1
2022-10-18,143.22907894720203,144.42026703642762,138.4249097380949,141.51611328125,99136600.0,0.009409392544384554,43.93897145545198,91328640.0,0.0,0.0,0.0,0.0,0.0,0.0,0.0,0.0,141.62442016601562,1
2022-10-19,139.48814370880504,142.69747799085852,139.30109390010128,141.62442016601562,61758300.0,0.0007653325282497292,52.59883590707481,89593560.0,0.0,0.0,0.0,0.0,0.0,0.0,0.0,0.0,141.1616973876953,0
2022-10-20,140.7974520498777,143.6228470143876,140.43319169039492,141.1616973876953,64522000.0,-0.0032672527645860594,58.79115183360489,79853160.0,0.0,0.0,0.0,0.0,0.0,0.0,0.0,0.0,144.98141479492188,1
2022-10-21,140.6497821885837,145.5524033439164,140.43319980718348,144.98141479492188,86548600.0,0.027059163200169323,58.11085312855711,79443280.0,0.0,0.0,0.0,0.0,0.0,0.0,0.0,0.0,147.12754821777344,1
2022-10-24,144.9026739617267,147.89542583807577,143.7311641246412,147.12754821777344,75981900.0,0.014802817491381903,55.981809378879824,77589480.0,0.0,0.0,0.0,0.0,0.0,0.0,0.0,0.0,149.97259521484375,1
2022-10-25,147.75756076988446,150.12027319083927,147.0389093560302,149.97259521484375,74732300.0,0.01933728272871904,59.28714554550903,72708620.0,0.0,0.0,0.0,0.0,0.0,0.0,0.0,0.0,147.02908325195312,0
2022-10-26,148.61406419672124,149.62805663114864,145.73942824213276,147.02908325195312,88194300.0,-0.019626998910526883,56.117406749099025,77995820.0,0.0,0.0,0.0,0.0,0.0,0.0,0.0,0.0,142.54977416992188,0
2022-10-27,145.76896174416086,146.7337280888014,141.89018794295697,142.54977416992188,109180200.0,-0.030465462906786867,57.598536901686984,86927460.0,0.0,0.0,0.0,0.0,0.0,0.0,0.0,0.0,153.3197784423828,1
2022-10-28,145.89694295512044,155.05242232533004,145.52285843662315,153.3197784423828,164762400.0,0.07555258740447313,67.60642528610374,102570220.0,0.0,0.0,0.0,0.0,0.0,0.0,0.0,0.0,150.9570770263672,0
2022-10-31,150.77988145527678,151.84309994681692,149.55914577499016,150.9570770263672,97943200.0,-0.015410284570059662,66.50088940710978,106962480.0,0.0,0.0,0.0,0.0,0.0,0.0,0.0,0.0,148.3088836669922,0
2022-11-01,152.6700490040681,153.03429437423398,146.8125153766711,148.3088836669922,80379300.0,-0.01754269101880168,63.87954941999791,108091880.0,0.0,0.0,0.0,0.0,0.0,0.0,0.0,0.0,142.7762451171875,0
2022-11-02,146.6353268529598,149.80528953264218,142.7467125163314,142.7762451171875,93604600.0,-0.03730483577927457,53.041795747644585,109173940.0,0.0,0.0,0.0,0.0,0.0,0.0,0.0,0.0,136.7217559814453,0
2022-11-03,139.85233034316002,140.58083586522332,136.59377142471027,136.7217559814453,97918500.0,-0.04240543747857217,51.46556217332756,106921600.0,0.0,0.0,0.0,0.0,0.0,0.0,0.0,0.0,136.4555206298828,0
2022-11-04,140.11391633498357,140.685851940058,132.51114959895418,136.4555206298828,140814800.0,-0.001947278614521486,46.658640881709346,102132080.0,0.0,0.0,0.0,0.0,0.0,0.0,0.0,0.0,136.98802185058594,1
2022-11-07,135.2031961352515,137.21481900121177,133.7832199726521,136.98802185058594,83374600.0,0.0039023794584864824,45.7091863194538,99218360.0,0.0,0.0,0.0,0.0,0.0,0.0,0.0,0.0,137.55996704101562,1
2022-11-08,138.457315240062,139.46311921929427,135.57792562085092,137.55996704101562,89908500.0,0.004175147452333494,46.301008094262,101124200.0,0.0,0.0,0.0,0.0,0.0,0.0,0.0,0.0,132.9943389892578,0
2022-11-09,136.57386087993447,136.623168532168,132.71823419264956,132.9943389892578,74917800.0,-0.033190092655347225,42.258501953056175,97386840.0,0.0,0.0,0.0,0.0,0.0,0.0,0.0,0.0,144.8274383544922,1
2022-11-10,139.27574636621986,144.8274383544922,137.55993955287704,144.8274383544922,118854000.0,0.088974459027088,51.093767263000196,101573940.0,0.0,0.0,0.0,0.0,0.0,0.0,0.0,0.0,147.61810302734375,1
2022-11-11,143.79207283535823,147.9237894166263,142.3622261036816,147.61810302734375,93979700.0,0.019268894793408542,51.62766354533614,92206920.0,0.0,0.0,0.0,0.0,0.0,0.0,0.0,0.0,146.21786499023438,0
2022-11-14,146.89827154979093,148.19005093835904,145.37967994364752,146.21786499023438,73374100.0,-0.009485544173738703,48.05822447063349,90206820.0,0.0,0.0,0.0,0.0,0.0,0.0,0.0,0.0,147.95339965820312,1
2022-11-15,150.10309040489915,151.45403311466376,146.49398610736782,147.95339965820312,89868300.0,0.011869511759624363,52.04234635263899,90198780.0,0.0,0.0,0.0,0.0,0.0,0.0,0.0,0.0,146.7207794189453,0
2022-11-16,147.05606249393267,147.78576172673738,145.241639832554,146.7207794189453,64218300.0,-0.008331138332105748,55.16104166775578,88058880.0,0.0,0.0,0.0,0.0,0.0,0.0,0.0,0.0,148.62393188476562,1
2022-11-17,144.39358466739876,149.3733571163338,144.11747984279026,148.62393188476562,80389400.0,0.012971253788027326,46.01412395613942,80365960.0,0.0,0.0,0.0,0.0,0.0,0.0,0.0,0.0,149.18603515625,1
2022-11-18,150.19185444373642,150.5764301938653,147.88439994296314,149.18603515625,74829600.0,0.003782050874015397,49.1083670798691,76535940.0,0.0,0.0,0.0,0.0,0.0,0.0,0.0,0.0,145.95159912109375,0
2022-11-21,148.07170780282644,148.27877887780713,145.66563881154514,145.95159912109375,58724100.0,-0.02168055496460286,48.4294111989787,73605940.0,0.0,0.0,0.0,0.0,0.0,0.0,0.0,0.0,148.09144592285156,1
2022-11-22,146.06996722268715,148.32811366985848,144.8866435342383,148.09144592285156,51804100.0,0.014661345368216283,57.693069004460206,65993100.0,0.0,0.0,0.0,0.0,0.0,0.0,0.0,0.0,148.9690399169922,1
2022-11-23,147.37155942010665,149.71846499501288,147.26308861505012,148.9690399169922,58301400.0,0.005926027588371463,68.92369892860401,64809720.0,0.0,0.0,0.0,0.0,0.0,0.0,0.0,0.0,146.05023193359375,0
2022-11-25,146.24744752036312,146.80952774156987,145.0739944661959,146.05023193359375,35195900.0,-0.01959338655216436,64.20616820127327,55771020.0,0.0,0.0,0.0,0.0,0.0,0.0,0.0,0.0,142.21434020996094,0
2022-11-28,143.12154400613,144.6006835742159,141.3860256630134,142.21434020996094,69246000.0,-0.026264194673630614,57.688764722614515,54654300.0,0.0,0.0,0.0,0.0,0.0,0.0,0.0,0.0,139.20675659179688,0
2022-11-29,142.2833621487803,142.79613475713955,138.39816810033238,139.20675659179688,83763800.0,-0.021148244359350477,52.98848792418175,59662240.0,0.0,0.0,0.0,0.0,0.0,0.0,0.0,0.0,145.9713592529297,1
2022-11-30,139.4335572359168,146.6517658940868,138.59538713539368,145.9713592529297,111380900.0,0.04859392479755131,65.92452959321498,71577600.0,0.0,0.0,0.0,0.0,0.0,0.0,0.0,0.0,146.24745178222656,1
2022-12-01,146.1488515092609,147.05605527210508,144.5710966759583,146.24745178222656,71250400.0,0.0018914157592961889,52.76344956430735,74167400.0,0.0,0.0,0.0,0.0,0.0,0.0,0.0,0.0,145.75439453125,0
2022-12-02,143.93013162674256,145.94175459663157,143.62443017730817,145.75439453125,65447400.0,-0.0033713903727413674,47.571473671635275,80217700.0,0.0,0.0,0.0,0.0,0.0,0.0,0.0,0.0,144.5908203125,0
2022-12-05,145.7149657221435,148.82115263004172,143.7427797370437,144.5908203125,68826400.0,-0.00798311586070588,47.914980993457455,80133780.0,0.0,0.0,0.0,0.0,0.0,0.0,0.0,0.0,140.92254638671875,0
2022-12-06,145.02469664926164,145.25149381357704,139.94630895435972,140.92254638671875,64727200.0,-0.02537003329708698,39.638389758853776,76326460.0,0.0,0.0,0.0,0.0,0.0,0.0,0.0,0.0,138.97994995117188,0
2022-12-07,140.21256620226913,141.37614872094412,138.05302012289312,138.97994995117188,69721100.0,-0.013784851930052522,38.686162115421794,67994500.0,0.0,0.0,0.0,0.0,0.0,0.0,0.0,0.0,140.6661834716797,1
2022-12-08,140.38022307533845,141.52409475387847,139.1377511085993,140.6661834716797,62128300.0,0.012132926519978104,38.45890826884493,66170080.0,0.0,0.0,0.0,0.0,0.0,0.0,0.0,0.0,140.18296813964844,0
2022-12-09,140.36045763658447,143.54554848860332,138.94048147476286,140.18296813964844,76097000.0,-0.003435191885536093,36.84329210469103,68300000.0,0.0,0.0,0.0,0.0,0.0,0.0,0.0,0.0,142.48057556152344,1
2022-12-12,140.71546075742316,142.4904310742392,139.09826892356506,142.48057556152344,70462700.0,0.016390061163394254,45.158674840097376,68627260.0,0.0,0.0,0.0,0.0,0.0,0.0,0.0,0.0,143.4469451904297,1
2022-12-13,147.420898645852,147.8843635443182,142.23405505341051,143.4469451904297,93886200.0,0.006782465785934333,43.126917554656806,74459060.0,0.0,0.0,0.0,0.0,0.0,0.0,0.0,0.0,141.21839904785156,0
2022-12-14,143.3286376736575,144.6204172233284,139.1969051895986,141.21839904785156,82291200.0,-0.01553568212707268,38.596363093525675,76973080.0,0.0,0.0,0.0,0.0,0.0,0.0,0.0,0.0,134.6016845703125,0
2022-12-15,139.14757356682156,139.827980094081,134.1382196907759,134.6016845703125,98931900.0,-0.04685447875171711,34.379854568068566,84333800.0,0.0,0.0,0.0,0.0,0.0,0.0,0.0,0.0,132.6393585205078,0
2022-12-16,134.78904899571134,135.7356898104224,131.8702072160859,132.6393585205078,160156900.0,-0.01457876293353233,36.06889868227753,101145780.0,0.0,0.0,0.0,0.0,0.0,0.0,0.0,0.0,130.52911376953125,0
2022-12-19,133.23101376151752,133.31975851229708,129.49372825060226,130.52911376953125,79592600.0,-0.01590964231518277,36.88119137080994,102971760.0,0.0,0.0,0.0,0.0,0.0,0.0,0.0,0.0,130.46009826660156,0
2022-12-20,129.56275008486864,131.39688354522443,128.0836106828586,130.46009826660156,77432800.0,-0.0005287364706355602,20.155578395641257,99681080.0,0.0,0.0,0.0,0.0,0.0,0.0,0.0,0.0,133.56626892089844,1
2022-12-21,131.13061846159687,134.90735575255198,130.90382132695478,133.56626892089844,85928000.0,0.023809353937088495,28.63164327414276,100408440.0,0.0,0.0,0.0,0.0,0.0,0.0,0.0,0.0,130.39108276367188,0
2022-12-22,132.48161030905115,132.68868142818795,128.48793035610765,130.39108276367188,77852100.0,-0.02377236545483641,26.056955384697332,96192480.0,0.0,0.0,0.0,0.0,0.0,0.0,0.0,0.0,130.0262451171875,0
2022-12-23,129.09931513621305,130.57845488119247,127.83711709089096,130.0262451171875,63814900.0,-0.002798026051717306,26.666419845313783,76924080.0,0.0,0.0,0.0,0.0,0.0,0.0,0.0,0.0,128.22166442871094,0
2022-12-27,129.55289592303325,129.58247750765514,126.92988507827395,128.22166442871094,69007800.0,-0.01387858802544184,28.124310565527423,74807120.0,0.0,0.0,0.0,0.0,0.0,0.0,0.0,0.0,124.28714752197266,0
2022-12-28,127.86666196867824,129.2077488876003,124.11951353793032,124.28714752197266,85438400.0,-0.030685274007855368,26.031266127077345,76408240.0,0.0,0.0,0.0,0.0,0.0,0.0,0.0,0.0,127.8074951171875,1
2022-12-29,126.21002198896753,128.66539108330355,125.9536432642823,127.8074951171875,75703700.0,0.028324309193695774,30.95415994133147,74363380.0,0.0,0.0,0.0,0.0,0.0,0.0,0.0,0.0,128.123046875,1
2022-12-30,126.62419645842128,128.14277294659772,125.657822079017,128.123046875,77034200.0,0.002468961288406124,32.09648721620424,74199800.0,0.0,0.0,0.0,0.0,0.0,0.0,0.0,0.0,123.33064270019533,0
2023-01-03,128.46818597294893,129.07955877586164,122.44315755676652,123.33064270019533,112117500.0,-0.037404700338419694,23.310969523978528,83860320.0,0.0,0.0,0.0,0.0,0.0,0.0,0.0,0.0,124.60270690917967,1
2023-01-04,125.1253349737568,126.87072372434358,123.34050912530462,124.60270690917967,89113600.0,0.01031425914220363,24.325908519602407,87881480.0,0.0,0.0,0.0,0.0,0.0,0.0,0.0,0.0,123.28134155273438,0
2023-01-05,125.36199835089351,125.99309725880704,123.02496279365803,123.28134155273438,80962700.0,-0.010604628015091322,24.783860703472257,86986340.0,0.0,0.0,0.0,0.0,0.0,0.0,0.0,0.0,127.81735229492188,1
2023-01-06,124.2575639751336,128.47803270861587,123.1531372583934,127.81735229492188,87754700.0,0.036793976161000774,40.382030386989435,89396540.0,0.0,0.0,0.0,0.0,0.0,0.0,0.0,0.0,128.33999633789062,1
2023-01-09,128.6555533163335,131.55466910779157,128.08361757784448,128.33999633789062,70790800.0,0.004088991311311352,43.83091246379471,88147860.0,0.0,0.0,0.0,0.0,0.0,0.0,0.0,0.0,128.91192626953125,1
2023-01-10,128.44846138243565,129.43455432577363,126.33822308555574,128.91192626953125,63896200.0,0.0044563654975871,47.952384901673895,78503600.0,0.0,0.0,0.0,0.0,0.0,0.0,0.0,0.0,131.63352966308594,1
2023-01-11,129.42467643515656,131.65324068500396,128.64566976510943,131.63352966308594,69458900.0,0.02111211485479103,52.43995351037189,74572660.0,0.0,0.0,0.0,0.0,0.0,0.0,0.0,0.0,131.55465698242188,0
2023-01-12,132.0181218476768,132.3928269168101,129.61205277186403,131.55465698242188,71379600.0,-0.0005991838163569296,47.31990854143739,72656040.0,0.0,0.0,0.0,0.0,0.0,0.0,0.0,0.0,132.8858642578125,1
2023-01-13,130.1938350469048,133.04364272167803,129.82898551497536,132.8858642578125,57809700.0,0.010119043338530309,55.08021995321237,66667040.0,0.0,0.0,0.0,0.0,0.0,0.0,0.0,0.0,134.0494384765625,1
2023-01-17,132.95487502317133,135.38065453831075,132.26461317116338,134.0494384765625,63646600.0,0.008756192581120148,57.57305105957794,65238200.0,0.0,0.0,0.0,0.0,0.0,0.0,0.0,0.0,133.3296661376953,0
2023-01-18,134.9172767670915,136.68237694738994,133.1521615402051,133.3296661376953,69672800.0,-0.005369454337498247,59.89376491450462,66393520.0,0.0,0.0,0.0,0.0,0.0,0.0,0.0,0.0,133.38880920410156,1
2023-01-19,132.21535608370812,134.3551761664197,131.90966964997585,133.38880920410156,58280400.0,0.00044358519839970967,70.15413515477452,64157820.0,0.0,0.0,0.0,0.0,0.0,0.0,0.0,0.0,135.95262145996094,1
2023-01-20,133.3986444948596,136.1005444209002,132.35338844252215,135.95262145996094,80223600.0,0.019220594824685966,68.57215563284689,65926620.0,0.0,0.0,0.0,0.0,0.0,0.0,0.0,0.0,139.14759826660156,1
2023-01-23,136.19917447397063,141.32687064316994,135.98223278773898,139.14759826660156,81760300.0,0.0235006634835766,72.00076955903398,70716740.0,0.0,0.0,0.0,0.0,0.0,0.0,0.0,0.0,140.54782104492188,1
2023-01-24,138.35869358432294,141.16906439218428,138.34883807200805,140.54782104492188,66435100.0,0.010062859839215843,89.9824253550918,71274440.0,0.0,0.0,0.0,0.0,0.0,0.0,0.0,0.0,139.8871612548828,0
2023-01-25,138.93064978868992,140.44922647148869,136.87957443059517,139.8871612548828,65799300.0,-0.00470060499783842,86.68954272186839,70499740.0,0.0,0.0,0.0,0.0,0.0,0.0,0.0,0.0,141.9579620361328,1
2023-01-26,141.178940100887,142.2439224000094,139.92659771489312,141.9579620361328,54105100.0,0.014803365531715018,93.49543406783327,69664680.0,0.0,0.0,0.0,0.0,0.0,0.0,0.0,0.0,143.90057373046875,1
2023-01-27,141.1691063947575,145.1824979022525,141.09021713301516,143.90057373046875,70555800.0,0.013684415206252964,92.42872672945404,67731120.0,0.0,0.0,0.0,0.0,0.0,0.0,0.0,0.0,141.01132202148438,0
2023-01-30,142.9440712375221,143.52586259132485,140.86341406597097,141.01132202148438,64015300.0,-0.02007811111577673,80.40403401545598,64182120.0,0.0,0.0,0.0,0.0,0.0,0.0,0.0,0.0,142.28334045410156,1
2023-01-31,140.71545632636276,142.3326481092963,140.301299106578,142.28334045410156,65874500.0,0.009020682980501293,80.95795565108736,64070000.0,0.0,0.0,0.0,0.0,0.0,0.0,0.0,0.0,143.40748596191406,1
2023-02-01,141.96779872652098,144.57108343034756,139.35465851027638,143.40748596191406,77663600.0,0.00790075285149161,79.26112460595016,66442860.0,0.0,0.0,0.0,0.0,0.0,0.0,0.0,0.0,148.72254943847656,1
2023-02-02,146.82923768896234,149.07752846410273,146.10939403157928,148.72254943847656,118339000.0,0.03706266406465053,83.67925333463975,79289640.0,0.0,0.0,0.0,0.0,0.0,0.0,0.0,0.0,152.35134887695312,1
2023-02-03,145.97132678498124,155.1913011660709,145.77411121969988,152.35134887695312,154357300.0,0.02439979311931939,84.85044990631128,96049940.0,0.0,0.0,0.0,0.0,0.0,0.0,0.0,0.0,149.619873046875,0
2023-02-06,150.44820252682044,150.97083056548323,148.68308779153134,149.619873046875,69858300.0,-0.017928793215242322,76.90565399580396,97218540.0,0.0,0.0,0.0,0.0,0.0,0.0,0.0,0.0,152.49929809570312,1
2023-02-07,148.54507002072867,153.07123392254363,148.54507002072867,152.49929809570312,83322600.0,0.019244937120926675,80.76687259134897,100708160.0,0.0,0.0,0.0,0.0,0.0,0.0,0.0,0.0,149.80723571777344,0
2023-02-08,151.73998447588093,152.4302465157107,149.0676660222592,149.80723571777344,64120100.0,-0.01765294930236494,74.77214755518823,97999460.0,0.0,0.0,0.0,0.0,0.0,0.0,0.0,0.0,148.77183532714844,0
2023-02-09,151.64136936063508,152.1837234806971,148.32809651858278,148.77183532714844,56007100.0,-0.006911551272300476,70.35850404783187,85533080.0,0.0,0.0,0.0,0.0,0.0,0.0,0.0,0.0,149.13726806640625,1
2023-02-10,147.60650220064647,149.46317743221437,147.3694730974516,149.13726806640625,57450700.0,0.002456330114192884,67.32906326489939,66151760.0,0.0,0.0,0.0,0.0,0.0,0.0,0.0,0.0,151.94204711914062,1
2023-02-13,149.07800220373113,152.3469510828992,149.0483754519819,151.94204711914062,62199000.0,0.01880669459149198,68.65991386256762,64619900.0,0.0,0.0,0.0,0.0,0.0,0.0,0.0,0.0,151.30010986328125,0
2023-02-14,150.23350151506878,151.86304832604316,148.98913264360064,151.30010986328125,61707600.0,-0.004224882236554484,68.8124197243119,60296900.0,0.0,0.0,0.0,0.0,0.0,0.0,0.0,0.0,153.4036865234375,1
2023-02-15,151.21121650909475,153.57157647071767,150.98407305919312,153.4036865234375,65573800.0,0.013903338616588545,68.68080775087309,60587640.0,0.0,0.0,0.0,0.0,0.0,0.0,0.0,0.0,151.8037567138672,0
2023-02-16,151.6062249781976,154.3912596999377,151.44822068703985,151.8037567138672,68167900.0,-0.010429539509963948,63.229477104935555,63019800.0,0.0,0.0,0.0,0.0,0.0,0.0,0.0,0.0,150.65817260742188,0
2023-02-17,150.46065589718617,151.10258897284194,148.97925796607987,150.65817260742188,59144100.0,-0.007546480609202599,67.24168475708532,63358480.0,0.0,0.0,0.0,0.0,0.0,0.0,0.0,0.0,146.63861083984375,0
2023-02-21,148.33728134701136,149.42364564911486,146.5694867858314,146.63861083984375,58867200.0,-0.02668001143258336,57.52974548081892,62692120.0,0.0,0.0,0.0,0.0,0.0,0.0,0.0,0.0,147.0633087158203,1
2023-02-22,147.02379633351947,148.0904046122651,145.3350111943411,147.0633087158203,51011300.0,0.0028962213535996817,56.518326945128635,60552860.0,0.0,0.0,0.0,0.0,0.0,0.0,0.0,0.0,147.54721069335938,1
2023-02-23,148.22865607328114,148.47555569965527,145.4140093743504,147.54721069335938,48394200.0,0.0032904330914662605,48.19232583964537,57116940.0,0.0,0.0,0.0,0.0,0.0,0.0,0.0,0.0,144.89059448242188,0
2023-02-24,145.2856278870893,145.3646375819345,143.91286646196608,144.89059448242188,55469600.0,-0.0180051943947529,35.650604086773725,54577280.0,0.0,0.0,0.0,0.0,0.0,0.0,0.0,0.0,146.0855712890625,1
2023-02-27,145.8781840387877,147.32006943922315,145.6213987790375,146.0855712890625,44998500.0,0.008247442222935941,42.94891585633658,51748160.0,0.0,0.0,0.0,0.0,0.0,0.0,0.0,0.0,145.5819091796875,0
2023-02-28,145.2263730908277,147.2311969873109,145.0091001993268,145.5819091796875,50547000.0,-0.0034477197503536283,34.325865401689825,50084120.0,0.0,0.0,0.0,0.0,0.0,0.0,0.0,0.0,143.5079345703125,0
2023-03-01,145.00908849876785,145.40412186804485,143.2116520085762,143.5079345703125,55479000.0,-0.014246101188404858,35.154707989412074,50977660.0,0.0,0.0,0.0,0.0,0.0,0.0,0.0,0.0,144.10049438476562,1
2023-03-02,142.5894699520932,144.89057616376812,142.1154118429578,144.10049438476562,52238100.0,0.004129108374581136,38.84734523134282,51746440.0,0.0,0.0,0.0,0.0,0.0,0.0,0.0,0.0,149.15699768066406,1
2023-03-03,146.20407279147852,149.23600736765022,145.50288630750634,149.15699768066406,70732300.0,0.03509011761192826,50.521642523280704,54798980.0,0.0,0.0,0.0,0.0,0.0,0.0,0.0,0.0,151.92230224609375,1
2023-03-06,151.8827898611123,154.3616721188966,151.55689556759242,151.92230224609375,87558000.0,0.018539556362954013,50.4442001803342,63310880.0,0.0,0.0,0.0,0.0,0.0,0.0,0.0,0.0,149.71994018554688,0
2023-03-07,151.79388801539042,152.11979733212814,149.25576768015293,149.71994018554688,56182000.0,-0.014496634318899027,47.580666982613565,64437880.0,0.0,0.0,0.0,0.0,0.0,0.0,0.0,0.0,150.97418212890625,1
2023-03-08,150.91492862836495,151.56674727343432,149.9470862905562,150.97418212890625,47204800.0,0.008377253836763465,45.92936906245726,62783040.0,0.0,0.0,0.0,0.0,0.0,0.0,0.0,0.0,148.7224578857422,0
2023-03-09,151.65562670311525,152.62346903568368,148.3669218148619,148.7224578857422,53833600.0,-0.014914631173437831,44.78434670592753,63102140.0,0.0,0.0,0.0,0.0,0.0,0.0,0.0,0.0,146.65838623046875,0
2023-03-10,148.3471863994858,149.06812912915592,145.77942411442874,146.65838623046875,68572400.0,-0.013878681704273532,43.261661741542596,62670160.0,0.0,0.0,0.0,0.0,0.0,0.0,0.0,0.0,148.6039581298828,1
2023-03-13,145.97694231528436,151.2408445051467,145.86830586973156,148.6039581298828,84457100.0,0.013266011916677423,54.29543524859926,62049980.0,0.0,0.0,0.0,0.0,0.0,0.0,0.0,0.0,150.69766235351562,1
2023-03-14,149.4039106364519,151.49761478500946,148.238551555895,150.69766235351562,73695900.0,0.0140891551610145,57.075424439320365,65552760.0,0.0,0.0,0.0,0.0,0.0,0.0,0.0,0.0,151.0926971435547,1
2023-03-15,149.3150168625453,151.34946732376167,148.06076257128353,151.0926971435547,77167900.0,0.0026213730450068695,56.91878807190837,71545380.0,0.0,0.0,0.0,0.0,0.0,0.0,0.0,0.0,153.917236328125,1
2023-03-16,150.27299535550645,154.5196720318581,149.7594399024329,153.917236328125,76161100.0,0.0186940814345693,66.8634670500146,76010880.0,0.0,0.0,0.0,0.0,0.0,0.0,0.0,0.0,153.07778930664062,0
2023-03-17,154.1443976469308,154.79621636647911,152.36671707978053,153.07778930664062,98944600.0,-0.005453885747368936,63.3435919063858,82085320.0,0.0,0.0,0.0,0.0,0.0,0.0,0.0,0.0,155.44801330566406,1
2023-03-20,153.14692183341302,155.86281797805782,152.23831786199295,155.44801330566406,73641400.0,0.01548378775104653,67.41007290648457,79922180.0,0.0,0.0,0.0,0.0,0.0,0.0,0.0,0.0,157.3046875,1
2023-03-21,155.36900288355957,157.4231944974596,154.59866219140062,157.3046875,73938300.0,0.011944020092975238,74.47676826971616,79970660.0,0.0,0.0,0.0,0.0,0.0,0.0,0.0,0.0,155.8726806640625,0
2023-03-22,157.32445173541882,160.12922799549253,155.85292447362312,155.8726806640625,75701800.0,-0.009103395828159888,70.4789660283764,79677440.0,0.0,0.0,0.0,0.0,0.0,0.0,0.0,0.0,156.9590301513672,1
2023-03-23,156.86027933820688,159.54654859691777,155.72453196517867,156.9590301513672,67622100.0,0.006969466892315701,65.53264470437772,77969640.0,0.0,0.0,0.0,0.0,0.0,0.0,0.0,0.0,158.26266479492188,1
2023-03-24,156.88990343786057,158.35154504613158,155.8924343453171,158.26266479492188,59196500.0,0.008305572749127466,63.29442813257332,70020020.0,0.0,0.0,0.0,0.0,0.0,0.0,0.0,0.0,156.31710815429688,0
2023-03-27,157.9565254779494,158.77623413977568,155.91218910395636,156.31710815429688,52390300.0,-0.012293212951684285,64.19191335435173,65769800.0,0.0,0.0,0.0,0.0,0.0,0.0,0.0,0.0,155.6949005126953,0
2023-03-28,156.01093927220384,156.52449472162644,154.04561279409856,155.6949005126953,45992200.0,-0.003980419347237363,60.5131541621119,60180580.0,0.0,0.0,0.0,0.0,0.0,0.0,0.0,0.0,158.7762451171875,1
2023-03-29,157.39359791374972,159.05277154396305,157.37385679009435,158.7762451171875,51305700.0,0.019790915401503018,71.31683152935041,55301360.0,0.0,0.0,0.0,0.0,0.0,0.0,0.0,0.0,160.3465118408203,1
2023-03-30,159.5268031814781,160.45514829132492,159.27003296644855,160.3465118408203,49501700.0,0.009889808909852027,79.70116015056604,51677280.0,0.0,0.0,0.0,0.0,0.0,0.0,0.0,0.0,162.85499572753906,1
2023-03-31,160.42551172065657,162.95376161088404,159.90208569195596,162.85499572753906,68749800.0,0.015644143785360276,80.01408834987527,53587940.0,0.0,0.0,0.0,0.0,0.0,0.0,0.0,0.0,164.1092529296875,1
2023-04-03,162.23282167038158,164.22775993608963,162.18343872786127,164.1092529296875,56976200.0,0.007701680851392778,79.15079951725542,54505120.0,0.0,0.0,0.0,0.0,0.0,0.0,0.0,0.0,163.5759735107422,0
2023-04-04,164.5339454319251,164.77095946962157,163.06241797980005,163.5759735107422,46278300.0,-0.003249539007857183,77.0508070186469,54562340.0,0.0,0.0,0.0,0.0,0.0,0.0,0.0,0.0,161.7291259765625,0
2023-04-05,162.6969833628771,163.0031364887197,159.7934413430479,161.7291259765625,51511700.0,-0.011290457238565033,67.8449240067279,54603540.0,0.0,0.0,0.0,0.0,0.0,0.0,0.0,0.0,162.61798095703125,1
2023-04-06,160.41562533913125,162.9142635361202,159.9909651957649,162.61798095703125,45390100.0,0.0054959487049819344,71.7186092109078,53781220.0,0.0,0.0,0.0,0.0,0.0,0.0,0.0,0.0,160.02061462402344,0
2023-04-10,159.4181788200064,160.02061462402344,158.0948001913657,160.02061462402344,47716900.0,-0.01597219641839065,60.53878816757771,49574640.0,0.0,0.0,0.0,0.0,0.0,0.0,0.0,0.0,158.80584716796875,0
2023-04-11,160.33662790848967,160.34649846878187,158.51943515436048,158.80584716796875,47644200.0,-0.007591318524234225,53.757700121524465,47708240.0,0.0,0.0,0.0,0.0,0.0,0.0,0.0,0.0,158.11451721191406,0
2023-04-12,159.22062264903255,160.05020172687142,157.798478475848,158.11451721191406,50133100.0,-0.004353302906557777,55.684493707256415,48479200.0,0.0,0.0,0.0,0.0,0.0,0.0,0.0,0.0,163.5068359375,1
2023-04-13,159.62558033741385,163.74386504702863,159.4181779828813,163.5068359375,68445600.0,0.034103881292309346,63.21585562436088,51865980.0,0.0,0.0,0.0,0.0,0.0,0.0,0.0,0.0,163.1611785888672,0
2023-04-14,162.5488571823505,164.2574136863755,161.7884170766324,163.1611785888672,49386500.0,-0.0021140238366849085,60.354379244532126,52665260.0,0.0,0.0,0.0,0.0,0.0,0.0,0.0,0.0,163.18089294433594,1
2023-04-17,163.04262975965267,163.33891231813308,161.99577777997115,163.18089294433594,41516200.0,0.00012082748874009397,65.63921739849508,51425120.0,0.0,0.0,0.0,0.0,0.0,0.0,0.0,0.0,164.40553283691406,1
2023-04-18,164.04012619342146,165.33387789076258,163.5956947875371,164.40553283691406,49923000.0,0.007504799553927466,69.22388939617856,51880880.0,0.0,0.0,0.0,0.0,0.0,0.0,0.0,0.0,165.5511474609375,1
2023-04-19,163.74384033117565,166.0745734796078,163.4870550672227,165.5511474609375,47720200.0,0.00696822426992072,66.2342522694241,51398300.0,0.0,0.0,0.0,0.0,0.0,0.0,0.0,0.0,164.58326721191406,0
2023-04-20,164.0302145194471,165.7881384645981,163.50678857339403,164.58326721191406,52456400.0,-0.005846412204734586,60.59821123470485,48200460.0,0.0,0.0,0.0,0.0,0.0,0.0,0.0,0.0,162.97352600097656,0
2023-04-21,163.00315275355902,164.38578477260316,162.45009994594136,162.97352600097656,58337300.0,-0.009780710021176309,50.69512441668501,49990620.0,0.0,0.0,0.0,0.0,0.0,0.0,0.0,0.0,163.27964782714844,1
2023-04-24,162.9537385417183,163.54630361878327,161.85750369783725,163.27964782714844,41949600.0,0.0018783530901211876,48.2257130318137,50077300.0,0.0,0.0,0.0,0.0,0.0,0.0,0.0,0.0,161.73899841308594,0
2023-04-25,163.1413863693782,164.24749178401862,161.69948603710247,161.73899841308594,48714100.0,-0.009435648805988794,45.789496764442774,49835520.0,0.0,0.0,0.0,0.0,0.0,0.0,0.0,0.0,161.7291259765625,0
2023-04-26,161.03781003602157,163.23027992570658,160.78103984940847,161.7291259765625,45498800.0,-6.103930789913559e-05,50.41239265304357,49391240.0,0.0,0.0,0.0,0.0,0.0,0.0,0.0,0.0,166.3214874267578,1
2023-04-27,163.14141866066578,166.46962119212645,163.14141866066578,166.3214874267578,64902300.0,0.02839538903376515,58.87851684897662,51880420.0,0.0,0.0,0.0,0.0,0.0,0.0,0.0,0.0,167.5757293701172,1
2023-04-28,166.40049965137715,167.74363439949644,165.79806388046575,167.5757293701172,55275900.0,0.007541069784574361,68.82735490039822,51268140.0,0.0,0.0,0.0,0.0,0.0,0.0,0.0,0.0,167.48683166503906,0
2023-05-01,167.18067853080987,168.33616700655767,166.548616072207,167.48683166503906,52472900.0,-0.0005304927235720847,72.92379643557403,53372800.0,0.0,0.0,0.0,0.0,0.0,0.0,0.0,0.0,166.44985961914062,0
2023-05-02,167.98064044655123,168.2374257243008,165.46226102978648,166.44985961914062,48425700.0,-0.006191364632010643,71.81118790110807,53315120.0,0.0,0.0,0.0,0.0,0.0,0.0,0.0,0.0,165.37339782714844,0
2023-05-03,167.3979781580158,168.80036649116937,165.08700083730753,165.37339782714844,65136000.0,-0.006467183537764876,56.453232912061445,57242560.0,0.0,0.0,0.0,0.0,0.0,0.0,0.0,0.0,163.7339630126953,0
2023-05-04,162.84513031273676,164.96846124572582,162.27232132426357,163.7339630126953,81235400.0,-0.009913534074970753,52.07794249245125,60509180.0,0.0,0.0,0.0,0.0,0.0,0.0,0.0,0.0,171.41749572753906,1
2023-05-05,168.85960390825258,172.13843848392673,168.64233101133158,171.41749572753906,113453200.0,0.04692693301662776,67.29109569885321,72144640.0,0.0,0.0,0.0,0.0,0.0,0.0,0.0,0.0,171.34837341308594,0
2023-05-08,170.34101852570507,171.69403898381825,169.9756118311756,171.34837341308594,55962800.0,-0.000403239553580903,65.34860611358596,72842620.0,0.0,0.0,0.0,0.0,0.0,0.0,0.0,0.0,169.63980102539062,0
2023-05-09,170.90392591816433,171.38783954566773,169.47191108630196,169.63980102539062,45326900.0,-0.009971337069983655,59.118281070679544,72222860.0,0.0,0.0,0.0,0.0,0.0,0.0,0.0,0.0,171.40760803222656,1
2023-05-10,170.87431142683658,171.87178057282452,169.76819076413835,171.40760803222656,53724500.0,0.010420944826334377,64.33508997576149,69940560.0,0.0,0.0,0.0,0.0,0.0,0.0,0.0,0.0,171.59524536132812,1
2023-05-11,171.6940112425966,172.42482451357537,170.03483786854437,171.59524536132812,49514700.0,0.0010946849515938162,69.13490945288511,63596420.0,0.0,0.0,0.0,0.0,0.0,0.0,0.0,0.0,170.6656494140625,0
2023-05-12,171.70405030041803,172.13919719280526,169.1129675562631,170.6656494140625,45533100.0,-0.005417375902858956,66.10552926755997,50012400.0,0.0,0.0,0.0,0.0,0.0,0.0,0.0,0.0,170.17115783691406,0
2023-05-15,171.249125704419,171.29857695594924,169.5777729993573,170.17115783691406,37266700.0,-0.002897428854875872,69.27814974124423,46273180.0,0.0,0.0,0.0,0.0,0.0,0.0,0.0,0.0,170.17115783691406,0
2023-05-16,170.09203885254627,171.2293421857262,169.9041331509732,170.17115783691406,42110300.0,0.0,69.30920401099361,45629860.0,0.0,0.0,0.0,0.0,0.0,0.0,0.0,0.0,170.78428649902344,1
2023-05-17,169.81510548834717,171.0216283275313,168.5393327985131,170.78428649902344,57951600.0,0.003603011637829834,62.47757041137197,46475280.0,0.0,0.0,0.0,0.0,0.0,0.0,0.0,0.0,173.1182403564453,1
2023-05-18,171.0908600944711,173.3061460276606,170.67549681144826,173.1182403564453,65496700.0,0.013666092503394456,64.4334737725948,49671680.0,0.0,0.0,0.0,0.0,0.0,0.0,0.0,0.0,173.22705078125,1
2023-05-19,174.44347306887536,174.44347306887536,173.00947735219142,173.22705078125,55809500.0,0.0006285324098758149,64.9142169995364,51726960.0,0.0,0.0,0.0,0.0,0.0,0.0,0.0,0.0,172.27764892578125,0
2023-05-22,172.06007548302856,172.7820305841642,171.53592539559813,172.27764892578125,43570900.0,-0.0054806789770245334,65.3088890562731,52987800.0,0.0,0.0,0.0,0.0,0.0,0.0,0.0,0.0,169.66677856445312,0
2023-05-23,171.2194603598222,171.46670153051892,169.38986966050507,169.66677856445312,50747300.0,-0.015155015044655662,60.790669582620595,54715200.0,0.0,0.0,0.0,0.0,0.0,0.0,0.0,0.0,169.94366455078125,1
2023-05-24,169.20194113871565,170.51726580029353,168.6382391925545,169.94366455078125,45143500.0,0.0016319399040334304,66.47398986909818,52153580.0,0.0,0.0,0.0,0.0,0.0,0.0,0.0,0.0,171.08099365234375,1
2023-05-25,170.50739236656926,171.98093998050487,169.79533663873903,171.08099365234375,56058300.0,0.006692388942940886,48.97000636335976,50265900.0,0.0,0.0,0.0,0.0,0.0,0.0,0.0,0.0,173.49403381347656,1
2023-05-26,171.4073332194312,173.8302932098977,171.19964403606525,173.49403381347656,54835000.0,0.014104665337848044,57.11758505829834,50071000.0,0.0,0.0,0.0,0.0,0.0,0.0,0.0,0.0,175.3434295654297,1
2023-05-30,175.00718521743593,177.01478218217846,174.62148962052487,175.3434295654297,55964400.0,0.010659708067779494,68.34366496799042,52549700.0,0.0,0.0,0.0,0.0,0.0,0.0,0.0,0.0,175.29397583007812,0
2023-05-31,175.37309480914308,177.37080753192686,174.80937774220615,175.29397583007812,99625300.0,-0.00028203928413017554,64.04961478729868,62325300.0,0.0,0.0,0.0,0.0,0.0,0.0,0.0,0.0,178.10264587402344,1
2023-06-01,175.73902088879638,178.1323136072369,174.97751385870967,178.10264587402344,68901800.0,0.016022627307329174,69.62585008357972,67076960.0,0.0,0.0,0.0,0.0,0.0,0.0,0.0,0.0,178.95314025878906,1
2023-06-02,179.03225923715402,179.77398268262323,177.2817876805341,178.95314025878906,61996900.0,0.004775304603656494,75.08859394321063,68264680.0,0.0,0.0,0.0,0.0,0.0,0.0,0.0,0.0,177.5982666015625,0
2023-06-05,180.6146116822985,182.90900173212887,176.07525265044882,177.5982666015625,121946500.0,-0.007571108588914632,71.58875208992139,81686980.0,0.0,0.0,0.0,0.0,0.0,0.0,0.0,0.0,177.23236083984375,0
2023-06-06,177.98396853821802,178.1323071989488,175.47198988688834,177.23236083984375,64848400.0,-0.0020603002986490093,70.14744058004362,83463780.0,0.0,0.0,0.0,0.0,0.0,0.0,0.0,0.0,175.85768127441406,0
2023-06-07,176.47083445864072,179.21027045240393,175.36319900574065,175.85768127441406,61944600.0,-0.007756368864667573,64.02791478247053,75927640.0,0.0,0.0,0.0,0.0,0.0,0.0,0.0,0.0,178.5773468017578,1
2023-06-08,175.93679801452896,178.84435638126445,175.50166626223591,178.5773468017578,50214900.0,0.015465150612897549,64.62555412344346,72190260.0,0.0,0.0,0.0,0.0,0.0,0.0,0.0,0.0,178.96304321289062,1
2023-06-09,179.4970774647442,180.21901740774703,178.63668307937917,178.96304321289062,48900000.0,0.0021598283211194946,65.11881730308423,69570880.0,0.0,0.0,0.0,0.0,0.0,0.0,0.0,0.0,181.7618103027344,1
2023-06-12,179.26963019609002,181.86071280602803,178.97293777661235,181.7618103027344,54274900.0,0.015638799159860106,72.64032843741259,56036560.0,0.0,0.0,0.0,0.0,0.0,0.0,0.0,0.0,181.28707885742188,0
2023-06-13,180.782712398369,182.11780541012087,180.42668457715504,181.28707885742188,54929100.0,-0.002611832730548991,81.12141739072001,54052700.0,0.0,0.0,0.0,0.0,0.0,0.0,0.0,0.0,181.92002868652344,1
2023-06-14,181.3464274280608,182.35517550952275,180.01133431975106,181.92002868652344,57462900.0,0.003491422737300409,81.44261698582955,53156360.0,0.0,0.0,0.0,0.0,0.0,0.0,0.0,0.0,183.95730590820312,1
2023-06-15,181.9299404833556,184.46168752877136,181.7519190024484,183.95730590820312,65433200.0,0.011198751651420702,82.17748373193888,56200020.0,0.0,0.0,0.0,0.0,0.0,0.0,0.0,0.0,182.87933349609372,0
2023-06-16,184.66935702206607,184.92649747799743,182.2365125370702,182.87933349609372,101256200.0,-0.005859905410048327,75.23375047149682,66671260.0,0.0,0.0,0.0,0.0,0.0,0.0,0.0,0.0,182.96832275390625,1
2023-06-20,182.3749530885541,184.0463055632048,182.3749530885541,182.96832275390625,49799100.0,0.0004866009521760084,72.59221556248534,65776100.0,0.0,0.0,0.0,0.0,0.0,0.0,0.0,0.0,181.9299468994141,0
2023-06-21,182.85956101105992,183.363942649416,180.57505504326872,181.9299468994141,49515700.0,-0.005675167367024447,68.70726168158896,64693420.0,0.0,0.0,0.0,0.0,0.0,0.0,0.0,0.0,184.9364013671875,1
2023-06-22,181.71238183472207,184.985852620928,181.64314706140465,184.9364013671875,51245300.0,0.016525341314124642,68.86259281573987,63449900.0,0.0,0.0,0.0,0.0,0.0,0.0,0.0,0.0,184.6199188232422,0
2023-06-23,183.50239899871207,185.4902125687057,182.968349622031,184.6199188232422,53117000.0,-0.0017113047599370823,66.14871057957525,60986660.0,0.0,0.0,0.0,0.0,0.0,0.0,0.0,0.0,183.22547912597656,0
2023-06-26,184.76826151663465,185.97479955864205,183.18591209060443,183.22547912597656,48088700.0,-0.007553029522240684,66.16088962643664,50353160.0,0.0,0.0,0.0,0.0,0.0,0.0,0.0,0.0,185.98468017578125,1
2023-06-27,183.83862880561904,186.31104030447904,183.6210553864872,185.98468017578125,50730800.0,0.01505904671646463,71.96969640450266,50539500.0,0.0,0.0,0.0,0.0,0.0,0.0,0.0,0.0,187.1615295410156,1
2023-06-28,185.85608917215896,187.80435042269772,185.5297441703453,187.1615295410156,51216800.0,0.00632766830107756,78.67126501925685,50879720.0,0.0,0.0,0.0,0.0,0.0,0.0,0.0,0.0,187.49777221679688,1
2023-06-29,186.9934057643385,187.97248603247576,186.8549513406989,187.49777221679688,46347300.0,0.0017965373365234072,75.63745982371952,49900120.0,0.0,0.0,0.0,0.0,0.0,0.0,0.0,0.0,191.82945251464844,1
2023-06-30,189.51527911897423,192.33381899614628,189.1493519786864,191.82945251464844,85213200.0,0.023102569415294205,79.99688552806369,56319360.0,0.0,0.0,0.0,0.0,0.0,0.0,0.0,0.0,190.3361358642578,0
2023-07-03,191.64156130508144,191.74046380244184,189.64384856353968,190.3361358642578,31458200.0,-0.007784605704781455,71.42813237539356,52993260.0,0.0,0.0,0.0,0.0,0.0,0.0,0.0,0.0,189.21861267089844,0
2023-07-05,189.45596962493224,190.85039834497115,188.51644111338388,189.21861267089844,46920300.0,-0.005871313864206806,69.3575890866469,52231160.0,0.0,0.0,0.0,0.0,0.0,0.0,0.0,0.0,189.6932830810547,1
2023-07-06,187.745021760032,189.90097227103217,187.11208506779727,189.6932830810547,45094300.0,0.002508582022963113,69.08738906776404,51006660.0,0.0,0.0,0.0,0.0,0.0,0.0,0.0,0.0,188.5757598876953,0
2023-07-07,189.29771490007704,190.5438048450505,188.14062814608693,188.5757598876953,46815000.0,-0.005891211197403656,61.99204678268464,51100200.0,0.0,0.0,0.0,0.0,0.0,0.0,0.0,0.0,186.52862548828125,0
2023-07-10,187.17144648236777,187.89340155065935,184.9759437256739,186.52862548828125,59922200.0,-0.01085576640726893,59.20565773075855,46042000.0,0.0,0.0,0.0,0.0,0.0,0.0,0.0,0.0,186.0044708251953,0
2023-07-11,187.07255444450544,187.2110088901344,184.54080738706045,186.0044708251953,46638100.0,-0.00281004945870289,57.56453857152825,49077980.0,0.0,0.0,0.0,0.0,0.0,0.0,0.0,0.0,187.6758270263672,1
2023-07-12,187.5868087386057,189.5845215693785,186.39016995526785,187.6758270263672,60750200.0,0.008985570044402813,63.62704462655806,51843960.0,0.0,0.0,0.0,0.0,0.0,0.0,0.0,0.0,188.43731689453125,1
2023-07-13,188.39776494849255,189.08015296828228,187.68570919657316,188.43731689453125,41342300.0,0.004057474424008056,59.279689605515095,51093560.0,0.0,0.0,0.0,0.0,0.0,0.0,0.0,0.0,188.5856475830078,1
2023-07-14,188.13071726198152,189.07023054213465,187.53734760154848,188.5856475830078,41616200.0,0.0007871619641006689,60.570900903198186,50053800.0,0.0,0.0,0.0,0.0,0.0,0.0,0.0,0.0,191.8492584228516,1
2023-07-17,189.78231082986184,192.17561856911308,189.6933076328095,191.8492584228516,50520200.0,0.01730572226291649,70.64523178300615,48173400.0,0.0,0.0,0.0,0.0,0.0,0.0,0.0,0.0,191.5920867919922,0
2023-07-18,191.2162905465396,192.1854715232971,190.29654572205703,191.5920867919922,48288200.0,-0.0013404880111268502,65.2466356940125,48503420.0,0.0,0.0,0.0,0.0,0.0,0.0,0.0,0.0,192.94699096679688,1
2023-07-19,190.9690618542327,196.0424397664868,190.5240157315845,192.94699096679688,80507300.0,0.007071816991458979,65.50481640931356,52454840.0,0.0,0.0,0.0,0.0,0.0,0.0,0.0,0.0,190.99871826171875,0
2023-07-20,192.9370802265051,194.3018560622021,190.37566579926568,190.99871826171875,59581200.0,-0.01009745057601541,58.835645427968714,56102620.0,0.0,0.0,0.0,0.0,0.0,0.0,0.0,0.0,189.8218688964844,0
2023-07-21,191.95803606721276,192.8184304455329,189.11969738642372,189.8218688964844,71951700.0,-0.0061615563494082926,44.48473150665362,62169720.0,0.0,0.0,0.0,0.0,0.0,0.0,0.0,0.0,190.6229248046875,1
2023-07-24,191.27564505606543,192.759091941705,190.1284425094743,190.6229248046875,45377800.0,0.00422004015058941,51.084833883443025,61141240.0,0.0,0.0,0.0,0.0,0.0,0.0,0.0,0.0,191.48333740234372,1
2023-07-25,191.1965442835888,192.2942956871053,190.791065141208,191.48333740234372,37283200.0,0.00451368899379645,57.097344032642326,58940240.0,0.0,0.0,0.0,0.0,0.0,0.0,0.0,0.0,192.3535919189453,1
2023-07-26,191.53274958731205,193.48101082580536,191.1866210725465,192.3535919189453,47471900.0,0.004544805456221157,58.082865588706866,52333160.0,0.0,0.0,0.0,0.0,0.0,0.0,0.0,0.0,191.08775329589844,0
2023-07-27,193.85685736898512,195.0238284273441,190.4251487828704,191.08775329589844,47460200.0,-0.00658079015015367,57.634509453775884,49908960.0,0.0,0.0,0.0,0.0,0.0,0.0,0.0,0.0,193.6689453125,1
2023-07-28,192.5217427199515,194.4601200346163,191.99759267326004,193.6689453125,48291400.0,0.013507888245483768,70.65773652222204,45176900.0,0.0,0.0,0.0,0.0,0.0,0.0,0.0,0.0,194.2821044921875,1
2023-07-31,193.89640887829788,194.3216715292241,193.10523413200036,194.2821044921875,38824100.0,0.003166017033335411,73.8139889759659,43866160.0,0.0,0.0,0.0,0.0,0.0,0.0,0.0,0.0,193.4513397216797,0
2023-08-01,194.07439216394232,194.5589750942353,193.12497963718025,193.4513397216797,35175100.0,-0.004276074591014201,67.52705274799968,43444540.0,0.0,0.0,0.0,0.0,0.0,0.0,0.0,0.0,190.45480346679688,0
2023-08-02,192.88764791924385,193.026102358892,189.73286353794575,190.45480346679688,50389300.0,-0.015489870781944193,55.63826435030182,44028020.0,0.0,0.0,0.0,0.0,0.0,0.0,0.0,0.0,189.06033325195312,0
2023-08-03,189.45592808861252,190.24708758113135,188.58563453836183,189.06033325195312,61235200.0,-0.007321790731767308,51.44981765939926,46783020.0,0.0,0.0,0.0,0.0,0.0,0.0,0.0,0.0,179.98165893554688,0
2023-08-04,183.47270249377223,185.31217710978223,179.9124241755589,179.98165893554688,115956800.0,-0.04801998473316693,27.161354261150734,60316100.0,0.0,0.0,0.0,0.0,0.0,0.0,0.0,0.0,176.87631225585938,0
2023-08-07,180.12011470756278,181.10907923772604,175.3928654606145,176.87631225585938,97576100.0,-0.017253684058993746,24.321987208306567,72066500.0,0.0,0.0,0.0,0.0,0.0,0.0,0.0,0.0,177.8158416748047,1
2023-08-08,177.7070549630004,178.2806562533865,175.6203390114105,177.8158416748047,67823000.0,0.005311787694817216,23.43676381087201,78596080.0,0.0,0.0,0.0,0.0,0.0,0.0,0.0,0.0,176.22361755371094,0
2023-08-09,178.87403563482027,178.93337110075507,175.05663139218126,176.22361755371094,60378500.0,-0.008954343471858195,23.616179256553636,80593920.0,0.0,0.0,0.0,0.0,0.0,0.0,0.0,0.0,176.0060272216797,0
2023-08-10,177.49935830249015,178.7553475423464,175.64011515660735,176.0060272216797,54686900.0,-0.0012347399006544801,24.421970121105304,79284260.0,0.0,0.0,0.0,0.0,0.0,0.0,0.0,0.0,176.0654296875,1
2023-08-11,175.60000259117115,176.88738049769475,174.8374673630278,176.0654296875,52036700.0,0.0003375024523761816,22.333660752706535,66500240.0,0.0,0.0,0.0,0.0,0.0,0.0,0.0,0.0,177.71925354003906,1
2023-08-14,176.2437010263368,177.94701832041608,175.5900993670502,177.71925354003906,43675600.0,0.009393234409926121,24.940235309953493,55720140.0,0.0,0.0,0.0,0.0,0.0,0.0,0.0,0.0,175.72874450683594,0
2023-08-15,177.1448814654077,177.73905244130324,175.3326305229056,175.72874450683594,43622600.0,-0.011200300437648858,20.859483724876142,50880060.0,0.0,0.0,0.0,0.0,0.0,0.0,0.0,0.0,174.8572998046875,0
2023-08-16,175.41186545531423,176.80817714322055,174.78797154296882,174.8572998046875,46964900.0,-0.004959033336259577,21.084371397191475,48197340.0,0.0,0.0,0.0,0.0,0.0,0.0,0.0,0.0,172.31224060058594,0
2023-08-17,175.4217827288319,175.7881889797161,171.7972802482318,172.31224060058594,66062900.0,-0.014555064083365932,12.020947663671606,50472540.0,0.0,0.0,0.0,0.0,0.0,0.0,0.0,0.0,172.7974853515625,1
2023-08-18,170.62872552076746,173.4015690710498,170.29202708322546,172.7974853515625,61172200.0,0.0028160782384656358,11.817224975926663,52299640.0,0.0,0.0,0.0,0.0,0.0,0.0,0.0,0.0,174.1343536376953,1
2023-08-21,173.37183349440417,174.4215491084137,172.05473264129324,174.1343536376953,46311900.0,0.007736618871581946,16.55748072506904,52826900.0,0.0,0.0,0.0,0.0,0.0,0.0,0.0,0.0,175.5108642578125,1
2023-08-22,175.34251507159627,175.95649623435884,174.54037449165708,175.5108642578125,42038900.0,0.007904876845732378,22.789331448790293,52510160.0,0.0,0.0,0.0,0.0,0.0,0.0,0.0,0.0,179.36314392089844,1
2023-08-23,176.78837280424742,179.78898080878903,176.60021337314086,179.36314392089844,52722800.0,0.021948952729371918,34.306969083902516,53661740.0,0.0,0.0,0.0,0.0,0.0,0.0,0.0,0.0,174.6691436767578,0
2023-08-24,178.91752463221655,179.34336155038372,174.30272234931607,174.6691436767578,54945800.0,-0.026170372248887075,39.66976968716219,51438320.0,0.0,0.0,0.0,0.0,0.0,0.0,0.0,0.0,176.8774871826172,1
2023-08-25,175.6594223889941,177.41224254469248,174.1145567754665,176.8774871826172,51449600.0,0.012643008715644388,50.3766502388882,49493800.0,0.0,0.0,0.0,0.0,0.0,0.0,0.0,0.0,178.44215393066406,1
2023-08-28,178.3431178893979,178.83826787417212,176.8180625850357,178.44215393066406,43820700.0,0.00884604803567468,51.64111754992517,48995560.0,0.0,0.0,0.0,0.0,0.0,0.0,0.0,0.0,182.3340301513672,1
2023-08-29,177.9569059889832,183.10646293821267,177.75884901223952,182.3340301513672,53003900.0,0.021810296137847462,61.651493748738645,51188560.0,0.0,0.0,0.0,0.0,0.0,0.0,0.0,0.0,185.82980346679688,1
2023-08-30,183.14609871926743,186.027875570887,182.9480417259573,185.82980346679688,60813900.0,0.019172358075602247,66.43842467542274,52806780.0,0.0,0.0,0.0,0.0,0.0,0.0,0.0,0.0,186.04766845703125,1
2023-08-31,186.0179606639307,187.28554353881967,185.6614520359444,186.04766845703125,60794500.0,0.0011723899297633178,66.60293100915302,53976520.0,0.0,0.0,0.0,0.0,0.0,0.0,0.0,0.0,187.62225341796875,1
2023-09-01,187.65196121049496,188.0777829772235,186.45369150574663,187.62225341796875,45766500.0,0.008463341540349223,66.41960204060291,52839900.0,0.0,0.0,0.0,0.0,0.0,0.0,0.0,0.0,187.8599090576172,1
2023-09-05,186.4536848553425,188.13719185182467,185.79018566129048,187.8599090576172,45280000.0,0.0012666708523056958,71.35143199354529,53131760.0,0.0,0.0,0.0,0.0,0.0,0.0,0.0,0.0,181.13580322265625,0
2023-09-06,186.57254135003103,187.01818850408824,179.70976859554776,181.13580322265625,81755800.0,-0.03579319221803001,59.79037137544723,58882140.0,0.0,0.0,0.0,0.0,0.0,0.0,0.0,0.0,175.8376922607422,0
2023-09-07,173.48077306769622,176.48139642487362,171.85668142571674,175.8376922607422,112488800.0,-0.02924938564134394,55.50448644397,69217120.0,0.0,0.0,0.0,0.0,0.0,0.0,0.0,0.0,176.45167541503906,1
2023-09-08,176.62003973987865,178.49170643953835,176.0654589567214,176.45167541503906,65551300.0,0.003491760761887397,55.65066696162172,70168480.0,0.0,0.0,0.0,0.0,0.0,0.0,0.0,0.0,177.62022399902344,1
2023-09-11,178.3233437087065,178.5511084974291,175.619813594627,177.62022399902344,58953100.0,0.0066224850585054895,55.4091130628737,72805800.0,0.0,0.0,0.0,0.0,0.0,0.0,0.0,0.0,174.58990478515625,0
2023-09-12,177.7489644157226,178.38275585399316,173.1242649174268,174.58990478515625,90370200.0,-0.0170606654222204,49.33641561636634,81823840.0,0.0,0.0,0.0,0.0,0.0,0.0,0.0,0.0,172.5201873779297,0
2023-09-13,174.7978655233742,175.58021106580875,172.29240747476095,172.5201873779297,84267900.0,-0.01185473701800499,41.0027045513705,82326260.0,0.0,0.0,0.0,0.0,0.0,0.0,0.0,0.0,174.03536987304688,1
2023-09-14,172.31224201303482,174.39187856440168,171.89631772491796,174.03536987304688,60895800.0,0.008782638821264177,49.54706743876691,72007660.0,0.0,0.0,0.0,0.0,0.0,0.0,0.0,0.0,173.31239318847656,0
2023-09-15,174.76813536061914,174.78794559113751,172.1339489112559,173.31239318847656,109259500.0,-0.0041541939727407495,44.80022252915035,80749300.0,0.0,0.0,0.0,0.0,0.0,0.0,0.0,0.0,176.2436981201172,1
2023-09-18,174.76814563074643,177.64002479353724,174.46115503817452,176.2436981201172,67257600.0,0.01691341789073819,47.196880029369034,82410200.0,0.0,0.0,0.0,0.0,0.0,0.0,0.0,0.0,177.3330535888672,1
2023-09-19,175.79808534740948,177.88761925037377,175.41186889666162,177.3330535888672,51826900.0,0.006180961250640271,42.34738903838946,74701540.0,0.0,0.0,0.0,0.0,0.0,0.0,0.0,0.0,173.78778076171875,0
2023-09-20,177.52120149038592,177.95693597912128,173.69864226300012,173.78778076171875,58436200.0,-0.01999217154049504,30.932327927534985,69535200.0,0.0,0.0,0.0,0.0,0.0,0.0,0.0,0.0,172.24288940429688,0
2023-09-21,172.85688574257026,174.58991092023126,172.17357625479622,172.24288940429688,63149100.0,-0.008889528082184794,28.940621914717482,69985860.0,0.0,0.0,0.0,0.0,0.0,0.0,0.0,0.0,173.0945281982422,1
2023-09-22,172.97569703516947,175.36232363207063,172.36171587825564,173.0945281982422,56725400.0,0.004944406105185095,27.513345859478918,59479040.0,0.0,0.0,0.0,0.0,0.0,0.0,0.0,0.0,174.37203979492188,1
2023-09-25,172.51027081019092,175.2534062611611,172.46075278406465,174.37203979492188,46172700.0,0.0073804273883029126,29.957589550084563,55262060.0,0.0,0.0,0.0,0.0,0.0,0.0,0.0,0.0,170.29200744628906,0
2023-09-26,173.12426626356617,173.50057001651604,169.99491440180657,170.29200744628906,64588900.0,-0.02339843218804638,32.15583521927189,57814460.0,0.0,0.0,0.0,0.0,0.0,0.0,0.0,0.0,168.77684020996094,0
2023-09-27,170.94559986493434,171.3615240971404,167.41023633579258,168.77684020996094,66921800.0,-0.008897465354068435,36.56091393680111,59511580.0,0.0,0.0,0.0,0.0,0.0,0.0,0.0,0.0,169.03433227539062,1
2023-09-28,167.69742105029528,170.36133082824708,165.9941036111019,169.03433227539062,56294400.0,0.001525636249081197,35.71008479432294,58140640.0,0.0,0.0,0.0,0.0,0.0,0.0,0.0,0.0,169.54928588867188,1
2023-09-29,170.35142654777866,171.39124466953126,168.68771453081845,169.54928588867188,51861100.0,0.003046443916743913,34.10260631974552,57167780.0,0.0,0.0,0.0,0.0,0.0,0.0,0.0,0.0,172.06463623046875,1
2023-10-02,169.55917827580257,172.6093042881744,169.2719827950215,172.06463623046875,52164500.0,0.014835511271032331,45.17845359316364,58366140.0,0.0,0.0,0.0,0.0,0.0,0.0,0.0,0.0,170.7277374267578,0
2023-10-03,170.589096012129,171.94581747397606,169.1630765091389,170.7277374267578,49594600.0,-0.0077697476541330746,46.52840733338328,55367280.0,0.0,0.0,0.0,0.0,0.0,0.0,0.0,0.0,171.97552490234375,1
2023-10-04,169.43044630471027,172.52019299821677,169.31161512407647,171.97552490234375,53020300.0,0.0073086394419139555,45.94560008290265,52586980.0,0.0,0.0,0.0,0.0,0.0,0.0,0.0,0.0,173.21337890625,1
2023-10-05,172.10423261632292,173.74813426454526,171.00499899742474,173.21337890625,48527900.0,0.0071978498371159105,50.13955226637059,51033680.0,0.0,0.0,0.0,0.0,0.0,0.0,0.0,0.0,175.76837158203125,1
2023-10-06,172.1141617663429,176.26352163595584,171.5001654241457,175.76837158203125,57266700.0,0.014750550401560591,49.34728583365208,52114800.0,0.0,0.0,0.0,0.0,0.0,0.0,0.0,0.0,177.25381469726562,1
2023-10-09,175.09495269037183,177.3132302836497,174.09475506108697,177.25381469726562,42390800.0,0.008451139996715096,50.17821594553673,50160060.0,0.0,0.0,0.0,0.0,0.0,0.0,0.0,0.0,176.6596221923828,0
2023-10-10,176.3724418317021,177.9767230488949,176.22388776036024,176.6596221923828,43698000.0,-0.0033522127910061705,57.0363450362509,48980740.0,0.0,0.0,0.0,0.0,0.0,0.0,0.0,0.0,178.05596923828125,1
2023-10-11,176.4714829606774,178.10548726772782,175.87731193966172,178.05596923828125,47551100.0,0.007904166376954125,64.04694151048918,47886900.0,0.0,0.0,0.0,0.0,0.0,0.0,0.0,0.0,178.95713806152344,1
2023-10-12,178.3233466007442,180.57131695227565,177.30332359387822,178.95713806152344,56743100.0,0.0050611547992316375,64.08166598270235,49529940.0,0.0,0.0,0.0,0.0,0.0,0.0,0.0,0.0,177.11517333984375,0
2023-10-13,179.6602366589199,180.1652842541005,176.41205364228972,177.11517333984375,51427100.0,-0.01029277033390219,56.61209924059698,48362020.0,0.0,0.0,0.0,0.0,0.0,0.0,0.0,0.0,176.98641967773438,0
2023-10-16,175.0355274416581,177.34292828713865,174.79784999846223,176.98641967773438,52517000.0,-0.0007269487965456678,69.30471439147068,50387260.0,0.0,0.0,0.0,0.0,0.0,0.0,0.0,0.0,175.43162536621094,0
2023-10-17,174.93647540456678,176.6893104998048,173.10442961295,175.43162536621094,57549400.0,-0.008784822668058245,69.3820023334413,53157540.0,0.0,0.0,0.0,0.0,0.0,0.0,0.0,0.0,174.1343536376953,0
2023-10-18,173.87688106979198,175.8574811296678,173.41143884685883,174.1343536376953,54764400.0,-0.007394742685690736,64.14443445319232,54600200.0,0.0,0.0,0.0,0.0,0.0,0.0,0.0,0.0,173.75807189941406,0
2023-10-19,174.33243269200634,176.11497599372035,173.49068662646167,173.75807189941406,59302900.0,-0.0021608702155586634,61.80612773364066,55112160.0,0.0,0.0,0.0,0.0,0.0,0.0,0.0,0.0,171.2030792236328,0
2023-10-20,173.60950111647475,173.71843472751576,170.96540176933075,171.2030792236328,64244000.0,-0.014704310699650835,47.86844460921639,57675540.0,0.0,0.0,0.0,0.0,0.0,0.0,0.0,0.0,171.3218994140625,1
2023-10-23,169.25217604772806,172.32209697076135,168.28167117128655,171.3218994140625,55980100.0,0.000694030685479019,51.999738783853374,58368160.0,0.0,0.0,0.0,0.0,0.0,0.0,0.0,0.0,171.75762939453125,1
2023-10-24,171.3714130102576,171.985394156852,169.7869270122857,171.75762939453125,43816600.0,0.0025433408219206477,49.5668710405371,55621600.0,0.0,0.0,0.0,0.0,0.0,0.0,0.0,0.0,169.4403533935547,0
2023-10-25,170.2127862637829,171.38133313025827,168.99470625930118,169.4403533935547,57157000.0,-0.013491546251221953,39.28158549743194,56100120.0,0.0,0.0,0.0,0.0,0.0,0.0,0.0,0.0,165.27117919921875,0
2023-10-26,168.71741923518283,169.71763198356828,164.06301189675906,165.27117919921875,70625300.0,-0.02460555653264196,22.37847552350202,58364600.0,0.0,0.0,0.0,0.0,0.0,0.0,0.0,0.0,166.58827209472656,1
2023-10-27,165.29098147440297,167.32109955610002,165.21175565878588,166.58827209472656,58499100.0,0.007969283585253395,22.037479300879113,57215620.0,0.0,0.0,0.0,0.0,0.0,0.0,0.0,0.0,168.63819885253906,1
2023-10-30,167.3805285943209,169.50966778359705,167.23197451155576,168.63819885253906,51131000.0,0.012305348582082987,30.74651457928202,56245800.0,0.0,0.0,0.0,0.0,0.0,0.0,0.0,0.0,169.11355590820312,1
2023-10-31,167.70733154956028,169.24228464861295,166.27138428536674,169.11355590820312,44846000.0,0.0028187982254228583,27.645074387059594,56451680.0,0.0,0.0,0.0,0.0,0.0,0.0,0.0,0.0,172.28250122070312,1
2023-11-01,169.34130885799144,172.53997379429074,168.46983997695696,172.28250122070312,56934900.0,0.018738564720501394,35.42327684370295,56407260.0,0.0,0.0,0.0,0.0,0.0,0.0,0.0,0.0,175.8475799560547,1
2023-11-02,173.81746191423957,176.05553449603235,173.7580463313888,175.8475799560547,77334800.0,0.020693214401296123,47.78167673930156,57749160.0,0.0,0.0,0.0,0.0,0.0,0.0,0.0,0.0,174.93649291992188,0
2023-11-03,172.5498813500308,175.10485722122257,171.66851493448934,174.93649291992188,79829200.0,-0.005181117854226369,46.283792769675344,62015180.0,0.0,0.0,0.0,0.0,0.0,0.0,0.0,0.0,177.49147033691406,1
2023-11-06,174.66912431484397,177.6895273209714,174.50077512285628,177.49147033691406,63841300.0,0.014605171135800399,54.33708430312004,64557240.0,0.0,0.0,0.0,0.0,0.0,0.0,0.0,0.0,180.05638122558594,1
2023-11-07,177.4419743130807,180.6703624855209,177.23401974281032,180.05638122558594,70530000.0,0.014450896619444098,61.188302531548935,69694040.0,0.0,0.0,0.0,0.0,0.0,0.0,0.0,0.0,181.1159820556641,1
2023-11-08,180.5812266581694,181.6705476858897,179.82858892219454,181.1159820556641,49340300.0,0.0058848279792462765,63.46084152678797,68175120.0,0.0,0.0,0.0,0.0,0.0,0.0,0.0,0.0,180.640625,0
2023-11-09,181.18529301725127,182.33402952271555,180.04643896103886,180.640625,53763500.0,-0.002624600271432631,68.68973411974028,63460860.0,0.0,0.0,0.0,0.0,0.0,0.0,0.0,0.0,184.83511352539065,1
2023-11-10,182.4255213215233,185.00369964258533,181.989212824357,184.83511352539065,66133400.0,0.023220073144624376,72.85981994681529,60721700.0,0.0,0.0,0.0,0.0,0.0,0.0,0.0,0.0,183.24856567382807,0
2023-11-13,184.26000678217756,184.46823531200093,182.66352248721637,183.24856567382807,43627500.0,-0.00858358469504028,68.89558568476217,56678940.0,0.0,0.0,0.0,0.0,0.0,0.0,0.0,0.0,185.8664093017578,1
2023-11-14,186.1242211071054,186.53078271340212,184.7359804157126,185.8664093017578,60108400.0,0.01428575235120455,76.70306988182814,54594620.0,0.0,0.0,0.0,0.0,0.0,0.0,0.0,0.0,186.43161010742188,1
2023-11-15,186.2729648412074,187.90910668353808,186.20354524355437,186.43161010742188,53790500.0,0.0030408980718319434,89.38531253374114,55484660.0,0.0,0.0,0.0,0.0,0.0,0.0,0.0,0.0,188.1173095703125,1
2023-11-16,187.9784855357856,189.3568152824047,187.0661960166829,188.1173095703125,54412900.0,0.009041918706378826,89.45854426606805,55614540.0,0.0,0.0,0.0,0.0,0.0,0.0,0.0,0.0,188.09751892089844,0
2023-11-17,188.65281519385715,188.78172866103995,186.98692637498095,188.09751892089844,50922700.0,-0.00010520376598655012,88.4874883995941,52572400.0,0.0,0.0,0.0,0.0,0.0,0.0,0.0,0.0,189.84271240234372,1
2023-11-20,188.2958115269965,190.29885721130628,188.2859009272728,189.84271240234372,46505100.0,0.009278131319633287,88.98412355935561,53147920.0,0.0,0.0,0.0,0.0,0.0,0.0,0.0,0.0,189.03952026367188,0
2023-11-21,189.80306012274144,189.9121372454657,188.14708208188244,189.03952026367188,38134500.0,-0.004230829450906692,84.67358111464563,48753140.0,0.0,0.0,0.0,0.0,0.0,0.0,0.0,0.0,189.70388793945312,1
2023-11-22,189.88238464889707,191.31028267101584,189.22792193208025,189.70388793945312,39617700.0,0.003514438011980703,82.44321412730119,45918580.0,0.0,0.0,0.0,0.0,0.0,0.0,0.0,0.0,188.37515258789065,0
2023-11-24,189.26759079649733,189.2973377280717,187.66119596873028,188.37515258789065,24048300.0,-0.007004259986419292,81.1893143878815,39845660.0,0.0,0.0,0.0,0.0,0.0,0.0,0.0,0.0,188.19664001464844,0
2023-11-27,188.32555346106983,189.06925694915728,187.3141124806788,188.19664001464844,40552600.0,-0.00094764394767477,77.87831056982205,37771640.0,0.0,0.0,0.0,0.0,0.0,0.0,0.0,0.0,188.8015289306641,1
2023-11-28,188.1867388581487,189.4758279949889,187.8099242301234,188.8015289306641,38415400.0,0.003214132388168922,75.26106583220131,36153700.0,0.0,0.0,0.0,0.0,0.0,0.0,0.0,0.0,187.78016662597656,0
2023-11-29,189.29732052111245,190.4773324685929,187.3835308205802,187.78016662597656,43014200.0,-0.005409714161068169,69.41219475847376,37129640.0,0.0,0.0,0.0,0.0,0.0,0.0,0.0,0.0,188.35531616210935,1
2023-11-30,188.2462390361622,188.7222202024886,186.61009727764167,188.35531616210935,48794400.0,0.003062887558718419,72.3179017053513,38964980.0,0.0,0.0,0.0,0.0,0.0,0.0,0.0,0.0,189.6344757080078,1
2023-12-01,188.73211185944243,189.95178132302283,187.64134070945283,189.6344757080078,45704800.0,0.006791204899136316,66.52523748139077,43296280.0,0.0,0.0,0.0,0.0,0.0,0.0,0.0,0.0,187.83966064453125,0
2023-12-04,188.38504622543272,188.45446581331387,185.87628768397204,187.83966064453125,43389500.0,-0.009464603188716336,65.78699879325963,43863660.0,0.0,0.0,0.0,0.0,0.0,0.0,0.0,0.0,191.7961883544922,1
2023-12-05,188.61314558971708,192.7679567699872,188.5833835270736,191.7961883544922,66628400.0,0.021063324413944207,68.4779963391179,49506260.0,0.0,0.0,0.0,0.0,0.0,0.0,0.0,0.0,190.7054443359375,0
2023-12-06,192.8175522925244,193.12494736273675,190.4972006683192,190.7054443359375,41089700.0,-0.005686995283444851,63.013968097674216,49121360.0,0.0,0.0,0.0,0.0,0.0,0.0,0.0,0.0,192.63905334472656,1
2023-12-07,192.0044269286476,193.3629205543118,191.96475426663108,192.63905334472656,47477700.0,0.010139243876975623,63.46535864565905,48858020.0,0.0,0.0,0.0,0.0,0.0,0.0,0.0,0.0,194.06695556640625,1
2023-12-08,192.56962283922067,194.3446036620394,192.04407357743747,194.06695556640625,53406400.0,0.00741231955248689,66.3195450740227,50398340.0,0.0,0.0,0.0,0.0,0.0,0.0,0.0,0.0,191.5581970214844,0
2023-12-11,191.4887925574205,191.8656072016425,189.8129781205652,191.5581970214844,60943700.0,-0.0129272834604931,54.722080839617774,53909180.0,0.0,0.0,0.0,0.0,0.0,0.0,0.0,0.0,193.0753631591797,1
2023-12-12,191.45904261144972,193.08527375940776,190.1104595767513,193.0753631591797,52696900.0,0.007920131642944694,60.36608547385519,51122880.0,0.0,0.0,0.0,0.0,0.0,0.0,0.0,0.0,196.29806518554688,1
2023-12-13,193.4521495219808,196.33772271445184,193.21417408717824,196.29806518554688,70404200.0,0.016691420249771882,64.80193422829859,56985780.0,0.0,0.0,0.0,0.0,0.0,0.0,0.0,0.0,196.44680786132807,1
2023-12-14,196.3575670696298,197.94412551234103,194.51318172109637,196.44680786132807,66831600.0,0.0007577388785804384,69.11233319305359,60856560.0,0.0,0.0,0.0,0.0,0.0,0.0,0.0,0.0,195.91134643554688,0
2023-12-15,195.87167377464692,196.734365015635,195.3461244978741,195.91134643554688,128538400.0,-0.002725732383288104,68.02739115207167,75882960.0,0.0,0.0,0.0,0.0,0.0,0.0,0.0,0.0,194.24545288085935,0
2023-12-18,194.4437708037096,194.9792458391617,192.75804576345095,194.24545288085935,55751900.0,-0.008503303075585777,62.281395371096224,74844600.0,0.0,0.0,0.0,0.0,0.0,0.0,0.0,0.0,195.28663635253903,1
2023-12-19,194.51318587990949,195.29654695271063,194.2454483684032,195.28663635253903,40714100.0,0.0053601433456376135,66.83053347482989,72448040.0,0.0,0.0,0.0,0.0,0.0,0.0,0.0,0.0,193.19435119628903,0
2023-12-20,195.24696511767544,196.0204155959587,193.19435119628903,193.19435119628903,52242800.0,-0.010713918757210394,60.349649390676234,68815760.0,0.0,0.0,0.0,0.0,0.0,0.0,0.0,0.0,193.04559326171875,0
2023-12-21,194.45368523269556,195.42545358966169,191.875506993429,193.04559326171875,46482500.0,-0.0007699911185247155,57.721445067920584,64745940.0,0.0,0.0,0.0,0.0,0.0,0.0,0.0,0.0,191.97467041015625,0
2023-12-22,193.5413924757588,193.7694724442452,191.3499546254364,191.97467041015625,37149600.0,-0.005547512551144385,59.666910233963506,46468180.0,0.0,0.0,0.0,0.0,0.0,0.0,0.0,0.0,191.42930603027344,0
2023-12-26,191.9846022868164,192.2622504150879,191.21115176796184,191.42930603027344,28919300.0,-0.0028408142528263403,49.26805875080268,41101660.0,0.0,0.0,0.0,0.0,0.0,0.0,0.0,0.0,191.5284576416016,1
2023-12-27,190.87400998463175,191.8755253676685,189.48575421105227,191.5284576416016,48087700.0,0.0005179541909454688,52.56949433619475,42576380.0,0.0,0.0,0.0,0.0,0.0,0.0,0.0,0.0,191.95486450195312,1
2023-12-28,192.51016078496025,193.02579953233345,191.54830289093405,191.95486450195312,34049900.0,0.0022263368358004243,48.1496045114908,38937800.0,0.0,0.0,0.0,0.0,0.0,0.0,0.0,0.0,190.9136657714844,0
